{
"type": "FeatureCollection",
"name": "ECONOMY_ILOILO_POIs_Insights",
"crs": { "type": "name", "properties": { "name": "urn:ogc:def:crs:OGC:1.3:CRS84" } },
"features": [
{ "type": "Feature", "properties": { "name": "Iloilo Home Art Furniture / Deleon Branch", "category": "Economy", "type": "Manufacturing", "address": "MHV8+9X Dalan De Leon, Valeria Extension, Iloilo City Proper, Iloilo City, Iloilo", "contact_mobile": 9985975394, "contact_landline": null, "email": null, "barangay": "Sampaguita", "district": "City Proper", "municity": "Iloilo City", "province": "Iloilo", "facebook": "https://www.facebook.com/furnitureiloilo.com.ph", "url": "furnitureiloilo.com.ph", "entry fee": null, "open time": "08:30", "closing time": "18:00" }, "geometry": { "type": "Point", "coordinates": [ 122.568, 10.69808 ] } },
{ "type": "Feature", "properties": { "name": "I.N.G POULTRY SUPPLY", "category": "Economy", "type": "Agriculture", "address": "MHV7+F6 LM Tinsay Bldg., Fuentes St, Iloilo City Proper, Iloilo City, 5000 Iloilo", "contact_mobile": null, "contact_landline": null, "email": null, "barangay": "Villa Anita", "district": "City Proper", "municity": "Iloilo City", "province": "Iloilo", "facebook": null, "url": null, "entry fee": null, "open time": "04:00", "closing time": "19:00" }, "geometry": { "type": "Point", "coordinates": [ 122.56311, 10.69737 ] } },
{ "type": "Feature", "properties": { "name": "MCR Agri-Venture", "category": "Economy", "type": "Agriculture", "address": "MHV9+CC Maria Ros Building, 25 J. De Leon Street 5000, Iloilo City, 5000 Iloilo", "contact_mobile": null, "contact_landline": 333373685, "email": null, "barangay": "Kauswagan", "district": "City Proper", "municity": "Iloilo City", "province": "Iloilo", "facebook": "https://web.facebook.com/mcragri/?_rdc=1&_rdr", "url": "https://www.mcragriventure.com/", "entry fee": null, "open time": "08:00", "closing time": "17:00" }, "geometry": { "type": "Point", "coordinates": [ 122.56851, 10.6946 ] } },
{ "type": "Feature", "properties": { "name": "Asil Patuka-an", "category": "Economy", "type": "Agriculture", "address": "MHV5+6M2, Iloilo City Proper, Iloilo City, 5000 Iloilo", "contact_mobile": null, "contact_landline": 335098780, "email": null, "barangay": "Timawa Tanza II", "district": "City Proper", "municity": "Iloilo City", "province": "Iloilo", "facebook": null, "url": null, "entry fee": null, "open time": "07:00", "closing time": "21:00" }, "geometry": { "type": "Point", "coordinates": [ 122.55885, 10.69354 ] } },
{ "type": "Feature", "properties": { "name": "Panay Pawnshop - Western Union - Aldeguer Street", "category": "Economy", "type": "Finance", "address": "MHVC+M3 Iloilo Central Market, 712 Aldeguer St, Iloilo City Proper, Iloilo City, 5000 Iloilo", "contact_mobile": null, "contact_landline": 333350930, "email": null, "barangay": "Edganzon", "district": "City Proper", "municity": "Iloilo City", "province": "Iloilo", "facebook": null, "url": "http://www.westernunion.com.ph/", "entry fee": null, "open time": null, "closing time": null }, "geometry": { "type": "Point", "coordinates": [ 122.56952, 10.69735 ] } },
{ "type": "Feature", "properties": { "name": "JBN CENTRAL PAWNSHOP", "category": "Economy", "type": "Finance", "address": "MHVC+962, Guanco St, Iloilo City Proper, Iloilo City, Iloilo", "contact_mobile": 9277838323, "contact_landline": null, "email": null, "barangay": "Magsaysay", "district": "City Proper", "municity": "Iloilo City", "province": "Iloilo", "facebook": "https://www.facebook.com/profile.php?id=100052189226353", "url": null, "entry fee": null, "open time": "09:00", "closing time": "17:00" }, "geometry": { "type": "Point", "coordinates": [ 122.57039, 10.6942 ] } },
{ "type": "Feature", "properties": { "name": "Cebuana Lhuillier Pawnshop - Mabini", "category": "Economy", "type": "Finance", "address": "MHW7+6V #36 Mabini St, Iloilo City Proper, Iloilo City, 5000 Iloilo", "contact_mobile": 9483576492, "contact_landline": null, "email": "cebuanacares@pjlhuillier.com", "barangay": "Hipodromo", "district": "City Proper", "municity": "Iloilo City", "province": "Iloilo", "facebook": "https://www.facebook.com/cebuanalhuillierpawnshop", "url": "https://www.cebuanalhuillier.com/", "entry fee": null, "open time": "08:00", "closing time": "17:00" }, "geometry": { "type": "Point", "coordinates": [ 122.56457, 10.69586 ] } },
{ "type": "Feature", "properties": { "name": "VILLARICA PAWNSHOP", "category": "Economy", "type": "Finance", "address": "MHW8+7CC, Ground Floor Allegro Building (Beside Bdo Iznart & Near Chowking Iznart), Iznart Street, Iloilo City, 5000, Iloilo, Ledesma St, Iloilo City Proper, Iloilo City, Iloilo", "contact_mobile": null, "contact_landline": 333370082, "email": null, "barangay": "Danao", "district": "City Proper", "municity": "Iloilo City", "province": "Iloilo", "facebook": "https://www.facebook.com/VILLARICAph", "url": "http://www.westernunion.com.ph/", "entry fee": null, "open time": null, "closing time": null }, "geometry": { "type": "Point", "coordinates": [ 122.56905, 10.6977 ] } },
{ "type": "Feature", "properties": { "name": "Metrobank Iloilo - General Luna", "category": "Economy", "type": "Finance", "address": "PH25+53 General Luna St, Iloilo City Proper, Iloilo City, 5000 Iloilo", "contact_mobile": null, "contact_landline": 23377370, "email": "customercare@metrobank.com.ph", "barangay": "Nabitasan", "district": "City Proper", "municity": "Iloilo City", "province": "Iloilo", "facebook": "https://www.facebook.com/metrobank", "url": "https://metrobank.com.ph/", "entry fee": null, "open time": "09:00", "closing time": "16:00" }, "geometry": { "type": "Point", "coordinates": [ 122.55722, 10.70178 ] } },
{ "type": "Feature", "properties": { "name": "BPI Iloilo Main Branch", "category": "Economy", "type": "Finance", "address": "MHRF+X3 JM Basa St, Iloilo City Proper, Iloilo City, 5000 Iloilo", "contact_mobile": null, "contact_landline": 335099878, "email": null, "barangay": "Maria Clara", "district": "City Proper", "municity": "Iloilo City", "province": "Iloilo", "facebook": "https://www.facebook.com/bpi", "url": "https://www.bpi.com.ph/", "entry fee": null, "open time": "09:00", "closing time": "16:30" }, "geometry": { "type": "Point", "coordinates": [ 122.57238, 10.69315 ] } },
{ "type": "Feature", "properties": { "name": "Philippine Savings Bank - Iloilo Iznart", "category": "Economy", "type": "Finance", "address": "MHW9+PH 533 Iznart St, Iloilo City Proper, Iloilo City, 5000 Iloilo", "contact_mobile": null, "contact_landline": 335089410, "email": null, "barangay": "Edganzon", "district": "City Proper", "municity": "Iloilo City", "province": "Iloilo", "facebook": null, "url": "https://www.psbank.com.ph/?AspxAutoDetectCookieSupport=1#", "entry fee": null, "open time": "08:30", "closing time": "16:00" }, "geometry": { "type": "Point", "coordinates": [ 122.56885, 10.69715 ] } },
{ "type": "Feature", "properties": { "name": "CTBC Bank (Philippines) Corp. — Iloilo Branch", "category": "Economy", "type": "Finance", "address": "MHX4+XX Insular Life Bldg., Gen. Brgy., San Felix, 5000, Luna St, Molo, Iloilo City, Iloilo", "contact_mobile": null, "contact_landline": 1800108401234, "email": null, "barangay": "Inday", "district": "City Proper", "municity": "Iloilo City", "province": "Iloilo", "facebook": "https://www.facebook.com/ctbcbank.ph", "url": "ctbcbank.com.ph", "entry fee": null, "open time": "09:00", "closing time": "16:00" }, "geometry": { "type": "Point", "coordinates": [ 122.55737, 10.70039 ] } },
{ "type": "Feature", "properties": { "name": "PNB ILOILO-GEN. LUNA", "category": "Economy", "type": "Finance", "address": "MHX4+XR Sarabia Manor Building, Bldg 101 General Luna St, Iloilo City Proper, Iloilo City, 5000 Iloilo", "contact_mobile": null, "contact_landline": 335087133, "email": null, "barangay": "Nabitasan", "district": "City Proper", "municity": "Iloilo City", "province": "Iloilo", "facebook": null, "url": "http://www.pnb.com.ph/", "entry fee": null, "open time": "09:00", "closing time": "16:00" }, "geometry": { "type": "Point", "coordinates": [ 122.55669, 10.70117 ] } },
{ "type": "Feature", "properties": { "name": "Veterans Bank - Iloilo Branch", "category": "Economy", "type": "Finance", "address": "MHX9+56 PVB Building, Valeria corner Delgado Streets, Iloilo City, 5000, Iloilo", "contact_mobile": null, "contact_landline": 333350452, "email": null, "barangay": "Sampaguita", "district": "City Proper", "municity": "Iloilo City", "province": "Iloilo", "facebook": "https://www.facebook.com/VeteransBank", "url": "https://www.veteransbank.com.ph/", "entry fee": null, "open time": "09:00", "closing time": "15:00" }, "geometry": { "type": "Point", "coordinates": [ 122.56785, 10.69849 ] } },
{ "type": "Feature", "properties": { "name": "MALAYAN INSURANCE", "category": "Economy", "type": "Finance", "address": "MHWC+73 2nd Floor RCBC Building, J.M. Basa Street corner Arsenal Street, Iloilo City, 5000, Iloilo", "contact_mobile": null, "contact_landline": 333350302, "email": null, "barangay": "Magsaysay", "district": "City Proper", "municity": "Iloilo City", "province": "Iloilo", "facebook": "https://www.facebook.com/malayan.iloilo", "url": null, "entry fee": null, "open time": null, "closing time": null }, "geometry": { "type": "Point", "coordinates": [ 122.57008, 10.69593 ] } },
{ "type": "Feature", "properties": { "name": "Alpha Insurance & Surety Co., Inc. - Iloilo City", "category": "Economy", "type": "Finance", "address": "PH25+3R Room 06, AJL Building, corner General Luna-Ibarra Streets, Iloilo City Proper, Iloilo City, 5000 Iloilo", "contact_mobile": null, "contact_landline": 333381190, "email": null, "barangay": "Inday", "district": "City Proper", "municity": "Iloilo City", "province": "Iloilo", "facebook": "https://www.facebook.com/profile.php?id=61574049443628", "url": "https://www.alphainsurance.com.ph/", "entry fee": null, "open time": "08:30", "closing time": "17:30" }, "geometry": { "type": "Point", "coordinates": [ 122.55958, 10.70026 ] } },
{ "type": "Feature", "properties": { "name": "ONG BUN WATER STATION", "category": "Economy", "type": "Utilities", "address": "MHW7+C7 73 Fuentes St, Iloilo City Proper, Iloilo City, 5000 Iloilo", "contact_mobile": null, "contact_landline": 335096898, "email": null, "barangay": "Villa Anita", "district": "City Proper", "municity": "Iloilo City", "province": "Iloilo", "facebook": "https://www.facebook.com/obwaterstation", "url": "http://www.ongbun.com/", "entry fee": null, "open time": "06:00", "closing time": "20:00" }, "geometry": { "type": "Point", "coordinates": [ 122.5632, 10.69669 ] } },
{ "type": "Feature", "properties": { "name": "Puswak Water Refilling Statio", "category": "Economy", "type": "Utilities", "address": "MHW4+MW La fontana building, Iloilo City Proper, Iloilo City, 5000 Iloilo", "contact_mobile": 9466369618, "contact_landline": null, "email": null, "barangay": "Taal", "district": "City Proper", "municity": "Iloilo City", "province": "Iloilo", "facebook": "https://www.facebook.com/profile.php?id=100092915105377&mibextid=LQQJ4d", "url": null, "entry fee": null, "open time": "07:00", "closing time": "20:00" }, "geometry": { "type": "Point", "coordinates": [ 122.55712, 10.69773 ] } },
{ "type": "Feature", "properties": { "name": "Citigas Inc. - Phoenix Super Lpg", "category": "Economy", "type": "Utilities", "address": "MHW7+PV Mabini St, Iloilo City Proper, Iloilo City, 5000 Iloilo", "contact_mobile": null, "contact_landline": null, "email": null, "barangay": "San Agustin", "district": "City Proper", "municity": "Iloilo City", "province": "Iloilo", "facebook": null, "url": null, "entry fee": null, "open time": "08:00", "closing time": "17:00" }, "geometry": { "type": "Point", "coordinates": [ 122.56444, 10.69762 ] } },
{ "type": "Feature", "properties": { "name": "Iloilo Columbia Hardware", "category": "Economy", "type": "Construction", "address": "MHVC+R6 111-113 JM Basa St, Iloilo City Proper, Iloilo City, 5000 Iloilo", "contact_mobile": null, "contact_landline": 333350271, "email": null, "barangay": "Magsaysay", "district": "City Proper", "municity": "Iloilo City", "province": "Iloilo", "facebook": "https://www.facebook.com/iloilocolumbiahardware", "url": null, "entry fee": null, "open time": "08:30", "closing time": "17:00" }, "geometry": { "type": "Point", "coordinates": [ 122.57054, 10.69452 ] } },
{ "type": "Feature", "properties": { "name": "E-mj hardware", "category": "Economy", "type": "Construction", "address": "MHV9+CF5, J De Leon St, Iloilo City Proper, Iloilo City, 5000 Iloilo", "contact_mobile": null, "contact_landline": null, "email": null, "barangay": "Kauswagan", "district": "City Proper", "municity": "Iloilo City", "province": "Iloilo", "facebook": null, "url": null, "entry fee": null, "open time": "08:00", "closing time": "17:00" }, "geometry": { "type": "Point", "coordinates": [ 122.56873, 10.69354 ] } },
{ "type": "Feature", "properties": { "name": "Jimmy's Hardware", "category": "Economy", "type": "Construction", "address": "MHV9+9F 15 J. De Leon Street, City Proper, Iloilo City, 5000 Iloilo", "contact_mobile": null, "contact_landline": 333375557, "email": null, "barangay": "Kauswagan", "district": "City Proper", "municity": "Iloilo City", "province": "Iloilo", "facebook": null, "url": null, "entry fee": null, "open time": "08:00", "closing time": "17:00" }, "geometry": { "type": "Point", "coordinates": [ 122.56864, 10.69353 ] } },
{ "type": "Feature", "properties": { "name": "DWIZ 89.5 FM Iloilo", "category": "Economy", "type": "Media", "address": "MHRC+VQ Eternal Plans Building, MHRC+VQM, Ortiz St, Iloilo City, 5000 Iloilo", "contact_mobile": 9054538199, "contact_landline": null, "email": null, "barangay": "Maria Clara", "district": "City Proper", "municity": "Iloilo City", "province": "Iloilo", "facebook": null, "url": "http://dwiz882am.com/", "entry fee": null, "open time": "05:00", "closing time": "21:00" }, "geometry": { "type": "Point", "coordinates": [ 122.57194, 10.69225 ] } },
{ "type": "Feature", "properties": { "name": "Wild FM 105.9 Iloilo", "category": "Economy", "type": "Media", "address": "MHX6+4J Perpetual Succor Business Centre, 38 San Agustin St, Iloilo City Proper, Iloilo City, 5000 Iloilo", "contact_mobile": 9065885075, "contact_landline": null, "email": "wildfmiloilocity@yahoo.com", "barangay": "Villa Anita", "district": "City Proper", "municity": "Iloilo City", "province": "Iloilo", "facebook": "https://www.facebook.com/WildFMIloilo105.9", "url": "105.9wildfm.yolasite.com", "entry fee": null, "open time": "04:00", "closing time": "02:00" }, "geometry": { "type": "Point", "coordinates": [ 122.56157, 10.69777 ] } },
{ "type": "Feature", "properties": { "name": "DYNJ 98.3 RJFM Iloilo", "category": "Economy", "type": "Media", "address": "PH29+HC Room 220, Casa Plaza Building, General Luna St, Iloilo City Proper, Iloilo City, 5000 Iloilo", "contact_mobile": null, "contact_landline": 333363835, "email": null, "barangay": "Danao", "district": "City Proper", "municity": "Iloilo City", "province": "Iloilo", "facebook": null, "url": "http://www.rjplanet.com/", "entry fee": null, "open time": "05:00", "closing time": "21:00" }, "geometry": { "type": "Point", "coordinates": [ 122.5687, 10.70144 ] } },
{ "type": "Feature", "properties": { "name": "FM Radio 90.1 Iloilo", "category": "Economy", "type": "Media", "address": "MHVC+7M TTW Corporate Center, Mapa St, Iloilo City Proper, Iloilo City, Iloilo", "contact_mobile": null, "contact_landline": null, "email": "philippinecollectivemedia@gmail.com", "barangay": "Maria Clara", "district": "City Proper", "municity": "Iloilo City", "province": "Iloilo", "facebook": "https://www.facebook.com/profile.php?id=61552739305999", "url": null, "entry fee": null, "open time": "05:00", "closing time": "22:00" }, "geometry": { "type": "Point", "coordinates": [ 122.57161, 10.69323 ] } },
{ "type": "Feature", "properties": { "name": "Bombo Radyo Iloilo", "category": "Economy", "type": "Media", "address": "MHVC+275, Mapa St, Iloilo City Proper, Iloilo City, 5000 Iloilo", "contact_mobile": 9189028521, "contact_landline": 333368071, "email": "bombo_iloilo@bomboradyo.info", "barangay": "Maria Clara", "district": "City Proper", "municity": "Iloilo City", "province": "Iloilo", "facebook": "https://www.facebook.com/bomboiloilo837", "url": "iloilo.bomboradyo.com", "entry fee": null, "open time": "03:45", "closing time": "21:30" }, "geometry": { "type": "Point", "coordinates": [ 122.57077, 10.69249 ] } },
{ "type": "Feature", "properties": { "name": "107.9 Win Radio Iloilo", "category": "Economy", "type": "Media", "address": "MHX8+654, Iloilo City Proper, Iloilo City, Iloilo", "contact_mobile": 9982493626, "contact_landline": null, "email": "winradioiloilo107dot9@gmail.com", "barangay": "San Agustin", "district": "City Proper", "municity": "Iloilo City", "province": "Iloilo", "facebook": "https://www.facebook.com/profile.php?id=100064831626858", "url": null, "entry fee": null, "open time": "05:00", "closing time": "00:00" }, "geometry": { "type": "Point", "coordinates": [ 122.56545, 10.69802 ] } },
{ "type": "Feature", "properties": { "name": "Crown Agrikem Corporation", "category": "Economy", "type": "Agriculture", "address": "MHV8+93X, De Leon St, Iloilo City Proper, Iloilo City, 5000 Iloilo", "contact_mobile": 9603959939, "contact_landline": 333382511, "email": "infocrown8@gmail.com", "barangay": "San Jose City", "district": "City Proper", "municity": "Iloilo City", "province": "Iloilo", "facebook": "https://web.facebook.com/CrownAgrikemCorp/?_rdc=1&_rdr", "url": null, "entry fee": null, "open time": "08:00", "closing time": "17:00" }, "geometry": { "type": "Point", "coordinates": [ 122.56525, 10.6935 ] } },
{ "type": "Feature", "properties": { "name": "PANAY AGRO CENTER CORPORATION", "category": "Economy", "type": "Agriculture", "address": "MHV7+7XJ, Mabini corner De Leon Street, Iloilo City, Iloilo, Iloilo City", "contact_mobile": null, "contact_landline": 333375265, "email": null, "barangay": "Gloria", "district": "City Proper", "municity": "Iloilo City", "province": "Iloilo", "facebook": "https://web.facebook.com/groups/168651598581591/?_rdc=1&_rdr", "url": null, "entry fee": null, "open time": null, "closing time": null }, "geometry": { "type": "Point", "coordinates": [ 122.56488, 10.69322 ] } },
{ "type": "Feature", "properties": { "name": "Uswag Supply And Development Cooperative", "category": "Economy", "type": "Agriculture", "address": "MHV7+P8 JTS Bldg., Fuentes St, San Jose, Iloilo City, 5000 Iloilo", "contact_mobile": null, "contact_landline": 333382607, "email": null, "barangay": "Jalandoni-Wilson", "district": "City Proper", "municity": "Iloilo City", "province": "Iloilo", "facebook": null, "url": null, "entry fee": null, "open time": null, "closing time": null }, "geometry": { "type": "Point", "coordinates": [ 122.56335, 10.69431 ] } },
{ "type": "Feature", "properties": { "name": "Iloilo Avenue Lumber Corporation", "category": "Economy", "type": "Construction", "address": "MHWH+5M9, Muelle Loney Street Corner Zamora Street, Iloilo City Proper, Iloilo City, 5000 Iloilo", "contact_mobile": 9173154509, "contact_landline": 333351074, "email": "iloiloavenuelumber@yahoo.com.ph", "barangay": "Concepcion-Montes", "district": "City Proper", "municity": "Iloilo City", "province": "Iloilo", "facebook": "https://web.facebook.com/profile.php?id=100063558264724", "url": null, "entry fee": null, "open time": "08:30", "closing time": "18:00" }, "geometry": { "type": "Point", "coordinates": [ 122.57937, 10.69552 ] } },
{ "type": "Feature", "properties": { "name": "JECO DIST. CO. INC.", "category": "Economy", "type": "Construction", "address": "MHW5+QW 503 Delgado St, Iloilo City Proper, Iloilo City, 5000 Iloilo", "contact_mobile": null, "contact_landline": 333363304, "email": null, "barangay": "Mabolo-Delgado", "district": "City Proper", "municity": "Iloilo City", "province": "Iloilo", "facebook": "https://web.facebook.com/p/Jeco-Distributor-Company-Inc-100063812443398/?_rdc=1&_rdr", "url": "http://sheridanphilippines.com/", "entry fee": null, "open time": "08:00", "closing time": "05:30" }, "geometry": { "type": "Point", "coordinates": [ 122.55979, 10.69693 ] } },
{ "type": "Feature", "properties": { "name": "Paramount Industrial & Electrical", "category": "Economy", "type": "Construction", "address": "MHW6+XX 48 Delgado St, Iloilo City Proper, Iloilo City, Iloilo", "contact_mobile": null, "contact_landline": 333350789, "email": "paramountbackoffice@yahoo.com.ph", "barangay": "Villa Anita", "district": "City Proper", "municity": "Iloilo City", "province": "Iloilo", "facebook": "https://web.facebook.com/iloiloparamount/?_rdc=1&_rdr", "url": null, "entry fee": null, "open time": "09:00", "closing time": "17:00" }, "geometry": { "type": "Point", "coordinates": [ 122.56249, 10.69744 ] } },
{ "type": "Feature", "properties": { "name": "Master PrintLab Iloilo City", "category": "Economy", "type": "Media", "address": "MHX6+HM LBS Building, Jalandoni St, St, Iloilo City, 5000 Iloilo", "contact_mobile": 9055275512, "contact_landline": null, "email": "masterprintlab_iloilo@gmail.com", "barangay": "Villa Anita", "district": "City Proper", "municity": "Iloilo City", "province": "Iloilo", "facebook": "https://web.facebook.com/MasterPrintLabIloilo/?_rdc=1&_rdr", "url": "https://masterprintlab.com/", "entry fee": null, "open time": "00:00", "closing time": "00:00" }, "geometry": { "type": "Point", "coordinates": [ 122.56175, 10.69896 ] } },
{ "type": "Feature", "properties": { "name": "HARDER ARTPRINTS", "category": "Economy", "type": "Media", "address": "MHXC+86 Muelle Loney St, Iloilo City, 5000 Iloilo", "contact_mobile": null, "contact_landline": 333380166, "email": "harderartprints@yahoo.com", "barangay": "Danao", "district": "City Proper", "municity": "Iloilo City", "province": "Iloilo", "facebook": "https://web.facebook.com/h.artprints/?_rdc=1&_rdr", "url": null, "entry fee": null, "open time": "08:30", "closing time": "17:30" }, "geometry": { "type": "Point", "coordinates": [ 122.57054, 10.69826 ] } },
{ "type": "Feature", "properties": { "name": "Viza Printing & Advertising", "category": "Economy", "type": "Media", "address": "MHW8+CW 70 Ledesma St, Iloilo City Proper, Iloilo City, 5000 Iloilo", "contact_mobile": null, "contact_landline": 333381799, "email": "vizaprinting2@gmail.com", "barangay": "Edganzon", "district": "City Proper", "municity": "Iloilo City", "province": "Iloilo", "facebook": "https://www.facebook.com/vizaprinting", "url": null, "entry fee": null, "open time": "09:00", "closing time": "18:00" }, "geometry": { "type": "Point", "coordinates": [ 122.56733, 10.69608 ] } },
{ "type": "Feature", "properties": { "name": "Sgc Printing Press", "category": "Economy", "type": "Media", "address": "MHW8+HF8, Quezon St, Iloilo City Proper, Iloilo City, 5000 Iloilo", "contact_mobile": null, "contact_landline": 333377022, "email": null, "barangay": "Liberation", "district": "City Proper", "municity": "Iloilo City", "province": "Iloilo", "facebook": null, "url": null, "entry fee": null, "open time": null, "closing time": null }, "geometry": { "type": "Point", "coordinates": [ 122.56617, 10.69641 ] } },
{ "type": "Feature", "properties": { "name": "NEW GENERATION B-ART TARPAULIN PRINTING SERVICES", "category": "Economy", "type": "Media", "address": "MHVC+PG Rm 14 Kahirup Building, Guanco Street, Iloilo City, 5000 Iloilo", "contact_mobile": null, "contact_landline": 333368424, "email": null, "barangay": "Magsaysay", "district": "City Proper", "municity": "Iloilo City", "province": "Iloilo", "facebook": "https://www.facebook.com/b.arttarpaulin", "url": null, "entry fee": null, "open time": "09:00", "closing time": "17:00" }, "geometry": { "type": "Point", "coordinates": [ 122.57131, 10.69427 ] } },
{ "type": "Feature", "properties": { "name": "Arkive Printing Services", "category": "Economy", "type": "Media", "address": "MHXC+76 Muelle Loney St, Iloilo City Proper, Iloilo City, 5000 Iloilo", "contact_mobile": 9502068084, "contact_landline": null, "email": "arkiveprinting@gmail.com", "barangay": "Danao", "district": "City Proper", "municity": "Iloilo City", "province": "Iloilo", "facebook": "https://web.facebook.com/arkive.print/?_rdc=1&_rdr", "url": null, "entry fee": null, "open time": "08:00", "closing time": "17:00" }, "geometry": { "type": "Point", "coordinates": [ 122.57056, 10.69823 ] } },
{ "type": "Feature", "properties": { "name": "Maratas Printing Press", "category": "Economy", "type": "Media", "address": "MHVC+F7 Hoskyn's Compound, Guanco St, Iloilo City, 5000 Iloilo", "contact_mobile": null, "contact_landline": null, "email": null, "barangay": "Magsaysay", "district": "City Proper", "municity": "Iloilo City", "province": "Iloilo", "facebook": null, "url": null, "entry fee": null, "open time": "08:30", "closing time": "18:00" }, "geometry": { "type": "Point", "coordinates": [ 122.57073, 10.69367 ] } },
{ "type": "Feature", "properties": { "name": "Denuevo Computer & Printer Services", "category": "Economy", "type": "Media", "address": "PH39+V4 Milmar Building, Bonifacio Dr, Iloilo City Proper, Iloilo City, 5000 Iloilo", "contact_mobile": null, "contact_landline": 335088167, "email": "lovely@dcpsiloilo.com", "barangay": "Luna (La Paz)", "district": "City Proper", "municity": "Iloilo City", "province": "Iloilo", "facebook": "https://web.facebook.com/epsondcps/?_rdc=1&_rdr", "url": null, "entry fee": null, "open time": "09:00", "closing time": "18:00" }, "geometry": { "type": "Point", "coordinates": [ 122.5678, 10.70467 ] } },
{ "type": "Feature", "properties": { "name": "Iloilo Advertising Materials Supply, Inc", "category": "Economy", "type": "Media", "address": "MHW9+73 Door 3, Triple Alliance Realty, Building Valeria Extension, Iloilo City Proper, Iloilo City, Iloilo", "contact_mobile": null, "contact_landline": 335037438, "email": "admartsales24@gmail.com", "barangay": "Edganzon", "district": "City Proper", "municity": "Iloilo City", "province": "Iloilo", "facebook": "https://web.facebook.com/iloiloads/?_rdc=1&_rdr", "url": "http://www.admartphils.com", "entry fee": null, "open time": "08:00", "closing time": "17:00" }, "geometry": { "type": "Point", "coordinates": [ 122.56773, 10.69571 ] } },
{ "type": "Feature", "properties": { "name": "City Press", "category": "Economy", "type": "Media", "address": "MHR9+M2Q Brgy, Rizal St, Iloilo City Proper, Iloilo City, 5000 Iloilo", "contact_mobile": null, "contact_landline": 333363034, "email": null, "barangay": "Rima-Rizal", "district": "City Proper", "municity": "Iloilo City", "province": "Iloilo", "facebook": null, "url": null, "entry fee": null, "open time": null, "closing time": null }, "geometry": { "type": "Point", "coordinates": [ 122.5676, 10.69179 ] } },
{ "type": "Feature", "properties": { "name": "Black Feather Advertising", "category": "Economy", "type": "Media", "address": "MHRC+PP Iloilo Lin Pok Sy Bldg., Corner Rizal and Ortiz Street, City Proper, Iloilo City, 5000 Iloilo", "contact_mobile": 9306534840, "contact_landline": null, "email": "blackfeatherads05@gmail.com", "barangay": "Maria Clara", "district": "City Proper", "municity": "Iloilo City", "province": "Iloilo", "facebook": "https://web.facebook.com/BFA05/?_rdc=1&_rdr", "url": null, "entry fee": null, "open time": "09:00", "closing time": "19:00" }, "geometry": { "type": "Point", "coordinates": [ 122.57186, 10.69179 ] } },
{ "type": "Feature", "properties": { "name": "CM Digital Marketing Services", "category": "Economy", "type": "Media", "address": "MHV7+XQ Iloilo City Proper, Iloilo City, 5002 Iloilo", "contact_mobile": 9273953322, "contact_landline": null, "email": "camellamelocoton@gmail.com", "barangay": "Hipodromo", "district": "City Proper", "municity": "Iloilo City", "province": "Iloilo", "facebook": "https://web.facebook.com/camelladigitalmarketingservices/?_rdc=1&_rdr", "url": "http://camellamelocoton.com/", "entry fee": null, "open time": "08:00", "closing time": "17:00" }, "geometry": { "type": "Point", "coordinates": [ 122.56438, 10.69491 ] } },
{ "type": "Feature", "properties": { "name": "Video World Marketing Philippines", "category": "Economy", "type": "Media", "address": "MHX9+2PH, Iznart St, Iloilo City Proper, Iloilo City, 5000 Iloilo", "contact_mobile": null, "contact_landline": 333371202, "email": null, "barangay": "Danao", "district": "City Proper", "municity": "Iloilo City", "province": "Iloilo", "facebook": null, "url": null, "entry fee": null, "open time": null, "closing time": null }, "geometry": { "type": "Point", "coordinates": [ 122.56937, 10.69755 ] } },
{ "type": "Feature", "properties": { "name": "Synex Advertising Services", "category": "Economy", "type": "Media", "address": "MHVG+F7H, Zamora St, Iloilo City Proper, Iloilo City, Iloilo", "contact_mobile": null, "contact_landline": 335083766, "email": "synexph@gmail.com", "barangay": "Zamora-Melliza", "district": "City Proper", "municity": "Iloilo City", "province": "Iloilo", "facebook": "http://facebook.com/synexph", "url": null, "entry fee": null, "open time": null, "closing time": null }, "geometry": { "type": "Point", "coordinates": [ 122.57573, 10.69368 ] } },
{ "type": "Feature", "properties": { "name": "Fairpoint Mktg. Corp.", "category": "Economy", "type": "Media", "address": "MHW8+RH9, Quezon St, Iloilo City Proper, Iloilo City, 5000 Iloilo", "contact_mobile": null, "contact_landline": 333379189, "email": null, "barangay": "Liberation", "district": "City Proper", "municity": "Iloilo City", "province": "Iloilo", "facebook": null, "url": null, "entry fee": null, "open time": "08:00", "closing time": "18:00" }, "geometry": { "type": "Point", "coordinates": [ 122.5665, 10.69704 ] } },
{ "type": "Feature", "properties": { "name": "Endless Solutions Advertising", "category": "Economy", "type": "Media", "address": "MHXC+478, Muelle Loney St, Iloilo City Proper, Iloilo City, 5000 Iloilo", "contact_mobile": null, "contact_landline": 335034083, "email": null, "barangay": "Danao", "district": "City Proper", "municity": "Iloilo City", "province": "Iloilo", "facebook": null, "url": null, "entry fee": null, "open time": null, "closing time": null }, "geometry": { "type": "Point", "coordinates": [ 122.57066, 10.69778 ] } },
{ "type": "Feature", "properties": { "name": "Obsolutions Inc.", "category": "Economy", "type": "Media", "address": "MHR6+V4 Zone 2, Brgy, Iloilo City, 5000 Iloilo", "contact_mobile": 9452908690, "contact_landline": null, "email": "obsolutions888@gmail.com", "barangay": "Bonifacio Tanza", "district": "City Proper", "municity": "Iloilo City", "province": "Iloilo", "facebook": "https://web.facebook.com/ObsolutionsInc/?_rdc=1&_rdr", "url": "obsolutions.ph", "entry fee": null, "open time": "00:00", "closing time": "00:00" }, "geometry": { "type": "Point", "coordinates": [ 122.56025, 10.6922 ] } },
{ "type": "Feature", "properties": { "name": "Fredtayo Enterprises", "category": "Economy", "type": "Media", "address": "MHVC+GH Villanueva Bldg., Corner Freedom Park And J.M. Basa Street, Iloilo City Proper, Iloilo City, 5000 Iloilo", "contact_mobile": null, "contact_landline": 333350410, "email": null, "barangay": "Maria Clara", "district": "City Proper", "municity": "Iloilo City", "province": "Iloilo", "facebook": "https://web.facebook.com/FTEAlta", "url": null, "entry fee": null, "open time": "08:00", "closing time": "17:30" }, "geometry": { "type": "Point", "coordinates": [ 122.5714, 10.69384 ] } },
{ "type": "Feature", "properties": { "name": "COOL-J WATER REFILLING STATION", "category": "Economy", "type": "Utilities", "address": "PH29+PG General Luna St, Iloilo City Proper, Iloilo City, 5020 Iloilo", "contact_mobile": 9318348605, "contact_landline": null, "email": null, "barangay": "Danao", "district": "City Proper", "municity": "Iloilo City", "province": "Iloilo", "facebook": null, "url": null, "entry fee": null, "open time": null, "closing time": null }, "geometry": { "type": "Point", "coordinates": [ 122.56883, 10.70185 ] } },
{ "type": "Feature", "properties": { "name": "Mighty Water Corporation", "category": "Economy", "type": "Utilities", "address": "MHW8+PG 40 Quezon St, Iloilo City Proper, Iloilo City, 5000 Iloilo", "contact_mobile": null, "contact_landline": 333351935, "email": null, "barangay": "Liberation", "district": "City Proper", "municity": "Iloilo City", "province": "Iloilo", "facebook": null, "url": null, "entry fee": null, "open time": null, "closing time": null }, "geometry": { "type": "Point", "coordinates": [ 122.56626, 10.69678 ] } },
{ "type": "Feature", "properties": { "name": "FABSON INC", "category": "Economy", "type": "Utilities", "address": "MHW8+791688 Ledesma St, Iloilo City Proper, Iloilo City, 5000 Iloilo", "contact_mobile": null, "contact_landline": 333377242, "email": "fab_inc@yahoo.com", "barangay": "Liberation", "district": "City Proper", "municity": "Iloilo City", "province": "Iloilo", "facebook": "https://web.facebook.com/FabsonInc", "url": "http://fabson.com.ph/", "entry fee": null, "open time": "08:00", "closing time": "18:00" }, "geometry": { "type": "Point", "coordinates": [ 122.56598, 10.69567 ] } },
{ "type": "Feature", "properties": { "name": "Phoenix", "category": "Economy", "type": "Utilities", "address": "MHV7+G85, Fuentes St, Iloilo City Proper, Iloilo City, 5000 Iloilo", "contact_mobile": null, "contact_landline": 335083764, "email": "phoenix_fuentes@yahoo.com.ph", "barangay": "Kahirupan", "district": "City Proper", "municity": "Iloilo City", "province": "Iloilo", "facebook": "https://www.facebook.com/PhoenixFuentesIloilo", "url": null, "entry fee": null, "open time": "04:00", "closing time": "22:00" }, "geometry": { "type": "Point", "coordinates": [ 122.56333, 10.69375 ] } },
{ "type": "Feature", "properties": { "name": "MILAGROS JARDELEZA FOOD PROCESSING", "category": "Economy", "type": "Manufacturing", "address": "PHF4+5M 106 Jalandoni St, Jaro, Iloilo City, 5000 Iloilo", "contact_mobile": null, "contact_landline": 323295902, "email": null, "barangay": "Arguelles", "district": "Jaro", "municity": "Iloilo City", "province": "Iloilo", "facebook": "https://www.facebook.com/MilagrosJardelezaFoodProcessing", "url": null, "entry fee": null, "open time": "08:00", "closing time": "19:00" }, "geometry": { "type": "Point", "coordinates": [ 122.55622, 10.72636 ] } },
{ "type": "Feature", "properties": { "name": "Rgies PH", "category": "Economy", "type": "Manufacturing", "address": "PHX6+9R Kamantigue Street, Gran Plains Subdivision Jaro, Jaro, Iloilo City, 5000 Iloilo", "contact_mobile": null, "contact_landline": 333295606, "email": "rgies.delicacies@gmail.com", "barangay": "Tacas", "district": "Jaro", "municity": "Iloilo City", "province": "Iloilo", "facebook": "https://www.facebook.com/RgiesDelicacies", "url": "linktr.ee/rgies.ph", "entry fee": null, "open time": "08:00", "closing time": "17:00" }, "geometry": { "type": "Point", "coordinates": [ 122.56125, 10.75344 ] } },
{ "type": "Feature", "properties": { "name": "The Pallet House Showroom", "category": "Economy", "type": "Manufacturing", "address": "PHM6+V5 5000 R4, Jaro, Iloilo City, 5000 Iloilo", "contact_mobile": 9088959127, "contact_landline": null, "email": null, "barangay": "Quintin Salas", "district": "Jaro", "municity": "Iloilo City", "province": "Iloilo", "facebook": null, "url": null, "entry fee": null, "open time": null, "closing time": null }, "geometry": { "type": "Point", "coordinates": [ 122.56134, 10.7385 ] } },
{ "type": "Feature", "properties": { "name": "D'Kish Store", "category": "Economy", "type": "Agriculture", "address": "QH4F+QQ Brgy, Jaro, Iloilo City, 5000 Iloilo", "contact_mobile": null, "contact_landline": 333293386, "email": null, "barangay": "Balantang", "district": "Jaro", "municity": "Iloilo City", "province": "Iloilo", "facebook": null, "url": null, "entry fee": null, "open time": "07:00", "closing time": "21:00" }, "geometry": { "type": "Point", "coordinates": [ 122.57465, 10.75786 ] } },
{ "type": "Feature", "properties": { "name": "BUILDURA CONSTRUCTION SUPPLY AND SERVICES", "category": "Economy", "type": "Construction", "address": "PHQ9+FW Blk 13 lot 8 country homes subd, Jaro, Iloilo City", "contact_mobile": 9171835252, "contact_landline": null, "email": null, "barangay": "M. V. Hechanova", "district": "Jaro", "municity": "Iloilo City", "province": "Iloilo", "facebook": "https://www.facebook.com/buildura.buildura", "url": null, "entry fee": null, "open time": "08:00", "closing time": "18:00" }, "geometry": { "type": "Point", "coordinates": [ 122.5696, 10.73963 ] } },
{ "type": "Feature", "properties": { "name": "JC Albason Builders and Supply", "category": "Economy", "type": "Construction", "address": "PGGX+3WW, Diversion Rd, Jaro, Iloilo City, Iloilo", "contact_mobile": 9688830825, "contact_landline": 333931132, "email": "jcalbasonbuildersandsupply@gmail.com", "barangay": "Dungon A", "district": "Jaro", "municity": "Iloilo City", "province": "Iloilo", "facebook": "https://www.facebook.com/JcAlbasonBuildersSupply", "url": null, "entry fee": null, "open time": "08:00", "closing time": "17:00" }, "geometry": { "type": "Point", "coordinates": [ 122.55018, 10.72668 ] } },
{ "type": "Feature", "properties": { "name": "Ig Sand & Gravel And Construction Supplies", "category": "Economy", "type": "Construction", "address": "PGGX+J5 Brgy, Jaro, Iloilo City, 5000 Iloilo", "contact_mobile": null, "contact_landline": 335099329, "email": null, "barangay": "San Isidro (Jaro)", "district": "Jaro", "municity": "Iloilo City", "province": "Iloilo", "facebook": null, "url": null, "entry fee": null, "open time": "08:00", "closing time": "17:00" }, "geometry": { "type": "Point", "coordinates": [ 122.54724, 10.73119 ] } },
{ "type": "Feature", "properties": { "name": "ILOILO METRO PAWNSHOP", "category": "Economy", "type": "Finance", "address": "PHH4+8JG, Simon Ledesma Street, Barangay Democracia, Jaro, Iloilo City, 5000 Iloilo", "contact_mobile": 9207660213, "contact_landline": null, "email": null, "barangay": "Tabuc Suba (Jaro)", "district": "Jaro", "municity": "Iloilo City", "province": "Iloilo", "facebook": null, "url": null, "entry fee": null, "open time": null, "closing time": null }, "geometry": { "type": "Point", "coordinates": [ 122.55615, 10.72922 ] } },
{ "type": "Feature", "properties": { "name": "Cvm Pawnshop", "category": "Economy", "type": "Finance", "address": "PH96+3G3, E Lopez St, Jaro, Iloilo City, 5000 Iloilo", "contact_mobile": 9399252783, "contact_landline": null, "email": "cvmpawnshops@gmail.com", "barangay": "San Vicente", "district": "Jaro", "municity": "Iloilo City", "province": "Iloilo", "facebook": "https://www.facebook.com/cvmpawnshops", "url": "cvmpawnshops.com", "entry fee": null, "open time": "08:00", "closing time": "17:00" }, "geometry": { "type": "Point", "coordinates": [ 122.56132, 10.71811 ] } },
{ "type": "Feature", "properties": { "name": "Commonwealth Insurance Company", "category": "Economy", "type": "Finance", "address": "PGPQ+3P 5000 Diversion Rd, Mandurriao, Iloilo City, Iloilo", "contact_mobile": null, "contact_landline": null, "email": "iloilo@cic.com.ph", "barangay": "Ungka", "district": "Jaro", "municity": "Iloilo City", "province": "Iloilo", "facebook": "https://www.facebook.com/CICIloilo", "url": "cic.com.ph", "entry fee": null, "open time": null, "closing time": null }, "geometry": { "type": "Point", "coordinates": [ 122.53919, 10.73573 ] } },
{ "type": "Feature", "properties": { "name": "Crystal Pearl Water Refilling Station", "category": "Economy", "type": "Utilities", "address": "PHG3+9J 203 Fajardo St, Jaro, Iloilo City, Iloilo", "contact_mobile": 9629714620, "contact_landline": null, "email": null, "barangay": "Arguelles", "district": "Jaro", "municity": "Iloilo City", "province": "Iloilo", "facebook": "https://www.facebook.com/CrystalPearlWaterRefillingStation", "url": null, "entry fee": null, "open time": "06:30", "closing time": "17:00" }, "geometry": { "type": "Point", "coordinates": [ 122.55406, 10.72622 ] } },
{ "type": "Feature", "properties": { "name": "Sanai Purified Water Refilling Station", "category": "Economy", "type": "Utilities", "address": "PGQV+99 115 Barangay Rd, Jaro, Iloilo City, 5000 Iloilo", "contact_mobile": null, "contact_landline": 333292925, "email": null, "barangay": "Ungka", "district": "Jaro", "municity": "Iloilo City", "province": "Iloilo", "facebook": null, "url": null, "entry fee": null, "open time": "07:00", "closing time": "19:00" }, "geometry": { "type": "Point", "coordinates": [ 122.5432, 10.73983 ] } },
{ "type": "Feature", "properties": { "name": "Thirst No More Water Refilling Station", "category": "Economy", "type": "Utilities", "address": "PHQH+PQ Zone 2B Brgy, Iloilo City, 5000 Iloilo", "contact_mobile": 9615284160, "contact_landline": null, "email": null, "barangay": "Balabago", "district": "Jaro", "municity": "Iloilo City", "province": "Iloilo", "facebook": null, "url": null, "entry fee": null, "open time": "08:00", "closing time": "17:00" }, "geometry": { "type": "Point", "coordinates": [ 122.57953, 10.73984 ] } },
{ "type": "Feature", "properties": { "name": "AQUASTAR WATER REFILLING STORE", "category": "Economy", "type": "Utilities", "address": "PGVQ+MQJ, Jaro, Iloilo City, Iloilo", "contact_mobile": null, "contact_landline": 335088713, "email": null, "barangay": "Ungka", "district": "Jaro", "municity": "Iloilo City", "province": "Iloilo", "facebook": null, "url": null, "entry fee": null, "open time": null, "closing time": null }, "geometry": { "type": "Point", "coordinates": [ 122.5397, 10.74488 ] } },
{ "type": "Feature", "properties": { "name": "The Orchid Water Refilling Station", "category": "Economy", "type": "Utilities", "address": "PHRC+68P, Alta Tierra Village, Jaro, Iloilo City, 5000 Iloilo", "contact_mobile": null, "contact_landline": 335091296, "email": null, "barangay": "M. V. Hechanova", "district": "Jaro", "municity": "Iloilo City", "province": "Iloilo", "facebook": null, "url": null, "entry fee": null, "open time": "07:00", "closing time": "19:00" }, "geometry": { "type": "Point", "coordinates": [ 122.57081, 10.74057 ] } },
{ "type": "Feature", "properties": { "name": "RV Water Refilling Station", "category": "Economy", "type": "Utilities", "address": "QH8J+72 3M Bldg., Brgy. Tagbac, Jaro District, Iloilo City, 5000 Iloilo", "contact_mobile": 9282104499, "contact_landline": null, "email": null, "barangay": "Tagbac", "district": "Jaro", "municity": "Iloilo City", "province": "Iloilo", "facebook": null, "url": null, "entry fee": null, "open time": "08:00", "closing time": "18:00" }, "geometry": { "type": "Point", "coordinates": [ 122.58011, 10.76653 ] } },
{ "type": "Feature", "properties": { "name": "Everflow Water Refilling Station", "category": "Economy", "type": "Utilities", "address": "PGJR+CHX, Diversion Rd, Jaro, Iloilo City, Iloilo", "contact_mobile": 9303313851, "contact_landline": null, "email": null, "barangay": "Sambag", "district": "Jaro", "municity": "Iloilo City", "province": "Iloilo", "facebook": "https://www.facebook.com/EPWRS08", "url": null, "entry fee": null, "open time": "19:00", "closing time": "00:00" }, "geometry": { "type": "Point", "coordinates": [ 122.5411, 10.73167 ] } },
{ "type": "Feature", "properties": { "name": "Neptune Spring Water Refilling Station", "category": "Economy", "type": "Utilities", "address": "PHW7+4M Gran Plains Subdivision, Phase 3, Margarita, Jaro, Iloilo City", "contact_mobile": null, "contact_landline": 333205273, "email": null, "barangay": "M. V. Hechanova", "district": "Jaro", "municity": "Iloilo City", "province": "Iloilo", "facebook": null, "url": null, "entry fee": null, "open time": "08:00", "closing time": "17:00" }, "geometry": { "type": "Point", "coordinates": [ 122.56408, 10.74541 ] } },
{ "type": "Feature", "properties": { "name": "Bob'z water refilling Station", "category": "Economy", "type": "Utilities", "address": "PHG3+55M, Cuartero St, Jaro, Iloilo City, Iloilo", "contact_mobile": null, "contact_landline": 333273865, "email": null, "barangay": "San Isidro (Jaro)", "district": "Jaro", "municity": "Iloilo City", "province": "Iloilo", "facebook": null, "url": null, "entry fee": null, "open time": null, "closing time": null }, "geometry": { "type": "Point", "coordinates": [ 122.55327, 10.7269 ] } },
{ "type": "Feature", "properties": { "name": "BMM Water Refilling Station", "category": "Economy", "type": "Utilities", "address": "QH4C+9C3, Jaro, Iloilo City, Iloilo", "contact_mobile": null, "contact_landline": 3295062, "email": null, "barangay": "Camalig", "district": "Jaro", "municity": "Iloilo City", "province": "Iloilo", "facebook": null, "url": null, "entry fee": null, "open time": null, "closing time": null }, "geometry": { "type": "Point", "coordinates": [ 122.57101, 10.75607 ] } },
{ "type": "Feature", "properties": { "name": "Iloilo Gasul Center", "category": "Economy", "type": "Utilities", "address": "PHQJ+JPM, Coastal Road, Jaro, Iloilo City, Iloilo", "contact_mobile": null, "contact_landline": null, "email": null, "barangay": "Balabago", "district": "Jaro", "municity": "Iloilo City", "province": "Iloilo", "facebook": "https://www.facebook.com/profile.php?id=100064236768283", "url": null, "entry fee": null, "open time": "08:00", "closing time": "17:00" }, "geometry": { "type": "Point", "coordinates": [ 122.58198, 10.73964 ] } },
{ "type": "Feature", "properties": { "name": "Renato LPG Store", "category": "Economy", "type": "Utilities", "address": "PHC6+3R Dessa st, Jaro, Iloilo City, 5005 Iloilo", "contact_mobile": 9477235189, "contact_landline": null, "email": null, "barangay": "Benedicto", "district": "Jaro", "municity": "Iloilo City", "province": "Iloilo", "facebook": null, "url": null, "entry fee": null, "open time": "08:00", "closing time": "17:30" }, "geometry": { "type": "Point", "coordinates": [ 122.5621, 10.72049 ] } },
{ "type": "Feature", "properties": { "name": "Roprim Construction", "category": "Economy", "type": "Construction", "address": "QH35+8GW, Jaro, Iloilo City, Iloilo", "contact_mobile": null, "contact_landline": 333296991, "email": null, "barangay": "Tacas", "district": "Jaro", "municity": "Iloilo City", "province": "Iloilo", "facebook": "https://www.facebook.com/roprimconstruction", "url": null, "entry fee": null, "open time": null, "closing time": null }, "geometry": { "type": "Point", "coordinates": [ 122.55881, 10.75342 ] } },
{ "type": "Feature", "properties": { "name": "J.J.S. Construction", "category": "Economy", "type": "Construction", "address": "PHW7+W29, Gran Plains Subdivision, Jaro, Iloilo City, 5000 Iloilo", "contact_mobile": null, "contact_landline": 333293105, "email": null, "barangay": "M. V. Hechanova", "district": "Jaro", "municity": "Iloilo City", "province": "Iloilo", "facebook": null, "url": null, "entry fee": null, "open time": null, "closing time": null }, "geometry": { "type": "Point", "coordinates": [ 122.56266, 10.74722 ] } },
{ "type": "Feature", "properties": { "name": "BICC", "category": "Economy", "type": "Construction", "address": "PHJC+8Q Block 21 Lot 4 Ledesco Ave, Village, Iloilo City, 5000 Iloilo", "contact_mobile": 9175686030, "contact_landline": null, "email": null, "barangay": "Cubay", "district": "Jaro", "municity": "Iloilo City", "province": "Iloilo", "facebook": null, "url": "https://www.bicc.ph/", "entry fee": null, "open time": "08:00", "closing time": "17:00" }, "geometry": { "type": "Point", "coordinates": [ 122.57191, 10.73088 ] } },
{ "type": "Feature", "properties": { "name": "EM SINAI construction services", "category": "Economy", "type": "Construction", "address": "PHH9+M7V, St. Joseph Village, Jaro, Iloilo City, 5000", "contact_mobile": 9380957426, "contact_landline": null, "email": null, "barangay": "Cubay", "district": "Jaro", "municity": "Iloilo City", "province": "Iloilo", "facebook": null, "url": null, "entry fee": null, "open time": null, "closing time": null }, "geometry": { "type": "Point", "coordinates": [ 122.56819, 10.72928 ] } },
{ "type": "Feature", "properties": { "name": "Sualyd Construction Services Corporation", "category": "Economy", "type": "Construction", "address": "PHF5+7MC, 84 Commission Civil St, Jaro, Iloilo City, 5000 Iloilo", "contact_mobile": 9498190456, "contact_landline": null, "email": "sualydconstructionholdings@gmail.com", "barangay": "Democracia", "district": "Jaro", "municity": "Iloilo City", "province": "Iloilo", "facebook": "https://www.facebook.com/profile.php?id=61558367117815", "url": "sualydconstruction.com", "entry fee": null, "open time": "09:00", "closing time": "17:00" }, "geometry": { "type": "Point", "coordinates": [ 122.5592, 10.72328 ] } },
{ "type": "Feature", "properties": { "name": "Q.M. Florete Construction", "category": "Economy", "type": "Construction", "address": "PGMX+Q6 70 Lopez Jaena St, Jaro, Iloilo City, Iloilo", "contact_mobile": null, "contact_landline": 333204245, "email": null, "barangay": "Sambag", "district": "Jaro", "municity": "Iloilo City", "province": "Iloilo", "facebook": null, "url": null, "entry fee": null, "open time": null, "closing time": null }, "geometry": { "type": "Point", "coordinates": [ 122.548, 10.73442 ] } },
{ "type": "Feature", "properties": { "name": "SABRE ENGINEERING & CONSTRUCTION SERVICES", "category": "Economy", "type": "Construction", "address": null, "contact_mobile": null, "contact_landline": null, "email": null, "barangay": "Sambag", "district": "Jaro", "municity": "Iloilo City", "province": "Iloilo", "facebook": "https://www.facebook.com/profile.php?id=100063981371718", "url": null, "entry fee": null, "open time": null, "closing time": null }, "geometry": { "type": "Point", "coordinates": [ 122.54645, 10.73545 ] } },
{ "type": "Feature", "properties": { "name": "K5 News FM Iloilo 88.7", "category": "Economy", "type": "Media", "address": "PHF5+2Q 4F, Swan Rose Bldg, 65 Commission Civil St, Jaro, Iloilo City, Iloilo", "contact_mobile": 9154761997, "contact_landline": null, "email": "iloilorb70@gmail.com", "barangay": "Arguelles", "district": "Jaro", "municity": "Iloilo City", "province": "Iloilo", "facebook": "https://www.facebook.com/K5NewsFMIloilo88.7", "url": null, "entry fee": null, "open time": "04:00", "closing time": "00:00" }, "geometry": { "type": "Point", "coordinates": [ 122.55938, 10.72254 ] } },
{ "type": "Feature", "properties": { "name": "GMA Super Radyo DYSI 1323 Iloilo", "category": "Economy", "type": "Media", "address": "PHR7+9V Phase V, GMA Iloilo Station, Alta Tierra Village, Sierra Madre St, Jaro, Iloilo City, 5000 Iloilo", "contact_mobile": 9691500040, "contact_landline": null, "email": "superradyoiloilo@gmail.com", "barangay": "Quintin Salas", "district": "Jaro", "municity": "Iloilo City", "province": "Iloilo", "facebook": "https://www.facebook.com/GMASuperRadyoIloilo", "url": "http://www.gmanetwork.com/radio", "entry fee": null, "open time": "04:00", "closing time": "23:00" }, "geometry": { "type": "Point", "coordinates": [ 122.56463, 10.74088 ] } },
{ "type": "Feature", "properties": { "name": "XFM 100.7 Iloilo City", "category": "Economy", "type": "Media", "address": "PHM5+JQ Villa Consolacion Subdivision, Jaro, Iloilo City, Iloilo", "contact_mobile": 9509756970, "contact_landline": null, "email": "xfmiloilo100.7@gmail.com", "barangay": "Tabuc Suba (Jaro)", "district": "Jaro", "municity": "Iloilo City", "province": "Iloilo", "facebook": "http://www.facebook.com/xfmiloilo100.7", "url": "medioq.com/PH/Iloilo-City/112485624841637/XFM-iloilo-100.7", "entry fee": null, "open time": null, "closing time": null }, "geometry": { "type": "Point", "coordinates": [ 122.55952, 10.73407 ] } },
{ "type": "Feature", "properties": { "name": "XFM 100.7 Iloilo", "category": "Economy", "type": "Media", "address": "PHP7+M93, Villa Las Palmas Subdivision, Jaro, Iloilo City, Iloilo", "contact_mobile": 9509756970, "contact_landline": null, "email": "xfmiloilo100.7@gmail.com", "barangay": "Quintin Salas", "district": "Jaro", "municity": "Iloilo City", "province": "Iloilo", "facebook": "http://www.facebook.com/xfmiloilo100.7", "url": "medioq.com/PH/Iloilo-City/112485624841637/XFM-iloilo-100.7", "entry fee": null, "open time": null, "closing time": null }, "geometry": { "type": "Point", "coordinates": [ 122.56336, 10.73657 ] } },
{ "type": "Feature", "properties": { "name": "May's Food Products", "category": "Economy", "type": "Manufacturing", "address": "PHPG+X2 Subdivision Baranggay Balago, Landheights Subd. IV, Jaro, Iloilo City, 5000 Iloilo", "contact_mobile": 9613656356, "contact_landline": null, "email": "hanngourmet@gmail.com", "barangay": "Balabago", "district": "Jaro", "municity": "Iloilo City", "province": "Iloilo", "facebook": null, "url": null, "entry fee": null, "open time": "08:00", "closing time": "17:00" }, "geometry": { "type": "Point", "coordinates": [ 122.57512, 10.73743 ] } },
{ "type": "Feature", "properties": { "name": "Jp furniture iloilo", "category": "Economy", "type": "Manufacturing", "address": "PH75+JF Zone 4, Kawayanan Street sa Dike, Brgy. Bakhaw, Mandurriao, Iloilo City, 5000 Iloilo", "contact_mobile": null, "contact_landline": null, "email": null, "barangay": "Bakhaw", "district": "Jaro", "municity": "Iloilo City", "province": "Iloilo", "facebook": null, "url": null, "entry fee": null, "open time": "Open 24 hours", "closing time": "Open 24 hours" }, "geometry": { "type": "Point", "coordinates": [ 122.55865, 10.7141 ] } },
{ "type": "Feature", "properties": { "name": "Bucay Farm Center", "category": "Economy", "type": "Agriculture", "address": "PHQ7+C2H, Quintin Salas St, Jaro, Iloilo City, 5000 Iloilo", "contact_mobile": 9230822891, "contact_landline": null, "email": null, "barangay": "Quintin Salas", "district": "Jaro", "municity": "Iloilo City", "province": "Iloilo", "facebook": null, "url": null, "entry fee": null, "open time": "07:30", "closing time": "17:00" }, "geometry": { "type": "Point", "coordinates": [ 122.56259, 10.73858 ] } },
{ "type": "Feature", "properties": { "name": "Rolem Enterprises And Poultry Supply", "category": "Economy", "type": "Agriculture", "address": "PHG4+MH Jaro Comm. Complex, Santa Isabel St, Jaro, Iloilo City, 5000 Iloilo", "contact_mobile": null, "contact_landline": 333207080, "email": null, "barangay": "Lopez Jaena", "district": "Jaro", "municity": "Iloilo City", "province": "Iloilo", "facebook": null, "url": null, "entry fee": null, "open time": "07:00", "closing time": "18:00" }, "geometry": { "type": "Point", "coordinates": [ 122.5564, 10.72673 ] } },
{ "type": "Feature", "properties": { "name": "O Variety Store/ O Agri Supply/ 3D Electrical Supply & Construction Materials", "category": "Economy", "type": "Agriculture", "address": "QHC9+274, Jaro, Iloilo City, Iloilo", "contact_mobile": null, "contact_landline": null, "email": null, "barangay": "Lanit", "district": "Jaro", "municity": "Iloilo City", "province": "Iloilo", "facebook": null, "url": null, "entry fee": null, "open time": "06:00", "closing time": "21:00" }, "geometry": { "type": "Point", "coordinates": [ 122.56823, 10.76999 ] } },
{ "type": "Feature", "properties": { "name": "Iloilo New Agri-Industrial Mktg", "category": "Economy", "type": "Agriculture", "address": "QH4F+29J, R4, Jaro, Iloilo City, 5000 Iloilo", "contact_mobile": null, "contact_landline": 333204525, "email": "iloilo_new_agri@yahoo.com.ph", "barangay": "Camalig", "district": "Jaro", "municity": "Iloilo City", "province": "Iloilo", "facebook": "https://www.facebook.com/iloilonewagri", "url": null, "entry fee": null, "open time": null, "closing time": null }, "geometry": { "type": "Point", "coordinates": [ 122.5734, 10.75509 ] } },
{ "type": "Feature", "properties": { "name": "A&N Agri Trading Rice And Poultry Supply", "category": "Economy", "type": "Agriculture", "address": "PHM9+G6G, Balabago Road, Jaro, Iloilo City, Iloilo", "contact_mobile": null, "contact_landline": null, "email": null, "barangay": "Balabago", "district": "Jaro", "municity": "Iloilo City", "province": "Iloilo", "facebook": null, "url": null, "entry fee": null, "open time": null, "closing time": null }, "geometry": { "type": "Point", "coordinates": [ 122.56808, 10.73381 ] } },
{ "type": "Feature", "properties": { "name": "SISTAH AGRI POULTRY SUPPLY", "category": "Economy", "type": "Agriculture", "address": "PH97+6R2, Sonalan bldg. Corner San Jose St, Commission Civil St, Jaro, Iloilo City", "contact_mobile": 9209506943, "contact_landline": null, "email": null, "barangay": "Our Lady Of Fatima", "district": "Jaro", "municity": "Iloilo City", "province": "Iloilo", "facebook": "https://www.facebook.com/profile.php?id=100075857515051", "url": null, "entry fee": null, "open time": "10:00", "closing time": "18:30" }, "geometry": { "type": "Point", "coordinates": [ 122.56452, 10.71804 ] } },
{ "type": "Feature", "properties": { "name": "Agri-Poultry Supply", "category": "Economy", "type": "Agriculture", "address": "QH32+XH Jaro, Iloilo City, Iloilo", "contact_mobile": null, "contact_landline": null, "email": null, "barangay": "Tacas", "district": "Jaro", "municity": "Iloilo City", "province": "Iloilo", "facebook": null, "url": null, "entry fee": null, "open time": null, "closing time": null }, "geometry": { "type": "Point", "coordinates": [ 122.55142, 10.75493 ] } },
{ "type": "Feature", "properties": { "name": "NKM AGRI-POULTRY SUPPLY", "category": "Economy", "type": "Agriculture", "address": "PHM5+3WC, Jaro, Iloilo City, Iloilo", "contact_mobile": 9391494512, "contact_landline": null, "email": "kmagbanua6@gmail.com", "barangay": "Tabuc Suba (Jaro)", "district": "Jaro", "municity": "Iloilo City", "province": "Iloilo", "facebook": "https://www.facebook.com/profile.php?id=100079496259712", "url": null, "entry fee": null, "open time": null, "closing time": null }, "geometry": { "type": "Point", "coordinates": [ 122.55978, 10.73271 ] } },
{ "type": "Feature", "properties": { "name": "H & E Agricultural Products", "category": "Economy", "type": "Agriculture", "address": "PHR9+GP Alta Tierra Village, 3rd Main Ave, Jaro, Iloilo City, 5000 Iloilo", "contact_mobile": null, "contact_landline": 333205202, "email": "h.e.agriproducts@gmail.com", "barangay": "M. V. Hechanova", "district": "Jaro", "municity": "Iloilo City", "province": "Iloilo", "facebook": "https://web.facebook.com/HEAgriProd", "url": null, "entry fee": null, "open time": "09:00", "closing time": "05:00" }, "geometry": { "type": "Point", "coordinates": [ 122.56929, 10.74136 ] } },
{ "type": "Feature", "properties": { "name": "Grower's Spectrum - Fabric Pots, Fertilizers, Gardening & Agriculture Supplies", "category": "Economy", "type": "Agriculture", "address": "PHC6+P3 1177 M. Jayme St, El Haciendero Hotel Annex Building, corner Commission Civil St, Jaro, Iloilo City, 5000 Iloilo", "contact_mobile": 9608343739, "contact_landline": null, "email": null, "barangay": "Benedicto", "district": "Jaro", "municity": "Iloilo City", "province": "Iloilo", "facebook": null, "url": "http://direct.me/growersspectrum", "entry fee": null, "open time": "00:00", "closing time": "00:00" }, "geometry": { "type": "Point", "coordinates": [ 122.56021, 10.72187 ] } },
{ "type": "Feature", "properties": { "name": "Hercar Builders Iloilo", "category": "Economy", "type": "Construction", "address": "PHC6+PH5, Commission Civil St, Jaro, Iloilo City, 5000 Iloilo", "contact_mobile": null, "contact_landline": 287231194, "email": "inquiries@hercar.com.ph", "barangay": "Benedicto", "district": "Jaro", "municity": "Iloilo City", "province": "Iloilo", "facebook": "https://web.facebook.com/HercarBuilders/?_rdc=1&_rdr", "url": "http://www.hercar.com.ph/", "entry fee": null, "open time": null, "closing time": null }, "geometry": { "type": "Point", "coordinates": [ 122.56151, 10.7219 ] } },
{ "type": "Feature", "properties": { "name": "JCMN Construction", "category": "Economy", "type": "Construction", "address": "PHG3+WX Door #9, St. Ignatius Bldg., Lopez Jaena St, Arguelles Jaro, Iloilo City, 5000 Iloilo", "contact_mobile": 9985526468, "contact_landline": null, "email": null, "barangay": "Lopez Jaena", "district": "Jaro", "municity": "Iloilo City", "province": "Iloilo", "facebook": null, "url": null, "entry fee": null, "open time": "08:00", "closing time": "17:00" }, "geometry": { "type": "Point", "coordinates": [ 122.55495, 10.72736 ] } },
{ "type": "Feature", "properties": { "name": "Jb Erecre Construction", "category": "Economy", "type": "Construction", "address": "PH96+P3 5000 E Lopez St, Jaro, Iloilo City, Iloilo", "contact_mobile": null, "contact_landline": 335099204, "email": "jberecre@gmail.com", "barangay": "Seminario", "district": "Jaro", "municity": "Iloilo City", "province": "Iloilo", "facebook": "https://web.facebook.com/p/JB-Erecre-Group-Realty-Design-Construction-100067210758332/?_rdc=1&_rdr", "url": null, "entry fee": null, "open time": null, "closing time": null }, "geometry": { "type": "Point", "coordinates": [ 122.56016, 10.71937 ] } },
{ "type": "Feature", "properties": { "name": "ACE Builders and Supply", "category": "Economy", "type": "Construction", "address": "PHP8+659, 4th Main Ave, Jaro, Iloilo City, Iloilo", "contact_mobile": null, "contact_landline": 333202986, "email": "acebuildersandsupply@gmail.com", "barangay": "Quintin Salas", "district": "Jaro", "municity": "Iloilo City", "province": "Iloilo", "facebook": "https://web.facebook.com/acebuildersandsupply/?_rdc=1&_rdr", "url": "http://acebuildersandsupply.wordpress.com/", "entry fee": null, "open time": "09:00", "closing time": "18:00" }, "geometry": { "type": "Point", "coordinates": [ 122.56548, 10.73555 ] } },
{ "type": "Feature", "properties": { "name": "Roprim Construction Office", "category": "Economy", "type": "Construction", "address": "PHP7+R6 Lot Block 5 Villa Las Palmas Subdivision, 5th St, Jaro, Iloilo City, Iloilo", "contact_mobile": 9357387471, "contact_landline": null, "email": "roprimconstruction@gmail.com", "barangay": "Quintin Salas", "district": "Jaro", "municity": "Iloilo City", "province": "Iloilo", "facebook": "https://web.facebook.com/roprimconstruction/?_rdc=1&_rdr", "url": null, "entry fee": null, "open time": "08:00", "closing time": "17:00" }, "geometry": { "type": "Point", "coordinates": [ 122.56307, 10.7371 ] } },
{ "type": "Feature", "properties": { "name": "RS Agro Industrial Corporation", "category": "Economy", "type": "Agriculture", "address": "PHQ7+M5 RS Building, Iloilo East Coast - Capiz Rd, Quintin Salas, Jaro, Iloilo City, 5000 Iloilo", "contact_mobile": null, "contact_landline": 335034391, "email": null, "barangay": "Quintin Salas", "district": "Jaro", "municity": "Iloilo City", "province": "Iloilo", "facebook": null, "url": null, "entry fee": null, "open time": "08:00", "closing time": "17:00" }, "geometry": { "type": "Point", "coordinates": [ 122.5629, 10.73914 ] } },
{ "type": "Feature", "properties": { "name": "C Soriano Construction", "category": "Economy", "type": "Construction", "address": "PGHW+6CQ, Jaro, Iloilo City, Iloilo", "contact_mobile": 9683711898, "contact_landline": null, "email": null, "barangay": "Dungon B", "district": "Jaro", "municity": "Iloilo City", "province": "Iloilo", "facebook": "https://web.facebook.com/csorianoconstruction/?_rdc=1&_rdr", "url": null, "entry fee": null, "open time": null, "closing time": null }, "geometry": { "type": "Point", "coordinates": [ 122.54607, 10.72807 ] } },
{ "type": "Feature", "properties": { "name": "radcel construction and supply", "category": "Economy", "type": "Construction", "address": "PGQQ+5FW, Jaro, Iloilo City, Iloilo", "contact_mobile": null, "contact_landline": null, "email": null, "barangay": "Ungka", "district": "Jaro", "municity": "Iloilo City", "province": "Iloilo", "facebook": null, "url": null, "entry fee": null, "open time": null, "closing time": null }, "geometry": { "type": "Point", "coordinates": [ 122.53869, 10.73798 ] } },
{ "type": "Feature", "properties": { "name": "Abelarde Builders and Supply (Main Office)", "category": "Economy", "type": "Construction", "address": "QH9G+7P Lot 1, Block 36, San Vicente Avenue, Sta. Rosa Subdivision, Iloilo City", "contact_mobile": null, "contact_landline": 335116335, "email": null, "barangay": "Tagbac", "district": "Jaro", "municity": "Iloilo City", "province": "Iloilo", "facebook": null, "url": null, "entry fee": null, "open time": "08:00", "closing time": "17:00" }, "geometry": { "type": "Point", "coordinates": [ 122.57678, 10.7682 ] } },
{ "type": "Feature", "properties": { "name": "acsangrador and Associates", "category": "Economy", "type": "Construction", "address": "PHM6+FP Regina Street, Rica Village, Tabuc Suba, Jaro, Iloilo City, 5000 Iloilo", "contact_mobile": 9189910999, "contact_landline": null, "email": null, "barangay": "Tabuc Suba (Jaro)", "district": "Jaro", "municity": "Iloilo City", "province": "Iloilo", "facebook": null, "url": null, "entry fee": null, "open time": "09:00", "closing time": "17:00" }, "geometry": { "type": "Point", "coordinates": [ 122.56192, 10.73377 ] } },
{ "type": "Feature", "properties": { "name": "UBS United Builders and Supply Inc. Main office", "category": "Economy", "type": "Construction", "address": "QH4F+4C 86 Iloilo East Coast - Capiz Rd, Jaro, Iloilo City, 5000 Iloilo", "contact_mobile": null, "contact_landline": null, "email": null, "barangay": "Camalig", "district": "Jaro", "municity": "Iloilo City", "province": "Iloilo", "facebook": "https://web.facebook.com/p/UBS-United-Builders-and-Supply-Inc-100054285908286/?_rdc=1&_rdr", "url": null, "entry fee": null, "open time": "09:00", "closing time": "17:00" }, "geometry": { "type": "Point", "coordinates": [ 122.57351, 10.75527 ] } },
{ "type": "Feature", "properties": { "name": "N.J. Jardeleza Construction and Supply", "category": "Economy", "type": "Construction", "address": "PHJ7+QF Apitong St, Phase 1 Greenfield Subdivision, Jaro, Iloilo City, 5000 Iloilo", "contact_mobile": null, "contact_landline": 333293091, "email": null, "barangay": "Cubay", "district": "Jaro", "municity": "Iloilo City", "province": "Iloilo", "facebook": null, "url": null, "entry fee": null, "open time": "08:00", "closing time": "17:00" }, "geometry": { "type": "Point", "coordinates": [ 122.56362, 10.73199 ] } },
{ "type": "Feature", "properties": { "name": "Sky Builder's Construction and Supply", "category": "Economy", "type": "Construction", "address": "PHRC+3V Alta Tierra Village, 2nd Main Ave, Jaro, Iloilo City, Iloilo", "contact_mobile": null, "contact_landline": null, "email": "skybuildersmail@gmail.com", "barangay": "M. V. Hechanova", "district": "Jaro", "municity": "Iloilo City", "province": "Iloilo", "facebook": "https://web.facebook.com/skybuildersiloilo/?_rdc=1&_rdr", "url": null, "entry fee": null, "open time": null, "closing time": null }, "geometry": { "type": "Point", "coordinates": [ 122.57216, 10.74014 ] } },
{ "type": "Feature", "properties": { "name": "TOPHOME (ROOFING SOLUTIONS)", "category": "Economy", "type": "Construction", "address": "QG5X+QWH, Magnolia, Jaro, Iloilo City, Iloilo", "contact_mobile": null, "contact_landline": null, "email": null, "barangay": "Tacas", "district": "Jaro", "municity": "Iloilo City", "province": "Iloilo", "facebook": "https://web.facebook.com/people/TOP-HOME-Roofing-Solutions/100086775342164/?_rdc=1&_rdr", "url": null, "entry fee": null, "open time": null, "closing time": null }, "geometry": { "type": "Point", "coordinates": [ 122.54986, 10.75945 ] } },
{ "type": "Feature", "properties": { "name": "R R Construction Supply", "category": "Economy", "type": "Construction", "address": "PHJ6+P54, Jaro, Iloilo City, Iloilo", "contact_mobile": 9458455382, "contact_landline": null, "email": null, "barangay": "Tabuc Suba (Jaro)", "district": "Jaro", "municity": "Iloilo City", "province": "Iloilo", "facebook": null, "url": null, "entry fee": null, "open time": null, "closing time": null }, "geometry": { "type": "Point", "coordinates": [ 122.56183, 10.73111 ] } },
{ "type": "Feature", "properties": { "name": "BuildArk Construction Services", "category": "Economy", "type": "Construction", "address": "QH9H+38 2nd Street, Mahogany, Jaro, Iloilo City, 5000 Iloilo", "contact_mobile": 9667511947, "contact_landline": null, "email": null, "barangay": "Tagbac", "district": "Jaro", "municity": "Iloilo City", "province": "Iloilo", "facebook": null, "url": null, "entry fee": null, "open time": "08:30", "closing time": "17:30" }, "geometry": { "type": "Point", "coordinates": [ 122.5783, 10.76771 ] } },
{ "type": "Feature", "properties": { "name": "Barangay FM 93.5 Iloilo Transmitter", "category": "Economy", "type": "Media", "address": "PHR7+GGQ GMA Iloilo Station, Jaro, Iloilo City, Iloilo", "contact_mobile": 9983856422, "contact_landline": null, "email": "barangayfm935iloilo@gmail.com", "barangay": "Quintin Salas", "district": "Jaro", "municity": "Iloilo City", "province": "Iloilo", "facebook": "https://web.facebook.com/barangayfm935iloilo/?_rdc=1&_rdr", "url": "http://www.gmanetwork.com/", "entry fee": null, "open time": "04:00", "closing time": "00:00" }, "geometry": { "type": "Point", "coordinates": [ 122.56416, 10.7411 ] } },
{ "type": "Feature", "properties": { "name": "D. Salarda Printing Press", "category": "Economy", "type": "Media", "address": "PHG5+X4 Brgy, Jaro, Iloilo City, 5000 Iloilo", "contact_mobile": 9919643264, "contact_landline": 335087901, "email": "ellandavesalarda@gmail.com", "barangay": "Simon Ledesma", "district": "Jaro", "municity": "Iloilo City", "province": "Iloilo", "facebook": "https://web.facebook.com/p/D-Salarda-Printing-Press-100063942187755/?_rdc=1&_rdr", "url": null, "entry fee": null, "open time": null, "closing time": null }, "geometry": { "type": "Point", "coordinates": [ 122.55779, 10.72738 ] } },
{ "type": "Feature", "properties": { "name": "Hometown Printing Press", "category": "Economy", "type": "Media", "address": "PHW8+GV Door 2, G. Building, M.V. Hechanova, Jaro, Iloilo City, 5000 Iloilo", "contact_mobile": null, "contact_landline": 333291885, "email": "hometown_iloilo@yahoo.com", "barangay": "M. V. Hechanova", "district": "Jaro", "municity": "Iloilo City", "province": "Iloilo", "facebook": "https://www.facebook.com/pages/Hometown-Printing-Press/214513691910267", "url": null, "entry fee": null, "open time": "08:00", "closing time": "17:00" }, "geometry": { "type": "Point", "coordinates": [ 122.56721, 10.7463 ] } },
{ "type": "Feature", "properties": { "name": "Sun Star Iloilo / Yuhum Printing Press", "category": "Economy", "type": "Media", "address": "QH4G+GR 8th St. Lawa-an Village, Jaro, Iloilo City, 5000 Iloilo", "contact_mobile": 9561300244, "contact_landline": null, "email": "yuhumpublishing@gmail.com", "barangay": "Balantang", "district": "Jaro", "municity": "Iloilo City", "province": "Iloilo", "facebook": "https://web.facebook.com/yuhumprinting/?_rdc=1&_rdr", "url": null, "entry fee": null, "open time": null, "closing time": null }, "geometry": { "type": "Point", "coordinates": [ 122.57709, 10.75635 ] } },
{ "type": "Feature", "properties": { "name": "Panorama Printing Inc.", "category": "Economy", "type": "Media", "address": "PHG4+W9M, Lopez Jaena St, Jaro, Iloilo City, 5000 Iloilo", "contact_mobile": null, "contact_landline": 333293447, "email": "panoramaprintinginc@yahoo.com", "barangay": "Lopez Jaena", "district": "Jaro", "municity": "Iloilo City", "province": "Iloilo", "facebook": "https://web.facebook.com/PanoramaPrintingInc/?_rdc=1&_rdr", "url": "panoramaprinting.com", "entry fee": null, "open time": "08:00", "closing time": "17:00" }, "geometry": { "type": "Point", "coordinates": [ 122.55591, 10.72734 ] } },
{ "type": "Feature", "properties": { "name": "KAUSWAGAN DESIGN AND PACKAGING CENTER / PRINTING PRESS", "category": "Economy", "type": "Media", "address": "PHC6+V35, Commission Civil St, M. Jayme St, Jaro, Iloilo City, 5000", "contact_mobile": 9176343955, "contact_landline": null, "email": "tski_kdpc@gmail.com", "barangay": "Benedicto", "district": "Jaro", "municity": "Iloilo City", "province": "Iloilo", "facebook": "https://web.facebook.com/tski.kdpc/?_rdc=1&_rdr", "url": null, "entry fee": null, "open time": "08:00", "closing time": "17:00" }, "geometry": { "type": "Point", "coordinates": [ 122.56023, 10.72214 ] } },
{ "type": "Feature", "properties": { "name": "D-4 Angels Print Haus, Incorporated", "category": "Economy", "type": "Media", "address": "PHV9+JC Subdivision, Jaro, Iloilo City, Iloilo", "contact_mobile": null, "contact_landline": 333200525, "email": null, "barangay": "M. V. Hechanova", "district": "Jaro", "municity": "Iloilo City", "province": "Iloilo", "facebook": null, "url": null, "entry fee": null, "open time": "08:00", "closing time": "17:00" }, "geometry": { "type": "Point", "coordinates": [ 122.56851, 10.74407 ] } },
{ "type": "Feature", "properties": { "name": "Consejo printing press", "category": "Economy", "type": "Media", "address": "QHC8+2GC, Jaro, Iloilo City, Iloilo", "contact_mobile": 9202708519, "contact_landline": null, "email": null, "barangay": "Lanit", "district": "Jaro", "municity": "Iloilo City", "province": "Iloilo", "facebook": null, "url": null, "entry fee": null, "open time": "08:00", "closing time": "17:00" }, "geometry": { "type": "Point", "coordinates": [ 122.56625, 10.77007 ] } },
{ "type": "Feature", "properties": { "name": "Prince Printing and Souvenirs", "category": "Economy", "type": "Media", "address": "PHJ4+R8 Sitio Taal, Jaro, Iloilo City, 5000 Iloilo", "contact_mobile": 9106151996, "contact_landline": null, "email": "princeprintingandsouvenirs@gmail.com", "barangay": "Tabuc Suba (Jaro)", "district": "Jaro", "municity": "Iloilo City", "province": "Iloilo", "facebook": "https://www.facebook.com/PrincePrintingShop?mibextid=ZbWKwL", "url": null, "entry fee": null, "open time": "10:00", "closing time": "18:00" }, "geometry": { "type": "Point", "coordinates": [ 122.55585, 10.73197 ] } },
{ "type": "Feature", "properties": { "name": "T.H.E CreaShaun", "category": "Economy", "type": "Media", "address": "PH75+M5 D.B. Ledesma St, Jaro, Iloilo City, 5000 Iloilo", "contact_mobile": 9123676948, "contact_landline": null, "email": null, "barangay": "Bolilao", "district": "Jaro", "municity": "Iloilo City", "province": "Iloilo", "facebook": null, "url": null, "entry fee": null, "open time": "09:00", "closing time": "22:00" }, "geometry": { "type": "Point", "coordinates": [ 122.55801, 10.71414 ] } },
{ "type": "Feature", "properties": { "name": "Bama Printing Press", "category": "Economy", "type": "Media", "address": "PH97+5P5, San Jose St, Jaro, Iloilo City, Iloilo", "contact_mobile": null, "contact_landline": null, "email": null, "barangay": "Our Lady Of Fatima", "district": "Jaro", "municity": "Iloilo City", "province": "Iloilo", "facebook": null, "url": null, "entry fee": null, "open time": null, "closing time": null }, "geometry": { "type": "Point", "coordinates": [ 122.56435, 10.7179 ] } },
{ "type": "Feature", "properties": { "name": "Kent Printing", "category": "Economy", "type": "Media", "address": "QH3F+9V 4th St, Jaro, Iloilo City, Iloilo", "contact_mobile": null, "contact_landline": null, "email": null, "barangay": "Camalig", "district": "Jaro", "municity": "Iloilo City", "province": "Iloilo", "facebook": null, "url": null, "entry fee": null, "open time": null, "closing time": null }, "geometry": { "type": "Point", "coordinates": [ 122.57466, 10.75346 ] } },
{ "type": "Feature", "properties": { "name": "Xtra Works Iloilo Printing Machine And Supply", "category": "Economy", "type": "Media", "address": "PH96+5C 45 E Lopez St, Jaro, Iloilo City, 5000 Iloilo", "contact_mobile": null, "contact_landline": null, "email": null, "barangay": "San Vicente", "district": "Jaro", "municity": "Iloilo City", "province": "Iloilo", "facebook": null, "url": null, "entry fee": null, "open time": null, "closing time": null }, "geometry": { "type": "Point", "coordinates": [ 122.56111, 10.71796 ] } },
{ "type": "Feature", "properties": { "name": "Sacred Heart Press", "category": "Economy", "type": "Media", "address": "PH87+C6M, Mission Rd, Jaro, Iloilo City, 5000 Iloilo", "contact_mobile": null, "contact_landline": 333200324, "email": null, "barangay": "Our Lady Of Lourdes", "district": "Jaro", "municity": "Iloilo City", "province": "Iloilo", "facebook": null, "url": null, "entry fee": null, "open time": null, "closing time": null }, "geometry": { "type": "Point", "coordinates": [ 122.56306, 10.71607 ] } },
{ "type": "Feature", "properties": { "name": "Ryelle21 Photocopy & Printing Services", "category": "Economy", "type": "Media", "address": "PH87+52 Zone 1 Mission Rd, Jaro, Iloilo City, 5000 Iloilo", "contact_mobile": 9369593493, "contact_landline": 333319923, "email": "RYELLE21.shop@gmail.com", "barangay": "Our Lady Of Lourdes", "district": "Jaro", "municity": "Iloilo City", "province": "Iloilo", "facebook": "https://www.facebook.com/Ryelle21", "url": null, "entry fee": null, "open time": "07:30", "closing time": "20:00" }, "geometry": { "type": "Point", "coordinates": [ 122.56254, 10.71548 ] } },
{ "type": "Feature", "properties": { "name": "Print&Signs.ph", "category": "Economy", "type": "Media", "address": "PHJ5+WW Subdivision Gen, Villa Lizares, Garaje, R4, Iloilo City, 5000 Iloilo", "contact_mobile": 9171056788, "contact_landline": null, "email": null, "barangay": "Tabuc Suba (Jaro)", "district": "Jaro", "municity": "Iloilo City", "province": "Iloilo", "facebook": "https://web.facebook.com/profile.php?id=100063685795630", "url": null, "entry fee": null, "open time": "09:00", "closing time": "18:00" }, "geometry": { "type": "Point", "coordinates": [ 122.55977, 10.73237 ] } },
{ "type": "Feature", "properties": { "name": "Ace Printing Services", "category": "Economy", "type": "Media", "address": "PHF4+96 2F Salazar Bldg., El. 98 Road, Jaro, Iloilo City, Iloilo", "contact_mobile": 9088812160, "contact_landline": null, "email": null, "barangay": "Fajardo", "district": "Jaro", "municity": "Iloilo City", "province": "Iloilo", "facebook": "http://www.facebook.com/Ace-Printing-Services-104536617555871/", "url": null, "entry fee": null, "open time": null, "closing time": null }, "geometry": { "type": "Point", "coordinates": [ 122.5555, 10.72343 ] } },
{ "type": "Feature", "properties": { "name": "Ds Large Format Advertising", "category": "Economy", "type": "Media", "address": "PH86+WM 2 Del Carmen St, Jaro, Iloilo City, Iloilo", "contact_mobile": 9778110011, "contact_landline": null, "email": "admin@hdds.ph", "barangay": "San Vicente", "district": "Jaro", "municity": "Iloilo City", "province": "Iloilo", "facebook": "https://web.facebook.com/ds.printing/?_rdc=1&_rdr", "url": null, "entry fee": null, "open time": null, "closing time": null }, "geometry": { "type": "Point", "coordinates": [ 122.56175, 10.71728 ] } },
{ "type": "Feature", "properties": { "name": "Jeric Dave Copy Center (West Branch)", "category": "Economy", "type": "Media", "address": "PH87+52 Mission Rd, Jaro, Iloilo City, Iloilo", "contact_mobile": 9568618163, "contact_landline": null, "email": "jdcopyc@gmail.com", "barangay": "Our Lady Of Lourdes", "district": "Jaro", "municity": "Iloilo City", "province": "Iloilo", "facebook": "https://web.facebook.com/jericdavecopycenter/?_rdc=1&_rdr", "url": "https://jeric-dave-copy-center.business.site", "entry fee": null, "open time": "07:30", "closing time": "18:30" }, "geometry": { "type": "Point", "coordinates": [ 122.56252, 10.71554 ] } },
{ "type": "Feature", "properties": { "name": "Digitech Printing Service", "category": "Economy", "type": "Media", "address": "QH4F+3C Brgy, 2nd Floor UBS Building, Brgy, Jaro, Iloilo City, 5020 Iloilo", "contact_mobile": 9171291139, "contact_landline": null, "email": "digitechps2022@gmail.com", "barangay": "Camalig", "district": "Jaro", "municity": "Iloilo City", "province": "Iloilo", "facebook": "https://web.facebook.com/p/DigiTech-Printing-Services-100084354482146/?_rdc=1&_rdr", "url": null, "entry fee": null, "open time": "09:00", "closing time": "18:00" }, "geometry": { "type": "Point", "coordinates": [ 122.57351, 10.75524 ] } },
{ "type": "Feature", "properties": { "name": "Dame Digital Marketing Services", "category": "Economy", "type": "Media", "address": "PGMX+79 SALARDA Building, Jaro, Iloilo City, 5000 Iloilo", "contact_mobile": 9189158182, "contact_landline": null, "email": null, "barangay": "San Isidro (Jaro)", "district": "Jaro", "municity": "Iloilo City", "province": "Iloilo", "facebook": null, "url": "http://thedamedigital.com/", "entry fee": null, "open time": "08:00", "closing time": "17:00" }, "geometry": { "type": "Point", "coordinates": [ 122.54847, 10.73315 ] } },
{ "type": "Feature", "properties": { "name": "Stoki Advertising", "category": "Economy", "type": "Media", "address": "QH4F+Q7 Villa Soledad Subdivision, R4, Villa Soledad Subdivision, Barangay Balantang, Iloilo City, 5000 Iloilo", "contact_mobile": null, "contact_landline": 335083953, "email": null, "barangay": "Camalig", "district": "Jaro", "municity": "Iloilo City", "province": "Iloilo", "facebook": null, "url": null, "entry fee": null, "open time": null, "closing time": null }, "geometry": { "type": "Point", "coordinates": [ 122.57317, 10.7569 ] } },
{ "type": "Feature", "properties": { "name": "Iloilo Graffi T Ads and Signs", "category": "Economy", "type": "Media", "address": "PHF5+Q7 2/F, Ledi Supermart Jaro Br, Plaza Rizal St, Jaro, Iloilo City, Iloilo", "contact_mobile": 9989801258, "contact_landline": null, "email": null, "barangay": "Arguelles", "district": "Jaro", "municity": "Iloilo City", "province": "Iloilo", "facebook": null, "url": null, "entry fee": null, "open time": "09:00", "closing time": "18:00" }, "geometry": { "type": "Point", "coordinates": [ 122.55814, 10.72438 ] } },
{ "type": "Feature", "properties": { "name": "Catalyst Collective Iloilo", "category": "Economy", "type": "Media", "address": "PGRR+2M Bienvenida Building, Jaro, Iloilo City, 5000 Iloilo", "contact_mobile": null, "contact_landline": null, "email": null, "barangay": "Ungka", "district": "Jaro", "municity": "Iloilo City", "province": "Iloilo", "facebook": "https://web.facebook.com/catalystcollective.ilo/?_rdc=1&_rdr", "url": "https://catalystcollectiveiloilo.com/", "entry fee": null, "open time": "10:00", "closing time": "22:00" }, "geometry": { "type": "Point", "coordinates": [ 122.54167, 10.74011 ] } },
{ "type": "Feature", "properties": { "name": "Signnation Advertising Services", "category": "Economy", "type": "Media", "address": "PHV8+65 R4, Jaro, Iloilo City, 5000 Iloilo", "contact_mobile": 9852248095, "contact_landline": null, "email": "signnationiloilo@gmail.com", "barangay": "M. V. Hechanova", "district": "Jaro", "municity": "Iloilo City", "province": "Iloilo", "facebook": "https://web.facebook.com/signnation123/?_rdc=1&_rdr", "url": null, "entry fee": null, "open time": null, "closing time": null }, "geometry": { "type": "Point", "coordinates": [ 122.56538, 10.74301 ] } },
{ "type": "Feature", "properties": { "name": "Primof Digital and Funnel Marketing Solutions", "category": "Economy", "type": "Media", "address": "PHF5+2Q 2nd Floor, Primof Office, Old DOLE Building, 65 Commission Civil St, Jaro, Iloilo City, Iloilo", "contact_mobile": null, "contact_landline": null, "email": "support@primof.ph", "barangay": "Benedicto", "district": "Jaro", "municity": "Iloilo City", "province": "Iloilo", "facebook": "https://web.facebook.com/primof737", "url": "https://www.primof.ph", "entry fee": null, "open time": "06:00", "closing time": "00:00" }, "geometry": { "type": "Point", "coordinates": [ 122.55945, 10.72254 ] } },
{ "type": "Feature", "properties": { "name": "Longevista Digital Marketing", "category": "Economy", "type": "Media", "address": "PH97+8P Commission Civil St, Jaro, Iloilo City, 5000 Iloilo", "contact_mobile": 9989725990, "contact_landline": null, "email": "inquiries@longevista.com", "barangay": "Our Lady Of Fatima", "district": "Jaro", "municity": "Iloilo City", "province": "Iloilo", "facebook": "https://web.facebook.com/longevista/?_rdc=1&_rdr", "url": "https://www.longevista.com/", "entry fee": null, "open time": "08:30", "closing time": "17:30" }, "geometry": { "type": "Point", "coordinates": [ 122.56426, 10.71831 ] } },
{ "type": "Feature", "properties": { "name": "Skylite Advertising - IloIlo Signmaker", "category": "Economy", "type": "Media", "address": "PGJV+3F Unit 5, Brgy, Jaro, Iloilo City, 5000 Iloilo", "contact_mobile": 9205430388, "contact_landline": null, "email": "iloilo@skyliteadvertising.com", "barangay": "Sambag", "district": "Jaro", "municity": "Iloilo City", "province": "Iloilo", "facebook": "https://web.facebook.com/iloilosignmaker/?_rdc=1&_rdr", "url": "https://www.skyliteadvertising.com/", "entry fee": null, "open time": "08:00", "closing time": "17:00" }, "geometry": { "type": "Point", "coordinates": [ 122.54363, 10.73013 ] } },
{ "type": "Feature", "properties": { "name": "Signs Etc. Outdoor Advertising", "category": "Economy", "type": "Media", "address": "PH97+7C 38 Javellana St, Jaro, Iloilo City, 5000 Iloilo", "contact_mobile": 9173024828, "contact_landline": 333202852, "email": "signs38@gmail.com", "barangay": "Our Lady Of Fatima", "district": "Jaro", "municity": "Iloilo City", "province": "Iloilo", "facebook": "https://web.facebook.com/signsetc.ph/?_rdc=1&_rdr", "url": "https://www.yellow-pages.ph/business/signs-etc-outdoor-advertising-2", "entry fee": null, "open time": "08:00", "closing time": "17:00" }, "geometry": { "type": "Point", "coordinates": [ 122.56353, 10.71822 ] } },
{ "type": "Feature", "properties": { "name": "Neo Blu Advertising", "category": "Economy", "type": "Media", "address": "PHJC+G7 Saint Joseph Village, Ph.2 TS Ledesma St, Jaro, Iloilo City, 5000 Iloilo", "contact_mobile": 9082944625, "contact_landline": null, "email": null, "barangay": "Cubay", "district": "Jaro", "municity": "Iloilo City", "province": "Iloilo", "facebook": null, "url": null, "entry fee": null, "open time": "09:00", "closing time": "18:00" }, "geometry": { "type": "Point", "coordinates": [ 122.57072, 10.73131 ] } },
{ "type": "Feature", "properties": { "name": "Dsigns Advertising", "category": "Economy", "type": "Media", "address": "PH96+2H E Lopez St, Jaro, Iloilo City, 5000 Iloilo", "contact_mobile": 9995840245, "contact_landline": null, "email": null, "barangay": "San Vicente", "district": "Jaro", "municity": "Iloilo City", "province": "Iloilo", "facebook": null, "url": null, "entry fee": null, "open time": "08:00", "closing time": "17:00" }, "geometry": { "type": "Point", "coordinates": [ 122.56135, 10.71749 ] } },
{ "type": "Feature", "properties": { "name": "BFA Outsourcing Solutions (SEO & Digital Marketing)", "category": "Economy", "type": "Media", "address": "PHXM+V2P, Cleveland St., Wellford Homes, Jaro Grand Estates, Jaro, Iloilo City, 5000 Iloilo", "contact_mobile": 9164437666, "contact_landline": null, "email": null, "barangay": "Balantang", "district": "Jaro", "municity": "Iloilo City", "province": "Iloilo", "facebook": null, "url": null, "entry fee": null, "open time": null, "closing time": null }, "geometry": { "type": "Point", "coordinates": [ 122.58257, 10.7497 ] } },
{ "type": "Feature", "properties": { "name": "The C9 Project", "category": "Economy", "type": "Media", "address": "PH86+WP Vishari Building, E Lopez St, Jaro, Iloilo City, 5000 Iloilo", "contact_mobile": null, "contact_landline": null, "email": null, "barangay": "San Vicente", "district": "Jaro", "municity": "Iloilo City", "province": "Iloilo", "facebook": null, "url": "http://www.thec9project.com/", "entry fee": null, "open time": "10:00", "closing time": "17:00" }, "geometry": { "type": "Point", "coordinates": [ 122.56187, 10.71736 ] } },
{ "type": "Feature", "properties": { "name": "Bluekite Advertising", "category": "Economy", "type": "Media", "address": "PGGX+V7C, Dungon A Rd, Jaro, Iloilo City, 5000 Iloilo", "contact_mobile": null, "contact_landline": 335034312, "email": null, "barangay": "Dungon B", "district": "Jaro", "municity": "Iloilo City", "province": "Iloilo", "facebook": null, "url": "http://www.bluekiteadvertising.com/", "entry fee": null, "open time": "09:00", "closing time": "17:00" }, "geometry": { "type": "Point", "coordinates": [ 122.54815, 10.72718 ] } },
{ "type": "Feature", "properties": { "name": "Signrays Advertising, Inc.", "category": "Economy", "type": "Media", "address": "PGXQ+8M 124 Vice President Fernando Lopez Ave, Jaro, Iloilo City, 5000 Iloilo", "contact_mobile": null, "contact_landline": 333232940, "email": "signraysiloilo@gmail.com", "barangay": "Ungka", "district": "Jaro", "municity": "Iloilo City", "province": "Iloilo", "facebook": "https://web.facebook.com/teambaskug.iloilo/?_rdc=1&_rdr", "url": null, "entry fee": null, "open time": null, "closing time": null }, "geometry": { "type": "Point", "coordinates": [ 122.53922, 10.74829 ] } },
{ "type": "Feature", "properties": { "name": "Inbound Snap Digital Marketing Services", "category": "Economy", "type": "Media", "address": "PHF4+6P 12 Jalandoni St, Jaro, Iloilo City, Iloilo", "contact_mobile": null, "contact_landline": null, "email": null, "barangay": "Fajardo", "district": "Jaro", "municity": "Iloilo City", "province": "Iloilo", "facebook": null, "url": null, "entry fee": null, "open time": null, "closing time": null }, "geometry": { "type": "Point", "coordinates": [ 122.55685, 10.7231 ] } },
{ "type": "Feature", "properties": { "name": "Banhay New Advertising Trends", "category": "Economy", "type": "Media", "address": "PH86+RRC, Del Carmen St, Jaro, Iloilo City, Iloilo", "contact_mobile": null, "contact_landline": null, "email": null, "barangay": "San Vicente", "district": "Jaro", "municity": "Iloilo City", "province": "Iloilo", "facebook": null, "url": null, "entry fee": null, "open time": null, "closing time": null }, "geometry": { "type": "Point", "coordinates": [ 122.56203, 10.71706 ] } },
{ "type": "Feature", "properties": { "name": "Matdebysh Advertising Services", "category": "Economy", "type": "Media", "address": "QH4G+P7 Lawa-an Village, 8009 8th St, Jaro, Iloilo City, 5000 Iloilo", "contact_mobile": 9486825526, "contact_landline": null, "email": "matdebysh@gmail.com", "barangay": "Balantang", "district": "Jaro", "municity": "Iloilo City", "province": "Iloilo", "facebook": "https://web.facebook.com/matdebysh/?_rdc=1&_rdr", "url": null, "entry fee": null, "open time": "08:00", "closing time": "18:30" }, "geometry": { "type": "Point", "coordinates": [ 122.5757, 10.75685 ] } },
{ "type": "Feature", "properties": { "name": "Fuse Productions", "category": "Economy", "type": "Media", "address": "PHH3+HJ 33 Lopez Jaena St, Jaro, Iloilo City, Iloilo", "contact_mobile": null, "contact_landline": 335002936, "email": "fuseproductionsltd@gmail.com", "barangay": "San Isidro (Jaro)", "district": "Jaro", "municity": "Iloilo City", "province": "Iloilo", "facebook": "https://www.facebook.com/fuseproductionsltd/", "url": null, "entry fee": null, "open time": "10:00", "closing time": "18:00" }, "geometry": { "type": "Point", "coordinates": [ 122.55402, 10.72886 ] } },
{ "type": "Feature", "properties": { "name": "Semexco Marketing Corporation", "category": "Economy", "type": "Media", "address": "PH85+H7 20 Jalandoni St, Lapuz, Iloilo City, 5000 Iloilo", "contact_mobile": null, "contact_landline": 333373187, "email": null, "barangay": "Bakhaw", "district": "Jaro", "municity": "Iloilo City", "province": "Iloilo", "facebook": null, "url": null, "entry fee": null, "open time": null, "closing time": null }, "geometry": { "type": "Point", "coordinates": [ 122.55824, 10.71638 ] } },
{ "type": "Feature", "properties": { "name": "Social Diary", "category": "Economy", "type": "Media", "address": "PH87+Q8 23 a&n building, Iloilo City, 5000 Iloilo", "contact_mobile": 9177723990, "contact_landline": null, "email": null, "barangay": "Our Lady Of Fatima", "district": "Jaro", "municity": "Iloilo City", "province": "Iloilo", "facebook": null, "url": null, "entry fee": null, "open time": null, "closing time": null }, "geometry": { "type": "Point", "coordinates": [ 122.56331, 10.71691 ] } },
{ "type": "Feature", "properties": { "name": "AG Web Services", "category": "Economy", "type": "Media", "address": "QG4X+GC Blk 24 Lot 35 Green Meadows Subdivision, Jaro, Iloilo City, 5000 Iloilo", "contact_mobile": 9778440054, "contact_landline": null, "email": "grace@agmediacenter.com", "barangay": "Tacas", "district": "Jaro", "municity": "Iloilo City", "province": "Iloilo", "facebook": "https://web.facebook.com/agwebservices/?_rdc=1&_rdr", "url": "agwebservices.info", "entry fee": null, "open time": "09:00", "closing time": "17:00" }, "geometry": { "type": "Point", "coordinates": [ 122.5485, 10.75635 ] } },
{ "type": "Feature", "properties": { "name": "Mulavex", "category": "Economy", "type": "Media", "address": "PH85+C7 2nd Floor, AAMC Barbo Bldg, Jalandoni St, Jaro, Iloilo City, 5000 Iloilo", "contact_mobile": null, "contact_landline": null, "email": "mulavex@mulavestudios.com", "barangay": "Bakhaw", "district": "Jaro", "municity": "Iloilo City", "province": "Iloilo", "facebook": "https://web.facebook.com/mulavex?_rdc=1&_rdr", "url": null, "entry fee": null, "open time": "09:00", "closing time": "18:00" }, "geometry": { "type": "Point", "coordinates": [ 122.55824, 10.71607 ] } },
{ "type": "Feature", "properties": { "name": "TechnoPrints Advertising", "category": "Economy", "type": "Media", "address": "PHG5+G3 Washington St., Jaro ILOILO - CITY OF ILOILO (CAPITAL ILOILO - CITY OF ILOILO (CAPITAL, 5000 Iloilo", "contact_mobile": 9393006848, "contact_landline": null, "email": null, "barangay": "Maria Cristina", "district": "Jaro", "municity": "Iloilo City", "province": "Iloilo", "facebook": null, "url": null, "entry fee": null, "open time": "09:00", "closing time": "18:00" }, "geometry": { "type": "Point", "coordinates": [ 122.55771, 10.72633 ] } },
{ "type": "Feature", "properties": { "name": "Digital Geniu", "category": "Economy", "type": "Media", "address": "QH4H+52 7th St, Jaro, Iloilo City, 5001 Iloilo", "contact_mobile": null, "contact_landline": null, "email": null, "barangay": "Balantang", "district": "Jaro", "municity": "Iloilo City", "province": "Iloilo", "facebook": null, "url": null, "entry fee": null, "open time": "00:00", "closing time": "00:00" }, "geometry": { "type": "Point", "coordinates": [ 122.57754, 10.75547 ] } },
{ "type": "Feature", "properties": { "name": "Pacific Ads Creative Outdoor", "category": "Economy", "type": "Media", "address": "PH96+QG 8 Jalandoni St, Mandurriao, Iloilo City, Iloilo", "contact_mobile": null, "contact_landline": null, "email": null, "barangay": "Luna (Jaro)", "district": "Jaro", "municity": "Iloilo City", "province": "Iloilo", "facebook": null, "url": null, "entry fee": null, "open time": null, "closing time": null }, "geometry": { "type": "Point", "coordinates": [ 122.56133, 10.71949 ] } },
{ "type": "Feature", "properties": { "name": "WESTERN VISAYAS CYBERLINK INC.", "category": "Economy", "type": "Media", "address": "PHF5+2Q 65 Commission Civil St, Jaro, Iloilo City, Iloilo", "contact_mobile": null, "contact_landline": null, "email": null, "barangay": "Benedicto", "district": "Jaro", "municity": "Iloilo City", "province": "Iloilo", "facebook": "https://web.facebook.com/WVCLI2", "url": null, "entry fee": null, "open time": null, "closing time": null }, "geometry": { "type": "Point", "coordinates": [ 122.55945, 10.72254 ] } },
{ "type": "Feature", "properties": { "name": "MEGA SIGN advertising", "category": "Economy", "type": "Media", "address": "PHF4+426, El 98 St, Jaro, Iloilo City, Iloilo", "contact_mobile": null, "contact_landline": null, "email": null, "barangay": "Cuartero", "district": "Jaro", "municity": "Iloilo City", "province": "Iloilo", "facebook": null, "url": null, "entry fee": null, "open time": null, "closing time": null }, "geometry": { "type": "Point", "coordinates": [ 122.55502, 10.72278 ] } },
{ "type": "Feature", "properties": { "name": "Chi Square Graphic Design Studio", "category": "Economy", "type": "Media", "address": "PHG2+V63, Jaro, Iloilo City, Iloilo", "contact_mobile": null, "contact_landline": null, "email": null, "barangay": "Dungon A", "district": "Jaro", "municity": "Iloilo City", "province": "Iloilo", "facebook": null, "url": null, "entry fee": null, "open time": null, "closing time": null }, "geometry": { "type": "Point", "coordinates": [ 122.55052, 10.7271 ] } },
{ "type": "Feature", "properties": { "name": "Julio Art Shop", "category": "Economy", "type": "Media", "address": "PHH5+P3Q, Simeon Ledesma St, Jaro, Iloilo City, 5000 Iloilo", "contact_mobile": 9301275504, "contact_landline": null, "email": null, "barangay": "Tabuc Suba (Jaro)", "district": "Jaro", "municity": "Iloilo City", "province": "Iloilo", "facebook": null, "url": null, "entry fee": null, "open time": null, "closing time": null }, "geometry": { "type": "Point", "coordinates": [ 122.55775, 10.72932 ] } },
{ "type": "Feature", "properties": { "name": "MIGZ Tarpaulin Printing", "category": "Economy", "type": "Media", "address": "PH97+P8 Ata Building, Commission Civil St, Jaro, Iloilo City, 5000 Iloilo", "contact_mobile": null, "contact_landline": 333321467, "email": null, "barangay": "Our Lady Of Fatima", "district": "Jaro", "municity": "Iloilo City", "province": "Iloilo", "facebook": null, "url": null, "entry fee": null, "open time": null, "closing time": null }, "geometry": { "type": "Point", "coordinates": [ 122.56324, 10.71926 ] } },
{ "type": "Feature", "properties": { "name": "Flow Crystal Water Refilling Station", "category": "Economy", "type": "Utilities", "address": "PGJV+7F2, Service Road, Jaro, Iloilo City, Iloilo", "contact_mobile": 9167458116, "contact_landline": null, "email": null, "barangay": "Sambag", "district": "Jaro", "municity": "Iloilo City", "province": "Iloilo", "facebook": null, "url": null, "entry fee": null, "open time": "07:00", "closing time": "19:00" }, "geometry": { "type": "Point", "coordinates": [ 122.54364, 10.73066 ] } },
{ "type": "Feature", "properties": { "name": "Noah's Wishing Well Water Refilling Station", "category": "Economy", "type": "Utilities", "address": "PHH2+JR 47 Arguelles St, Jaro, Iloilo City, 5000 Iloilo", "contact_mobile": 9395756679, "contact_landline": null, "email": "aliveandnumbchaw@gmail.com", "barangay": "San Isidro (Jaro)", "district": "Jaro", "municity": "Iloilo City", "province": "Iloilo", "facebook": "https://www.facebook.com/profile.php?id=100088489122073", "url": null, "entry fee": null, "open time": "08:00", "closing time": "19:00" }, "geometry": { "type": "Point", "coordinates": [ 122.55212, 10.72904 ] } },
{ "type": "Feature", "properties": { "name": "Aqua Years Refilling Station", "category": "Economy", "type": "Utilities", "address": "PGGW+XQ8, Barangay Rd, Jaro, Iloilo City, 5000 Iloilo", "contact_mobile": null, "contact_landline": 333321726, "email": null, "barangay": "Dungon B", "district": "Jaro", "municity": "Iloilo City", "province": "Iloilo", "facebook": null, "url": null, "entry fee": null, "open time": "07:00", "closing time": "19:00" }, "geometry": { "type": "Point", "coordinates": [ 122.54694, 10.7274 ] } },
{ "type": "Feature", "properties": { "name": "STREAMVALLEY Water Refilling Station", "category": "Economy", "type": "Utilities", "address": "PGPX+PFG, San Isidro, Jaro, Iloilo City, Iloilo", "contact_mobile": null, "contact_landline": null, "email": null, "barangay": "San Isidro (Jaro)", "district": "Jaro", "municity": "Iloilo City", "province": "Iloilo", "facebook": null, "url": null, "entry fee": null, "open time": null, "closing time": null }, "geometry": { "type": "Point", "coordinates": [ 122.5487, 10.73681 ] } },
{ "type": "Feature", "properties": { "name": "KREJ’s water refilling station", "category": "Economy", "type": "Utilities", "address": "PGMX+H86, Lopez Jaena St, Jaro, Iloilo City, Iloilo", "contact_mobile": 9509968138, "contact_landline": null, "email": null, "barangay": "San Isidro (Jaro)", "district": "Jaro", "municity": "Iloilo City", "province": "Iloilo", "facebook": null, "url": null, "entry fee": null, "open time": null, "closing time": null }, "geometry": { "type": "Point", "coordinates": [ 122.54826, 10.73392 ] } },
{ "type": "Feature", "properties": { "name": "Buena Flow Water Refilling Station", "category": "Economy", "type": "Utilities", "address": "PGXR+73 Zone 4 ILOILO CITY (Capital ILOILO CITY (Capital, 5000 Iloilo", "contact_mobile": 9638685374, "contact_landline": null, "email": null, "barangay": "Ungka", "district": "Jaro", "municity": "Iloilo City", "province": "Iloilo", "facebook": null, "url": null, "entry fee": null, "open time": "08:00", "closing time": "18:00" }, "geometry": { "type": "Point", "coordinates": [ 122.54014, 10.7482 ] } },
{ "type": "Feature", "properties": { "name": "Bzure Water Refilling Station", "category": "Economy", "type": "Utilities", "address": "PHV6+497, Quintin Salas St, Jaro, Iloilo City, 5000 Iloilo", "contact_mobile": 9171143383, "contact_landline": null, "email": null, "barangay": "Quintin Salas", "district": "Jaro", "municity": "Iloilo City", "province": "Iloilo", "facebook": null, "url": null, "entry fee": null, "open time": "07:00", "closing time": "20:00" }, "geometry": { "type": "Point", "coordinates": [ 122.5609, 10.74293 ] } },
{ "type": "Feature", "properties": { "name": "SpringsFlow Water Refilling Station", "category": "Economy", "type": "Utilities", "address": "PHQ7+VR Mt. Baloy St., Phase 5, Alta Tierra Village, Jaro, Jaro, Iloilo City, Iloilo", "contact_mobile": 9608106933, "contact_landline": null, "email": null, "barangay": "Quintin Salas", "district": "Jaro", "municity": "Iloilo City", "province": "Iloilo", "facebook": null, "url": null, "entry fee": null, "open time": "08:30", "closing time": "18:00" }, "geometry": { "type": "Point", "coordinates": [ 122.56451, 10.73971 ] } },
{ "type": "Feature", "properties": { "name": "Uhaw Ako Purified Drinking Water Jaro", "category": "Economy", "type": "Utilities", "address": "PHC6+X5 37 M. Jayme St, Jaro, Iloilo City, Iloilo", "contact_mobile": 9127965280, "contact_landline": null, "email": "uhawakopdwmain@gmail.com", "barangay": "Benedicto", "district": "Jaro", "municity": "Iloilo City", "province": "Iloilo", "facebook": "https://web.facebook.com/uhawako7142017", "url": null, "entry fee": null, "open time": "07:00", "closing time": "18:00" }, "geometry": { "type": "Point", "coordinates": [ 122.5605, 10.72239 ] } },
{ "type": "Feature", "properties": { "name": "Livingwater", "category": "Economy", "type": "Utilities", "address": "PHQ8+WR Phase 3, Alta Tierra Village, Jaro, Iloilo City, 5000 Iloilo", "contact_mobile": null, "contact_landline": null, "email": null, "barangay": "Quintin Salas", "district": "Jaro", "municity": "Iloilo City", "province": "Iloilo", "facebook": null, "url": null, "entry fee": null, "open time": "07:00", "closing time": "19:00" }, "geometry": { "type": "Point", "coordinates": [ 122.5671, 10.73986 ] } },
{ "type": "Feature", "properties": { "name": "QR WATER REFILLING STATION", "category": "Economy", "type": "Utilities", "address": "PHM6+3M Zone 1 Ingore Lapaz, Iloilo City", "contact_mobile": null, "contact_landline": null, "email": null, "barangay": "Tabuc Suba (Jaro)", "district": "Jaro", "municity": "Iloilo City", "province": "Iloilo", "facebook": null, "url": null, "entry fee": null, "open time": null, "closing time": null }, "geometry": { "type": "Point", "coordinates": [ 122.56175, 10.73269 ] } },
{ "type": "Feature", "properties": { "name": "12J water refilling station", "category": "Economy", "type": "Utilities", "address": "Bankers Village, Jaro, Iloilo City, Iloilo", "contact_mobile": 9498584344, "contact_landline": null, "email": null, "barangay": "Benedicto", "district": "Jaro", "municity": "Iloilo City", "province": "Iloilo", "facebook": null, "url": null, "entry fee": null, "open time": null, "closing time": null }, "geometry": { "type": "Point", "coordinates": [ 122.56211, 10.72015 ] } },
{ "type": "Feature", "properties": { "name": "JECK-JECK Water Refilling Station", "category": "Economy", "type": "Utilities", "address": "Jaro, Iloilo City, Iloilo", "contact_mobile": null, "contact_landline": null, "email": null, "barangay": "Benedicto", "district": "Jaro", "municity": "Iloilo City", "province": "Iloilo", "facebook": null, "url": null, "entry fee": null, "open time": null, "closing time": null }, "geometry": { "type": "Point", "coordinates": [ 122.56211, 10.72015 ] } },
{ "type": "Feature", "properties": { "name": "JJC Water Equipment & Supply", "category": "Economy", "type": "Utilities", "address": "QH8J+75 R4, Jaro, Iloilo City, Iloilo", "contact_mobile": 9989754280, "contact_landline": 333231656, "email": "jjcwaterequipmentandsupply@gmail.com", "barangay": "Tagbac", "district": "Jaro", "municity": "Iloilo City", "province": "Iloilo", "facebook": "https://web.facebook.com/JJCWESIloilo/?_rdc=1&_rdr", "url": null, "entry fee": null, "open time": "08:30", "closing time": "18:00" }, "geometry": { "type": "Point", "coordinates": [ 122.5805, 10.76566 ] } },
{ "type": "Feature", "properties": { "name": "JJC Crystaline Clear Water Station Company", "category": "Economy", "type": "Utilities", "address": "PHX3+Q8 Zone III, Brgy. Tacas, Jaro, Iloilo City, 5000 Iloilo", "contact_mobile": null, "contact_landline": 333202746, "email": "mojackonamon@gmail.com", "barangay": "Tacas", "district": "Jaro", "municity": "Iloilo City", "province": "Iloilo", "facebook": "https://web.facebook.com/p/JJC-Crystaline-Clear-Water-100069487033235/?_rdc=1&_rdr", "url": null, "entry fee": null, "open time": "08:00", "closing time": "18:00" }, "geometry": { "type": "Point", "coordinates": [ 122.5533, 10.74941 ] } },
{ "type": "Feature", "properties": { "name": "Refresco Water Refilling Station", "category": "Economy", "type": "Utilities", "address": "PHWF+C6G, Jaro, Iloilo City, Iloilo", "contact_mobile": null, "contact_landline": null, "email": null, "barangay": "Buhang", "district": "Jaro", "municity": "Iloilo City", "province": "Iloilo", "facebook": null, "url": null, "entry fee": null, "open time": null, "closing time": null }, "geometry": { "type": "Point", "coordinates": [ 122.57306, 10.74608 ] } },
{ "type": "Feature", "properties": { "name": "FOUR FOURTEEN WATER REFILLING STATION", "category": "Economy", "type": "Utilities", "address": "Jaro, Iloilo City, Iloilo", "contact_mobile": null, "contact_landline": null, "email": null, "barangay": "Balabago", "district": "Jaro", "municity": "Iloilo City", "province": "Iloilo", "facebook": null, "url": null, "entry fee": null, "open time": null, "closing time": null }, "geometry": { "type": "Point", "coordinates": [ 122.57969, 10.74178 ] } },
{ "type": "Feature", "properties": { "name": "Anacita Aquatech", "category": "Economy", "type": "Utilities", "address": "QH5G+95 Brgy, Jaro, Iloilo City, 5000 Iloilo", "contact_mobile": null, "contact_landline": 333966065, "email": "anacitawatersupplies@gmail.com", "barangay": "Balantang", "district": "Jaro", "municity": "Iloilo City", "province": "Iloilo", "facebook": "https://web.facebook.com/Anacitaaqutech.17/?_rdc=1&_rdr", "url": null, "entry fee": null, "open time": "06:00", "closing time": "18:00" }, "geometry": { "type": "Point", "coordinates": [ 122.57546, 10.7585 ] } },
{ "type": "Feature", "properties": { "name": "Water Refilling Station", "category": "Economy", "type": "Utilities", "address": "QHC9+8CM, Iloilo Radial By-Pass Rd 4, Jaro, Iloilo City, 5000 Iloilo", "contact_mobile": null, "contact_landline": null, "email": null, "barangay": "Lanit", "district": "Jaro", "municity": "Iloilo City", "province": "Iloilo", "facebook": null, "url": null, "entry fee": null, "open time": null, "closing time": null }, "geometry": { "type": "Point", "coordinates": [ 122.56856, 10.77085 ] } },
{ "type": "Feature", "properties": { "name": "Faith Water Refilling Station", "category": "Economy", "type": "Utilities", "address": "QH4M+VP3, 8th St, Jaro, Iloilo City, Iloilo", "contact_mobile": null, "contact_landline": null, "email": null, "barangay": "Tagbac", "district": "Jaro", "municity": "Iloilo City", "province": "Iloilo", "facebook": null, "url": null, "entry fee": null, "open time": null, "closing time": null }, "geometry": { "type": "Point", "coordinates": [ 122.58429, 10.75715 ] } },
{ "type": "Feature", "properties": { "name": "Tirapure Water Refilling Station", "category": "Economy", "type": "Utilities", "address": "QH3C+V6 Jaro, Iloilo City, Iloilo", "contact_mobile": null, "contact_landline": null, "email": null, "barangay": "Camalig", "district": "Jaro", "municity": "Iloilo City", "province": "Iloilo", "facebook": "https://web.facebook.com/JJCWESIloilo/posts/soon-to-open-in-jaro-area-tirapure-water-refilling-station-waterstation-beyondbl/452398501843641/?_rdc=1&_rdr", "url": null, "entry fee": null, "open time": null, "closing time": null }, "geometry": { "type": "Point", "coordinates": [ 122.5706, 10.75475 ] } },
{ "type": "Feature", "properties": { "name": "JenGabz Water Refilling Station", "category": "Economy", "type": "Utilities", "address": "QH87+4Q8 Brgy, Jaro, Tapaz, Capiz", "contact_mobile": null, "contact_landline": null, "email": null, "barangay": "Pagsanga-An", "district": "Jaro", "municity": "Iloilo City", "province": "Iloilo", "facebook": null, "url": null, "entry fee": null, "open time": null, "closing time": null }, "geometry": { "type": "Point", "coordinates": [ 122.56446, 10.76529 ] } },
{ "type": "Feature", "properties": { "name": "Jazz Fiesta Gas Trading - Balantang Branch", "category": "Economy", "type": "Utilities", "address": "QH3F+R6 5th Street, Lawaan Village, Balantang Jaro, Iloilo City, 5000", "contact_mobile": null, "contact_landline": 333292754, "email": "jazzfiestagastrading@gmail.com", "barangay": "Camalig", "district": "Jaro", "municity": "Iloilo City", "province": "Iloilo", "facebook": "https://web.facebook.com/profile.php?id=100063813132949", "url": null, "entry fee": null, "open time": "08:00", "closing time": "17:00" }, "geometry": { "type": "Point", "coordinates": [ 122.57313, 10.7546 ] } },
{ "type": "Feature", "properties": { "name": "Pryce Gas Tagbak", "category": "Economy", "type": "Utilities", "address": "QH5G+XM7, Jaro, Iloilo City, Iloilo", "contact_mobile": 9388380127, "contact_landline": null, "email": null, "barangay": "Balantang", "district": "Jaro", "municity": "Iloilo City", "province": "Iloilo", "facebook": null, "url": null, "entry fee": null, "open time": "07:00", "closing time": "17:00" }, "geometry": { "type": "Point", "coordinates": [ 122.5766, 10.75985 ] } },
{ "type": "Feature", "properties": { "name": "Prycegas Retail Outlet", "category": "Economy", "type": "Utilities", "address": "PHP6+78 Iloilo East Coast - Capiz Rd, Jaro, Iloilo City, Iloilo", "contact_mobile": null, "contact_landline": 333295023, "email": null, "barangay": "Quintin Salas", "district": "Jaro", "municity": "Iloilo City", "province": "Iloilo", "facebook": null, "url": "http://www.prycegas.com/", "entry fee": null, "open time": "06:00", "closing time": "21:00" }, "geometry": { "type": "Point", "coordinates": [ 122.56082, 10.7357 ] } },
{ "type": "Feature", "properties": { "name": "Phoenix Gas Station - Tagbak", "category": "Economy", "type": "Utilities", "address": "QH6H+W8H, Jaro, Iloilo City, Iloilo", "contact_mobile": null, "contact_landline": null, "email": null, "barangay": "Tagbac", "district": "Jaro", "municity": "Iloilo City", "province": "Iloilo", "facebook": null, "url": null, "entry fee": null, "open time": "05:00", "closing time": "21:00" }, "geometry": { "type": "Point", "coordinates": [ 122.57835, 10.76229 ] } },
{ "type": "Feature", "properties": { "name": "Island Gas", "category": "Economy", "type": "Utilities", "address": "PH96+PG2, Jalandoni St, Jaro, Iloilo City, 5000 Iloilo", "contact_mobile": null, "contact_landline": null, "email": null, "barangay": "Luna (Jaro)", "district": "Jaro", "municity": "Iloilo City", "province": "Iloilo", "facebook": null, "url": null, "entry fee": null, "open time": null, "closing time": null }, "geometry": { "type": "Point", "coordinates": [ 122.56128, 10.71926 ] } },
{ "type": "Feature", "properties": { "name": "Petron", "category": "Economy", "type": "Utilities", "address": "PHQ6+6XG, Jaro, Iloilo City, Iloilo", "contact_mobile": null, "contact_landline": 333205116, "email": null, "barangay": "Quintin Salas", "district": "Jaro", "municity": "Iloilo City", "province": "Iloilo", "facebook": null, "url": null, "entry fee": null, "open time": "00:00", "closing time": "00:00" }, "geometry": { "type": "Point", "coordinates": [ 122.56247, 10.7381 ] } },
{ "type": "Feature", "properties": { "name": "UNLI SOLAR ILOILO", "category": "Economy", "type": "Utilities", "address": "QH8J+94X, Jaro, Iloilo City, Iloilo", "contact_mobile": null, "contact_landline": 333302266, "email": null, "barangay": "Tagbac", "district": "Jaro", "municity": "Iloilo City", "province": "Iloilo", "facebook": "https://web.facebook.com/groups/3369479536606061/?_rdc=1&_rdr", "url": "http://www.solarprice.com.ph/", "entry fee": null, "open time": "09:00", "closing time": "18:00" }, "geometry": { "type": "Point", "coordinates": [ 122.58035, 10.76598 ] } },
{ "type": "Feature", "properties": { "name": "JJK SOLAR PHIL OPC", "category": "Economy", "type": "Utilities", "address": "PHQ8+FW Blk1lot1 phase2, country homes royale, balabago, jaro, iloilo coty", "contact_mobile": 9209507129, "contact_landline": null, "email": null, "barangay": "Quintin Salas", "district": "Jaro", "municity": "Iloilo City", "province": "Iloilo", "facebook": null, "url": null, "entry fee": null, "open time": "09:00", "closing time": "20:00" }, "geometry": { "type": "Point", "coordinates": [ 122.56732, 10.73867 ] } },
{ "type": "Feature", "properties": { "name": "SOLAR HSPSC", "category": "Economy", "type": "Utilities", "address": "PHC6+3R9, Guzman St, Mandurriao, Iloilo City, Iloilo", "contact_mobile": null, "contact_landline": null, "email": null, "barangay": "Benedicto", "district": "Jaro", "municity": "Iloilo City", "province": "Iloilo", "facebook": null, "url": null, "entry fee": null, "open time": "08:00", "closing time": "17:00" }, "geometry": { "type": "Point", "coordinates": [ 122.56211, 10.72015 ] } },
{ "type": "Feature", "properties": { "name": "PA Energy", "category": "Economy", "type": "Utilities", "address": "PHVP+72W, Coastal Road, Jaro, Iloilo City, Iloilo", "contact_mobile": 9171460614, "contact_landline": null, "email": "sales@paenergy.ph", "barangay": "Balabago", "district": "Jaro", "municity": "Iloilo City", "province": "Iloilo", "facebook": "https://web.facebook.com/paenergy.ph/?_rdc=1&_rdr", "url": "http://paenergy.ph/", "entry fee": null, "open time": null, "closing time": null }, "geometry": { "type": "Point", "coordinates": [ 122.58509, 10.74324 ] } },
{ "type": "Feature", "properties": { "name": "ARMACOR Solar Company", "category": "Economy", "type": "Utilities", "address": "PHQJ+JP Jaro, Iloilo City, Iloilo", "contact_mobile": null, "contact_landline": null, "email": null, "barangay": "Balabago", "district": "Jaro", "municity": "Iloilo City", "province": "Iloilo", "facebook": "https://web.facebook.com/profile.php?id=100090736451901", "url": null, "entry fee": null, "open time": null, "closing time": null }, "geometry": { "type": "Point", "coordinates": [ 122.5818, 10.73906 ] } },
{ "type": "Feature", "properties": { "name": "Philippine Foremost Milling", "category": "Economy", "type": "Agriculture", "address": "PH2F+M2H, Muelle Loney St, Lapuz, Iloilo City, 5000 Iloilo", "contact_mobile": null, "contact_landline": 287869700, "email": "flour.sales@philippineforemost.com", "barangay": "Rizal (Iloilo City)", "district": "Lapuz", "municity": "Iloilo City", "province": "Iloilo", "facebook": "https://www.facebook.com/PhilForemostMilling", "url": "pfmc-flour.lafilgroup.com.ph", "entry fee": null, "open time": "08:00", "closing time": "17:00" }, "geometry": { "type": "Point", "coordinates": [ 122.57203, 10.7049 ] } },
{ "type": "Feature", "properties": { "name": "Palawan Pawnshop", "category": "Economy", "type": "Finance", "address": "MHWP+Q6R, Everlasting St, Lapuz, Iloilo City, Iloilo", "contact_mobile": null, "contact_landline": null, "email": null, "barangay": "Obrero-Lapuz", "district": "Lapuz", "municity": "Iloilo City", "province": "Iloilo", "facebook": null, "url": null, "entry fee": null, "open time": null, "closing time": null }, "geometry": { "type": "Point", "coordinates": [ 122.58555, 10.69757 ] } },
{ "type": "Feature", "properties": { "name": "Aquaxel Water Refilling Station", "category": "Economy", "type": "Utilities", "address": "MHWM+HCV, Margarita St, Lapuz, Iloilo City, Iloilo", "contact_mobile": null, "contact_landline": 333324221, "email": null, "barangay": "Lapuz Norte", "district": "Lapuz", "municity": "Iloilo City", "province": "Iloilo", "facebook": null, "url": null, "entry fee": null, "open time": "08:00", "closing time": "19:00" }, "geometry": { "type": "Point", "coordinates": [ 122.58362, 10.69721 ] } },
{ "type": "Feature", "properties": { "name": "Aquoratte Purified Water Refilling Station", "category": "Economy", "type": "Utilities", "address": "MHXP+PH 136 Dama de Noche St, Lapuz, Iloilo City, Iloilo", "contact_mobile": null, "contact_landline": null, "email": null, "barangay": "Mansaya-Lapuz", "district": "Lapuz", "municity": "Iloilo City", "province": "Iloilo", "facebook": null, "url": null, "entry fee": null, "open time": null, "closing time": null }, "geometry": { "type": "Point", "coordinates": [ 122.58631, 10.70102 ] } },
{ "type": "Feature", "properties": { "name": "Ecgas Iloilo", "category": "Economy", "type": "Utilities", "address": "PH3C+6GQ, Rizal St, Lapuz, Iloilo City, Iloilo", "contact_mobile": null, "contact_landline": 333389409, "email": "nurvtech@yahoo.com", "barangay": "President Roxas", "district": "Lapuz", "municity": "Iloilo City", "province": "Iloilo", "facebook": "https://www.facebook.com/iloilogas", "url": null, "entry fee": null, "open time": "09:00", "closing time": "17:00" }, "geometry": { "type": "Point", "coordinates": [ 122.57139, 10.7032 ] } },
{ "type": "Feature", "properties": { "name": "Jazz Fiesta Gas Trading - Bo. Obrero Branch", "category": "Economy", "type": "Utilities", "address": "MHWP+V7 Everlasting St, Lapuz, Iloilo City, 5000 Iloilo", "contact_mobile": null, "contact_landline": null, "email": null, "barangay": "Obrero-Lapuz", "district": "Lapuz", "municity": "Iloilo City", "province": "Iloilo", "facebook": null, "url": null, "entry fee": null, "open time": "08:00", "closing time": "17:00" }, "geometry": { "type": "Point", "coordinates": [ 122.58564, 10.69721 ] } },
{ "type": "Feature", "properties": { "name": "Freysinet Filipinas Corporation", "category": "Economy", "type": "Construction", "address": "PH3R+R7R, Lapuz, Iloilo City, 5000 Iloilo", "contact_mobile": null, "contact_landline": 333377689, "email": null, "barangay": "Ingore", "district": "Lapuz", "municity": "Iloilo City", "province": "Iloilo", "facebook": null, "url": null, "entry fee": null, "open time": null, "closing time": null }, "geometry": { "type": "Point", "coordinates": [ 122.59065, 10.70462 ] } },
{ "type": "Feature", "properties": { "name": "Canvas Tote Bag Supply Iloilo", "category": "Economy", "type": "Media", "address": "PH3F+MXW Brgy, Lapuz, Iloilo City, 5000 Iloilo", "contact_mobile": 9922402179, "contact_landline": null, "email": null, "barangay": "Alalasan Lapuz", "district": "Lapuz", "municity": "Iloilo City", "province": "Iloilo", "facebook": "https://web.facebook.com/canvastotebagiloilo", "url": null, "entry fee": null, "open time": "00:00", "closing time": "00:00" }, "geometry": { "type": "Point", "coordinates": [ 122.57493, 10.70422 ] } },
{ "type": "Feature", "properties": { "name": "Dalisay Printing Press", "category": "Economy", "type": "Media", "address": "PH2C+QXP Lapuz Sur, Lapuz, Iloilo City, Iloilo", "contact_mobile": null, "contact_landline": null, "email": null, "barangay": "Lapuz Sur", "district": "Lapuz", "municity": "Iloilo City", "province": "Iloilo", "facebook": null, "url": null, "entry fee": null, "open time": null, "closing time": null }, "geometry": { "type": "Point", "coordinates": [ 122.57246, 10.70195 ] } },
{ "type": "Feature", "properties": { "name": "New Prime Gas, Incorporated", "category": "Economy", "type": "Utilities", "address": "MHXF+7P Libertad Street, Barangay Libertad, Iloilo City, 5000 Iloilo", "contact_mobile": null, "contact_landline": 333350238, "email": "primegasiloilo@gmail.com", "barangay": "Progreso-Lapuz", "district": "Lapuz", "municity": "Iloilo City", "province": "Iloilo", "facebook": "https://web.facebook.com/primegasiloilo/?_rdc=1&_rdr", "url": null, "entry fee": null, "open time": "08:00", "closing time": "17:00" }, "geometry": { "type": "Point", "coordinates": [ 122.57426, 10.69823 ] } },
{ "type": "Feature", "properties": { "name": "Solar Bear Energy Ph", "category": "Economy", "type": "Utilities", "address": "MHXJ+MQ 136B Railroad St, Lapuz, Iloilo City, 5000 Iloilo", "contact_mobile": 9622854899, "contact_landline": null, "email": "solarbearenergyph@gmail.com", "barangay": "Lapuz Norte", "district": "Lapuz", "municity": "Iloilo City", "province": "Iloilo", "facebook": "https://web.facebook.com/p/Solar-Bear-Energy-PH-100090400800601/?_rdc=1&_rdr", "url": "https://solarbearenergyph.com/", "entry fee": null, "open time": "08:00", "closing time": "17:00" }, "geometry": { "type": "Point", "coordinates": [ 122.58198, 10.69915 ] } },
{ "type": "Feature", "properties": { "name": "AR Poultry and Frozen Foods", "category": "Economy", "type": "Manufacturing", "address": "MGWW+32226 Lopez Jaena St, Molo, Iloilo City, 5000 Iloilo", "contact_mobile": null, "contact_landline": 333378130, "email": null, "barangay": "Tap-Oc", "district": "Molo", "municity": "Iloilo City", "province": "Iloilo", "facebook": "https://www.facebook.com/profile.php?id=100079946892969", "url": null, "entry fee": null, "open time": "09:00", "closing time": "17:00" }, "geometry": { "type": "Point", "coordinates": [ 122.54555, 10.69883 ] } },
{ "type": "Feature", "properties": { "name": "Chicken Essentials Phils., Inc.", "category": "Economy", "type": "Agriculture", "address": "MGWR+W2C, Molo, Iloilo City, Iloilo", "contact_mobile": null, "contact_landline": 335086219, "email": null, "barangay": "Navais", "district": "Molo", "municity": "Iloilo City", "province": "Iloilo", "facebook": null, "url": null, "entry fee": null, "open time": "08:00", "closing time": "17:00" }, "geometry": { "type": "Point", "coordinates": [ 122.53882, 10.69994 ] } },
{ "type": "Feature", "properties": { "name": "A.C. Tajanlangit Construction, Builders And Development Corporation", "category": "Economy", "type": "Construction", "address": "MGMV+R6 Juntado Subdivision, 1st, Molo, Iloilo City, 5000 Iloilo", "contact_mobile": null, "contact_landline": 333211312, "email": null, "barangay": "Calumpang", "district": "Molo", "municity": "Iloilo City", "province": "Iloilo", "facebook": "https://www.facebook.com/ACTajanlangit", "url": "http://actajanlangit.com/", "entry fee": null, "open time": "09:00", "closing time": "17:00" }, "geometry": { "type": "Point", "coordinates": [ 122.54285, 10.68523 ] } },
{ "type": "Feature", "properties": { "name": "Morning Drip Water Refilling Station", "category": "Economy", "type": "Utilities", "address": "MHP2+XC Boulevard, Molo, Iloilo City, Iloilo", "contact_mobile": 9451891585, "contact_landline": null, "email": null, "barangay": "Molo Boulevard", "district": "Molo", "municity": "Iloilo City", "province": "Iloilo", "facebook": null, "url": null, "entry fee": null, "open time": "07:00", "closing time": "19:00" }, "geometry": { "type": "Point", "coordinates": [ 122.55083, 10.68813 ] } },
{ "type": "Feature", "properties": { "name": "HydroSip Purified Water Refilling Station", "category": "Economy", "type": "Utilities", "address": "MGQX+WF Zone 1, Molo, Iloilo City, 5000 Iloilo", "contact_mobile": null, "contact_landline": null, "email": null, "barangay": "Habog-Habog Salvacion", "district": "Molo", "municity": "Iloilo City", "province": "Iloilo", "facebook": null, "url": null, "entry fee": null, "open time": null, "closing time": null }, "geometry": { "type": "Point", "coordinates": [ 122.54901, 10.69073 ] } },
{ "type": "Feature", "properties": { "name": "Far Eastern Hardware Molo", "category": "Economy", "type": "Construction", "address": "MGVP+FQ 58 Avanceña St, Molo, Iloilo City, Iloilo", "contact_mobile": null, "contact_landline": 333363150, "email": null, "barangay": "North Fundidor", "district": "Molo", "municity": "Iloilo City", "province": "Iloilo", "facebook": "https://www.facebook.com/fareasternhdwe/", "url": null, "entry fee": null, "open time": "09:00", "closing time": "17:30" }, "geometry": { "type": "Point", "coordinates": [ 122.53685, 10.69418 ] } },
{ "type": "Feature", "properties": { "name": "JQ Garments", "category": "Economy", "type": "Manufacturing", "address": "MHX3+R9 Viosils Building, G/F, Molo, Iloilo City, Iloilo", "contact_mobile": 9190061299, "contact_landline": null, "email": "jqgarments@gmail.com", "barangay": "Taal", "district": "Molo", "municity": "Iloilo City", "province": "Iloilo", "facebook": "https://www.facebook.com/jqgarments", "url": null, "entry fee": null, "open time": "09:00", "closing time": "17:00" }, "geometry": { "type": "Point", "coordinates": [ 122.55346, 10.69957 ] } },
{ "type": "Feature", "properties": { "name": "Islas Manufacturing and Distribution Inc.", "category": "Economy", "type": "Manufacturing", "address": "MGPR+X7 Juntado Subdivision, 2nd Street, Molo, Iloilo City, 5000 Iloilo", "contact_mobile": null, "contact_landline": 335171683, "email": null, "barangay": "Compania", "district": "Molo", "municity": "Iloilo City", "province": "Iloilo", "facebook": null, "url": null, "entry fee": null, "open time": "10:30", "closing time": "18:00" }, "geometry": { "type": "Point", "coordinates": [ 122.54067, 10.68743 ] } },
{ "type": "Feature", "properties": { "name": "Hugpong Ilonggo Backyard Farming Coop", "category": "Economy", "type": "Agriculture", "address": "MGPM+R6 Servando Compound, Molo, Iloilo City, 5000 Iloilo", "contact_mobile": 9750210400, "contact_landline": null, "email": null, "barangay": "South Fundidor", "district": "Molo", "municity": "Iloilo City", "province": "Iloilo", "facebook": null, "url": null, "entry fee": null, "open time": null, "closing time": null }, "geometry": { "type": "Point", "coordinates": [ 122.53303, 10.68701 ] } },
{ "type": "Feature", "properties": { "name": "IBC International Builders Corporation", "category": "Economy", "type": "Construction", "address": "MGVP+CQ 58 Avanceña St, Molo, Iloilo City, 5000 Iloilo", "contact_mobile": 8983376568, "contact_landline": 333376568, "email": "jobs@ibcbuilders.ph", "barangay": "North Fundidor", "district": "Molo", "municity": "Iloilo City", "province": "Iloilo", "facebook": "https://web.facebook.com/ibcinternationalbuilderscorporation", "url": null, "entry fee": null, "open time": "08:30", "closing time": "17:30" }, "geometry": { "type": "Point", "coordinates": [ 122.53692, 10.6937 ] } },
{ "type": "Feature", "properties": { "name": "CORNER PLANE CONSTRUX INC", "category": "Economy", "type": "Construction", "address": "ZONE 1, MGRM+5Q6, 829 Compania St, Molo, Iloilo City, 5000 Iloilo", "contact_mobile": 9178765411, "contact_landline": null, "email": null, "barangay": "South Fundidor", "district": "Molo", "municity": "Iloilo City", "province": "Iloilo", "facebook": "https://web.facebook.com/cornerplanes.construx/?_rdc=1&_rdr", "url": "https://infocornerplanes.wixsite.com/mysite", "entry fee": null, "open time": null, "closing time": null }, "geometry": { "type": "Point", "coordinates": [ 122.53427, 10.69029 ] } },
{ "type": "Feature", "properties": { "name": "NEW RODSON WOODCRAFT & METALCRAFT", "category": "Economy", "type": "Construction", "address": "MGWX+88Q, Timawa Street, Molo, Iloilo City, 5000", "contact_mobile": null, "contact_landline": 333370040, "email": null, "barangay": "Poblacion Molo", "district": "Molo", "municity": "Iloilo City", "province": "Iloilo", "facebook": "https://web.facebook.com/p/New-Rodson-Air-Guns-100064026724077/?_rdc=1&_rdr", "url": null, "entry fee": null, "open time": null, "closing time": null }, "geometry": { "type": "Point", "coordinates": [ 122.54835, 10.69583 ] } },
{ "type": "Feature", "properties": { "name": "AKP Residential Building Construction", "category": "Economy", "type": "Construction", "address": "MGVQ+RG unit 4, JVS Building, 2/f Avanceña St, Molo, Iloilo City, Iloilo", "contact_mobile": null, "contact_landline": null, "email": null, "barangay": "South San Jose", "district": "Molo", "municity": "Iloilo City", "province": "Iloilo", "facebook": null, "url": null, "entry fee": null, "open time": null, "closing time": null }, "geometry": { "type": "Point", "coordinates": [ 122.53884, 10.6945 ] } },
{ "type": "Feature", "properties": { "name": "J.e. Tico Construction Co., Inc.", "category": "Economy", "type": "Construction", "address": "MGVP+FR 58 Avanceña St, Molo, Iloilo City, Iloilo", "contact_mobile": null, "contact_landline": null, "email": null, "barangay": "North Fundidor", "district": "Molo", "municity": "Iloilo City", "province": "Iloilo", "facebook": "https://web.facebook.com/jeticorealtycorporation/?_rdc=1&_rdr", "url": null, "entry fee": null, "open time": null, "closing time": null }, "geometry": { "type": "Point", "coordinates": [ 122.537, 10.69364 ] } },
{ "type": "Feature", "properties": { "name": "MAKINAUGALINGON printer&bookbinder", "category": "Economy", "type": "Media", "address": "MGRX+R3 251 Lopez Jaena St, Molo, Iloilo City, 5000 Iloilo", "contact_mobile": null, "contact_landline": 333365778, "email": "makinaugalingon@gmail.com", "barangay": "Habog-Habog Salvacion", "district": "Molo", "municity": "Iloilo City", "province": "Iloilo", "facebook": "https://web.facebook.com/p/Makinaugalingon-Press-100057488197777/?_rdc=1&_rdr", "url": "http://makinaugalingonpress.com/", "entry fee": null, "open time": null, "closing time": null }, "geometry": { "type": "Point", "coordinates": [ 122.54776, 10.69216 ] } },
{ "type": "Feature", "properties": { "name": "Iloilo Printing Haus", "category": "Economy", "type": "Media", "address": "MGQW+7C Brgy. San Juan Boulevard Bangga Panot Zone 2 Asaria Residence, Molo, Iloilo City, 5000 Iloilo", "contact_mobile": 9985404600, "contact_landline": null, "email": "iloilo.iph@gmail.com", "barangay": "San Juan", "district": "Molo", "municity": "Iloilo City", "province": "Iloilo", "facebook": "https://www.facebook.com/IloiloPrintingHaus", "url": null, "entry fee": null, "open time": "08:00", "closing time": "20:00" }, "geometry": { "type": "Point", "coordinates": [ 122.54607, 10.68819 ] } },
{ "type": "Feature", "properties": { "name": "Kwik Sharp Printing", "category": "Economy", "type": "Media", "address": "MGQM+QX3, Molo, Iloilo City, 5000 Iloilo", "contact_mobile": null, "contact_landline": null, "email": null, "barangay": "South Fundidor", "district": "Molo", "municity": "Iloilo City", "province": "Iloilo", "facebook": null, "url": null, "entry fee": null, "open time": "08:00", "closing time": "17:00" }, "geometry": { "type": "Point", "coordinates": [ 122.53482, 10.68934 ] } },
{ "type": "Feature", "properties": { "name": "Graphic etc.printhaus", "category": "Economy", "type": "Media", "address": "MGVW+2W 251 Lopez Jaena St, Molo, Iloilo City, 5000 Iloilo", "contact_mobile": null, "contact_landline": 333351588, "email": null, "barangay": "Habog-Habog Salvacion", "district": "Molo", "municity": "Iloilo City", "province": "Iloilo", "facebook": "https://web.facebook.com/pages/Graphic-Etc-Printhaus/375958429278135?_rdc=1&_rdr", "url": null, "entry fee": null, "open time": null, "closing time": null }, "geometry": { "type": "Point", "coordinates": [ 122.54736, 10.69264 ] } },
{ "type": "Feature", "properties": { "name": "IPI Printing", "category": "Economy", "type": "Media", "address": "MHR2+XPH, Molo, Iloilo City, Iloilo", "contact_mobile": null, "contact_landline": null, "email": null, "barangay": "East Baluarte", "district": "Molo", "municity": "Iloilo City", "province": "Iloilo", "facebook": null, "url": null, "entry fee": null, "open time": null, "closing time": null }, "geometry": { "type": "Point", "coordinates": [ 122.55186, 10.69242 ] } },
{ "type": "Feature", "properties": { "name": "Bangga Panot", "category": "Economy", "type": "Media", "address": "MGPW+WM zone 2, bangga panot, Molo, Iloilo City, 5000 Iloilo", "contact_mobile": null, "contact_landline": null, "email": null, "barangay": "San Juan", "district": "Molo", "municity": "Iloilo City", "province": "Iloilo", "facebook": null, "url": null, "entry fee": null, "open time": "00:00", "closing time": "00:00" }, "geometry": { "type": "Point", "coordinates": [ 122.54663, 10.6873 ] } },
{ "type": "Feature", "properties": { "name": "OTON CAD PLOTTING & PRINTING SERVICES", "category": "Economy", "type": "Media", "address": "MGVW+FJ Lopez Jaena St, Molo, Iloilo City, 5020 Iloilo", "contact_mobile": null, "contact_landline": null, "email": null, "barangay": "San Antonio", "district": "Molo", "municity": "Iloilo City", "province": "Iloilo", "facebook": null, "url": null, "entry fee": null, "open time": null, "closing time": null }, "geometry": { "type": "Point", "coordinates": [ 122.54654, 10.69368 ] } },
{ "type": "Feature", "properties": { "name": "W&A CONSTRUCTION & ADVERTISING SERVICES", "category": "Economy", "type": "Media", "address": "MGRJ+5P 122 Avanceña St, Molo, Iloilo City, 5000 Iloilo", "contact_mobile": 9778775012, "contact_landline": null, "email": "wachs2017@gmail.com", "barangay": "South Fundidor", "district": "Molo", "municity": "Iloilo City", "province": "Iloilo", "facebook": "https://web.facebook.com/wachs2017/?_rdc=1&_rdr", "url": "http://www.waadvertisingiloilo.com.ph/", "entry fee": null, "open time": "08:00", "closing time": "17:00" }, "geometry": { "type": "Point", "coordinates": [ 122.53185, 10.69038 ] } },
{ "type": "Feature", "properties": { "name": "Clear image advertising", "category": "Economy", "type": "Media", "address": "MGVP+7Q Avanceña St, Molo, Iloilo City, Iloilo", "contact_mobile": 9176265601, "contact_landline": null, "email": "clearimage0220@gmail.com", "barangay": "North Fundidor", "district": "Molo", "municity": "Iloilo City", "province": "Iloilo", "facebook": "https://web.facebook.com/clearimageadvertising/?_rdc=1&_rdr", "url": null, "entry fee": null, "open time": "09:00", "closing time": "18:00" }, "geometry": { "type": "Point", "coordinates": [ 122.53696, 10.69328 ] } },
{ "type": "Feature", "properties": { "name": "Online Advertising Services Unlimited", "category": "Economy", "type": "Media", "address": "MGJP+QH Miraculous medal, Molo, Iloilo City, 5000 Iloilo", "contact_mobile": 9610209863, "contact_landline": null, "email": "hisprintshoppe3@gmail.com", "barangay": "Calumpang", "district": "Molo", "municity": "Iloilo City", "province": "Iloilo", "facebook": "https://web.facebook.com/onlineservicesunlimited/?_rdc=1&_rdr", "url": null, "entry fee": null, "open time": "00:00", "closing time": "00:00" }, "geometry": { "type": "Point", "coordinates": [ 122.53648, 10.68199 ] } },
{ "type": "Feature", "properties": { "name": "ActivAsia Iloilo", "category": "Economy", "type": "Media", "address": "MGRJ+7Q 98d Avanceña St, Molo, Iloilo City, Iloilo", "contact_mobile": null, "contact_landline": null, "email": null, "barangay": "South Fundidor", "district": "Molo", "municity": "Iloilo City", "province": "Iloilo", "facebook": null, "url": null, "entry fee": null, "open time": null, "closing time": null }, "geometry": { "type": "Point", "coordinates": [ 122.53188, 10.6907 ] } },
{ "type": "Feature", "properties": { "name": "Purple Haze Designs", "category": "Economy", "type": "Media", "address": "MHR2+V8 Farmart Building, Lopez Jaena St, Molo, Iloilo City, 5000 Iloilo", "contact_mobile": 9985324062, "contact_landline": null, "email": "purplehazedap@gmail.com", "barangay": "East Baluarte", "district": "Molo", "municity": "Iloilo City", "province": "Iloilo", "facebook": "https://web.facebook.com/purplehazedsgns/?_rdc=1&_rdr", "url": "https://purplehazedesigns.com.ph", "entry fee": null, "open time": "09:00", "closing time": "18:30" }, "geometry": { "type": "Point", "coordinates": [ 122.55086, 10.69218 ] } },
{ "type": "Feature", "properties": { "name": "H & G Mineral Water Refilling Station", "category": "Economy", "type": "Utilities", "address": "MHQ2+85 Boulevard, Brgy, Molo, Iloilo City, 5000 Iloilo", "contact_mobile": 9127373505, "contact_landline": null, "email": null, "barangay": "Molo Boulevard", "district": "Molo", "municity": "Iloilo City", "province": "Iloilo", "facebook": null, "url": null, "entry fee": null, "open time": "07:00", "closing time": "19:00" }, "geometry": { "type": "Point", "coordinates": [ 122.55044, 10.68829 ] } },
{ "type": "Feature", "properties": { "name": "Coralrocks Water Station", "category": "Economy", "type": "Utilities", "address": "MGWV+6R3, Lopez Jaena St, Katilingban Molo, Iloilo City, 5000 Iloilo", "contact_mobile": null, "contact_landline": 337866612, "email": null, "barangay": "North Avanceña", "district": "Molo", "municity": "Iloilo City", "province": "Iloilo", "facebook": null, "url": null, "entry fee": null, "open time": "08:00", "closing time": "19:00" }, "geometry": { "type": "Point", "coordinates": [ 122.54456, 10.6955 ] } },
{ "type": "Feature", "properties": { "name": "Water Pro Purified Water Station", "category": "Economy", "type": "Utilities", "address": "MGRV+783, Molo, Iloilo City, 5000 Iloilo", "contact_mobile": null, "contact_landline": 335013719, "email": null, "barangay": "Compania", "district": "Molo", "municity": "Iloilo City", "province": "Iloilo", "facebook": null, "url": null, "entry fee": null, "open time": "07:00", "closing time": "19:00" }, "geometry": { "type": "Point", "coordinates": [ 122.5433, 10.69063 ] } },
{ "type": "Feature", "properties": { "name": "Angel Spring (Water Refilling Station)", "category": "Economy", "type": "Utilities", "address": "MGMV+VH2, Molo, Iloilo City, Iloilo", "contact_mobile": 9478911939, "contact_landline": null, "email": null, "barangay": "Calumpang", "district": "Molo", "municity": "Iloilo City", "province": "Iloilo", "facebook": null, "url": null, "entry fee": null, "open time": "07:00", "closing time": "20:00" }, "geometry": { "type": "Point", "coordinates": [ 122.54389, 10.68464 ] } },
{ "type": "Feature", "properties": { "name": "Water Z-s Refilling Station", "category": "Economy", "type": "Utilities", "address": "MGVV+6RM, Compania St, Molo, Iloilo City, Iloilo", "contact_mobile": null, "contact_landline": null, "email": null, "barangay": "San Antonio", "district": "Molo", "municity": "Iloilo City", "province": "Iloilo", "facebook": null, "url": null, "entry fee": null, "open time": null, "closing time": null }, "geometry": { "type": "Point", "coordinates": [ 122.54452, 10.69312 ] } },
{ "type": "Feature", "properties": { "name": "Infinity Water Refilling Station", "category": "Economy", "type": "Utilities", "address": "MGQM+VRC, Molo, Iloilo City, Iloilo", "contact_mobile": null, "contact_landline": null, "email": null, "barangay": "South Fundidor", "district": "Molo", "municity": "Iloilo City", "province": "Iloilo", "facebook": null, "url": null, "entry fee": null, "open time": null, "closing time": null }, "geometry": { "type": "Point", "coordinates": [ 122.5345, 10.68971 ] } },
{ "type": "Feature", "properties": { "name": "Carmelino’s Water Refilling Station", "category": "Economy", "type": "Utilities", "address": "MGJP+HF Zone 7, Molo, Iloilo City, Iloilo", "contact_mobile": 9477752002, "contact_landline": null, "email": null, "barangay": "Calumpang", "district": "Molo", "municity": "Iloilo City", "province": "Iloilo", "facebook": null, "url": null, "entry fee": null, "open time": null, "closing time": null }, "geometry": { "type": "Point", "coordinates": [ 122.53618, 10.68142 ] } },
{ "type": "Feature", "properties": { "name": "FULL TANK LPG DISTRIBUTION CENTER (MOLO)", "category": "Economy", "type": "Utilities", "address": "MGWQ+6X5, Avanceña St, Molo, Iloilo City, Iloilo", "contact_mobile": 9178680437, "contact_landline": null, "email": "fulltanklpg@yahoo.com", "barangay": "South San Jose", "district": "Molo", "municity": "Iloilo City", "province": "Iloilo", "facebook": "https://web.facebook.com/fulltankgasul/?_rdc=1&_rdr", "url": null, "entry fee": null, "open time": null, "closing time": null }, "geometry": { "type": "Point", "coordinates": [ 122.53999, 10.69552 ] } },
{ "type": "Feature", "properties": { "name": "Starpower Renewable Energy Inc.", "category": "Economy", "type": "Utilities", "address": "MGXX+M8 San Pedro St, Molo, Iloilo City, Iloilo", "contact_mobile": 9173173538, "contact_landline": 335010656, "email": "starpowerre.ad@gmail.com", "barangay": "San Pedro Molo", "district": "Molo", "municity": "Iloilo City", "province": "Iloilo", "facebook": "https://web.facebook.com/StarpowerRE/?_rdc=1&_rdr", "url": "http://www.starpowerre.com/", "entry fee": null, "open time": "08:00", "closing time": "17:00" }, "geometry": { "type": "Point", "coordinates": [ 122.54833, 10.69917 ] } },
{ "type": "Feature", "properties": { "name": "StarPower RE - Headquarters", "category": "Economy", "type": "Utilities", "address": "MGXW+FG Iloilo City, Iloilo", "contact_mobile": null, "contact_landline": 335085191, "email": null, "barangay": "Tap-Oc", "district": "Molo", "municity": "Iloilo City", "province": "Iloilo", "facebook": null, "url": "http://www.starpowerre.com/", "entry fee": null, "open time": null, "closing time": null }, "geometry": { "type": "Point", "coordinates": [ 122.54628, 10.69871 ] } },
{ "type": "Feature", "properties": { "name": "Luwag Albina", "category": "Economy", "type": "Manufacturing", "address": "MGQG+C8 97 Quezon St, Villa Arevalo District, Iloilo City, 5000 Iloilo", "contact_mobile": 9999988569, "contact_landline": null, "email": null, "barangay": "Dulonan", "district": "Arevalo", "municity": "Iloilo City", "province": "Iloilo", "facebook": "https://www.facebook.com/luwagalbina", "url": null, "entry fee": null, "open time": null, "closing time": null }, "geometry": { "type": "Point", "coordinates": [ 122.5273, 10.69133 ] } },
{ "type": "Feature", "properties": { "name": "Reza Furniture And Upholstery", "category": "Economy", "type": "Manufacturing", "address": "MGP3+JM Bonifacio St, Villa Arevalo District, Iloilo City, 5000 Iloilo", "contact_mobile": 9639572199, "contact_landline": null, "email": null, "barangay": "Santa Cruz", "district": "Arevalo", "municity": "Iloilo City", "province": "Iloilo", "facebook": null, "url": null, "entry fee": null, "open time": "09:00", "closing time": "17:00" }, "geometry": { "type": "Point", "coordinates": [ 122.50429, 10.68675 ] } },
{ "type": "Feature", "properties": { "name": "3T Paracords and Crafts", "category": "Economy", "type": "Manufacturing", "address": "MGP5+F2 Bonifacio St, Villa Arevalo District, Iloilo City, 5000 Iloilo", "contact_mobile": null, "contact_landline": null, "email": null, "barangay": "Santa Cruz", "district": "Arevalo", "municity": "Iloilo City", "province": "Iloilo", "facebook": "https://www.facebook.com/3TParacordsAndCrafts/", "url": null, "entry fee": null, "open time": "09:00", "closing time": "16:00" }, "geometry": { "type": "Point", "coordinates": [ 122.50665, 10.69012 ] } },
{ "type": "Feature", "properties": { "name": "JV Bamboo Products", "category": "Economy", "type": "Manufacturing", "address": "PG2C+HF Iloilo Circumferential Rd 1, Villa Arevalo District, Iloilo City, Iloilo", "contact_mobile": 9518741975, "contact_landline": null, "email": null, "barangay": "So-Oc", "district": "Arevalo", "municity": "Iloilo City", "province": "Iloilo", "facebook": null, "url": null, "entry fee": null, "open time": null, "closing time": null }, "geometry": { "type": "Point", "coordinates": [ 122.52123, 10.70203 ] } },
{ "type": "Feature", "properties": { "name": "Pacifica Agrivet Supplies", "category": "Economy", "type": "Agriculture", "address": "MFVX+FR8, Osmen'a St, Villa Arevalo District, Iloilo City, 5000 Iloilo", "contact_mobile": null, "contact_landline": null, "email": "admin@pacificaagrivet.com", "barangay": "Mohon", "district": "Arevalo", "municity": "Iloilo City", "province": "Iloilo", "facebook": "https://www.facebook.com/pacificaagrivetsupplies", "url": "pacificaagrivet.com", "entry fee": null, "open time": "08:00", "closing time": "17:00" }, "geometry": { "type": "Point", "coordinates": [ 122.49903, 10.69474 ] } },
{ "type": "Feature", "properties": { "name": "ExpressPay 4J Bills Payment and Remittance Center", "category": "Economy", "type": "Finance", "address": "MGQ8+MC Osmeña St, Villa Arevalo District, Iloilo City, 5000 Iloilo", "contact_mobile": 9196424529, "contact_landline": null, "email": "4jbillsandremittance@gmail.com", "barangay": "So-Oc", "district": "Arevalo", "municity": "Iloilo City", "province": "Iloilo", "facebook": "https://www.facebook.com/4jsbillspaymentandremittancecenter", "url": null, "entry fee": null, "open time": "07:30", "closing time": "18:30" }, "geometry": { "type": "Point", "coordinates": [ 122.51673, 10.69255 ] } },
{ "type": "Feature", "properties": { "name": "RUFRANCE LPG ILOILO", "category": "Economy", "type": "Utilities", "address": "MGX9+9C Sooc Bridge, Villa Arevalo District, Iloilo City, 5000 Iloilo", "contact_mobile": 9303312879, "contact_landline": null, "email": null, "barangay": "So-Oc", "district": "Arevalo", "municity": "Iloilo City", "province": "Iloilo", "facebook": null, "url": null, "entry fee": null, "open time": "08:00", "closing time": "18:00" }, "geometry": { "type": "Point", "coordinates": [ 122.51865, 10.69863 ] } },
{ "type": "Feature", "properties": { "name": "Full Tank LPG Distribution Inc", "category": "Economy", "type": "Utilities", "address": "PG2C+CH 5 Sooc Bridge, Villa Arevalo District, Iloilo City, Iloilo", "contact_mobile": 9178680437, "contact_landline": null, "email": null, "barangay": "So-Oc", "district": "Arevalo", "municity": "Iloilo City", "province": "Iloilo", "facebook": null, "url": null, "entry fee": null, "open time": "08:00", "closing time": "17:00" }, "geometry": { "type": "Point", "coordinates": [ 122.52145, 10.70144 ] } },
{ "type": "Feature", "properties": { "name": "Hann Gourmet Commissary", "category": "Economy", "type": "Manufacturing", "address": "MGQ7+58 Bonifacio St, Villa Arevalo District, Iloilo City, 5000 Iloilo", "contact_mobile": 9237295030, "contact_landline": null, "email": null, "barangay": "Bonifacio", "district": "Arevalo", "municity": "Iloilo City", "province": "Iloilo", "facebook": "https://www.facebook.com/HannGourmetProducts/", "url": null, "entry fee": null, "open time": "08:00", "closing time": "18:00" }, "geometry": { "type": "Point", "coordinates": [ 122.51327, 10.68791 ] } },
{ "type": "Feature", "properties": { "name": "Cen Poultry Supply", "category": "Economy", "type": "Agriculture", "address": "MGM2+M4J, Valuarte-Calumpang-Villa-Oton Road, Sto. Niño Sur, Arevalo, Iloilo City, 5000 Iloilo", "contact_mobile": null, "contact_landline": 335019587, "email": null, "barangay": "Santo Niño Sur", "district": "Arevalo", "municity": "Iloilo City", "province": "Iloilo", "facebook": null, "url": null, "entry fee": null, "open time": "05:30", "closing time": "18:30" }, "geometry": { "type": "Point", "coordinates": [ 122.50025, 10.68415 ] } },
{ "type": "Feature", "properties": { "name": "Hammer Pacific Construction, Inc.", "category": "Economy", "type": "Construction", "address": "MGQ7+HX 29 P Arroyo St, Villa Arevalo District, Iloilo City, Iloilo", "contact_mobile": 9171627608, "contact_landline": null, "email": "recruitment@hammerpacific.com", "barangay": "Santa Filomena", "district": "Arevalo", "municity": "Iloilo City", "province": "Iloilo", "facebook": "https://web.facebook.com/p/Hammer-Pacific-Construction-Inc-61554953623534/?_rdc=1&_rdr", "url": "https://www.careers-page.com/hammerpacific", "entry fee": null, "open time": null, "closing time": null }, "geometry": { "type": "Point", "coordinates": [ 122.51488, 10.68891 ] } },
{ "type": "Feature", "properties": { "name": "E. Bravo Engineering Construction and Consultancy Services", "category": "Economy", "type": "Construction", "address": "MGQ4+26G, Guanco St, Villa Arevalo District, Iloilo City, 5000 Iloilo", "contact_mobile": null, "contact_landline": 333368419, "email": null, "barangay": "Santa Cruz", "district": "Arevalo", "municity": "Iloilo City", "province": "Iloilo", "facebook": null, "url": "http://ebravo.weebly.com/", "entry fee": null, "open time": "08:00", "closing time": "17:00" }, "geometry": { "type": "Point", "coordinates": [ 122.50554, 10.68757 ] } },
{ "type": "Feature", "properties": { "name": "BRISTON BUILDERS INC.", "category": "Economy", "type": "Construction", "address": "MGP2+5M Villa Arevalo District, Iloilo City, 5000 Iloilo", "contact_mobile": 9171381408, "contact_landline": null, "email": null, "barangay": "Santo Niño Sur", "district": "Arevalo", "municity": "Iloilo City", "province": "Iloilo", "facebook": "https://web.facebook.com/profile.php?id=100087192736593", "url": null, "entry fee": null, "open time": "08:00", "closing time": "17:00" }, "geometry": { "type": "Point", "coordinates": [ 122.50167, 10.68547 ] } },
{ "type": "Feature", "properties": { "name": "JV Ark Lines & Build Services and Construction Supply Co", "category": "Economy", "type": "Construction", "address": "MGJ7+QR Riverville Subdivision, B10 L22, Villa Arevalo District, Iloilo City", "contact_mobile": 9983790486, "contact_landline": null, "email": "ARKEANON@yahoo.com", "barangay": "Santo Niño Sur", "district": "Arevalo", "municity": "Iloilo City", "province": "Iloilo", "facebook": "https://web.facebook.com/profile.php?id=100063726198569", "url": null, "entry fee": null, "open time": null, "closing time": null }, "geometry": { "type": "Point", "coordinates": [ 122.51456, 10.6819 ] } },
{ "type": "Feature", "properties": { "name": "Champion Builders & Supply", "category": "Economy", "type": "Construction", "address": "MGR3+RJG, Villa Arevalo District, Iloilo City, Iloilo", "contact_mobile": null, "contact_landline": null, "email": "championbuilders.hr@gmail.com", "barangay": "Santa Cruz", "district": "Arevalo", "municity": "Iloilo City", "province": "Iloilo", "facebook": "https://web.facebook.com/championbuilders.hr/?_rdc=1&_rdr", "url": null, "entry fee": null, "open time": null, "closing time": null }, "geometry": { "type": "Point", "coordinates": [ 122.50369, 10.69147 ] } },
{ "type": "Feature", "properties": { "name": "Don Benito acap iloilo", "category": "Economy", "type": "Construction", "address": "MGR5+G5F, Osmeña St, Villa Arevalo District, Iloilo City, Iloilo", "contact_mobile": null, "contact_landline": null, "email": null, "barangay": "Santo Domingo", "district": "Arevalo", "municity": "Iloilo City", "province": "Iloilo", "facebook": null, "url": null, "entry fee": null, "open time": null, "closing time": null }, "geometry": { "type": "Point", "coordinates": [ 122.50792, 10.69129 ] } },
{ "type": "Feature", "properties": { "name": "La Suerte Builders", "category": "Economy", "type": "Construction", "address": "MGM8+JVV, Villa Arevalo District, Iloilo City, 5000 Iloilo", "contact_mobile": 9517050241, "contact_landline": null, "email": null, "barangay": "Yulo Drive", "district": "Arevalo", "municity": "Iloilo City", "province": "Iloilo", "facebook": null, "url": null, "entry fee": null, "open time": null, "closing time": null }, "geometry": { "type": "Point", "coordinates": [ 122.51718, 10.6841 ] } },
{ "type": "Feature", "properties": { "name": "PreenXpress Iloilo", "category": "Economy", "type": "Media", "address": "MGP2+M7 In Front of Santa Cruz Chapel, Santa Cruz Street, corner Bonifacio St, Arevalo District, Iloilo City, 5000 Iloilo", "contact_mobile": 9564715405, "contact_landline": null, "email": "preenxpress@gmail.com", "barangay": "Santa Cruz", "district": "Arevalo", "municity": "Iloilo City", "province": "Iloilo", "facebook": "https://web.facebook.com/preenxpressiloilo/?_rdc=1&_rdr", "url": null, "entry fee": null, "open time": "08:00", "closing time": "17:00" }, "geometry": { "type": "Point", "coordinates": [ 122.5007, 10.68665 ] } },
{ "type": "Feature", "properties": { "name": "FISHERMAN PRINT SERVICES", "category": "Economy", "type": "Media", "address": "MFJW+QP ZONE III, Villa Arevalo District, Iloilo City, Iloilo", "contact_mobile": 9850607380, "contact_landline": 333231753, "email": "Fishermanprinting@yahoo.com", "barangay": "Santo Niño Sur", "district": "Arevalo", "municity": "Iloilo City", "province": "Iloilo", "facebook": "https://web.facebook.com/p/Fisherman-Printing-Press-100063952755510/?_rdc=1&_rdr", "url": null, "entry fee": null, "open time": "08:00", "closing time": "17:00" }, "geometry": { "type": "Point", "coordinates": [ 122.49684, 10.68199 ] } },
{ "type": "Feature", "properties": { "name": "PM ADVERTISING", "category": "Economy", "type": "Media", "address": "MGP9+W3 9 Quezon St, Villa Arevalo District, Iloilo City, Iloilo", "contact_mobile": null, "contact_landline": 333236987, "email": "pmads572@gmail.com", "barangay": "Santa Filomena", "district": "Arevalo", "municity": "Iloilo City", "province": "Iloilo", "facebook": "https://web.facebook.com/makeitloudhere/?_rdc=1&_rdr", "url": null, "entry fee": null, "open time": "08:30", "closing time": "18:00" }, "geometry": { "type": "Point", "coordinates": [ 122.51773, 10.6873 ] } },
{ "type": "Feature", "properties": { "name": "Advertising Laboratory (Ad Lab) Iloilo", "category": "Economy", "type": "Media", "address": "MGP8+QW Quezon St. Villa Arevalo, Proper, Iloilo City, 5000 Iloilo", "contact_mobile": 9778143903, "contact_landline": null, "email": null, "barangay": "Santa Filomena", "district": "Arevalo", "municity": "Iloilo City", "province": "Iloilo", "facebook": null, "url": "https://adlabnow.wordpress.com/", "entry fee": null, "open time": "09:00", "closing time": "17:00" }, "geometry": { "type": "Point", "coordinates": [ 122.5173, 10.687 ] } },
{ "type": "Feature", "properties": { "name": "DLinkers", "category": "Economy", "type": "Media", "address": "MGQ9+MH Lot 4C, Gloryville Subdivision, Jocson St, Villa Arevalo District, Iloilo City, Iloilo", "contact_mobile": null, "contact_landline": 335084107, "email": null, "barangay": "Santo Domingo", "district": "Arevalo", "municity": "Iloilo City", "province": "Iloilo", "facebook": null, "url": "https://dlinkers.com/", "entry fee": null, "open time": "08:30", "closing time": "19:00" }, "geometry": { "type": "Point", "coordinates": [ 122.51899, 10.68914 ] } },
{ "type": "Feature", "properties": { "name": "Water Refilling Station", "category": "Economy", "type": "Utilities", "address": "PG3G+93 Brgy, So-oc Project 3, Villa Arevalo District, Iloilo City, Iloilo", "contact_mobile": null, "contact_landline": null, "email": null, "barangay": "Calahunan", "district": "Arevalo", "municity": "Iloilo City", "province": "Iloilo", "facebook": null, "url": null, "entry fee": null, "open time": "08:00", "closing time": "18:00" }, "geometry": { "type": "Point", "coordinates": [ 122.52524, 10.70338 ] } },
{ "type": "Feature", "properties": { "name": "Water Garden Purified Water Refilling Station", "category": "Economy", "type": "Utilities", "address": "MGQC+F2 201 Jocson St, Villa Arevalo District, Iloilo City, Iloilo", "contact_mobile": null, "contact_landline": null, "email": null, "barangay": "San Jose Arevalo", "district": "Arevalo", "municity": "Iloilo City", "province": "Iloilo", "facebook": null, "url": null, "entry fee": null, "open time": "05:00", "closing time": "18:00" }, "geometry": { "type": "Point", "coordinates": [ 122.52008, 10.68877 ] } },
{ "type": "Feature", "properties": { "name": "Shining Water Refilling Station", "category": "Economy", "type": "Utilities", "address": "MGJ4+VR Villa Arevalo District, Iloilo City, 5000 Iloilo", "contact_mobile": 9502042116, "contact_landline": null, "email": null, "barangay": "Santo Niño Sur", "district": "Arevalo", "municity": "Iloilo City", "province": "Iloilo", "facebook": null, "url": null, "entry fee": null, "open time": "06:00", "closing time": "21:00" }, "geometry": { "type": "Point", "coordinates": [ 122.50708, 10.68221 ] } },
{ "type": "Feature", "properties": { "name": "Rosemarie's Water Refilling Station", "category": "Economy", "type": "Utilities", "address": "MGJ3+3PP, Villa Arevalo District, Iloilo City, Iloilo", "contact_mobile": null, "contact_landline": null, "email": null, "barangay": "Santo Niño Sur", "district": "Arevalo", "municity": "Iloilo City", "province": "Iloilo", "facebook": null, "url": null, "entry fee": null, "open time": "07:00", "closing time": "19:00" }, "geometry": { "type": "Point", "coordinates": [ 122.50449, 10.6802 ] } },
{ "type": "Feature", "properties": { "name": "Full Tank LPG Dsitribution Inc", "category": "Economy", "type": "Utilities", "address": "PG2C+CH 5 Sooc Bridge, Villa Arevalo District, Iloilo City, Iloilo", "contact_mobile": 9178680437, "contact_landline": null, "email": null, "barangay": "So-Oc", "district": "Arevalo", "municity": "Iloilo City", "province": "Iloilo", "facebook": null, "url": null, "entry fee": null, "open time": "08:00", "closing time": "17:00" }, "geometry": { "type": "Point", "coordinates": [ 122.52146, 10.70112 ] } },
{ "type": "Feature", "properties": { "name": "Full Tank Corporation", "category": "Economy", "type": "Utilities", "address": "MGQC+G5C, Jocson St, Villa Arevalo District, Iloilo City, 5000 Iloilo", "contact_mobile": null, "contact_landline": 333931771, "email": null, "barangay": "San Jose Arevalo", "district": "Arevalo", "municity": "Iloilo City", "province": "Iloilo", "facebook": null, "url": "http://fulltankph.com/", "entry fee": null, "open time": null, "closing time": null }, "geometry": { "type": "Point", "coordinates": [ 122.52041, 10.68876 ] } },
{ "type": "Feature", "properties": { "name": "Petron Gasul", "category": "Economy", "type": "Utilities", "address": "MGQC+G5 201 Jocson St, Villa Arevalo District, Iloilo City, Iloilo", "contact_mobile": null, "contact_landline": null, "email": null, "barangay": "San Jose Arevalo", "district": "Arevalo", "municity": "Iloilo City", "province": "Iloilo", "facebook": null, "url": null, "entry fee": null, "open time": null, "closing time": null }, "geometry": { "type": "Point", "coordinates": [ 122.5204, 10.68877 ] } },
{ "type": "Feature", "properties": { "name": "Wooden Living Furniture and Crafts", "category": "Economy", "type": "Manufacturing", "address": "PGCR+82 PHHC, Block, 24 Housing, Mandurriao, Iloilo City, Iloilo", "contact_mobile": null, "contact_landline": 333213824, "email": null, "barangay": "Dungon", "district": "Mandurriao", "municity": "Iloilo City", "province": "Iloilo", "facebook": "https://www.facebook.com/WoodenLiving", "url": null, "entry fee": null, "open time": "08:00", "closing time": "17:00" }, "geometry": { "type": "Point", "coordinates": [ 122.54161, 10.7241 ] } },
{ "type": "Feature", "properties": { "name": "F. GURREA Construction Inc.", "category": "Economy", "type": "Construction", "address": "PG9W+89 Q. Abeto St, Mandurriao, Iloilo City, 5000 Iloilo", "contact_mobile": null, "contact_landline": 333331669, "email": null, "barangay": "PHHC Block 17", "district": "Mandurriao", "municity": "Iloilo City", "province": "Iloilo", "facebook": "https://www.facebook.com/fgurreagroup", "url": "http://www.fgciph.com/", "entry fee": null, "open time": "08:00", "closing time": "17:00" }, "geometry": { "type": "Point", "coordinates": [ 122.54591, 10.72133 ] } },
{ "type": "Feature", "properties": { "name": "Jbhri Construction Services office", "category": "Economy", "type": "Construction", "address": "PGMC+X8 Guzman St, Mandurriao, Iloilo City, Iloilo", "contact_mobile": null, "contact_landline": 335012166, "email": null, "barangay": "Hibao-An Norte", "district": "Mandurriao", "municity": "Iloilo City", "province": "Iloilo", "facebook": "https://www.facebook.com/jbhri.espinosa.5", "url": null, "entry fee": null, "open time": "08:00", "closing time": "17:00" }, "geometry": { "type": "Point", "coordinates": [ 122.52089, 10.73591 ] } },
{ "type": "Feature", "properties": { "name": "RD Pawnshop", "category": "Economy", "type": "Finance", "address": "PH52+8JP, Benigno Aquino Ave., Diversion Road, Mandurriao, Iloilo City, 5000 Iloilo", "contact_mobile": null, "contact_landline": null, "email": null, "barangay": "Buhang Taft North", "district": "Mandurriao", "municity": "Iloilo City", "province": "Iloilo", "facebook": "https://www.facebook.com/rdpawnshopincorporated", "url": null, "entry fee": null, "open time": "08:00", "closing time": "18:00" }, "geometry": { "type": "Point", "coordinates": [ 122.55135, 10.71065 ] } },
{ "type": "Feature", "properties": { "name": "Security Bank", "category": "Economy", "type": "Finance", "address": "PG8W+HQ BPO Building A, Festival Walk, Iloilo Business Park, Iloilo City, Iloilo City", "contact_mobile": null, "contact_landline": 333203116, "email": null, "barangay": "Abeto Mirasol Taft South", "district": "Mandurriao", "municity": "Iloilo City", "province": "Iloilo", "facebook": "https://www.facebook.com/SecurityBank", "url": "https://www.securitybank.com/", "entry fee": null, "open time": "09:00", "closing time": "16:30" }, "geometry": { "type": "Point", "coordinates": [ 122.54696, 10.71643 ] } },
{ "type": "Feature", "properties": { "name": "Standard Insurance Iloilo Branch", "category": "Economy", "type": "Finance", "address": "PH63+3M Iloilo City, Iloilo Gaisano Iloilo City Center, Units 61-65, 2nd Floor City Time Square, Benigno Aquino Ave, Mandurriao, Iloilo City, 5000 Iloilo", "contact_mobile": null, "contact_landline": 333388888, "email": null, "barangay": "Buhang Taft North", "district": "Mandurriao", "municity": "Iloilo City", "province": "Iloilo", "facebook": "https://www.facebook.com/SICIIloiloBranch", "url": "http://www.standard-insurance.com/", "entry fee": null, "open time": "08:30", "closing time": "17:30" }, "geometry": { "type": "Point", "coordinates": [ 122.55428, 10.7128 ] } },
{ "type": "Feature", "properties": { "name": "Mapfre Insular Insurance Corporation- Iloilo", "category": "Economy", "type": "Finance", "address": "PG4X+J5 Qualimed Bldg Ayala Park, Atria, Donato Pison Ave, Mandurriao, Iloilo City, Iloilo", "contact_mobile": null, "contact_landline": 335012449, "email": null, "barangay": "San Rafael", "district": "Mandurriao", "municity": "Iloilo City", "province": "Iloilo", "facebook": null, "url": "http://www.mapfre.com.ph/?utm_source=google-my-business&utm_medium=organic", "entry fee": null, "open time": "08:00", "closing time": "16:00" }, "geometry": { "type": "Point", "coordinates": [ 122.54775, 10.707 ] } },
{ "type": "Feature", "properties": { "name": "AXA Philippines - Iloilo", "category": "Economy", "type": "Finance", "address": "PH53+83 Greenfield Complex, Benigno Aquino Ave, Mandurriao, Iloilo City, 5000 Iloilo", "contact_mobile": null, "contact_landline": 333350421, "email": null, "barangay": "San Rafael", "district": "Mandurriao", "municity": "Iloilo City", "province": "Iloilo", "facebook": "https://www.facebook.com/AXA.Philippines", "url": "https://www.axa.com.ph/", "entry fee": null, "open time": "09:00", "closing time": "16:00" }, "geometry": { "type": "Point", "coordinates": [ 122.55261, 10.70863 ] } },
{ "type": "Feature", "properties": { "name": "AQUASURE WATER STATION", "category": "Economy", "type": "Utilities", "address": "PGGV+6QV, Brgy. Dungon C-Brgy. Sta. Rosa Rd, Mandurriao, Iloilo City, 5000 Iloilo", "contact_mobile": 9164324035, "contact_landline": null, "email": null, "barangay": "Santa Rosa", "district": "Mandurriao", "municity": "Iloilo City", "province": "Iloilo", "facebook": "https://www.facebook.com/profile.php?id=61569368018077", "url": null, "entry fee": null, "open time": "06:00", "closing time": "18:00" }, "geometry": { "type": "Point", "coordinates": [ 122.54452, 10.72663 ] } },
{ "type": "Feature", "properties": { "name": "Tallo LPG", "category": "Economy", "type": "Utilities", "address": "PGHG+R47, Guzman St, Mandurriao, Iloilo City, Iloilo", "contact_mobile": 9814047834, "contact_landline": null, "email": "tallolpg@gmail.com", "barangay": "Hibao-An Sur", "district": "Mandurriao", "municity": "Iloilo City", "province": "Iloilo", "facebook": "https://www.facebook.com/profile.php?id=100086854021976", "url": null, "entry fee": null, "open time": "07:00", "closing time": "18:30" }, "geometry": { "type": "Point", "coordinates": [ 122.52535, 10.72979 ] } },
{ "type": "Feature", "properties": { "name": "Pitong Builders Construction & Supply", "category": "Economy", "type": "Construction", "address": "PGMC+PMJ, Mandurriao, Iloilo City, Iloilo", "contact_mobile": 9198017484, "contact_landline": null, "email": null, "barangay": "Hibao-An Norte", "district": "Mandurriao", "municity": "Iloilo City", "province": "Iloilo", "facebook": "https://www.facebook.com/profile.php?id=100064120810612", "url": null, "entry fee": null, "open time": "08:00", "closing time": "17:00" }, "geometry": { "type": "Point", "coordinates": [ 122.52165, 10.73437 ] } },
{ "type": "Feature", "properties": { "name": "Albart Builders & Construction Supply", "category": "Economy", "type": "Construction", "address": "PG5M+9Q 274, Pueblo Concepcion Subdivision, Mandurriao, Iloilo City,, 5000 Iloilo", "contact_mobile": null, "contact_landline": 335081989, "email": null, "barangay": "Oñate de Leon", "district": "Mandurriao", "municity": "Iloilo City", "province": "Iloilo", "facebook": null, "url": null, "entry fee": null, "open time": "08:00", "closing time": "17:00" }, "geometry": { "type": "Point", "coordinates": [ 122.5344, 10.7084 ] } },
{ "type": "Feature", "properties": { "name": "Sheian Mae Hardware & Construction Supply", "category": "Economy", "type": "Construction", "address": "PG7P+WCX, De Leon St, Mandurriao, Iloilo City, Iloilo", "contact_mobile": 9950901289, "contact_landline": null, "email": null, "barangay": "Oñate de Leon", "district": "Mandurriao", "municity": "Iloilo City", "province": "Iloilo", "facebook": "https://www.facebook.com/profile.php?id=100067526671654", "url": null, "entry fee": null, "open time": "08:00", "closing time": "17:00" }, "geometry": { "type": "Point", "coordinates": [ 122.53611, 10.71496 ] } },
{ "type": "Feature", "properties": { "name": "ACE Hardware SM City Mandurriao", "category": "Economy", "type": "Construction", "address": "PH72+HH Lower Ground Floor, SM City Iloilo Northwing, Benigno Aquino Ave, Mandurriao, Iloilo City, 5000 Iloilo", "contact_mobile": null, "contact_landline": 333207667, "email": null, "barangay": "Buhang Taft North", "district": "Mandurriao", "municity": "Iloilo City", "province": "Iloilo", "facebook": "https://www.facebook.com/AceHardwarePhilippines", "url": "http://www.acehardware.ph/", "entry fee": null, "open time": "10:00", "closing time": "21:00" }, "geometry": { "type": "Point", "coordinates": [ 122.55148, 10.71395 ] } },
{ "type": "Feature", "properties": { "name": "GMA Super Radyo 1323 AM Iloilo Transmitter", "category": "Economy", "type": "Media", "address": "PG2G+49 Mandurriao, Iloilo City, Iloilo", "contact_mobile": null, "contact_landline": null, "email": "superradyoiloilo@gmail.com", "barangay": "So-Oc", "district": "Mandurriao", "municity": "Iloilo City", "province": "Iloilo", "facebook": "https://www.facebook.com/GMASuperRadyoIloilo", "url": "http://www.gmanetwork.com/radio", "entry fee": null, "open time": "04:00", "closing time": "23:00" }, "geometry": { "type": "Point", "coordinates": [ 122.52595, 10.70028 ] } },
{ "type": "Feature", "properties": { "name": "Aksyon Radyo DYOK 720 KHz Iloilo", "category": "Economy", "type": "Media", "address": "PH33+75 301, Carlos Uy Bldg, Diversion Rd, Mandurriao, Iloilo City, 5000 Iloilo", "contact_mobile": 9184777773, "contact_landline": 333202634, "email": "aksyon_radyo_ilo@yahoo.com", "barangay": "San Rafael", "district": "Mandurriao", "municity": "Iloilo City", "province": "Iloilo", "facebook": "https://www.facebook.com/AksyonRadyoIloilo720KHz", "url": "http://aksyonradyoiloilo.com.ph/", "entry fee": null, "open time": null, "closing time": null }, "geometry": { "type": "Point", "coordinates": [ 122.553, 10.70318 ] } },
{ "type": "Feature", "properties": { "name": "Jullie Pottery II", "category": "Economy", "type": "Manufacturing", "address": "Mandurriao, Iloilo City, 5000 Iloilo", "contact_mobile": 9460617956, "contact_landline": null, "email": null, "barangay": "Hibao-An Norte", "district": "Mandurriao", "municity": "Iloilo City", "province": "Iloilo", "facebook": "https://m.facebook.com/LezllythePotter/", "url": null, "entry fee": null, "open time": "06:00", "closing time": "19:00" }, "geometry": { "type": "Point", "coordinates": [ 122.51958, 10.73706 ] } },
{ "type": "Feature", "properties": { "name": "Alpha Star Global Corp.", "category": "Economy", "type": "Agriculture", "address": "PH72+HH Benigno Aquino Ave, Mandurriao, Iloilo City, 5000 Iloilo", "contact_mobile": 9453600786, "contact_landline": null, "email": null, "barangay": "Buhang Taft North", "district": "Mandurriao", "municity": "Iloilo City", "province": "Iloilo", "facebook": null, "url": null, "entry fee": null, "open time": null, "closing time": null }, "geometry": { "type": "Point", "coordinates": [ 122.55148, 10.71396 ] } },
{ "type": "Feature", "properties": { "name": "GITO AGRICULTURAL SUPPLY", "category": "Economy", "type": "Agriculture", "address": "PH52+RM 162 Benigno Aquino Ave, Mandurriao, Iloilo City, Iloilo", "contact_mobile": 9162454081, "contact_landline": null, "email": null, "barangay": "Buhang Taft North", "district": "Mandurriao", "municity": "Iloilo City", "province": "Iloilo", "facebook": null, "url": null, "entry fee": null, "open time": "10:00", "closing time": "16:30" }, "geometry": { "type": "Point", "coordinates": [ 122.55174, 10.70955 ] } },
{ "type": "Feature", "properties": { "name": "JRBUILDERS COMPANY INC", "category": "Economy", "type": "Construction", "address": "Mandurriao, Iloilo City, Iloilo", "contact_mobile": null, "contact_landline": 28244382, "email": null, "barangay": "Airport", "district": "Mandurriao", "municity": "Iloilo City", "province": "Iloilo", "facebook": "https://web.facebook.com/p/JRBuilders-100069721329449/?_rdc=1&_rdr", "url": null, "entry fee": null, "open time": null, "closing time": null }, "geometry": { "type": "Point", "coordinates": [ 122.54434, 10.70306 ] } },
{ "type": "Feature", "properties": { "name": "Megaworld", "category": "Economy", "type": "Real Estate", "address": "PG8W+RFR, Megaworld Boulevard, Corner Airport Road, Sta. Rosa, Mandurriao, Iloilo City, 5000 Iloilo", "contact_mobile": null, "contact_landline": 288946300, "email": "customerservice@megaworldcorp.com", "barangay": "Abeto Mirasol Taft South", "district": "Mandurriao", "municity": "Iloilo City", "province": "Iloilo", "facebook": "https://web.facebook.com/officialmegaworldcorp/?_rdc=1&_rdr", "url": "https://www.megaworldcorp.com/", "entry fee": null, "open time": "08:00", "closing time": "00:00" }, "geometry": { "type": "Point", "coordinates": [ 122.54616, 10.71722 ] } },
{ "type": "Feature", "properties": { "name": "RRPC CONSTRUCTION & INDUSTRAIL CORPORATION", "category": "Economy", "type": "Construction", "address": "PGGH+3J3, 80 Guzman St, Mandurriao, Iloilo City, 5000 Iloilo", "contact_mobile": null, "contact_landline": 335003044, "email": null, "barangay": "Hibao-An Sur", "district": "Mandurriao", "municity": "Iloilo City", "province": "Iloilo", "facebook": null, "url": null, "entry fee": null, "open time": "08:00", "closing time": "17:30" }, "geometry": { "type": "Point", "coordinates": [ 122.53024, 10.72393 ] } },
{ "type": "Feature", "properties": { "name": "Victor Palomo Construction", "category": "Economy", "type": "Construction", "address": "PG9M+43 JVillage 2, Sto Domingo, First Floor, Block 2, Lot 2, 5000 De Leon St, Mandurriao, Iloilo City", "contact_mobile": 9772575839, "contact_landline": 335020876, "email": "sales@victorpalomoconstruction.com", "barangay": "Guzman-Jesena", "district": "Mandurriao", "municity": "Iloilo City", "province": "Iloilo", "facebook": "https://web.facebook.com/victorpalomoconstruction/mentions/?_rdc=1&_rdr", "url": "http://victorpalomoconstruction.com/", "entry fee": null, "open time": null, "closing time": null }, "geometry": { "type": "Point", "coordinates": [ 122.53271, 10.71784 ] } },
{ "type": "Feature", "properties": { "name": "JC Tiampong Design + Build", "category": "Economy", "type": "Construction", "address": "Guzman St, Mandurriao, Iloilo City, 5000 Iloilo", "contact_mobile": 9173023878, "contact_landline": null, "email": null, "barangay": "Hibao-An Norte", "district": "Mandurriao", "municity": "Iloilo City", "province": "Iloilo", "facebook": "https://web.facebook.com/jctiampong", "url": "http://www.jctiampong.com", "entry fee": null, "open time": "09:00", "closing time": "18:00" }, "geometry": { "type": "Point", "coordinates": [ 122.52286, 10.73274 ] } },
{ "type": "Feature", "properties": { "name": "RM Cabalum Engineering & Services", "category": "Economy", "type": "Construction", "address": "PH64+56 NHA Dike2 Brgy, Mandurriao, Iloilo City, 5000 Iloilo", "contact_mobile": null, "contact_landline": 335090251, "email": null, "barangay": "Bolilao", "district": "Mandurriao", "municity": "Iloilo City", "province": "Iloilo", "facebook": "http://www.facebook.com/RMCabalum", "url": null, "entry fee": null, "open time": "09:00", "closing time": "17:00" }, "geometry": { "type": "Point", "coordinates": [ 122.55552, 10.71041 ] } },
{ "type": "Feature", "properties": { "name": "A.S.GO Design and Engineering Solutions", "category": "Economy", "type": "Construction", "address": "PG8M+XH Blk 10, Lot 1, Sto. Domingo J. Village, 1 De Leon St, Mandurriao, Iloilo City, 5000 Iloilo", "contact_mobile": 9985496386, "contact_landline": null, "email": null, "barangay": "Guzman-Jesena", "district": "Mandurriao", "municity": "Iloilo City", "province": "Iloilo", "facebook": null, "url": null, "entry fee": null, "open time": "08:00", "closing time": "17:00" }, "geometry": { "type": "Point", "coordinates": [ 122.53391, 10.71747 ] } },
{ "type": "Feature", "properties": { "name": "Edson & Co., Inc.", "category": "Economy", "type": "Construction", "address": "PGCX+C4C, Taft North, Old Aiport Road, Mandurriao, Iloilo City, 5000 Iloilo", "contact_mobile": 9392001001, "contact_landline": null, "email": null, "barangay": "PHHC Block 17", "district": "Mandurriao", "municity": "Iloilo City", "province": "Iloilo", "facebook": "http://www.facebook.com/Edsonglobal", "url": null, "entry fee": null, "open time": null, "closing time": null }, "geometry": { "type": "Point", "coordinates": [ 122.54778, 10.72105 ] } },
{ "type": "Feature", "properties": { "name": "MEJ Print & Office Equipment Repair Services", "category": "Economy", "type": "Media", "address": "PH73+J7 Mandurriao, Iloilo City, 5000 Iloilo", "contact_mobile": null, "contact_landline": 333210662, "email": "mejprint2001@gmail.com", "barangay": "Buhang Taft North", "district": "Mandurriao", "municity": "Iloilo City", "province": "Iloilo", "facebook": "https://web.facebook.com/mejprint", "url": null, "entry fee": null, "open time": "08:30", "closing time": "17:00" }, "geometry": { "type": "Point", "coordinates": [ 122.55313, 10.71403 ] } },
{ "type": "Feature", "properties": { "name": "POST & PRINTS/DECALCORE (HIBAO-AN)", "category": "Economy", "type": "Media", "address": "PGQ9+C7 Guzman St, Mandurriao, Iloilo City, 5000 Iloilo", "contact_mobile": 9199941561, "contact_landline": null, "email": "postandprints@gmail.com", "barangay": "Hibao-An Norte", "district": "Mandurriao", "municity": "Iloilo City", "province": "Iloilo", "facebook": "https://www.facebook.com/postandprintsiloilo", "url": null, "entry fee": null, "open time": "08:00", "closing time": "18:00" }, "geometry": { "type": "Point", "coordinates": [ 122.5182, 10.73854 ] } },
{ "type": "Feature", "properties": { "name": "LIMBAGAN DIGITAL INC.", "category": "Economy", "type": "Media", "address": "PG9V+6MP, Mandurriao, Iloilo City, Iloilo", "contact_mobile": null, "contact_landline": 333326823, "email": "sales@limbagandigital.com", "barangay": "PHHC Block 22 NHA", "district": "Mandurriao", "municity": "Iloilo City", "province": "Iloilo", "facebook": "https://web.facebook.com/people/Limbagan-Digital-INC/61567861635078/?_rdc=1&_rdr", "url": "https://limbagandigital.com/", "entry fee": null, "open time": "07:30", "closing time": "17:30" }, "geometry": { "type": "Point", "coordinates": [ 122.54419, 10.7181 ] } },
{ "type": "Feature", "properties": { "name": "Scott Printing Services", "category": "Economy", "type": "Media", "address": "PH74+45 Block 48, Mandurriao, Iloilo City, 5000 Iloilo", "contact_mobile": 9387775087, "contact_landline": null, "email": "scottprinting21@gmail.com", "barangay": "Bolilao", "district": "Mandurriao", "municity": "Iloilo City", "province": "Iloilo", "facebook": "https://web.facebook.com/scottprintingservices2021/?_rdc=1&_rdr", "url": null, "entry fee": null, "open time": "08:00", "closing time": "17:00" }, "geometry": { "type": "Point", "coordinates": [ 122.55542, 10.71285 ] } },
{ "type": "Feature", "properties": { "name": "Picture City (SM City Iloilo)", "category": "Economy", "type": "Media", "address": "PH72+G9 3rd Floor, Expansion Building, Unit No. 316 Cyberzone, SM City Iloilo Sen. Benigno S. Aquino Jr. Avenue, Mandurriao, Iloilo City, 5000 Iloilo", "contact_mobile": 9177048290, "contact_landline": null, "email": "sm.iloilo@picturecity.ph", "barangay": "Buhang Taft North", "district": "Mandurriao", "municity": "Iloilo City", "province": "Iloilo", "facebook": "https://web.facebook.com/PCISMIloilo/?_rdc=1&_rdr", "url": "https://picturecity.ph/", "entry fee": null, "open time": "10:00", "closing time": "22:00" }, "geometry": { "type": "Point", "coordinates": [ 122.55089, 10.71377 ] } },
{ "type": "Feature", "properties": { "name": "GRY 88 PRINTS & GRAPHIX", "category": "Economy", "type": "Media", "address": "PG9Q+5QW MYT Bldg, Q. Abeto St, Mandurriao, Iloilo City, Iloilo", "contact_mobile": null, "contact_landline": 333211355, "email": "gry88printsandgraphix.iloilo@gmail.com", "barangay": "Pale Benedicto Rizal", "district": "Mandurriao", "municity": "Iloilo City", "province": "Iloilo", "facebook": "https://web.facebook.com/p/GRY-88-Prints-Graphix-Decals-and-Car-Wrapping-Iloilo-100064382183782/?_rdc=1&_rdr", "url": null, "entry fee": null, "open time": "09:00", "closing time": "18:00" }, "geometry": { "type": "Point", "coordinates": [ 122.53945, 10.71799 ] } },
{ "type": "Feature", "properties": { "name": "Prometheus Marketing Agency", "category": "Economy", "type": "Media", "address": "PGCM+C9 Daily Guardian Center, Guzman Jesena St, Mandurriao, Iloilo City, 5000 Iloilo", "contact_mobile": null, "contact_landline": 333292838, "email": "marketing@prometheus.ph", "barangay": "Guzman-Jesena", "district": "Mandurriao", "municity": "Iloilo City", "province": "Iloilo", "facebook": "https://web.facebook.com/PrometheusPr/?_rdc=1&_rdr", "url": "https://www.prometheus.ph/", "entry fee": null, "open time": "09:00", "closing time": "17:00" }, "geometry": { "type": "Point", "coordinates": [ 122.53344, 10.72098 ] } },
{ "type": "Feature", "properties": { "name": "Through The Glass Creatives Corporation", "category": "Economy", "type": "Media", "address": "PG8M+G2 De Leon St. Mandurriao, Brgy. Onate Blk2, Lot 1&2, Sto. Domingo JVillage, 2, Mandurriao, Iloilo City, 5000 Iloilo", "contact_mobile": 9950311322, "contact_landline": null, "email": "design@ttgcreatives.com", "barangay": "Guzman-Jesena", "district": "Mandurriao", "municity": "Iloilo City", "province": "Iloilo", "facebook": "https://web.facebook.com/throughtheglasscreatives/?_rdc=1&_rdr", "url": "https://throughtheglasscreatives.com/", "entry fee": null, "open time": "08:00", "closing time": "06:00" }, "geometry": { "type": "Point", "coordinates": [ 122.5325, 10.7163 ] } },
{ "type": "Feature", "properties": { "name": "Outdoormaster*", "category": "Economy", "type": "Media", "address": "PH52+5M Benigno Aquino Ave, Mandurriao, Iloilo City, Iloilo", "contact_mobile": 9173000365, "contact_landline": null, "email": null, "barangay": "San Rafael", "district": "Mandurriao", "municity": "Iloilo City", "province": "Iloilo", "facebook": null, "url": "http://www.outdoormaster.ph/", "entry fee": null, "open time": "09:00", "closing time": "18:00" }, "geometry": { "type": "Point", "coordinates": [ 122.5517, 10.70795 ] } },
{ "type": "Feature", "properties": { "name": "Pawsitive Pair", "category": "Economy", "type": "Media", "address": "PG5X+MM Block 13, Lot 18, Mandurriao, Iloilo City, 5001 Iloilo", "contact_mobile": 9458073904, "contact_landline": null, "email": "pawsitivepair@gmail.com", "barangay": "San Rafael", "district": "Mandurriao", "municity": "Iloilo City", "province": "Iloilo", "facebook": "https://web.facebook.com/profile.php?id=61575333716391", "url": null, "entry fee": null, "open time": "00:00", "closing time": "00:00" }, "geometry": { "type": "Point", "coordinates": [ 122.54917, 10.70919 ] } },
{ "type": "Feature", "properties": { "name": "Mix And Patch Advertising", "category": "Economy", "type": "Media", "address": "PG3V+WX Donato Pison Ave, Mandurriao, Iloilo City, 5000 Iloilo", "contact_mobile": 9175917145, "contact_landline": null, "email": "mixandpatchph@gmail.com", "barangay": "Airport", "district": "Mandurriao", "municity": "Iloilo City", "province": "Iloilo", "facebook": "https://web.facebook.com/mixandpatchphilippines/photos/straight-outta-studio-ghibli-loladvertising-needs-contact-us09619219548mixandpat/534981252972477/?_rdc=1&_rdr", "url": "https://shopee.ph/mixandpatch", "entry fee": null, "open time": "09:30", "closing time": "17:30" }, "geometry": { "type": "Point", "coordinates": [ 122.54493, 10.70483 ] } },
{ "type": "Feature", "properties": { "name": "Convoy Marketing Corporation - VGL (Iloilo)", "category": "Economy", "type": "Media", "address": "PGHG+98 47 Guzman St, Manduriao, Iloilo City, Iloilo", "contact_mobile": null, "contact_landline": 333210273, "email": null, "barangay": "Hibao-An Sur", "district": "Mandurriao", "municity": "Iloilo City", "province": "Iloilo", "facebook": null, "url": null, "entry fee": null, "open time": null, "closing time": null }, "geometry": { "type": "Point", "coordinates": [ 122.52582, 10.72847 ] } },
{ "type": "Feature", "properties": { "name": "CornStuffs Web Solutions", "category": "Economy", "type": "Media", "address": "PGMC+JH5, Guzman St, Mandurriao, Iloilo City, Iloilo", "contact_mobile": 9066602740, "contact_landline": null, "email": null, "barangay": "Hibao-An Norte", "district": "Mandurriao", "municity": "Iloilo City", "province": "Iloilo", "facebook": null, "url": null, "entry fee": null, "open time": "08:00", "closing time": "22:00" }, "geometry": { "type": "Point", "coordinates": [ 122.52148, 10.73401 ] } },
{ "type": "Feature", "properties": { "name": "Virtuosomaster Web Design and Development Services", "category": "Economy", "type": "Media", "address": "PG9Q+6P Ground Floor Unit 4 TRESMAVICA Bldg, Q. Abeto St, Mandurriao, Iloilo City, 5000 Iloilo", "contact_mobile": 9287312778, "contact_landline": null, "email": "admin@woosteps.com", "barangay": "Pale Benedicto Rizal", "district": "Mandurriao", "municity": "Iloilo City", "province": "Iloilo", "facebook": "https://web.facebook.com/virtuosomasteriloilo/?_rdc=1&_rdr", "url": "https://virtuosomaster.ph/", "entry fee": null, "open time": "08:00", "closing time": "17:00" }, "geometry": { "type": "Point", "coordinates": [ 122.5393, 10.71806 ] } },
{ "type": "Feature", "properties": { "name": "Level Up Real Estate and Developments", "category": "Economy", "type": "Media", "address": "PG9Q+6M4 MYT Building, Q. Abeto St, Mandurriao, Iloilo City, 5000 Iloilo", "contact_mobile": 9266302952, "contact_landline": null, "email": null, "barangay": "Pale Benedicto Rizal", "district": "Mandurriao", "municity": "Iloilo City", "province": "Iloilo", "facebook": null, "url": "http://lured.ph/", "entry fee": null, "open time": "09:00", "closing time": "16:00" }, "geometry": { "type": "Point", "coordinates": [ 122.53919, 10.718 ] } },
{ "type": "Feature", "properties": { "name": "Signatong Advertising", "category": "Economy", "type": "Media", "address": "PG9V+C95, 50 Q. Abeto St, Mandurriao, Iloilo City, 5000 Iloilo", "contact_mobile": null, "contact_landline": null, "email": null, "barangay": "PHHC Block 22 NHA", "district": "Mandurriao", "municity": "Iloilo City", "province": "Iloilo", "facebook": null, "url": null, "entry fee": null, "open time": null, "closing time": null }, "geometry": { "type": "Point", "coordinates": [ 122.54322, 10.71824 ] } },
{ "type": "Feature", "properties": { "name": "One Page Power Website - Local SEO Services", "category": "Economy", "type": "Media", "address": "PG6R+P3 133 R.Mapa St, Mandurriao, Iloilo City, 5000 Iloilo", "contact_mobile": null, "contact_landline": 335033305, "email": null, "barangay": "Airport", "district": "Mandurriao", "municity": "Iloilo City", "province": "Iloilo", "facebook": null, "url": null, "entry fee": null, "open time": "08:00", "closing time": "17:00" }, "geometry": { "type": "Point", "coordinates": [ 122.54025, 10.71187 ] } },
{ "type": "Feature", "properties": { "name": "Chin Digital Marketing Inc.", "category": "Economy", "type": "Media", "address": "PGFJ+98 Mandurriao, Guzman St, Mandurriao, Iloilo City, 5000 Iloilo", "contact_mobile": null, "contact_landline": null, "email": null, "barangay": "Hibao-An Sur", "district": "Mandurriao", "municity": "Iloilo City", "province": "Iloilo", "facebook": "https://web.facebook.com/philchamberiloilo/posts/𝗠𝗘𝗠𝗕𝗘𝗥𝗦𝗛𝗜𝗣-𝗦𝗣𝗢𝗧𝗟𝗜𝗚𝗛𝗧-chin-digital-marketing-incchin-digital-marketing-inc-is-a-d/1045885161038599/?_rdc=1&_rdr", "url": null, "entry fee": null, "open time": null, "closing time": null }, "geometry": { "type": "Point", "coordinates": [ 122.53078, 10.72344 ] } },
{ "type": "Feature", "properties": { "name": "WPTaskforce - Wordpress Design Company Philippines", "category": "Economy", "type": "Media", "address": "PG9Q+6P G/F. Unit 4, TRESMAVICA Properties Inc, 5000 Q. Abeto St, Mandurriao, Iloilo City, Iloilo", "contact_mobile": null, "contact_landline": 335010241, "email": "support@wptaskforce.com", "barangay": "Pale Benedicto Rizal", "district": "Mandurriao", "municity": "Iloilo City", "province": "Iloilo", "facebook": "https://web.facebook.com/wptaskforce", "url": "https://www.wptaskforce.com/", "entry fee": null, "open time": "08:00", "closing time": "17:00" }, "geometry": { "type": "Point", "coordinates": [ 122.5393, 10.71806 ] } },
{ "type": "Feature", "properties": { "name": "Grow Forward Jp Inc.", "category": "Economy", "type": "Media", "address": "PH93+V38 PAFCPIC, Mandurriao, Iloilo City, 5000 Iloilo", "contact_mobile": null, "contact_landline": 333304976, "email": null, "barangay": "Buhang Taft North", "district": "Mandurriao", "municity": "Iloilo City", "province": "Iloilo", "facebook": "https://web.facebook.com/GrowForwardJPInc/?_rdc=1&_rdr", "url": "http://growforwardjp.com/", "entry fee": null, "open time": "09:00", "closing time": "18:00" }, "geometry": { "type": "Point", "coordinates": [ 122.55269, 10.71969 ] } },
{ "type": "Feature", "properties": { "name": "Topmost Development and Marketing Corp.", "category": "Economy", "type": "Media", "address": "PG7G+99 Mandurriao, Iloilo City, 5000 Iloilo", "contact_mobile": 9173000721, "contact_landline": null, "email": "topmost.kapideco@yahoo.com", "barangay": "Calahunan", "district": "Mandurriao", "municity": "Iloilo City", "province": "Iloilo", "facebook": "https://web.facebook.com/topmostdev/?_rdc=1&_rdr", "url": null, "entry fee": null, "open time": "08:00", "closing time": "05:30" }, "geometry": { "type": "Point", "coordinates": [ 122.52596, 10.71344 ] } },
{ "type": "Feature", "properties": { "name": "ATONG Advertising", "category": "Economy", "type": "Media", "address": "PG8P+27X, Onate De Leon St, Mandurriao, Iloilo City, 5000 Iloilo", "contact_mobile": null, "contact_landline": null, "email": null, "barangay": "Oñate de Leon", "district": "Mandurriao", "municity": "Iloilo City", "province": "Iloilo", "facebook": null, "url": null, "entry fee": null, "open time": null, "closing time": null }, "geometry": { "type": "Point", "coordinates": [ 122.53575, 10.71512 ] } },
{ "type": "Feature", "properties": { "name": "Ctr Graphics And Signs", "category": "Economy", "type": "Media", "address": "PH72+HH 5000 Benigno Aquino Ave, Mandurriao, Iloilo City, Iloilo", "contact_mobile": 9669122761, "contact_landline": null, "email": "ctrgraphics2020@gmail.com", "barangay": "Buhang Taft North", "district": "Mandurriao", "municity": "Iloilo City", "province": "Iloilo", "facebook": "https://web.facebook.com/ctrgraphicsandsigns/?_rdc=1&_rdr", "url": null, "entry fee": null, "open time": null, "closing time": null }, "geometry": { "type": "Point", "coordinates": [ 122.55149, 10.71391 ] } },
{ "type": "Feature", "properties": { "name": "Sales Finder", "category": "Economy", "type": "Media", "address": "PHHC, Block 27, Mandurriao, Iloilo City, 5000 Iloilo", "contact_mobile": 9178686032, "contact_landline": null, "email": null, "barangay": "Pale Benedicto Rizal", "district": "Mandurriao", "municity": "Iloilo City", "province": "Iloilo", "facebook": null, "url": "https://salesfinder.ph/", "entry fee": null, "open time": "09:00", "closing time": "17:00" }, "geometry": { "type": "Point", "coordinates": [ 122.53771, 10.72033 ] } },
{ "type": "Feature", "properties": { "name": "Daily Guardian", "category": "Economy", "type": "Media", "address": "PGCM+99Daily Guardian Center, Guzman Jesena St, Mandurriao, Iloilo City, 5000 Iloilo", "contact_mobile": null, "contact_landline": 333511695, "email": "editorial@dailyguardian.com.ph", "barangay": "Guzman-Jesena", "district": "Mandurriao", "municity": "Iloilo City", "province": "Iloilo", "facebook": "https://web.facebook.com/DailyGuardianPH/?_rdc=1&_rdr", "url": "https://dailyguardian.com.ph/", "entry fee": null, "open time": "09:00", "closing time": "17:00" }, "geometry": { "type": "Point", "coordinates": [ 122.5335, 10.72099 ] } },
{ "type": "Feature", "properties": { "name": "RENREN PURIFIED WATER, Refilling Station", "category": "Economy", "type": "Utilities", "address": "PH93+PC Brgy. Bakhaw, Main Avenue, Entrance Zone O, Iloilo City, 5000 Iloilo", "contact_mobile": 9206188380, "contact_landline": null, "email": null, "barangay": "Calubihan", "district": "Mandurriao", "municity": "Iloilo City", "province": "Iloilo", "facebook": null, "url": null, "entry fee": null, "open time": "07:00", "closing time": "17:00" }, "geometry": { "type": "Point", "coordinates": [ 122.55355, 10.71929 ] } },
{ "type": "Feature", "properties": { "name": "Aquathing Water Refilling Station and AAlfreds Laundry Shop; Purified Ice Cubes", "category": "Economy", "type": "Utilities", "address": "PG8P+9X9, R.Mapa St, Mandurriao, Iloilo City, Iloilo", "contact_mobile": 9194574443, "contact_landline": null, "email": null, "barangay": "Oñate de Leon", "district": "Mandurriao", "municity": "Iloilo City", "province": "Iloilo", "facebook": null, "url": null, "entry fee": null, "open time": "08:00", "closing time": "18:00" }, "geometry": { "type": "Point", "coordinates": [ 122.53749, 10.7159 ] } },
{ "type": "Feature", "properties": { "name": "De la Banda Water Refilling Station", "category": "Economy", "type": "Utilities", "address": "PGGR+2R Blk. 18, Lot 22, NHA 2, Mandurriao, Iloilo City, 5000 Iloilo", "contact_mobile": null, "contact_landline": null, "email": null, "barangay": "Dungon", "district": "Mandurriao", "municity": "Iloilo City", "province": "Iloilo", "facebook": null, "url": null, "entry fee": null, "open time": null, "closing time": null }, "geometry": { "type": "Point", "coordinates": [ 122.5421, 10.725 ] } },
{ "type": "Feature", "properties": { "name": "Hydromart Water Refilling Station", "category": "Economy", "type": "Utilities", "address": "PG9P+48 Brgy, 1 Guzman St, Mandurriao, Iloilo City, 5000 Iloilo", "contact_mobile": null, "contact_landline": null, "email": null, "barangay": "Guzman-Jesena", "district": "Mandurriao", "municity": "Iloilo City", "province": "Iloilo", "facebook": null, "url": null, "entry fee": null, "open time": "07:00", "closing time": "19:00" }, "geometry": { "type": "Point", "coordinates": [ 122.53576, 10.71783 ] } },
{ "type": "Feature", "properties": { "name": "Aquatime Water Refilling Station", "category": "Economy", "type": "Utilities", "address": "PG8P+CG5, Onate De Leon St, Mandurriao, Iloilo City, Iloilo", "contact_mobile": 9667196878, "contact_landline": null, "email": null, "barangay": "Oñate de Leon", "district": "Mandurriao", "municity": "Iloilo City", "province": "Iloilo", "facebook": null, "url": null, "entry fee": null, "open time": "07:00", "closing time": "19:00" }, "geometry": { "type": "Point", "coordinates": [ 122.53637, 10.71601 ] } },
{ "type": "Feature", "properties": { "name": "HoSoo Water Refilling Station", "category": "Economy", "type": "Utilities", "address": "PG7Q+GHV, Mandurriao, Iloilo City, Iloilo", "contact_mobile": 9996577679, "contact_landline": null, "email": null, "barangay": "Oñate de Leon", "district": "Mandurriao", "municity": "Iloilo City", "province": "Iloilo", "facebook": null, "url": null, "entry fee": null, "open time": "09:00", "closing time": "18:00" }, "geometry": { "type": "Point", "coordinates": [ 122.53892, 10.71386 ] } },
{ "type": "Feature", "properties": { "name": "Bay Water Refilling Station", "category": "Economy", "type": "Utilities", "address": "PG5M+Q8 Pueblo Concepcion Subdivision, Gmilina St, Mandurriao, Iloilo City, 5000 Iloilo", "contact_mobile": 9564709227, "contact_landline": null, "email": null, "barangay": "Oñate de Leon", "district": "Mandurriao", "municity": "Iloilo City", "province": "Iloilo", "facebook": "https://www.facebook.com/bay.water.refilling.station?mibextid=LQQJ4d", "url": null, "entry fee": null, "open time": "08:00", "closing time": "17:00" }, "geometry": { "type": "Point", "coordinates": [ 122.53329, 10.70948 ] } },
{ "type": "Feature", "properties": { "name": "ANCHOR WATERS WATER REFILLING STATION", "category": "Economy", "type": "Utilities", "address": "Q. Abeto St, Mandurriao, Iloilo City, Iloilo", "contact_mobile": null, "contact_landline": 335083105, "email": null, "barangay": "PHHC Block 22 NHA", "district": "Mandurriao", "municity": "Iloilo City", "province": "Iloilo", "facebook": null, "url": null, "entry fee": null, "open time": null, "closing time": null }, "geometry": { "type": "Point", "coordinates": [ 122.54262, 10.7181 ] } },
{ "type": "Feature", "properties": { "name": "Drip Trip Water Refilling Station", "category": "Economy", "type": "Utilities", "address": "PGJF+7QM, Mandurriao, Iloilo City, Iloilo", "contact_mobile": 9461460701, "contact_landline": 333212030, "email": "driptripwrs@yahoo.com", "barangay": "Hibao-An Sur", "district": "Mandurriao", "municity": "Iloilo City", "province": "Iloilo", "facebook": "https://m.facebook.com/driptripwrs/", "url": null, "entry fee": null, "open time": "07:00", "closing time": "19:00" }, "geometry": { "type": "Point", "coordinates": [ 122.52441, 10.73072 ] } },
{ "type": "Feature", "properties": { "name": "SaviorWater Water Refilling Station", "category": "Economy", "type": "Utilities", "address": "PGFJ+59X Guzman, Jesena St, Mandurriao, Iloilo City, Iloilo", "contact_mobile": null, "contact_landline": null, "email": null, "barangay": "Hibao-An Sur", "district": "Mandurriao", "municity": "Iloilo City", "province": "Iloilo", "facebook": null, "url": null, "entry fee": null, "open time": null, "closing time": null }, "geometry": { "type": "Point", "coordinates": [ 122.531, 10.723 ] } },
{ "type": "Feature", "properties": { "name": "RC Water Refilling Station", "category": "Economy", "type": "Utilities", "address": "PG6Q+HF9, Thaddeus Village, Mandurriao, Iloilo City, Iloilo", "contact_mobile": null, "contact_landline": null, "email": null, "barangay": "Oñate de Leon", "district": "Mandurriao", "municity": "Iloilo City", "province": "Iloilo", "facebook": null, "url": null, "entry fee": null, "open time": null, "closing time": null }, "geometry": { "type": "Point", "coordinates": [ 122.53873, 10.71142 ] } },
{ "type": "Feature", "properties": { "name": "Everpure", "category": "Economy", "type": "Utilities", "address": "PGQ9+4J Brgy, Mandurriao, Iloilo City, 5000 Iloilo", "contact_mobile": null, "contact_landline": 333322556, "email": null, "barangay": "Hibao-An Norte", "district": "Mandurriao", "municity": "Iloilo City", "province": "Iloilo", "facebook": null, "url": null, "entry fee": null, "open time": "07:30", "closing time": "19:30" }, "geometry": { "type": "Point", "coordinates": [ 122.51903, 10.73779 ] } },
{ "type": "Feature", "properties": { "name": "Foggy Water Refilling Station", "category": "Economy", "type": "Utilities", "address": "PG5G+2H4, So-oc Resettlement Area Rd, Mandurriao, Iloilo City, Iloilo", "contact_mobile": null, "contact_landline": null, "email": null, "barangay": "Calahunan", "district": "Mandurriao", "municity": "Iloilo City", "province": "Iloilo", "facebook": "https://web.facebook.com/foggyWaterrefillingstation/about/?_rdc=1&_rdr", "url": null, "entry fee": null, "open time": null, "closing time": null }, "geometry": { "type": "Point", "coordinates": [ 122.52615, 10.70705 ] } },
{ "type": "Feature", "properties": { "name": "RG AGRI PRODUCTS", "category": "Economy", "type": "Agriculture", "address": "PG7Q+5P9, R.Mapa St, Mandurriao, Iloilo City, Iloilo", "contact_mobile": null, "contact_landline": null, "email": null, "barangay": "Oñate de Leon", "district": "Mandurriao", "municity": "Iloilo City", "province": "Iloilo", "facebook": null, "url": null, "entry fee": null, "open time": "06:00", "closing time": "18:00" }, "geometry": { "type": "Point", "coordinates": [ 122.53935, 10.71291 ] } },
{ "type": "Feature", "properties": { "name": "Ajmj Water Refilling Station", "category": "Economy", "type": "Utilities", "address": "PGFF+F4 Mandurriao, Iloilo City, Iloilo", "contact_mobile": null, "contact_landline": null, "email": null, "barangay": "Hibao-An Sur", "district": "Mandurriao", "municity": "Iloilo City", "province": "Iloilo", "facebook": null, "url": null, "entry fee": null, "open time": null, "closing time": null }, "geometry": { "type": "Point", "coordinates": [ 122.52282, 10.7237 ] } },
{ "type": "Feature", "properties": { "name": "Apoleon Solar Iloilo", "category": "Economy", "type": "Utilities", "address": "PGGH+F6 Guzman St, Mandurriao, Iloilo City, 5000 Iloilo", "contact_mobile": 9683005672, "contact_landline": null, "email": null, "barangay": "Hibao-An Sur", "district": "Mandurriao", "municity": "Iloilo City", "province": "Iloilo", "facebook": "https://www.facebook.com/apoleonsolar", "url": null, "entry fee": null, "open time": "08:30", "closing time": "17:00" }, "geometry": { "type": "Point", "coordinates": [ 122.52812, 10.72621 ] } },
{ "type": "Feature", "properties": { "name": "SkyBright New Energy", "category": "Economy", "type": "Utilities", "address": "PH52+PC Solid Building, cor Benigno Aquino Jr. Ave and, Donato Pison Ave, Mandurriao, 5000 Iloilo", "contact_mobile": null, "contact_landline": 333235761, "email": null, "barangay": "San Rafael", "district": "Mandurriao", "municity": "Iloilo City", "province": "Iloilo", "facebook": null, "url": "http://sbne.energy/", "entry fee": null, "open time": "09:00", "closing time": "17:00" }, "geometry": { "type": "Point", "coordinates": [ 122.55103, 10.70926 ] } },
{ "type": "Feature", "properties": { "name": "Solar systems inc.", "category": "Economy", "type": "Utilities", "address": "PGCM+H6M Guzman, Jesena St, Mandurriao, Iloilo City, Iloilo", "contact_mobile": null, "contact_landline": null, "email": null, "barangay": "Guzman-Jesena", "district": "Mandurriao", "municity": "Iloilo City", "province": "Iloilo", "facebook": null, "url": null, "entry fee": null, "open time": null, "closing time": null }, "geometry": { "type": "Point", "coordinates": [ 122.53303, 10.72145 ] } },
{ "type": "Feature", "properties": { "name": "New Warehouse(DALAWA SOLAR)", "category": "Economy", "type": "Utilities", "address": "PGCM+P94, Guzman St, Mandurriao, Iloilo City, Iloilo", "contact_mobile": 9542706766, "contact_landline": null, "email": null, "barangay": "Guzman-Jesena", "district": "Mandurriao", "municity": "Iloilo City", "province": "Iloilo", "facebook": null, "url": null, "entry fee": null, "open time": "08:00", "closing time": "17:00" }, "geometry": { "type": "Point", "coordinates": [ 122.53341, 10.72173 ] } },
{ "type": "Feature", "properties": { "name": "Jairo solar company", "category": "Economy", "type": "Utilities", "address": "PGCM+H6M Guzman, Jesena St, Mandurriao, Iloilo City, Iloilo", "contact_mobile": null, "contact_landline": null, "email": null, "barangay": "Guzman-Jesena", "district": "Mandurriao", "municity": "Iloilo City", "province": "Iloilo", "facebook": null, "url": null, "entry fee": null, "open time": null, "closing time": null }, "geometry": { "type": "Point", "coordinates": [ 122.53303, 10.72145 ] } },
{ "type": "Feature", "properties": { "name": "SolarChardz", "category": "Economy", "type": "Utilities", "address": "PGFR+8P Brgy 17, PHHC, Blk15 Lot 30 Housing, Mandurriao, Iloilo City, 5000 Iloilo", "contact_mobile": 9153832731, "contact_landline": 631538327, "email": "solar_chardz@yahoo.com", "barangay": "Dungon", "district": "Mandurriao", "municity": "Iloilo City", "province": "Iloilo", "facebook": "https://web.facebook.com/profile.php?id=61576151682901", "url": null, "entry fee": null, "open time": null, "closing time": null }, "geometry": { "type": "Point", "coordinates": [ 122.54187, 10.72326 ] } },
{ "type": "Feature", "properties": { "name": "Al Di Foods Incorporated", "category": "Economy", "type": "Manufacturing", "address": "PH47+P8 Whitehouse Dicen St, La Paz, Iloilo City, Iloilo", "contact_mobile": 9171222173, "contact_landline": null, "email": null, "barangay": "Magsaysay Village", "district": "La Paz", "municity": "Iloilo City", "province": "Iloilo", "facebook": null, "url": null, "entry fee": null, "open time": "08:00", "closing time": "17:00" }, "geometry": { "type": "Point", "coordinates": [ 122.56362, 10.70929 ] } },
{ "type": "Feature", "properties": { "name": "Ceramico Arts and Crafts", "category": "Economy", "type": "Manufacturing", "address": "PH5G+M7 San Gregorio subv, 27 Emerald Avenue, La Paz, Iloilo City, 5000 Iloilo", "contact_mobile": 9178236822, "contact_landline": 333208072, "email": "bingluger@gmail.com", "barangay": "Lopez Jaena Norte", "district": "La Paz", "municity": "Iloilo City", "province": "Iloilo", "facebook": "https://www.facebook.com/ceramicsiloilo", "url": "http://www.ceramics.com.ph/", "entry fee": null, "open time": null, "closing time": null }, "geometry": { "type": "Point", "coordinates": [ 122.5759, 10.71268 ] } },
{ "type": "Feature", "properties": { "name": "Croseta Iloilo", "category": "Economy", "type": "Manufacturing", "address": "PH6M+RG Coastal Road, La Paz, Iloilo City, 5000 Iloilo", "contact_mobile": 9503989190, "contact_landline": null, "email": null, "barangay": "Ticud", "district": "La Paz", "municity": "Iloilo City", "province": "Iloilo", "facebook": null, "url": null, "entry fee": null, "open time": "08:00", "closing time": "15:30" }, "geometry": { "type": "Point", "coordinates": [ 122.58215, 10.71552 ] } },
{ "type": "Feature", "properties": { "name": "VILLARICA PAWNSHOP", "category": "Economy", "type": "Finance", "address": "PH58+CX Rizal St, La Paz, Iloilo City, Iloilo", "contact_mobile": 9171606082, "contact_landline": null, "email": "customercare@villarica.net", "barangay": "Magsaysay Village", "district": "La Paz", "municity": "Iloilo City", "province": "Iloilo", "facebook": "https://www.facebook.com/VILLARICAph", "url": "villarica.net", "entry fee": null, "open time": null, "closing time": null }, "geometry": { "type": "Point", "coordinates": [ 122.56715, 10.70977 ] } },
{ "type": "Feature", "properties": { "name": "CVM PAWNSHOP", "category": "Economy", "type": "Finance", "address": "PH58+GQC, Luna St, La Paz, Iloilo City, 5000 Iloilo", "contact_mobile": null, "contact_landline": null, "email": null, "barangay": "Magsaysay Village", "district": "La Paz", "municity": "Iloilo City", "province": "Iloilo", "facebook": "https://www.facebook.com/cvmpawnshops", "url": null, "entry fee": null, "open time": "07:00", "closing time": "18:00" }, "geometry": { "type": "Point", "coordinates": [ 122.56636, 10.71096 ] } },
{ "type": "Feature", "properties": { "name": "Robinsons Bank Iloilo Branch", "category": "Economy", "type": "Finance", "address": "MHV8+C7 Unit 189-190, De Leon St, Iloilo City Proper, Iloilo City, 5000 Iloilo", "contact_mobile": null, "contact_landline": 333369625, "email": null, "barangay": "Nabitasan", "district": "La Paz", "municity": "Iloilo City", "province": "Iloilo", "facebook": null, "url": "https://www.robinsonsbank.com.ph/", "entry fee": null, "open time": "09:00", "closing time": "16:00" }, "geometry": { "type": "Point", "coordinates": [ 122.5603, 10.70253 ] } },
{ "type": "Feature", "properties": { "name": "UnionBank of the Philippines - Iloilo-Gen. Luna", "category": "Economy", "type": "Finance", "address": "PH26+3C General Luna Street Iloilo-Antique Road Brgy, Iloilo City Proper, Iloilo City, 5000", "contact_mobile": null, "contact_landline": 335045833, "email": null, "barangay": "Nabitasan", "district": "La Paz", "municity": "Iloilo City", "province": "Iloilo", "facebook": null, "url": "https://www.unionbankph.com/", "entry fee": null, "open time": "09:00", "closing time": "15:00" }, "geometry": { "type": "Point", "coordinates": [ 122.56093, 10.70178 ] } },
{ "type": "Feature", "properties": { "name": "Spintastic Water Refilling Station", "category": "Economy", "type": "Utilities", "address": "PH7F+8P 20 Lopez Jaena St, La Paz, Iloilo City, 5000 Iloilo", "contact_mobile": null, "contact_landline": 333208493, "email": null, "barangay": "Tabuc Suba (La Paz)", "district": "La Paz", "municity": "Iloilo City", "province": "Iloilo", "facebook": null, "url": null, "entry fee": null, "open time": "07:00", "closing time": "21:00" }, "geometry": { "type": "Point", "coordinates": [ 122.57438, 10.71466 ] } },
{ "type": "Feature", "properties": { "name": "CLOTHES Station", "category": "Economy", "type": "Manufacturing", "address": "PHC9+Q3 Block 1, Lots 2,3 and 4. Ledesco Village, La Paz, Iloilo City, 5000 Iloilo", "contact_mobile": null, "contact_landline": 333206616, "email": null, "barangay": "Marcelo H. Del Pilar", "district": "La Paz", "municity": "Iloilo City", "province": "Iloilo", "facebook": null, "url": null, "entry fee": null, "open time": "08:00", "closing time": "17:00" }, "geometry": { "type": "Point", "coordinates": [ 122.56763, 10.72214 ] } },
{ "type": "Feature", "properties": { "name": "Silver Fox Hardware", "category": "Economy", "type": "Construction", "address": "PH59+VPM, Huervana St, La Paz, Iloilo City, 5000 Iloilo", "contact_mobile": null, "contact_landline": null, "email": null, "barangay": "Magdalo", "district": "La Paz", "municity": "Iloilo City", "province": "Iloilo", "facebook": null, "url": null, "entry fee": null, "open time": "08:30", "closing time": "17:30" }, "geometry": { "type": "Point", "coordinates": [ 122.56929, 10.70973 ] } },
{ "type": "Feature", "properties": { "name": "Acxyl AgriPet Store", "category": "Economy", "type": "Agriculture", "address": "PH89+CGH, Jereos St, La Paz, Iloilo City, Iloilo", "contact_mobile": null, "contact_landline": null, "email": null, "barangay": "Jereos", "district": "La Paz", "municity": "Iloilo City", "province": "Iloilo", "facebook": null, "url": null, "entry fee": null, "open time": null, "closing time": null }, "geometry": { "type": "Point", "coordinates": [ 122.56888, 10.71606 ] } },
{ "type": "Feature", "properties": { "name": "EEJ BUILDERS", "category": "Economy", "type": "Construction", "address": "PH8J+JR2, La Paz, Iloilo City, Iloilo", "contact_mobile": 9190999064, "contact_landline": null, "email": "eejbuildersconstruction@gmail.com", "barangay": "Ticud", "district": "La Paz", "municity": "Iloilo City", "province": "Iloilo", "facebook": "https://web.facebook.com/profile.php?id=61574521047251", "url": null, "entry fee": null, "open time": "08:00", "closing time": "17:00" }, "geometry": { "type": "Point", "coordinates": [ 122.58203, 10.71652 ] } },
{ "type": "Feature", "properties": { "name": "URBANCON BUILDERS & SUPPLY", "category": "Economy", "type": "Construction", "address": "PHCH+PFJ, La Paz, Iloilo City, Iloilo", "contact_mobile": 9487409509, "contact_landline": 335091276, "email": "urbancon15.reception@gmail.com", "barangay": "Tabuc Suba (La Paz)", "district": "La Paz", "municity": "Iloilo City", "province": "Iloilo", "facebook": "https://web.facebook.com/people/Urbancon-Builders-Supply/100089514875867/?_rdc=1&_rdr", "url": null, "entry fee": null, "open time": "08:00", "closing time": "17:00" }, "geometry": { "type": "Point", "coordinates": [ 122.57863, 10.72184 ] } },
{ "type": "Feature", "properties": { "name": "HIRRAYA ENGINEERING DESIGN SERVICES", "category": "Economy", "type": "Construction", "address": "PH68+F4 Luna St, La Paz, Iloilo City, Iloilo", "contact_mobile": 9124709298, "contact_landline": 333278908, "email": "hirraya.eds@gmail.com", "barangay": "Magsaysay Village", "district": "La Paz", "municity": "Iloilo City", "province": "Iloilo", "facebook": "https://web.facebook.com/profile.php?id=100070757536711", "url": null, "entry fee": null, "open time": "08:30", "closing time": "19:00" }, "geometry": { "type": "Point", "coordinates": [ 122.56527, 10.71123 ] } },
{ "type": "Feature", "properties": { "name": "ABS-CBN Iloilo New Building", "category": "Economy", "type": "Media", "address": "PHJH+8Q2, La Paz, Iloilo City, 5000 Iloilo", "contact_mobile": null, "contact_landline": null, "email": null, "barangay": "Balabago", "district": "La Paz", "municity": "Iloilo City", "province": "Iloilo", "facebook": null, "url": "http://www.abs-cbn.com/", "entry fee": null, "open time": null, "closing time": null }, "geometry": { "type": "Point", "coordinates": [ 122.5793, 10.73047 ] } },
{ "type": "Feature", "properties": { "name": "CANADIAN DESIGN PRINT SHOP", "category": "Economy", "type": "Media", "address": "PH89+8M 42 Jereos St, La Paz, Iloilo City, Iloilo", "contact_mobile": 9498076267, "contact_landline": 335014053, "email": "canadiandesign_front@outlook.com", "barangay": "Jereos", "district": "La Paz", "municity": "Iloilo City", "province": "Iloilo", "facebook": "http://www.facebook.com/CanadianDesignILO", "url": null, "entry fee": null, "open time": "09:00", "closing time": "18:00" }, "geometry": { "type": "Point", "coordinates": [ 122.5692, 10.71576 ] } },
{ "type": "Feature", "properties": { "name": "Tee Uno Shirt Supply and Printing", "category": "Economy", "type": "Media", "address": "PH47+W6 Dicen St, La Paz, Iloilo City, Iloilo", "contact_mobile": 9393426809, "contact_landline": null, "email": "unoshirtprinting@gmail.com", "barangay": "Magsaysay Village", "district": "La Paz", "municity": "Iloilo City", "province": "Iloilo", "facebook": "https://web.facebook.com/unoshirt", "url": null, "entry fee": null, "open time": "09:00", "closing time": "18:00" }, "geometry": { "type": "Point", "coordinates": [ 122.56306, 10.7073 ] } },
{ "type": "Feature", "properties": { "name": "RN-RJ Printing Service", "category": "Economy", "type": "Media", "address": "PH48+82 Luna St, La Paz, Iloilo City, 5000 Iloilo", "contact_mobile": 9778179820, "contact_landline": null, "email": "printingservicesrnrj@gmail.com", "barangay": "Magsaysay Village", "district": "La Paz", "municity": "Iloilo City", "province": "Iloilo", "facebook": "https://www.facebook.com/rnrjprinting", "url": null, "entry fee": null, "open time": null, "closing time": null }, "geometry": { "type": "Point", "coordinates": [ 122.56513, 10.7058 ] } },
{ "type": "Feature", "properties": { "name": "Photopro Trading Corp. Iloilo Branch", "category": "Economy", "type": "Media", "address": "PH59+VPC, Robisons Building, Huervana St, La Paz, Iloilo City", "contact_mobile": null, "contact_landline": 333304782, "email": "bdo@photoprotrading.com", "barangay": "Magdalo", "district": "La Paz", "municity": "Iloilo City", "province": "Iloilo", "facebook": "https://web.facebook.com/photoprotradingIloilobranch/?_rdc=1&_rdr", "url": "http://www.photoprotradingcorp.com/", "entry fee": null, "open time": "08:00", "closing time": "17:30" }, "geometry": { "type": "Point", "coordinates": [ 122.56925, 10.70969 ] } },
{ "type": "Feature", "properties": { "name": "Novie's Printing Services", "category": "Economy", "type": "Media", "address": "PH58+QHM, Luna St, Lapaz, Iloilo City, 5000 Iloilo", "contact_mobile": null, "contact_landline": 335036072, "email": null, "barangay": "Bantud", "district": "La Paz", "municity": "Iloilo City", "province": "Iloilo", "facebook": null, "url": null, "entry fee": null, "open time": "07:00", "closing time": "18:00" }, "geometry": { "type": "Point", "coordinates": [ 122.56639, 10.70944 ] } },
{ "type": "Feature", "properties": { "name": "Seguiban Printers", "category": "Economy", "type": "Media", "address": "PH79+R2 62 Burgos St, La Paz, Iloilo City, 5000 Iloilo", "contact_mobile": null, "contact_landline": 333373124, "email": null, "barangay": "Magdalo", "district": "La Paz", "municity": "Iloilo City", "province": "Iloilo", "facebook": "https://web.facebook.com/seguibanprinters/?_rdc=1&_rdr", "url": null, "entry fee": null, "open time": null, "closing time": null }, "geometry": { "type": "Point", "coordinates": [ 122.56752, 10.71451 ] } },
{ "type": "Feature", "properties": { "name": "Jeric Dave Copy Center (Magdalo)", "category": "Economy", "type": "Media", "address": "PH68+9W Magdalo St, La Paz, Iloilo City, 5000 Iloilo", "contact_mobile": null, "contact_landline": 333291809, "email": null, "barangay": "San Nicolas", "district": "La Paz", "municity": "Iloilo City", "province": "Iloilo", "facebook": null, "url": null, "entry fee": null, "open time": "07:00", "closing time": "19:00" }, "geometry": { "type": "Point", "coordinates": [ 122.56733, 10.71093 ] } },
{ "type": "Feature", "properties": { "name": "Philippine Duplicators, Inc - Iloilo City Branch", "category": "Economy", "type": "Media", "address": "PH79+C5 Burgos St, La Paz, Iloilo City, Iloilo", "contact_mobile": null, "contact_landline": 333201380, "email": "philippineduplicators@gmail.com", "barangay": "Magdalo", "district": "La Paz", "municity": "Iloilo City", "province": "Iloilo", "facebook": "https://web.facebook.com/philippineduplicators/?_rdc=1&_rdr", "url": "http://www.phildup.com/", "entry fee": null, "open time": "08:00", "closing time": "16:30" }, "geometry": { "type": "Point", "coordinates": [ 122.56798, 10.71353 ] } },
{ "type": "Feature", "properties": { "name": "Jg Advertising & Framing Services", "category": "Economy", "type": "Media", "address": "PH79+446, Magdalo St, La Paz, Iloilo City, 5000 Iloilo", "contact_mobile": 9204602598, "contact_landline": null, "email": null, "barangay": "San Nicolas", "district": "La Paz", "municity": "Iloilo City", "province": "Iloilo", "facebook": null, "url": null, "entry fee": null, "open time": null, "closing time": null }, "geometry": { "type": "Point", "coordinates": [ 122.56775, 10.71278 ] } },
{ "type": "Feature", "properties": { "name": "Signlink Advertising", "category": "Economy", "type": "Media", "address": "PH58+7R Virginia D. Javellana Bldg., 160 Luna St, La Paz, Iloilo City, 5000 Iloilo", "contact_mobile": 9997054246, "contact_landline": null, "email": null, "barangay": "Bantud", "district": "La Paz", "municity": "Iloilo City", "province": "Iloilo", "facebook": null, "url": null, "entry fee": null, "open time": "08:00", "closing time": "22:00" }, "geometry": { "type": "Point", "coordinates": [ 122.56707, 10.70822 ] } },
{ "type": "Feature", "properties": { "name": "Shop Ideas Online", "category": "Economy", "type": "Media", "address": "PH5G+G3F, Dalan sa Bag-o nga Terminal sang Iloilo, La Paz, Iloilo City, Iloilo", "contact_mobile": null, "contact_landline": null, "email": null, "barangay": "Lopez Jaena Sur", "district": "La Paz", "municity": "Iloilo City", "province": "Iloilo", "facebook": null, "url": null, "entry fee": null, "open time": null, "closing time": null }, "geometry": { "type": "Point", "coordinates": [ 122.57514, 10.70883 ] } },
{ "type": "Feature", "properties": { "name": "Greatclicks Marketing Software", "category": "Economy", "type": "Media", "address": "PH7J+45 La Paz, Iloilo City, 5000 Iloilo", "contact_mobile": 9171529636, "contact_landline": null, "email": null, "barangay": "Baldoza", "district": "La Paz", "municity": "Iloilo City", "province": "Iloilo", "facebook": null, "url": "https://greatclicks.io/", "entry fee": null, "open time": "07:00", "closing time": "20:00" }, "geometry": { "type": "Point", "coordinates": [ 122.58043, 10.7129 ] } },
{ "type": "Feature", "properties": { "name": "Aqua GM Purified Water Refilling Station", "category": "Economy", "type": "Utilities", "address": "PHHF+97 Ledesco Ave, La Paz, Iloilo City, Iloilo", "contact_mobile": 9474387946, "contact_landline": null, "email": null, "barangay": "Cubay", "district": "La Paz", "municity": "Iloilo City", "province": "Iloilo", "facebook": null, "url": null, "entry fee": null, "open time": "06:30", "closing time": "18:00" }, "geometry": { "type": "Point", "coordinates": [ 122.5732, 10.72842 ] } },
{ "type": "Feature", "properties": { "name": "ANGGEL WATER REFILLING STATION", "category": "Economy", "type": "Utilities", "address": "PH98+6X 47 Jereos St, La Paz, Iloilo City, Iloilo", "contact_mobile": null, "contact_landline": null, "email": null, "barangay": "San Pedro", "district": "La Paz", "municity": "Iloilo City", "province": "Iloilo", "facebook": null, "url": null, "entry fee": null, "open time": "07:00", "closing time": "20:00" }, "geometry": { "type": "Point", "coordinates": [ 122.56747, 10.71801 ] } },
{ "type": "Feature", "properties": { "name": "Spintastic Water Refilling Station", "category": "Economy", "type": "Utilities", "address": "PH7F+8P 20 Lopez Jaena St, La Paz, Iloilo City, 5000 Iloilo", "contact_mobile": null, "contact_landline": 333208493, "email": null, "barangay": "Gustilo", "district": "La Paz", "municity": "Iloilo City", "province": "Iloilo", "facebook": "https://web.facebook.com/spintasticwaterrefillingstationcuartero/?_rdc=1&_rdr", "url": null, "entry fee": null, "open time": "07:00", "closing time": "21:00" }, "geometry": { "type": "Point", "coordinates": [ 122.57434, 10.71335 ] } },
{ "type": "Feature", "properties": { "name": "AQUA LIVING WATER REFILLING STAtion", "category": "Economy", "type": "Utilities", "address": "PH8G+65 Bliss Project, 47, La Paz, Iloilo City, Iloilo", "contact_mobile": null, "contact_landline": null, "email": null, "barangay": "Tabuc Suba (La Paz)", "district": "La Paz", "municity": "Iloilo City", "province": "Iloilo", "facebook": "https://www.facebook.com/aqua.living.18?mibextid=LQQJ4d", "url": null, "entry fee": null, "open time": "07:30", "closing time": "19:00" }, "geometry": { "type": "Point", "coordinates": [ 122.57543, 10.71559 ] } },
{ "type": "Feature", "properties": { "name": "QUENCH-O JEREOS BRANCH", "category": "Economy", "type": "Utilities", "address": "PH89+V7 lot 8 Jereos St, La Paz, Iloilo City, 5000 Iloilo", "contact_mobile": 9323803001, "contact_landline": null, "email": "teray.mejia1@yahoo.com", "barangay": "San Pedro", "district": "La Paz", "municity": "Iloilo City", "province": "Iloilo", "facebook": "https://web.facebook.com/people/Quench-0-Purified-Drinking-Water-Oton/100086541138989/?_rdc=1&_rdr", "url": null, "entry fee": null, "open time": "07:00", "closing time": "19:00" }, "geometry": { "type": "Point", "coordinates": [ 122.56817, 10.71716 ] } },
{ "type": "Feature", "properties": { "name": "Aris Aqua Refilling Station", "category": "Economy", "type": "Utilities", "address": "PH99+PM7, Dike, La Paz, Iloilo City, Iloilo", "contact_mobile": null, "contact_landline": null, "email": null, "barangay": "Cubay", "district": "La Paz", "municity": "Iloilo City", "province": "Iloilo", "facebook": null, "url": null, "entry fee": null, "open time": null, "closing time": null }, "geometry": { "type": "Point", "coordinates": [ 122.56917, 10.71927 ] } },
{ "type": "Feature", "properties": { "name": "RenDew Lapaz", "category": "Economy", "type": "Utilities", "address": "PH6F+V4 g/f, orchard bldg, Lopez Jaena St, La Paz, Iloilo City, Iloilo", "contact_mobile": 9228456856, "contact_landline": 333391376, "email": "rendewwater@gmail.com", "barangay": "Gustilo", "district": "La Paz", "municity": "Iloilo City", "province": "Iloilo", "facebook": "http://www.facebook.com/rendewwater", "url": null, "entry fee": null, "open time": "07:00", "closing time": "18:00" }, "geometry": { "type": "Point", "coordinates": [ 122.57282, 10.71216 ] } },
{ "type": "Feature", "properties": { "name": "IPECMPC WATER REFILLING STATION", "category": "Economy", "type": "Utilities", "address": "PH8C+85 34 Gustilo St, La Paz, Iloilo City, Iloilo", "contact_mobile": null, "contact_landline": null, "email": null, "barangay": "Jereos", "district": "La Paz", "municity": "Iloilo City", "province": "Iloilo", "facebook": null, "url": null, "entry fee": null, "open time": null, "closing time": null }, "geometry": { "type": "Point", "coordinates": [ 122.5705, 10.71576 ] } },
{ "type": "Feature", "properties": { "name": "Glorious Purified Water Refilling Station", "category": "Economy", "type": "Utilities", "address": "PH89+5XW, Gustilo St, La Paz, Iloilo City, Iloilo", "contact_mobile": null, "contact_landline": null, "email": null, "barangay": "Jereos", "district": "La Paz", "municity": "Iloilo City", "province": "Iloilo", "facebook": null, "url": null, "entry fee": null, "open time": null, "closing time": null }, "geometry": { "type": "Point", "coordinates": [ 122.56994, 10.7155 ] } },
{ "type": "Feature", "properties": { "name": "BG nesTUBIG Water Refilling Station", "category": "Economy", "type": "Utilities", "address": "PH7M+J6 Zone 3, Baldoza St, La Paz, Iloilo City, 5000 Iloilo", "contact_mobile": 9474387694, "contact_landline": null, "email": null, "barangay": "Baldoza", "district": "La Paz", "municity": "Iloilo City", "province": "Iloilo", "facebook": null, "url": null, "entry fee": null, "open time": null, "closing time": null }, "geometry": { "type": "Point", "coordinates": [ 122.58303, 10.71407 ] } },
{ "type": "Feature", "properties": { "name": "Maccoy Water Refilling Station", "category": "Economy", "type": "Utilities", "address": "PHFH+RM7, La Paz, Iloilo City, Iloilo", "contact_mobile": null, "contact_landline": null, "email": null, "barangay": "Banuyao", "district": "La Paz", "municity": "Iloilo City", "province": "Iloilo", "facebook": null, "url": null, "entry fee": null, "open time": null, "closing time": null }, "geometry": { "type": "Point", "coordinates": [ 122.57916, 10.72454 ] } },
{ "type": "Feature", "properties": { "name": "Elleysa Water Refilling Station", "category": "Economy", "type": "Utilities", "address": "PH7H+GFC, Baldoza St, La Paz, Iloilo City, Iloilo", "contact_mobile": 9083945407, "contact_landline": null, "email": null, "barangay": "Caingin", "district": "La Paz", "municity": "Iloilo City", "province": "Iloilo", "facebook": null, "url": null, "entry fee": null, "open time": null, "closing time": null }, "geometry": { "type": "Point", "coordinates": [ 122.57866, 10.71382 ] } },
{ "type": "Feature", "properties": { "name": "Tropics Spring Purified Drinking Water", "category": "Economy", "type": "Utilities", "address": "PH6C+42X, Huervana St, La Paz, Iloilo City, 5000 Iloilo", "contact_mobile": null, "contact_landline": null, "email": "tropicsspringwater@gmail.co", "barangay": "Burgos-Mabini-Plaza", "district": "La Paz", "municity": "Iloilo City", "province": "Iloilo", "facebook": "https://web.facebook.com/tropicsspringwater/?_rdc=1&_rdr", "url": null, "entry fee": null, "open time": null, "closing time": null }, "geometry": { "type": "Point", "coordinates": [ 122.57012, 10.71036 ] } },
{ "type": "Feature", "properties": { "name": "Solana4U Inc.", "category": "Economy", "type": "Utilities", "address": "PHFH+2P Zone 3, Solana4U Bldg, Coastal Road, La Paz, Iloilo City, 5000 Iloilo", "contact_mobile": 9171575203, "contact_landline": null, "email": "hello@solana4u.ph", "barangay": "San Isidro (La Paz)", "district": "La Paz", "municity": "Iloilo City", "province": "Iloilo", "facebook": "https://web.facebook.com/solana4uph/?_rdc=1&_rdr", "url": "http://www.solana4u.ph/", "entry fee": null, "open time": "07:00", "closing time": "17:00" }, "geometry": { "type": "Point", "coordinates": [ 122.57933, 10.72251 ] } },
{ "type": "Feature", "properties": { "name": "Light Solar Solutions", "category": "Economy", "type": "Utilities", "address": "PH58+QGP, Luna St, La Paz, Iloilo City, Iloilo", "contact_mobile": 9543806602, "contact_landline": null, "email": "lightengineeringsolutions@gmail.com", "barangay": "Bantud", "district": "La Paz", "municity": "Iloilo City", "province": "Iloilo", "facebook": "https://web.facebook.com/p/Light-Solar-Solutions-61566823883531/?_rdc=1&_rdr", "url": "https://www.lightsolarsolutions.net/", "entry fee": null, "open time": "09:00", "closing time": "17:00" }, "geometry": { "type": "Point", "coordinates": [ 122.56636, 10.70949 ] } },
{ "type": "Feature", "properties": { "name": "ALDB SOLAR Power Installation Services", "category": "Economy", "type": "Utilities", "address": "PH7F+9M 162 Lopez Jaena St, La Paz, Iloilo City, 5000 Iloilo", "contact_mobile": 9610231591, "contact_landline": null, "email": "aldbsolarbicol@gmail.com", "barangay": "Gustilo", "district": "La Paz", "municity": "Iloilo City", "province": "Iloilo", "facebook": "https://web.facebook.com/aldbsolarbicol/?_rdc=1&_rdr", "url": null, "entry fee": null, "open time": "10:00", "closing time": "16:00" }, "geometry": { "type": "Point", "coordinates": [ 122.57415, 10.71345 ] } }
]
}
