{
"type": "FeatureCollection",
"name": "DRRM_ILOILO_Critical_Facilities_Insights",
"crs": { "type": "name", "properties": { "name": "urn:ogc:def:crs:OGC:1.3:CRS84" } },
"features": [
{ "type": "Feature", "properties": { "name": "Iloilo Vocational Technical School, Inc.", "category": "Critical Facilities", "type": "Education", "contact_mobile": null, "contact_landline": "(033) 508 3305", "email": null, "address": "ILOILO VOCATIONAL TECHNICAL SCHOOL, INC., Alley 2 Belfa Compound, Fuentes St, Iloilo City Proper, Iloilo City, 5000 Iloilo", "barangay": "San Jose (City Proper)", "district": "City Proper", "municity": "Iloilo City", "province": "Iloilo", "facebook": "https://www.facebook.com/p/Iloilo-Vocational-Technical-School-Inc-100057488828727/", "url": null, "logo": null }, "geometry": { "type": "Point", "coordinates": [ 122.563732, 10.694012 ] } },
{ "type": "Feature", "properties": { "name": "National Police Commission", "category": "Critical Facilities", "type": "Emergency Response", "contact_mobile": null, "contact_landline": "(033) 335 0023", "email": "napolcom_r6@yahoo.com", "address": "NATIONAL POLICE COMMISSION, Iloilo City Proper, Iloilo City, Iloilo", "barangay": "Liberation", "district": "City Proper", "municity": "Iloilo City", "province": "Iloilo", "facebook": "https://www.facebook.com/napolcom.regionvi/", "url": "https://r6.napolcom.gov.ph/", "logo": "https://drive.google.com/uc?export=view&id=14dg4_JhpIw3Ns2g9t1Ui7q75tyenTEqn" }, "geometry": { "type": "Point", "coordinates": [ 122.563325, 10.694919 ] } },
{ "type": "Feature", "properties": { "name": "Brgy. San Jose City Proper Brgy. Hall", "category": "Critical Facilities", "type": "Government", "contact_mobile": null, "contact_landline": null, "email": null, "address": "Brgy. San Jose City Proper Brgy. Hall., Fuentes street Alley, 2 San Jose, Iloilo City Proper", "barangay": "Liberation", "district": "City Proper", "municity": "Iloilo City", "province": "Iloilo", "facebook": null, "url": null, "logo": null }, "geometry": { "type": "Point", "coordinates": [ 122.563434, 10.696269 ] } },
{ "type": "Feature", "properties": { "name": "Fo Guang Shan Iloilo Buddhist Center", "category": "Critical Facilities", "type": "Faith-Based", "contact_mobile": null, "contact_landline": "(033) 337 2002", "email": null, "address": "13-A Fuentes Street, Iloilo City, Iloilo", "barangay": "Liberation", "district": "City Proper", "municity": "Iloilo City", "province": "Iloilo", "facebook": null, "url": "https://www.fgs.org.tw/", "logo": null }, "geometry": { "type": "Point", "coordinates": [ 122.563379, 10.696302 ] } },
{ "type": "Feature", "properties": { "name": "Professional Regulation Commission", "category": "Critical Facilities", "type": "Government", "contact_mobile": null, "contact_landline": "(033) 329 2410", "email": "ro6@prc.gov.ph", "address": "Unit #2ME25, Professional Regulation Commission, Quezon St, Iloilo City Proper, Iloilo City, Iloilo", "barangay": "Roxas Village", "district": "City Proper", "municity": "Iloilo City", "province": "Iloilo", "facebook": "https://www.facebook.com/prcro6/", "url": "https://www.prc.gov.ph/", "logo": "https://drive.google.com/uc?export=view&id=17w3ki98AIJ9UTtiVXVdToXUKkAxyf11F" }, "geometry": { "type": "Point", "coordinates": [ 122.565396, 10.695069 ] } },
{ "type": "Feature", "properties": { "name": "Department Of Foreign Affairs - Iloilo", "category": "Critical Facilities", "type": "Government", "contact_mobile": null, "contact_landline": "(033) 336 1737", "email": null, "address": "Unit #03118, Quezon St, Iloilo City Proper, Iloilo City, Iloilo", "barangay": "Roxas Village", "district": "City Proper", "municity": "Iloilo City", "province": "Iloilo", "facebook": null, "url": "https://dfa.gov.ph/", "logo": "https://drive.google.com/uc?export=view&id=1_3rD1vh3qk-GGzNuCcdTT8m9OTj7jZz2" }, "geometry": { "type": "Point", "coordinates": [ 122.565835, 10.694643 ] } },
{ "type": "Feature", "properties": { "name": "Land Transportation Office", "category": "Critical Facilities", "type": "Government", "contact_mobile": null, "contact_landline": "(033) 503 4278", "email": "ltodmpao6.roxas@gmail.com", "address": "MHV8+Q3V Land Transportation Office, Quezon St, Iloilo City Proper, Iloilo City, Iloilo", "barangay": "Roxas Village", "district": "City Proper", "municity": "Iloilo City", "province": "Iloilo", "facebook": "https://www.facebook.com/ltoroxasdistrictoffice", "url": "https://portal.lto.gov.ph/", "logo": "https://drive.google.com/uc?export=view&id=15IyEvn1fhm-LTAP5ImXO_tCA11IfV-03" }, "geometry": { "type": "Point", "coordinates": [ 122.565163, 10.6945 ] } },
{ "type": "Feature", "properties": { "name": "POEA", "category": "Critical Facilities", "type": "Government", "contact_mobile": null, "contact_landline": "(033) 336 8611", "email": null, "address": "MHV8+P3F POEA, Ledesma St, Iloilo City Proper, Iloilo City, Iloilo", "barangay": "Roxas Village", "district": "City Proper", "municity": "Iloilo City", "province": "Iloilo", "facebook": null, "url": null, "logo": "https://drive.google.com/uc?export=view&id=1OH82a5QAe610hOsPSbkmqwwkNkg8QfLy" }, "geometry": { "type": "Point", "coordinates": [ 122.565181, 10.694306 ] } },
{ "type": "Feature", "properties": { "name": "PhilHealth", "category": "Critical Facilities", "type": "Government", "contact_mobile": null, "contact_landline": "(033) 501 9160", "email": null, "address": "PhilHealth, Level 2 Mabini Wing, Robinsons Place Iloilo, Quezon Street, Corner De Leon Street, Iloilo City, 5000 Iloilo", "barangay": "Roxas Village", "district": "City Proper", "municity": "Iloilo City", "province": "Iloilo", "facebook": null, "url": null, "logo": "https://drive.google.com/uc?export=view&id=127YKugmAXg4w7XkiQIOw1bKKOSU5yvve" }, "geometry": { "type": "Point", "coordinates": [ 122.565133, 10.69406 ] } },
{ "type": "Feature", "properties": { "name": "Barangay Flores Tanod Outpost", "category": "Critical Facilities", "type": "Emergency Response", "contact_mobile": null, "contact_landline": null, "email": null, "address": "MHV7+64J Barangay Flores Tanod Outpost, De Leon St., Corner Fuentes St., Flores, Iloilo City, 5000 Iloilo", "barangay": "Flores", "district": "City Proper", "municity": "Iloilo City", "province": "Iloilo", "facebook": null, "url": null, "logo": null }, "geometry": { "type": "Point", "coordinates": [ 122.562766, 10.693099 ] } },
{ "type": "Feature", "properties": { "name": "Super/ Iloilo Terminal Market", "category": "Critical Facilities", "type": "Public Market", "contact_mobile": null, "contact_landline": null, "email": null, "address": "Iloilo City Proper, Iloilo City, Iloilo", "barangay": "Flores", "district": "City Proper", "municity": "Iloilo City", "province": "Iloilo", "facebook": null, "url": null, "logo": null }, "geometry": { "type": "Point", "coordinates": [ 122.5645, 10.692999 ] } },
{ "type": "Feature", "properties": { "name": "Iloilo Sack Center", "category": "Critical Facilities", "type": "Public Market", "contact_mobile": null, "contact_landline": null, "email": null, "address": "50-1-8, 50-1-8 Fuentes St, Supermarket, Iloilo City, 5000 Iloilo", "barangay": "Flores", "district": "City Proper", "municity": "Iloilo City", "province": "Iloilo", "facebook": null, "url": null, "logo": null }, "geometry": { "type": "Point", "coordinates": [ 122.563097, 10.692655 ] } },
{ "type": "Feature", "properties": { "name": "Iglesia Ni Cristo - Lokal Ng Iloilo City [Iloilo South District Office]", "category": "Critical Facilities", "type": "Faith-Based", "contact_mobile": null, "contact_landline": null, "email": null, "address": "MHR8+V39, Iloilo City Proper, Iloilo City, Iloilo", "barangay": "Osmeña", "district": "City Proper", "municity": "Iloilo City", "province": "Iloilo", "facebook": null, "url": "https://iglesianicristo.net/", "logo": null }, "geometry": { "type": "Point", "coordinates": [ 122.56524, 10.692166 ] } },
{ "type": "Feature", "properties": { "name": "OSHC Region 6", "category": "Critical Facilities", "type": "Government", "contact_mobile": null, "contact_landline": "(033) 327 4065", "email": "reu6@oshc.dole.gov.ph", "address": "OSHC Region 6, 4/F, 7J Corporate Center, Brgy. Gloria cor. Jalandoni, Ledesma St, Iloilo City Proper, Iloilo City, 5000 Iloilo", "barangay": "Gloria", "district": "City Proper", "municity": "Iloilo City", "province": "Iloilo", "facebook": "https://www.facebook.com/oshcregion6/", "url": "https://oshc.dole.gov.ph/", "logo": "https://drive.google.com/uc?export=view&id=15_FONLslE2MPaF3VD152Oc4F6KXQXBhN" }, "geometry": { "type": "Point", "coordinates": [ 122.561871, 10.694054 ] } },
{ "type": "Feature", "properties": { "name": "Compo Brgy Hall", "category": "Critical Facilities", "type": "Government", "contact_mobile": null, "contact_landline": null, "email": null, "address": "MHV6+4FC Compo brgy hall, Iloilo City Proper, Iloilo City, Iloilo", "barangay": "Kahirupan", "district": "City Proper", "municity": "Iloilo City", "province": "Iloilo", "facebook": null, "url": null, "logo": null }, "geometry": { "type": "Point", "coordinates": [ 122.561127, 10.692815 ] } },
{ "type": "Feature", "properties": { "name": "Timawa Tanza II Barangay Hall", "category": "Critical Facilities", "type": "Government", "contact_mobile": "0910 377 2806", "contact_landline": null, "email": null, "address": "MHW5+93C Timawa Tanza II Barangay Hall, Delgado St, Iloilo City Proper, Iloilo City, 5000 Iloilo", "barangay": "Timawa Tanza II", "district": "City Proper", "municity": "Iloilo City", "province": "Iloilo", "facebook": null, "url": null, "logo": null }, "geometry": { "type": "Point", "coordinates": [ 122.557635, 10.69593 ] } },
{ "type": "Feature", "properties": { "name": "Brgy. Timawa Tanza - I (Public Safety Office)", "category": "Critical Facilities", "type": "Government", "contact_mobile": null, "contact_landline": null, "email": null, "address": "Brgy. Timawa Tanza - I, Zone I Tanza St., Brgy. Timawa, Iloilo City, 5000 Iloilo", "barangay": "Timawa Tanza I", "district": "City Proper", "municity": "Iloilo City", "province": "Iloilo", "facebook": null, "url": null, "logo": null }, "geometry": { "type": "Point", "coordinates": [ 122.556273, 10.693699 ] } },
{ "type": "Feature", "properties": { "name": "Barangay Infante Multi-Purpose Hall", "category": "Critical Facilities", "type": "Multipurpose Hall", "contact_mobile": null, "contact_landline": null, "email": null, "address": "MHV4+J38 BARANGAY INFANTE BARANGAY HALL, West Ave, Iloilo City Proper, Iloilo City, Iloilo", "barangay": "Timawa Tanza I", "district": "City Proper", "municity": "Iloilo City", "province": "Iloilo", "facebook": "https://www.facebook.com/p/Barangay-Infante-Molo-100067619130906/", "url": null, "logo": "https://drive.google.com/uc?export=view&id=1lkqIJy4aX-03WNhe35fQZHCMufagEFP_" }, "geometry": { "type": "Point", "coordinates": [ 122.555205, 10.694047 ] } },
{ "type": "Feature", "properties": { "name": "Brgy. Esperanza Tanza (Government Office)", "category": "Critical Facilities", "type": "Government", "contact_mobile": "0961 170 9751", "contact_landline": null, "email": null, "address": "MHV5+C84 Brgy. Esperanza Tanza, esperanza tanza, Iloilo City Proper, Iloilo City, 5000", "barangay": "Tanza-Esperanza", "district": "City Proper", "municity": "Iloilo City", "province": "Iloilo", "facebook": null, "url": null, "logo": null }, "geometry": { "type": "Point", "coordinates": [ 122.558319, 10.69351 ] } },
{ "type": "Feature", "properties": { "name": "Iloilo City Police Station 7", "category": "Critical Facilities", "type": "Emergency Response", "contact_mobile": null, "contact_landline": null, "email": null, "address": "MHV5+C62 Tanza-Esperanza, Iloilo City Proper, Iloilo City, Iloilo", "barangay": "Tanza-Esperanza", "district": "City Proper", "municity": "Iloilo City", "province": "Iloilo", "facebook": null, "url": null, "logo": null }, "geometry": { "type": "Point", "coordinates": [ 122.558017, 10.693521 ] } },
{ "type": "Feature", "properties": { "name": "A. Bonifacio integrated School", "category": "Critical Facilities", "type": "Education", "contact_mobile": null, "contact_landline": null, "email": null, "address": "MHV5+GW3 A. Bonifacio integrated School, Ledesma St, Iloilo City Proper, Iloilo City, Iloilo", "barangay": "Tanza-Esperanza", "district": "City Proper", "municity": "Iloilo City", "province": "Iloilo", "facebook": "https://www.facebook.com/abes.iloilocity/", "url": null, "logo": "https://drive.google.com/uc?export=view&id=19R9AxssKCT9CoErCv-0YhVYGlBh14-Qm" }, "geometry": { "type": "Point", "coordinates": [ 122.559794, 10.693757 ] } },
{ "type": "Feature", "properties": { "name": "Multi Purpose Hall", "category": "Critical Facilities", "type": "Multipurpose Hall", "contact_mobile": null, "contact_landline": null, "email": null, "address": "MHR9+X55 Valeria Extension, Iloilo City Proper, Iloilo City, 5000 Iloilo", "barangay": "Nonoy", "district": "City Proper", "municity": "Iloilo City", "province": "Iloilo", "facebook": null, "url": null, "logo": null }, "geometry": { "type": "Point", "coordinates": [ 122.567975, 10.692394 ] } },
{ "type": "Feature", "properties": { "name": "Tanod Outpost", "category": "Critical Facilities", "type": "Emergency Response", "contact_mobile": null, "contact_landline": null, "email": null, "address": "MHV9+259 Tanod Outpost, Valeria Extension, Iloilo City Proper, Iloilo City, 5000 Iloilo", "barangay": "Nonoy", "district": "City Proper", "municity": "Iloilo City", "province": "Iloilo", "facebook": null, "url": null, "logo": null }, "geometry": { "type": "Point", "coordinates": [ 122.567979, 10.692548 ] } },
{ "type": "Feature", "properties": { "name": "Sta. Teresita Del Niño Jesus Parish - Iloilo City", "category": "Critical Facilities", "type": "Faith-Based", "contact_mobile": null, "contact_landline": "(033) 335 0093", "email": null, "address": "17 J. De Leon Street, Iloilo City Proper, Iloilo City, 5000 Iloilo", "barangay": "Nonoy", "district": "City Proper", "municity": "Iloilo City", "province": "Iloilo", "facebook": null, "url": null, "logo": null }, "geometry": { "type": "Point", "coordinates": [ 122.566642, 10.693113 ] } },
{ "type": "Feature", "properties": { "name": "Hua Siong College of Iloilo", "category": "Critical Facilities", "type": "Education", "contact_mobile": null, "contact_landline": "(033) 337 3679 / (033) 320 3929", "email": "academics@huasiong.edu.ph", "address": "MHW9+QHH Iznart St, Iloilo City Proper, Iloilo City, Iloilo", "barangay": "Edganzon", "district": "City Proper", "municity": "Iloilo City", "province": "Iloilo", "facebook": "https://www.facebook.com/huasiongcollegedepartment/", "url": "huasiong.edu.ph", "logo": "https://drive.google.com/uc?export=view&id=1cJpsWWfshAxxyMwLMiuuqZZHqaO4jqvG" }, "geometry": { "type": "Point", "coordinates": [ 122.568993, 10.696934 ] } },
{ "type": "Feature", "properties": { "name": "ACSI College Iloilo", "category": "Critical Facilities", "type": "Education", "contact_mobile": "0945 670 9602", "contact_landline": "(003) 3273674", "email": "acsicollegeiloilo31@gmail.com", "address": "MHW9+5VX Iloilo City Proper, Iloilo City, Iloilo", "barangay": "Magsaysay", "district": "City Proper", "municity": "Iloilo City", "province": "Iloilo", "facebook": "https://www.facebook.com/acsicollegeiloiloofficial/", "url": null, "logo": "https://drive.google.com/uc?export=view&id=1KWyOAEllUFkxhtE9bbBTZbIlOKgr9C3s" }, "geometry": { "type": "Point", "coordinates": [ 122.56973, 10.69549 ] } },
{ "type": "Feature", "properties": { "name": "Covered Court", "category": "Critical Facilities", "type": "Multipurpose Hall", "contact_mobile": null, "contact_landline": "(033) 337 4682", "email": null, "address": "Covered Court, Doane Compound, Iloilo City Proper, Iloilo City, 5000 Iloilo", "barangay": "Danao", "district": "City Proper", "municity": "Iloilo City", "province": "Iloilo", "facebook": null, "url": null, "logo": null }, "geometry": { "type": "Point", "coordinates": [ 122.567726, 10.702737 ] } },
{ "type": "Feature", "properties": { "name": "Cabalum Western College", "category": "Critical Facilities", "type": "Education", "contact_mobile": null, "contact_landline": "(033) 337-25-36 / (033) 337-22-30", "email": "1945cwc@gmail.com", "address": "PH29+FCV Iznart St, Iloilo City Proper, Iloilo City, 5000 Iloilo", "barangay": "Danao", "district": "City Proper", "municity": "Iloilo City", "province": "Iloilo", "facebook": "https://www.facebook.com/cabalumwesterncollege/", "url": "http://www.cabalumwesterncollege.com", "logo": "https://drive.google.com/uc?export=view&id=17bdLEHYM0daOgjRBuTodYH3xp_siFvEo" }, "geometry": { "type": "Point", "coordinates": [ 122.568556, 10.701232 ] } },
{ "type": "Feature", "properties": { "name": "St. Paul University of Iloilo", "category": "Critical Facilities", "type": "Education", "contact_mobile": null, "contact_landline": "(033) 338 1097", "email": "info@spuiloilo.edu.ph", "address": "PH28+PXR General Luna St, Iloilo City Proper, Iloilo City, Iloilo", "barangay": "Danao", "district": "City Proper", "municity": "Iloilo City", "province": "Iloilo", "facebook": "https://www.facebook.com/spuiloilo/", "url": "http://www.spuiloilo.edu.ph", "logo": "https://drive.google.com/uc?export=view&id=1ATEQHjsSnWia9tyZsU8ZhYNMXyYdAsKE" }, "geometry": { "type": "Point", "coordinates": [ 122.567403, 10.701852 ] } },
{ "type": "Feature", "properties": { "name": "Sto. Niño Mission Chapel", "category": "Critical Facilities", "type": "Faith-Based", "contact_mobile": null, "contact_landline": "3368562", "email": null, "address": "MHX8+QQM, Delgado, Valeria St, Iloilo City Proper, Iloilo City, Iloilo", "barangay": "Danao", "district": "City Proper", "municity": "Iloilo City", "province": "Iloilo", "facebook": null, "url": null, "logo": null }, "geometry": { "type": "Point", "coordinates": [ 122.566915, 10.699473 ] } },
{ "type": "Feature", "properties": { "name": "Sampaguita Barangay Hall", "category": "Critical Facilities", "type": "Government", "contact_mobile": null, "contact_landline": null, "email": null, "address": "MHX8+Q92 Sampaguita Barangay Hall, Iloilo City Proper, Iloilo City, Iloilo", "barangay": "Sampaguita", "district": "City Proper", "municity": "Iloilo City", "province": "Iloilo", "facebook": "https://www.facebook.com/profile.php?id=100064059454130&locale=en_GB", "url": null, "logo": "https://drive.google.com/uc?export=view&id=1AatvJJjOlGxWJ8UdBHaqlrTA5-OlorGY" }, "geometry": { "type": "Point", "coordinates": [ 122.565875, 10.699385 ] } },
{ "type": "Feature", "properties": { "name": "ABE International Business College-Iloilo", "category": "Critical Facilities", "type": "Education", "contact_mobile": null, "contact_landline": "(033)3362515 / (033) 336 2515 / (033)3362515", "email": "abe_iloilo@amaes.edu.ph", "address": "MHX7+9XV, Iloilo City Proper, Iloilo City, Iloilo", "barangay": "Sampaguita", "district": "City Proper", "municity": "Iloilo City", "province": "Iloilo", "facebook": "https://www.facebook.com/iloiloabe/", "url": "http://www.amaes.edu.ph", "logo": "https://drive.google.com/uc?export=view&id=1ZxD8tQlwC6qRACi-VmLa0jqkmdbXefWo" }, "geometry": { "type": "Point", "coordinates": [ 122.564922, 10.698488 ] } },
{ "type": "Feature", "properties": { "name": "ACLC College of Iloilo", "category": "Critical Facilities", "type": "Education", "contact_mobile": "0938 701 4614", "contact_landline": "033 320-8307", "email": "aclc_iloilo@amaes.edu.ph", "address": "22 Delgado St, Iloilo City Proper, Iloilo City, Iloilo", "barangay": "Sampaguita", "district": "City Proper", "municity": "Iloilo City", "province": "Iloilo", "facebook": "https://www.facebook.com/aclccollegeiloilo/", "url": "http://www.aclc.edu.ph/", "logo": "https://drive.google.com/uc?export=view&id=1TJAieKM_COXWdL_0WO7TmraE_caTUOqv" }, "geometry": { "type": "Point", "coordinates": [ 122.566019, 10.697991 ] } },
{ "type": "Feature", "properties": { "name": "Diamond Jubilee Hall", "category": "Critical Facilities", "type": "Multipurpose Hall", "contact_mobile": "0981 425 7618", "contact_landline": null, "email": null, "address": "Mabini St, Iloilo City Proper, Iloilo City, Iloilo", "barangay": "San Agustin", "district": "City Proper", "municity": "Iloilo City", "province": "Iloilo", "facebook": null, "url": null, "logo": null }, "geometry": { "type": "Point", "coordinates": [ 122.564188, 10.700583 ] } },
{ "type": "Feature", "properties": { "name": "University of San Agustin", "category": "Critical Facilities", "type": "Education", "contact_mobile": "0999 997 1485", "contact_landline": null, "email": "info@usa.edu.ph", "address": "General Luna St, Iloilo City Proper, Iloilo City, 5000 Iloilo", "barangay": "San Agustin", "district": "City Proper", "municity": "Iloilo City", "province": "Iloilo", "facebook": "https://www.facebook.com/sanagustiniloilo/", "url": "http://www.usa.edu.ph", "logo": "https://drive.google.com/uc?export=view&id=1yL8Qi64CUmTRRThUp8V9kOmgPzk4HMhp" }, "geometry": { "type": "Point", "coordinates": [ 122.562916, 10.699503 ] } },
{ "type": "Feature", "properties": { "name": "DepED SDO Iloilo City", "category": "Critical Facilities", "type": "Government", "contact_mobile": null, "contact_landline": "(033) 336 9273", "email": "iloilocity@deped.gov.ph", "address": "PH27+8PH DepEd SDO Iloilo City, Iloilo City Proper, Iloilo City, 5000 Iloilo", "barangay": "San Agustin", "district": "City Proper", "municity": "Iloilo City", "province": "Iloilo", "facebook": "https://www.facebook.com/p/DepEd-Division-of-Iloilo-City-100069007666329/", "url": "http://pub.depediloilocity.net/", "logo": "https://drive.google.com/uc?export=view&id=1F4ghs0Jvxj0sZnDGKt9FZlgBc_HHLKTK" }, "geometry": { "type": "Point", "coordinates": [ 122.564362, 10.70081 ] } },
{ "type": "Feature", "properties": { "name": "Villa Anita Baranggay Hall", "category": "Critical Facilities", "type": "Government", "contact_mobile": null, "contact_landline": null, "email": null, "address": "MHX5+HP3 Villa Anita Baranggay Hall, Montinola St, Iloilo City Proper, Iloilo City, Iloilo", "barangay": "Villa Anita", "district": "City Proper", "municity": "Iloilo City", "province": "Iloilo", "facebook": null, "url": null, "logo": null }, "geometry": { "type": "Point", "coordinates": [ 122.559284, 10.698894 ] } },
{ "type": "Feature", "properties": { "name": "NBI WEVRO", "category": "Critical Facilities", "type": "Government", "contact_mobile": null, "contact_landline": null, "email": "wevronbi@gmail.com", "address": "MHX5+V6X NBI WEVRO, San Felix, Iloilo City Proper, Iloilo City, Iloilo", "barangay": "San Felix", "district": "City Proper", "municity": "Iloilo City", "province": "Iloilo", "facebook": "https://www.facebook.com/nbi.wevrovi/", "url": null, "logo": "https://drive.google.com/uc?export=view&id=1WiT6hLNpn7ELpAQEq9ukwXUUlp8cUhsQ" }, "geometry": { "type": "Point", "coordinates": [ 122.558044, 10.699572 ] } },
{ "type": "Feature", "properties": { "name": "Brgy. Inday Multi-Purpose Hall", "category": "Critical Facilities", "type": "Multipurpose Hall", "contact_mobile": null, "contact_landline": "(033) 330 1853", "email": "barangayinday@gmail.com", "address": "MHX4+Q93 Brgy. Inday Multi-Purpose Hall, Barangay, Ybiernas St, Iloilo City Proper, Iloilo City, 5000 Iloilo", "barangay": "Inday", "district": "City Proper", "municity": "Iloilo City", "province": "Iloilo", "facebook": null, "url": null, "logo": null }, "geometry": { "type": "Point", "coordinates": [ 122.555921, 10.699394 ] } },
{ "type": "Feature", "properties": { "name": "San Felix Barangay Hall", "category": "Critical Facilities", "type": "Government", "contact_mobile": null, "contact_landline": null, "email": null, "address": "MHX4+FF3, Iloilo City Proper, Iloilo City, 5000 Iloilo", "barangay": "Inday", "district": "City Proper", "municity": "Iloilo City", "province": "Iloilo", "facebook": null, "url": null, "logo": null }, "geometry": { "type": "Point", "coordinates": [ 122.556181, 10.698637 ] } },
{ "type": "Feature", "properties": { "name": "University of the Philippines Visayas - Iloilo City", "category": "Critical Facilities", "type": "Education", "contact_mobile": null, "contact_landline": null, "email": null, "address": "MHX4+549 Iloilo City Proper, Iloilo City, Iloilo", "barangay": "Inday", "district": "City Proper", "municity": "Iloilo City", "province": "Iloilo", "facebook": "https://www.facebook.com/U.P.Visayas.Official/", "url": "https://www.upv.edu.ph/", "logo": "https://drive.google.com/uc?export=view&id=1H21XtdcbVlIXmNfJMcZT8lji-LJLBMcX" }, "geometry": { "type": "Point", "coordinates": [ 122.555365, 10.697919 ] } },
{ "type": "Feature", "properties": { "name": "Arsenal Aduana Barangay Hall", "category": "Critical Facilities", "type": "Government", "contact_mobile": null, "contact_landline": null, "email": null, "address": "MHWC+3C4 Arsenal Aduana Barangay Hall, Aldeguer St, Iloilo City Proper, Iloilo City, 5000 Iloilo", "barangay": "Arsenal Aduana", "district": "City Proper", "municity": "Iloilo City", "province": "Iloilo", "facebook": null, "url": null, "logo": null }, "geometry": { "type": "Point", "coordinates": [ 122.571067, 10.695131 ] } },
{ "type": "Feature", "properties": { "name": "Iloilo City Emergency Responders", "category": "Critical Facilities", "type": "Emergency Response", "contact_mobile": null, "contact_landline": "(033) 335 1554", "email": null, "address": "Freedom Grandstand, JM Basas Street, Macario Peralta Street, Iloilo City Proper, Iloilo City, 5000 Iloilo", "barangay": "Arsenal Aduana", "district": "City Proper", "municity": "Iloilo City", "province": "Iloilo", "facebook": null, "url": null, "logo": null }, "geometry": { "type": "Point", "coordinates": [ 122.572005, 10.693672 ] } },
{ "type": "Feature", "properties": { "name": "Sunburst Park Iloilo", "category": "Critical Facilities", "type": "Parks and Open Space", "contact_mobile": null, "contact_landline": null, "email": null, "address": "MHVC+FP8, JM Basa St, Iloilo City Proper, Iloilo City, 5000 Iloilo", "barangay": "Arsenal Aduana", "district": "City Proper", "municity": "Iloilo City", "province": "Iloilo", "facebook": null, "url": null, "logo": null }, "geometry": { "type": "Point", "coordinates": [ 122.571842, 10.693674 ] } },
{ "type": "Feature", "properties": { "name": "Department Of Education - Regional Office 6", "category": "Critical Facilities", "type": "Government", "contact_mobile": null, "contact_landline": "(033) 335 0207", "email": null, "address": "MHRH+V39 Department of Education - Regional Office 6 - Western Visayas, Duran St, Iloilo City Proper, Iloilo City, 5000 Iloilo", "barangay": "Zamora-Melliza", "district": "City Proper", "municity": "Iloilo City", "province": "Iloilo", "facebook": null, "url": "https://www.deped.gov.ph/", "logo": null }, "geometry": { "type": "Point", "coordinates": [ 122.577749, 10.692159 ] } },
{ "type": "Feature", "properties": { "name": "DOLE RO6", "category": "Critical Facilities", "type": "Government", "contact_mobile": null, "contact_landline": "(033) 320 8024", "email": null, "address": "DOLE RO6, Brgy, Kuang Da Building, De la Rama St, Iloilo City", "barangay": "Zamora-Melliza", "district": "City Proper", "municity": "Iloilo City", "province": "Iloilo", "facebook": null, "url": null, "logo": null }, "geometry": { "type": "Point", "coordinates": [ 122.574625, 10.694244 ] } },
{ "type": "Feature", "properties": { "name": "TESDA Provincial Office", "category": "Critical Facilities", "type": "Government", "contact_mobile": null, "contact_landline": "(033) 337 9868", "email": null, "address": "MHVG+PM3 TESDA Provincial Office, Zamora St, Iloilo City Proper, Iloilo City, 5000 Iloilo", "barangay": "Zamora-Melliza", "district": "City Proper", "municity": "Iloilo City", "province": "Iloilo", "facebook": null, "url": "https://www.tesda.gov.ph/", "logo": null }, "geometry": { "type": "Point", "coordinates": [ 122.576682, 10.69425 ] } },
{ "type": "Feature", "properties": { "name": "TESDA Regional Office VI", "category": "Critical Facilities", "type": "Government", "contact_mobile": null, "contact_landline": null, "email": null, "address": "TESDA Regional Office VI, 123 Zamora St, Iloilo City Proper, Iloilo City, Iloilo", "barangay": "Zamora-Melliza", "district": "City Proper", "municity": "Iloilo City", "province": "Iloilo", "facebook": null, "url": "https://www.tesdar6.ph/", "logo": null }, "geometry": { "type": "Point", "coordinates": [ 122.576644, 10.693859 ] } },
{ "type": "Feature", "properties": { "name": "Zamora-Melliza Barangay Hall", "category": "Critical Facilities", "type": "Government", "contact_mobile": null, "contact_landline": null, "email": null, "address": "MHVG+Q7V Zamora-Melliza Barangay Hall, Iloilo City Proper, Iloilo City, 5000 Iloilo", "barangay": "Zamora-Melliza", "district": "City Proper", "municity": "Iloilo City", "province": "Iloilo", "facebook": null, "url": null, "logo": null }, "geometry": { "type": "Point", "coordinates": [ 122.575686, 10.694482 ] } },
{ "type": "Feature", "properties": { "name": "Health and Nutrition Unit", "category": "Critical Facilities", "type": "Government", "contact_mobile": null, "contact_landline": null, "email": null, "address": "HEALTH AND NUTRITION UNIT, PESS Division, 6 Duran St, Iloilo City Proper, Iloilo City, 5000 Iloilo", "barangay": "Zamora-Melliza", "district": "City Proper", "municity": "Iloilo City", "province": "Iloilo", "facebook": null, "url": null, "logo": null }, "geometry": { "type": "Point", "coordinates": [ 122.577662, 10.692055 ] } },
{ "type": "Feature", "properties": { "name": "Department of Information And Communications Technology Regional Office VI", "category": "Critical Facilities", "type": "Government", "contact_mobile": null, "contact_landline": "(033) 337 0583", "email": null, "address": "DICT Compound, 41 Zamora St, Iloilo City Proper, Iloilo City, 5000 Iloilo", "barangay": "Zamora-Melliza", "district": "City Proper", "municity": "Iloilo City", "province": "Iloilo", "facebook": null, "url": null, "logo": null }, "geometry": { "type": "Point", "coordinates": [ 122.57753, 10.693899 ] } },
{ "type": "Feature", "properties": { "name": "San Jose Placer Parish Church", "category": "Critical Facilities", "type": "Faith-Based", "contact_mobile": null, "contact_landline": "(033) 336 4802", "email": "sanjoseparishplacer@gmail.com", "address": "5000 Calasanz St, Iloilo City Proper, Iloilo City, Iloilo", "barangay": "Zamora-Melliza", "district": "City Proper", "municity": "Iloilo City", "province": "Iloilo", "facebook": "https://www.facebook.com/SanJoseparishplacer/", "url": "https://sanjosedeiloilo.info-aid.net/", "logo": "https://drive.google.com/uc?export=view&id=1zNVQJVtv_k39pQe-fvlNIBGQYBCFZZdB" }, "geometry": { "type": "Point", "coordinates": [ 122.574541, 10.693278 ] } },
{ "type": "Feature", "properties": { "name": "Plaza Libertad", "category": "Critical Facilities", "type": "Parks and Open Space", "contact_mobile": null, "contact_landline": "775888", "email": null, "address": "Plaza Libertad Zamora St, Iloilo City Proper, Iloilo City, 5000 Iloilo", "barangay": "Zamora-Melliza", "district": "City Proper", "municity": "Iloilo City", "province": "Iloilo", "facebook": null, "url": null, "logo": null }, "geometry": { "type": "Point", "coordinates": [ 122.573711, 10.692571 ] } },
{ "type": "Feature", "properties": { "name": "Iloilo City Hall", "category": "Critical Facilities", "type": "Government", "contact_mobile": null, "contact_landline": "(033) 333 1111", "email": null, "address": "Iloilo City Hall, De la Rama St, Iloilo City Proper, Iloilo City, 5000 Iloilo", "barangay": "Muelle Loney-Montes", "district": "City Proper", "municity": "Iloilo City", "province": "Iloilo", "facebook": null, "url": "https://iloilocity.gov.ph/wp_iloilo", "logo": null }, "geometry": { "type": "Point", "coordinates": [ 122.573025, 10.693234 ] } },
{ "type": "Feature", "properties": { "name": "Barangay Hall", "category": "Critical Facilities", "type": "Government", "contact_mobile": null, "contact_landline": null, "email": null, "address": "MHWG+RFW Barangay Hall, Blumentritt, Brgy., Muelle Loney, Iloilo City, 5000 Iloilo", "barangay": "Muelle Loney-Montes", "district": "City Proper", "municity": "Iloilo City", "province": "Iloilo", "facebook": null, "url": null, "logo": null }, "geometry": { "type": "Point", "coordinates": [ 122.576211, 10.697123 ] } },
{ "type": "Feature", "properties": { "name": "Department of Trade and Industry - Iloilo Provincial Office", "category": "Critical Facilities", "type": "Government", "contact_mobile": null, "contact_landline": "(033) 335 0149", "email": "r06.iloilo@dti.gov.ph", "address": "Department of Trade and Industry - Iloilo Provincial Office, Macario Peralta Street, Iloilo City Proper, Iloilo City, Iloilo", "barangay": "Muelle Loney-Montes", "district": "City Proper", "municity": "Iloilo City", "province": "Iloilo", "facebook": "https://www.facebook.com/DTI.Iloilo", "url": "http://www.dti.gov.ph/", "logo": "https://drive.google.com/uc?export=view&id=1a9UkXP3QjWBf9tti0kzUvKSaUG_kZylY" }, "geometry": { "type": "Point", "coordinates": [ 122.572395, 10.69349 ] } },
{ "type": "Feature", "properties": { "name": "Marina Industry Authority Region VI", "category": "Critical Facilities", "type": "Government", "contact_mobile": "0918 381 4477", "contact_landline": null, "email": "mro6@marina.gov.ph", "address": "MHWG+564 Marina Industry Authority Region VI, Iloilo City Proper, Iloilo City, Iloilo", "barangay": "Muelle Loney-Montes", "district": "City Proper", "municity": "Iloilo City", "province": "Iloilo", "facebook": "https://www.facebook.com/people/Maritime-Industry-Authority-Regional-Office-VI/61571316110205/", "url": "https://marina.gov.ph/", "logo": "https://drive.google.com/uc?export=view&id=1Azq41RDPX0F0KJ6ZwaWUd9USMMdifLFp" }, "geometry": { "type": "Point", "coordinates": [ 122.57559, 10.695388 ] } },
{ "type": "Feature", "properties": { "name": "Bureau of Fire Protection", "category": "Critical Facilities", "type": "Emergency Response", "contact_mobile": null, "contact_landline": "(033) 337 6918", "email": null, "address": "MHVF+H2H Bureau of Fire Protection, Macario Peralta Street, Iloilo City Proper, Iloilo City, Iloilo", "barangay": "Muelle Loney-Montes", "district": "City Proper", "municity": "Iloilo City", "province": "Iloilo", "facebook": null, "url": null, "logo": null }, "geometry": { "type": "Point", "coordinates": [ 122.572619, 10.693944 ] } },
{ "type": "Feature", "properties": { "name": "Iloilo City Planning and Development Office", "category": "Critical Facilities", "type": "Government", "contact_mobile": null, "contact_landline": "(033) 337 7606", "email": null, "address": "ILOILO CITY PLANNING and DEVELOPMENT OFFICE, Iloilo City Hall, De la Rama Street, 5000, Iloilo City, 5000", "barangay": "Muelle Loney-Montes", "district": "City Proper", "municity": "Iloilo City", "province": "Iloilo", "facebook": null, "url": "https://iloilocity.gov.ph/", "logo": null }, "geometry": { "type": "Point", "coordinates": [ 122.573121, 10.69332 ] } },
{ "type": "Feature", "properties": { "name": "City Civil Registry Office", "category": "Critical Facilities", "type": "Government", "contact_mobile": null, "contact_landline": null, "email": null, "address": "CITY CIVIL REGISTRY OFFICE, Iloilo City Hall, De la Rama Street, 5000, Iloilo City, 5000", "barangay": "Muelle Loney-Montes", "district": "City Proper", "municity": "Iloilo City", "province": "Iloilo", "facebook": null, "url": null, "logo": null }, "geometry": { "type": "Point", "coordinates": [ 122.573458, 10.693378 ] } },
{ "type": "Feature", "properties": { "name": "Brgy. Legaspi Basketball Court", "category": "Critical Facilities", "type": "Multipurpose Hall", "contact_mobile": null, "contact_landline": null, "email": null, "address": "MHXH+48V Brgy. Legaspi Basketball Court, Legaspi, Brgy. Legaspi, Iloilo City, 5000 Iloilo", "barangay": "Monica Blumentritt", "district": "City Proper", "municity": "Iloilo City", "province": "Iloilo", "facebook": null, "url": null, "logo": null }, "geometry": { "type": "Point", "coordinates": [ 122.578306, 10.697859 ] } },
{ "type": "Feature", "properties": { "name": "Barangay Monica", "category": "Critical Facilities", "type": "Government", "contact_mobile": null, "contact_landline": null, "email": "monicacityproper@gmail.com", "address": "MHWH+M56 Barangay Monica, Blumentritt, Iloilo City Proper, Iloilo City, 5000 Iloilo", "barangay": "Monica Blumentritt", "district": "City Proper", "municity": "Iloilo City", "province": "Iloilo", "facebook": null, "url": null, "logo": null }, "geometry": { "type": "Point", "coordinates": [ 122.577896, 10.696651 ] } },
{ "type": "Feature", "properties": { "name": "Ramon Q. Avanceña Hall Of Justice", "category": "Critical Facilities", "type": "Government", "contact_mobile": "0929 703 0940", "contact_landline": null, "email": null, "address": "PH39+Q76 Bonifacio Dr, Iloilo City Proper, Iloilo City, 5000 Iloilo", "barangay": "President Roxas", "district": "City Proper", "municity": "Iloilo City", "province": "Iloilo", "facebook": null, "url": null, "logo": null }, "geometry": { "type": "Point", "coordinates": [ 122.568155, 10.704424 ] } },
{ "type": "Feature", "properties": { "name": "Metro Iloilo Water District", "category": "Critical Facilities", "type": "Water Supply and Distribution", "contact_mobile": null, "contact_landline": "(033) 337 3242", "email": "miwdpio@gmail.com", "address": "PH49+375 Boy Scouts of the Philippines Building, Bonifacio Drive, Iloilo City, 5000", "barangay": "President Roxas", "district": "City Proper", "municity": "Iloilo City", "province": "Iloilo", "facebook": "https://www.facebook.com/profile.php?id=100057495495923#", "url": "https://miwd.gov.ph/", "logo": "https://drive.google.com/uc?export=view&id=1O-DuZtOG6OfXKEFWBKzCKTVF0ifb0Xmj" }, "geometry": { "type": "Point", "coordinates": [ 122.568226, 10.705148 ] } },
{ "type": "Feature", "properties": { "name": "Registry Of Deeds - Iloilo City / Iloilo Province / Guimaras", "category": "Critical Facilities", "type": "Government", "contact_mobile": null, "contact_landline": "(033) 320 6745", "email": "rd.iloilocity@lra.gov.ph", "address": "PH39+QF6 Muelle Loney, Iloilo City, Iloilo, Muelle Loney St, Iloilo City Proper, Iloilo City, 5000 Iloilo", "barangay": "President Roxas", "district": "City Proper", "municity": "Iloilo City", "province": "Iloilo", "facebook": null, "url": null, "logo": null }, "geometry": { "type": "Point", "coordinates": [ 122.568647, 10.704401 ] } },
{ "type": "Feature", "properties": { "name": "PSA Region VI Western Visayas", "category": "Critical Facilities", "type": "Government", "contact_mobile": null, "contact_landline": "(033) 335 0907", "email": "rsso06@psa.gov.ph", "address": "J. Villanueva Building, Iznart St, Iloilo City Proper, Iloilo City, 5000 Iloilo", "barangay": "President Roxas", "district": "City Proper", "municity": "Iloilo City", "province": "Iloilo", "facebook": "https://www.facebook.com/psa6govph/", "url": "https://rsso06.psa.gov.ph/", "logo": "https://drive.google.com/uc?export=view&id=1tWvIdGbqP3q5LCGmXVT5j1wRHJcfYro7" }, "geometry": { "type": "Point", "coordinates": [ 122.569453, 10.698331 ] } },
{ "type": "Feature", "properties": { "name": "Local Economic Development And Investment Promotion (Ledip) Center", "category": "Critical Facilities", "type": "Government", "contact_mobile": null, "contact_landline": "(033) 328 7981", "email": "ledipcenter@iloilo.gov.ph", "address": "PH29+RH8 Local Economic Development and Investment Promotion (LEDIP) Center-Iloilo Province, Iloilo City Proper, Iloilo City, Iloilo", "barangay": "President Roxas", "district": "City Proper", "municity": "Iloilo City", "province": "Iloilo", "facebook": "https://www.morprogresiloilo.biz/", "url": null, "logo": "https://drive.google.com/uc?export=view&id=1Tjf4WpJT13-wjOi0YdCtPE3SbbYglvva" }, "geometry": { "type": "Point", "coordinates": [ 122.568946, 10.702033 ] } },
{ "type": "Feature", "properties": { "name": "Provincial Cooperative Development Office", "category": "Critical Facilities", "type": "Government", "contact_mobile": null, "contact_landline": "(033) 336 7167", "email": "pcdo@iloilo.gov.ph", "address": "PROVINCIAL COOPERATIVE DEVELOPMENT OFFICE (ILOILO), 4th floor New Iloilo Provincial Capitol Building, Muelle Loney St, Iloilo City, 5000 Iloilo", "barangay": "President Roxas", "district": "City Proper", "municity": "Iloilo City", "province": "Iloilo", "facebook": "https://www.facebook.com/p/Provincial-Cooperatives-Development-Office-Iloilo-100085118913327/", "url": null, "logo": "https://drive.google.com/uc?export=view&id=1Po7zDuRg3OKH6eot27gtD4bnkow5zH9s" }, "geometry": { "type": "Point", "coordinates": [ 122.568983, 10.702247 ] } },
{ "type": "Feature", "properties": { "name": "General Services Office", "category": "Critical Facilities", "type": "Government", "contact_mobile": null, "contact_landline": "(033) 333-1111", "email": "iloilocity.gso@gmail.com", "address": "PH29+XM4 New Iloilo Provincial Capitol Building, Muelle Loney Street, Iloilo City, 5000", "barangay": "President Roxas", "district": "City Proper", "municity": "Iloilo City", "province": "Iloilo", "facebook": null, "url": null, "logo": "https://drive.google.com/uc?export=view&id=1lwoiI3OCReNR2B0EW16vn_ZcrpDvkH6s" }, "geometry": { "type": "Point", "coordinates": [ 122.569198, 10.702397 ] } },
{ "type": "Feature", "properties": { "name": "Iloilo Provincial Capitol", "category": "Critical Facilities", "type": "Government", "contact_mobile": null, "contact_landline": "(033) 509 5093", "email": null, "address": "PH39+2MJ Iloilo Provincial Capitol, New Iloilo Provincial Capitol Building, Muelle Loney St, Iloilo City Proper, Iloilo City, 5000 Iloilo", "barangay": "President Roxas", "district": "City Proper", "municity": "Iloilo City", "province": "Iloilo", "facebook": null, "url": null, "logo": null }, "geometry": { "type": "Point", "coordinates": [ 122.569131, 10.702575 ] } },
{ "type": "Feature", "properties": { "name": "Provincial Planning and Development Office", "category": "Critical Facilities", "type": "Government", "contact_mobile": null, "contact_landline": "(033) 335 1884", "email": null, "address": "PROVINCIAL PLANNING AND DEVELOPMENT OFFICE, 3rd Floor, Iloilo Provincial Capitol, Bonifacio Drive, Iloilo City, 5000 Iloilo", "barangay": "President Roxas", "district": "City Proper", "municity": "Iloilo City", "province": "Iloilo", "facebook": "https://www.facebook.com/ppdoiloilo2022/", "url": null, "logo": null }, "geometry": { "type": "Point", "coordinates": [ 122.569142, 10.702711 ] } },
{ "type": "Feature", "properties": { "name": "Information And Communications Technology Municipal Department - Iloilo Provincial Government", "category": "Critical Facilities", "type": "Government", "contact_mobile": null, "contact_landline": "(033) 337 0869", "email": "ictmo@iloilo.gov.ph", "address": "Information and Communications Technology Municipal Department - Iloilo Provincial Government, 3rd Floor, Iloilo Provincial Capitol, Bonifacio Drive, Iloilo City, 5000 Iloilo", "barangay": "President Roxas", "district": "City Proper", "municity": "Iloilo City", "province": "Iloilo", "facebook": "https://www.facebook.com/ictmoiloprovofficial/", "url": "https://www.morprogresiloilo.biz/", "logo": "https://drive.google.com/uc?export=view&id=1hiWLrLRi_4F7M-LDO1VnrZlb8QPAbxTA" }, "geometry": { "type": "Point", "coordinates": [ 122.568971, 10.702826 ] } },
{ "type": "Feature", "properties": { "name": "Iloilo Esplanade 8", "category": "Critical Facilities", "type": "Parks and Open Space", "contact_mobile": null, "contact_landline": null, "email": null, "address": "PH39+HM2, Muelle Loney St, Iloilo City Proper, Iloilo City, Iloilo", "barangay": "President Roxas", "district": "City Proper", "municity": "Iloilo City", "province": "Iloilo", "facebook": null, "url": null, "logo": null }, "geometry": { "type": "Point", "coordinates": [ 122.569136, 10.703884 ] } },
{ "type": "Feature", "properties": { "name": "Brgy. Rizal Pala-Pala Zone 1 Basketball Court", "category": "Critical Facilities", "type": "Multipurpose Hall", "contact_mobile": null, "contact_landline": null, "email": null, "address": "MHR7+J33 Brgy. Rizal Pala-Pala Zone 1 Basketball Court, Brgy. Pala-Pala Zone 1 City Proper, Iloilo City, 5000 Iloilo", "barangay": "Rizal Palapala I", "district": "City Proper", "municity": "Iloilo City", "province": "Iloilo", "facebook": null, "url": null, "logo": null }, "geometry": { "type": "Point", "coordinates": [ 122.562667, 10.691504 ] } },
{ "type": "Feature", "properties": { "name": "Rima Tanod Outpost", "category": "Critical Facilities", "type": "Emergency Response", "contact_mobile": "0946 154 7538", "contact_landline": null, "email": null, "address": "Rima Tanod Outpost, Rima, Iloilo City Proper, Iloilo City, 5000 Iloilo", "barangay": "Rima-Rizal", "district": "City Proper", "municity": "Iloilo City", "province": "Iloilo", "facebook": null, "url": null, "logo": null }, "geometry": { "type": "Point", "coordinates": [ 122.565522, 10.691586 ] } },
{ "type": "Feature", "properties": { "name": "PHINMA University of Iloilo", "category": "Critical Facilities", "type": "Education", "contact_mobile": null, "contact_landline": "(033) 338 1071", "email": "info.ui@phinmaed.com", "address": "Rizal St, Iloilo City Proper, Iloilo City, 5000 Iloilo", "barangay": "Maria Clara", "district": "City Proper", "municity": "Iloilo City", "province": "Iloilo", "facebook": "https://www.facebook.com/phinmaui/", "url": "http://www.ui.phinma.edu.ph", "logo": "https://drive.google.com/uc?export=view&id=1-7JU1O6hEMfKcDf_8nDVQOgvdmhLaYWo" }, "geometry": { "type": "Point", "coordinates": [ 122.569594, 10.691919 ] } },
{ "type": "Feature", "properties": { "name": "Iloilo Sun Yat Sen High School", "category": "Critical Facilities", "type": "Education", "contact_mobile": null, "contact_landline": "(033) 335 1351", "email": "tiongsan@yahoo.com", "address": "MHVC+4CQ Iloilo Sun Yat Sen High School, Mapa St, Iloilo City Proper, Iloilo City, Iloilo", "barangay": "Maria Clara", "district": "City Proper", "municity": "Iloilo City", "province": "Iloilo", "facebook": "https://www.facebook.com/choosetiongsan/", "url": null, "logo": "https://drive.google.com/uc?export=view&id=1PWSVhZiHWfCrgjkL5nDy7rBuNfsqiVHs" }, "geometry": { "type": "Point", "coordinates": [ 122.57112, 10.692842 ] } },
{ "type": "Feature", "properties": { "name": "Santa Maria Parish - Iloilo", "category": "Critical Facilities", "type": "Faith-Based", "contact_mobile": "0966 497 8682", "contact_landline": "(033) 338 2245", "email": "stamariaparish@gmail.com", "address": "139 Gen. Blanco St, Iloilo City Proper, Iloilo City, 5000 Iloilo", "barangay": "Maria Clara", "district": "City Proper", "municity": "Iloilo City", "province": "Iloilo", "facebook": "https://www.facebook.com/OurLadyofChina/?_rdr", "url": null, "logo": null }, "geometry": { "type": "Point", "coordinates": [ 122.57045, 10.691287 ] } },
{ "type": "Feature", "properties": { "name": "DENR Land Management Offices (Bureau Of Lands)", "category": "Critical Facilities", "type": "Government", "contact_mobile": null, "contact_landline": null, "email": null, "address": "MHRH+44C DENR Land Management Offices (Bureau Of Lands), Iloilo City Proper, Iloilo City, Iloilo", "barangay": "Santo Rosario-Duran", "district": "City Proper", "municity": "Iloilo City", "province": "Iloilo", "facebook": null, "url": null, "logo": null }, "geometry": { "type": "Point", "coordinates": [ 122.577752, 10.690311 ] } },
{ "type": "Feature", "properties": { "name": "Brgy Sto. Rosario Duran Outpost", "category": "Critical Facilities", "type": "Government", "contact_mobile": null, "contact_landline": null, "email": null, "address": "MHRG+6RG Brgy Sto. Rosario Duran Outpost, Iloilo City Proper, Iloilo City, Iloilo", "barangay": "Santo Rosario-Duran", "district": "City Proper", "municity": "Iloilo City", "province": "Iloilo", "facebook": null, "url": null, "logo": null }, "geometry": { "type": "Point", "coordinates": [ 122.577081, 10.690554 ] } },
{ "type": "Feature", "properties": { "name": "Government Service Insurance System", "category": "Critical Facilities", "type": "Government", "contact_mobile": null, "contact_landline": "(033) 337 4308", "email": null, "address": "Government Service Insurance System, Plaza Libertad Zamora St, Iloilo City Proper, Iloilo City, 5000 Iloilo", "barangay": "Santo Rosario-Duran", "district": "City Proper", "municity": "Iloilo City", "province": "Iloilo", "facebook": null, "url": "https://www.gsis.gov.ph/", "logo": null }, "geometry": { "type": "Point", "coordinates": [ 122.574856, 10.692325 ] } },
{ "type": "Feature", "properties": { "name": "Sto. Rosario Barangay Hall and Evacuation Center", "category": "Critical Facilities", "type": "Multipurpose Hall", "contact_mobile": null, "contact_landline": null, "email": null, "address": "MHQH+R2Q Sto. Rosario Barangay Hall and Evacuation Center, Duran St, Iloilo City Proper, Iloilo City, Iloilo", "barangay": "Veterans Village", "district": "City Proper", "municity": "Iloilo City", "province": "Iloilo", "facebook": null, "url": null, "logo": null }, "geometry": { "type": "Point", "coordinates": [ 122.577617, 10.689583 ] } },
{ "type": "Feature", "properties": { "name": "Sto. Rosario Barangay Hall and Evacuation Center", "category": "Critical Facilities", "type": "Emergency Response", "contact_mobile": null, "contact_landline": null, "email": null, "address": "MHQH+R2Q Sto. Rosario Barangay Hall and Evacuation Center, Duran St, Iloilo City Proper, Iloilo City, Iloilo", "barangay": "Veterans Village", "district": "City Proper", "municity": "Iloilo City", "province": "Iloilo", "facebook": null, "url": null, "logo": null }, "geometry": { "type": "Point", "coordinates": [ 122.577617, 10.689583 ] } },
{ "type": "Feature", "properties": { "name": "Veterans Village Barangay Hall", "category": "Critical Facilities", "type": "Government", "contact_mobile": null, "contact_landline": null, "email": null, "address": "Veterans Village Barangay Hall, Iloilo City Proper, Iloilo City, Iloilo", "barangay": "Veterans Village", "district": "City Proper", "municity": "Iloilo City", "province": "Iloilo", "facebook": null, "url": null, "logo": null }, "geometry": { "type": "Point", "coordinates": [ 122.578636, 10.69176 ] } },
{ "type": "Feature", "properties": { "name": "Iloilo City Fire Station", "category": "Critical Facilities", "type": "Emergency Response", "contact_mobile": "0928 306 3403", "contact_landline": "(033) 500-5026", "email": "iloilo.opfm@gmail.com", "address": "Zone 7, Fort San Pedro Drive, Veterans Village, City Proper, Iloilo City, Philippines, 5000", "barangay": "Veterans Village", "district": "City Proper", "municity": "Iloilo City", "province": "Iloilo", "facebook": "https://www.facebook.com/bfpr6iloiloprovincialoffice/", "url": null, "logo": null }, "geometry": { "type": "Point", "coordinates": [ 122.581535, 10.689268 ] } },
{ "type": "Feature", "properties": { "name": "Philipine National Police - RD PRO 6", "category": "Critical Facilities", "type": "Emergency Response", "contact_mobile": "0998 598 6101", "contact_landline": "(033) 333 3906", "email": "prosix.olcims@gmail.com", "address": "Camp Martin Delgado, Fort San Pedro Drive, Iloilo City, 5000, Iloilo", "barangay": "Veterans Village", "district": "City Proper", "municity": "Iloilo City", "province": "Iloilo", "facebook": "https://www.facebook.com/officialfbpnpprosix/", "url": null, "logo": "https://drive.google.com/uc?export=view&id=1VFk7bic8618V2ye8FdBOdNja4Cx1cOIA" }, "geometry": { "type": "Point", "coordinates": [ 122.5806, 10.691172 ] } },
{ "type": "Feature", "properties": { "name": "Concepcion Barangay Hall", "category": "Critical Facilities", "type": "Government", "contact_mobile": null, "contact_landline": null, "email": null, "address": "MHVH+9QC Concepcion Barangay Hall, Duran St, Iloilo City Proper, Iloilo City, 5000 Iloilo", "barangay": "Concepcion-Montes", "district": "City Proper", "municity": "Iloilo City", "province": "Iloilo", "facebook": null, "url": null, "logo": null }, "geometry": { "type": "Point", "coordinates": [ 122.579403, 10.69345 ] } },
{ "type": "Feature", "properties": { "name": "General Hughes Barangay Hall", "category": "Critical Facilities", "type": "Government", "contact_mobile": null, "contact_landline": null, "email": null, "address": "MHQG+WH7 General Hughes Barangay Hall, General Hughes Street, Iloilo City Proper, Iloilo City, 5000 Iloilo", "barangay": "General Hughes-Montes", "district": "City Proper", "municity": "Iloilo City", "province": "Iloilo", "facebook": null, "url": null, "logo": null }, "geometry": { "type": "Point", "coordinates": [ 122.576416, 10.689783 ] } },
{ "type": "Feature", "properties": { "name": "Colegio del Sagrado Corazon de Jesus", "category": "Critical Facilities", "type": "Education", "contact_mobile": null, "contact_landline": "(033) 337 4654", "email": "admin@cscj.edu.ph", "address": "MHRG+73C General Hughes Street, City Proper, Iloilo City, 5000 Iloilo", "barangay": "General Hughes-Montes", "district": "City Proper", "municity": "Iloilo City", "province": "Iloilo", "facebook": "https://www.facebook.com/CSCJSACREDHEARTOFJESUS/", "url": "http://www.cscj.edu.ph", "logo": "https://drive.google.com/uc?export=view&id=1JuzERWeKhCdoW2KPZLsMhZ-eeSrPIUfh" }, "geometry": { "type": "Point", "coordinates": [ 122.575141, 10.690686 ] } },
{ "type": "Feature", "properties": { "name": "Ortiz Barangay Hall", "category": "Critical Facilities", "type": "Government", "contact_mobile": null, "contact_landline": "(033) 300 4417", "email": null, "address": "MHRC+MQR Ortiz Barangay Hall, Iloilo City Proper, Iloilo City, 5000 Iloilo", "barangay": "Ortiz", "district": "City Proper", "municity": "Iloilo City", "province": "Iloilo", "facebook": null, "url": null, "logo": null }, "geometry": { "type": "Point", "coordinates": [ 122.571887, 10.691731 ] } },
{ "type": "Feature", "properties": { "name": "Coast Guard Sub-Station Iloilo Fishing Port Complex", "category": "Critical Facilities", "type": "Emergency Response", "contact_mobile": null, "contact_landline": null, "email": null, "address": "Coast Guard Sub-Station Iloilo Fishing Port Complex, Baybay, Tanza, Iloilo City Proper, Iloilo City, Iloilo", "barangay": "Baybay Tanza", "district": "City Proper", "municity": "Iloilo City", "province": "Iloilo", "facebook": null, "url": null, "logo": "https://drive.google.com/uc?export=view&id=1ncpKUxh__FQx37lYAoXztmgIJqGE5IlM" }, "geometry": { "type": "Point", "coordinates": [ 122.559033, 10.688921 ] } },
{ "type": "Feature", "properties": { "name": "Philippine Coast Guard - CGCOP Batan", "category": "Critical Facilities", "type": "Emergency Response", "contact_mobile": null, "contact_landline": "(033) 396 2897", "email": null, "address": "MHQ4+Q8J Philippine Coast Guard - CGCOP Batan, Baybay, Tanza, Iloilo City, Iloilo, Iloilo City", "barangay": "Baybay Tanza", "district": "City Proper", "municity": "Iloilo City", "province": "Iloilo", "facebook": null, "url": null, "logo": "https://drive.google.com/uc?export=view&id=1ncpKUxh__FQx37lYAoXztmgIJqGE5IlM" }, "geometry": { "type": "Point", "coordinates": [ 122.555781, 10.689459 ] } },
{ "type": "Feature", "properties": { "name": "Bureau of Fisheries and Aquatic Resources", "category": "Critical Facilities", "type": "Government", "contact_mobile": null, "contact_landline": "(033) 320 8912", "email": "pfo.iloilo@bfar.da.gov.ph", "address": "MHQ4+X99 BUREAU OF FISHERIES AND AQUATIC RESOURCES, Iloilo City Proper, Iloilo City, Iloilo", "barangay": "Baybay Tanza", "district": "City Proper", "municity": "Iloilo City", "province": "Iloilo", "facebook": "https://www.facebook.com/bfar6.iloilo/", "url": "https://r6.bfar.da.gov.ph/", "logo": "https://drive.google.com/uc?export=view&id=1NAt2OfcWqxkJrxqj8wj2Kv9p6faYJBYi" }, "geometry": { "type": "Point", "coordinates": [ 122.555977, 10.689923 ] } },
{ "type": "Feature", "properties": { "name": "Philippine Fisheries Development Authority", "category": "Critical Facilities", "type": "Government", "contact_mobile": null, "contact_landline": "(033) 338 2008", "email": "opm_ifpc@pfda.gov.ph", "address": "MHR4+GG8 Philippine Fisheries Development Authority - Iloilo Fishport Complex, Iloilo City Proper, Iloilo City, Iloilo", "barangay": "Baybay Tanza", "district": "City Proper", "municity": "Iloilo City", "province": "Iloilo", "facebook": null, "url": null, "logo": "https://drive.google.com/uc?export=view&id=1OYZRNBwraTyfhDZnuTcQ-DouKUGvFnsZ" }, "geometry": { "type": "Point", "coordinates": [ 122.556323, 10.691282 ] } },
{ "type": "Feature", "properties": { "name": "Sipil Fish Stand", "category": "Critical Facilities", "type": "Public Market", "contact_mobile": "0994 242 3549", "contact_landline": null, "email": null, "address": "MHQ5+M6R Brgy, John Ace place, Iloilo City Proper, Iloilo City, 5000 Iloilo", "barangay": "Baybay Tanza", "district": "City Proper", "municity": "Iloilo City", "province": "Iloilo", "facebook": null, "url": null, "logo": null }, "geometry": { "type": "Point", "coordinates": [ 122.557353, 10.688784 ] } },
{ "type": "Feature", "properties": { "name": "Jaro Public Market", "category": "Critical Facilities", "type": "Public Market", "contact_mobile": null, "contact_landline": null, "email": null, "address": "PHC3+PWJ El 98 St, Jaro, Iloilo City, Iloilo", "barangay": "Desamparados", "district": "Jaro", "municity": "Iloilo City", "province": "Iloilo", "facebook": null, "url": null, "logo": null }, "geometry": { "type": "Point", "coordinates": [ 122.554774, 10.721829 ] } },
{ "type": "Feature", "properties": { "name": "San Vicente Baranggay Hall", "category": "Critical Facilities", "type": "Government", "contact_mobile": null, "contact_landline": null, "email": null, "address": "PH95+QH7 San Vicente Baranggay Hall, Jaro, Iloilo City, Iloilo", "barangay": "San Vicente", "district": "Jaro", "municity": "Iloilo City", "province": "Iloilo", "facebook": null, "url": null, "logo": null }, "geometry": { "type": "Point", "coordinates": [ 122.558907, 10.719408 ] } },
{ "type": "Feature", "properties": { "name": "PhilHealth- Robinsons Jaro", "category": "Critical Facilities", "type": "Government", "contact_mobile": null, "contact_landline": null, "email": null, "address": "PhilHealth- Robinsons Jaro, Ground Floor Robinsons Place Jaro- 5000, 425 E Lopez St, Jaro, Iloilo City, 5000 Iloilo", "barangay": "San Vicente", "district": "Jaro", "municity": "Iloilo City", "province": "Iloilo", "facebook": null, "url": null, "logo": "https://drive.google.com/uc?export=view&id=127YKugmAXg4w7XkiQIOw1bKKOSU5yvve" }, "geometry": { "type": "Point", "coordinates": [ 122.5584, 10.72101 ] } },
{ "type": "Feature", "properties": { "name": "DPWH Iloilo City Engineering District", "category": "Critical Facilities", "type": "Government", "contact_mobile": null, "contact_landline": "(033) 337 8387", "email": null, "address": "DPWH Iloilo City Engineering District, Mission Rd, Jaro, Iloilo City, Iloilo", "barangay": "Montinola", "district": "Jaro", "municity": "Iloilo City", "province": "Iloilo", "facebook": null, "url": "https://www.dpwh.gov.ph/dpwh/", "logo": null }, "geometry": { "type": "Point", "coordinates": [ 122.562128, 10.715082 ] } },
{ "type": "Feature", "properties": { "name": "Our Lady Of Lourdes Barangay Hall", "category": "Critical Facilities", "type": "Government", "contact_mobile": null, "contact_landline": null, "email": null, "address": "Our Lady of Lourdes Barangay Hall, 109 Magsaysay Rd, La Paz, Iloilo City, Iloilo", "barangay": "Our Lady Of Lourdes", "district": "Jaro", "municity": "Iloilo City", "province": "Iloilo", "facebook": null, "url": null, "logo": null }, "geometry": { "type": "Point", "coordinates": [ 122.557784, 10.713797 ] } },
{ "type": "Feature", "properties": { "name": "Barangay Hall, Brgy. San Jose", "category": "Critical Facilities", "type": "Government", "contact_mobile": null, "contact_landline": null, "email": null, "address": "PH87+P89 BARANGAY HALL, BRGY. SAN JOSE JARO ILOILO CITY, San Jose St, Jaro, Iloilo City, Iloilo", "barangay": "San Jose (Jaro)", "district": "Jaro", "municity": "Iloilo City", "province": "Iloilo", "facebook": null, "url": null, "logo": null }, "geometry": { "type": "Point", "coordinates": [ 122.563349, 10.716798 ] } },
{ "type": "Feature", "properties": { "name": "Javellana Barangay Hall", "category": "Critical Facilities", "type": "Government", "contact_mobile": null, "contact_landline": null, "email": null, "address": "PH97+GPM Javellana Barangay Hall, Javellana Ext. Rd, Jaro, Iloilo City, 5000 Iloilo", "barangay": "Javellana", "district": "Jaro", "municity": "Iloilo City", "province": "Iloilo", "facebook": null, "url": null, "logo": null }, "geometry": { "type": "Point", "coordinates": [ 122.564294, 10.718843 ] } },
{ "type": "Feature", "properties": { "name": "Fiber Industry Development Authority - Region VI", "category": "Critical Facilities", "type": "Government", "contact_mobile": null, "contact_landline": "(033) 321 7328", "email": null, "address": "Fiber Industry Development Authority - Region VI, 272 Commission Civil St, Jaro, Iloilo City, 5000 Iloilo", "barangay": "Our Lady Of Fatima", "district": "Jaro", "municity": "Iloilo City", "province": "Iloilo", "facebook": null, "url": null, "logo": null }, "geometry": { "type": "Point", "coordinates": [ 122.561497, 10.721207 ] } },
{ "type": "Feature", "properties": { "name": "Colegio de San Jose-Jaro", "category": "Critical Facilities", "type": "Education", "contact_mobile": null, "contact_landline": "(033) 3291595 / (033) 3296629", "email": "csj_jaro@yahoo.com", "address": "PHC6+C2W E Lopez St, Jaro, Iloilo City, 5000 Iloilo", "barangay": "Our Lady Of Fatima", "district": "Jaro", "municity": "Iloilo City", "province": "Iloilo", "facebook": "https://www.facebook.com/csj1872/", "url": "https://csj.edu.ph", "logo": "https://drive.google.com/uc?export=view&id=1lCdi5k5d3ygwnodzSwCRONL5IIAcU-lb" }, "geometry": { "type": "Point", "coordinates": [ 122.560076, 10.721119 ] } },
{ "type": "Feature", "properties": { "name": "La Paz SDA Elem Multigrade School", "category": "Critical Facilities", "type": "Education", "contact_mobile": null, "contact_landline": "(033) 508 3477", "email": null, "address": "La Paz SDA Elem Multigrade School, 5000 Mabini St, Jaro, Iloilo City, 5000 Iloilo", "barangay": "Our Lady Of Fatima", "district": "Jaro", "municity": "Iloilo City", "province": "Iloilo", "facebook": null, "url": null, "logo": null }, "geometry": { "type": "Point", "coordinates": [ 122.562821, 10.720379 ] } },
{ "type": "Feature", "properties": { "name": "Barangay Hall Brgy. Seminario", "category": "Critical Facilities", "type": "Government", "contact_mobile": null, "contact_landline": null, "email": null, "address": "PHC4+XJG Barangay Hall Brgy. Seminario, Seminario St, Jaro, Iloilo City, Iloilo", "barangay": "Seminario (Burgos Jalandoni)", "district": "Jaro", "municity": "Iloilo City", "province": "Iloilo", "facebook": null, "url": null, "logo": null }, "geometry": { "type": "Point", "coordinates": [ 122.556589, 10.722449 ] } },
{ "type": "Feature", "properties": { "name": "Pius XII College Iloilo", "category": "Critical Facilities", "type": "Education", "contact_mobile": null, "contact_landline": null, "email": "piusxiicollegeiloilo@gmail.com", "address": "PHF4+JC7 El 98 St, Jaro, Iloilo City, 5000 Iloilo", "barangay": "Seminario (Burgos Jalandoni)", "district": "Jaro", "municity": "Iloilo City", "province": "Iloilo", "facebook": "https://www.facebook.com/p/Pius-XII-College-Iloilo-61557970168783/", "url": null, "logo": null }, "geometry": { "type": "Point", "coordinates": [ 122.556038, 10.724027 ] } },
{ "type": "Feature", "properties": { "name": "St. Vincent Ferrer Seminary", "category": "Critical Facilities", "type": "Education", "contact_mobile": null, "contact_landline": "(033) 329 4734", "email": "svfs1869@yahoo.com", "address": "Jaro Cathedral Seminario St, Jaro, Iloilo City, 5000 Iloilo", "barangay": "Seminario (Burgos Jalandoni)", "district": "Jaro", "municity": "Iloilo City", "province": "Iloilo", "facebook": "https://www.facebook.com/p/St-Vincent-Ferrer-Seminary-100054410023631/", "url": "svfs1869.org", "logo": "https://drive.google.com/uc?export=view&id=1QcN9PLCb_CecuvLGUrm0s_fxQ4xV8yZS" }, "geometry": { "type": "Point", "coordinates": [ 122.557381, 10.721793 ] } },
{ "type": "Feature", "properties": { "name": "Jaro Metropolitan Cathedral of St. Elizabeth of Hungary & National Shrine of Our Lady of Candles", "category": "Critical Facilities", "type": "Faith-Based", "contact_mobile": null, "contact_landline": "(033) 329 1625", "email": "jarometropolitancathedral@gmail.com", "address": "PHF4+GH3, Jaro, Iloilo City, 5000 Iloilo", "barangay": "Seminario (Burgos Jalandoni)", "district": "Jaro", "municity": "Iloilo City", "province": "Iloilo", "facebook": "https://www.facebook.com/JaroCandelaria", "url": null, "logo": "https://drive.google.com/uc?export=view&id=1uT7t_nPPWgnN4_may4UfdvQf0Z0kFnhO" }, "geometry": { "type": "Point", "coordinates": [ 122.556419, 10.723761 ] } },
{ "type": "Feature", "properties": { "name": "Luna (Jaro) Barangay Hall", "category": "Critical Facilities", "type": "Government", "contact_mobile": "0926 781 3092", "contact_landline": null, "email": null, "address": "PHC5+VHW Luna (Jaro) Barangay Hall, Luna Street, Jaro, Iloilo City, 5000 Iloilo", "barangay": "Luna (Jaro)", "district": "Jaro", "municity": "Iloilo City", "province": "Iloilo", "facebook": null, "url": null, "logo": null }, "geometry": { "type": "Point", "coordinates": [ 122.55894, 10.72224 ] } },
{ "type": "Feature", "properties": { "name": "Iloilo City Police Station 3", "category": "Critical Facilities", "type": "Emergency Response", "contact_mobile": null, "contact_landline": "(033) 329 7958", "email": null, "address": "PHG5+84H Iloilo City Police Station 3, Jaro, Iloilo City, Iloilo", "barangay": "Benedicto (Jaro)", "district": "Jaro", "municity": "Iloilo City", "province": "Iloilo", "facebook": null, "url": null, "logo": null }, "geometry": { "type": "Point", "coordinates": [ 122.557846, 10.72582 ] } },
{ "type": "Feature", "properties": { "name": "Old Jaro Municipal Hall", "category": "Critical Facilities", "type": "Government", "contact_mobile": null, "contact_landline": null, "email": null, "address": "Old Jaro Municipal Hall, Jaro, Iloilo City, 5000 Iloilo", "barangay": "Benedicto (Jaro)", "district": "Jaro", "municity": "Iloilo City", "province": "Iloilo", "facebook": null, "url": null, "logo": null }, "geometry": { "type": "Point", "coordinates": [ 122.557527, 10.725515 ] } },
{ "type": "Feature", "properties": { "name": "Bureau of Fire Protection Jaro Fire Sub Station", "category": "Critical Facilities", "type": "Emergency Response", "contact_mobile": null, "contact_landline": null, "email": null, "address": "PHG5+537 BUREAU OF FIRE PROTECTION JARO FIRE SUB STATION, Plaza Rizal St, Jaro, Iloilo City, Iloilo", "barangay": "Benedicto (Jaro)", "district": "Jaro", "municity": "Iloilo City", "province": "Iloilo", "facebook": null, "url": null, "logo": null }, "geometry": { "type": "Point", "coordinates": [ 122.55767, 10.725425 ] } },
{ "type": "Feature", "properties": { "name": "City Social Welfare And Development Office - CSWDO", "category": "Critical Facilities", "type": "Government", "contact_mobile": null, "contact_landline": null, "email": null, "address": "City Social Welfare And Development Office - CSWDO, Jaro Plaza, Jaro, Iloilo City, 5000 Iloilo", "barangay": "Benedicto (Jaro)", "district": "Jaro", "municity": "Iloilo City", "province": "Iloilo", "facebook": null, "url": null, "logo": null }, "geometry": { "type": "Point", "coordinates": [ 122.557715, 10.724315 ] } },
{ "type": "Feature", "properties": { "name": "Buhay Bulilit Day Care Center", "category": "Critical Facilities", "type": "Education", "contact_mobile": null, "contact_landline": null, "email": null, "address": "PHG5+95R Bahay Bulilit Day Care Center, Washington St, Jaro, Iloilo City, 5000 Iloilo", "barangay": "Benedicto (Jaro)", "district": "Jaro", "municity": "Iloilo City", "province": "Iloilo", "facebook": null, "url": null, "logo": null }, "geometry": { "type": "Point", "coordinates": [ 122.557895, 10.72598 ] } },
{ "type": "Feature", "properties": { "name": "Graciano Lopez Jaena Park", "category": "Critical Facilities", "type": "Parks and Open Space", "contact_mobile": null, "contact_landline": null, "email": null, "address": "PHF4+VRJ, Jaro, Iloilo City, Iloilo", "barangay": "Benedicto (Jaro)", "district": "Jaro", "municity": "Iloilo City", "province": "Iloilo", "facebook": null, "url": null, "logo": null }, "geometry": { "type": "Point", "coordinates": [ 122.557013, 10.724716 ] } },
{ "type": "Feature", "properties": { "name": "Jaro Plaza", "category": "Critical Facilities", "type": "Parks and Open Space", "contact_mobile": null, "contact_landline": null, "email": null, "address": "Plaza Rizal St, Jaro, Iloilo City, 5000 Iloilo", "barangay": "Benedicto (Jaro)", "district": "Jaro", "municity": "Iloilo City", "province": "Iloilo", "facebook": null, "url": null, "logo": null }, "geometry": { "type": "Point", "coordinates": [ 122.557345, 10.724444 ] } },
{ "type": "Feature", "properties": { "name": "MH Del Pilar Barangay Hall", "category": "Critical Facilities", "type": "Government", "contact_mobile": null, "contact_landline": null, "email": null, "address": "PHG8+Q46 MH Del Pilar Barangay Hall, Jaro, Iloilo City, Iloilo", "barangay": "Marcelo H. del Pilar", "district": "Jaro", "municity": "Iloilo City", "province": "Iloilo", "facebook": null, "url": null, "logo": null }, "geometry": { "type": "Point", "coordinates": [ 122.565267, 10.726905 ] } },
{ "type": "Feature", "properties": { "name": "Brgy. MH del Pilar Multi-purpose Building", "category": "Critical Facilities", "type": "Government", "contact_mobile": null, "contact_landline": null, "email": null, "address": "Brgy. MH del Pilar Multi-purpose Building, Brgy, Don Francisco Village, Dama de Noche Street, M.H. Del Pilar St, Jaro, Iloilo City", "barangay": "Marcelo H. del Pilar", "district": "Jaro", "municity": "Iloilo City", "province": "Iloilo", "facebook": null, "url": null, "logo": null }, "geometry": { "type": "Point", "coordinates": [ 122.564896, 10.725699 ] } },
{ "type": "Feature", "properties": { "name": "Lov Children's Learning Center", "category": "Critical Facilities", "type": "Education", "contact_mobile": "0961 082 2925", "contact_landline": null, "email": "lovclci2000@gmail.com", "address": "PHG8+73G Lov Children's Learning Center, Dama de Noche, Lapuz, Iloilo City, 5000 Iloilo", "barangay": "Marcelo H. del Pilar", "district": "Jaro", "municity": "Iloilo City", "province": "Iloilo", "facebook": "https://www.facebook.com/lovclci/", "url": null, "logo": "https://drive.google.com/uc?export=view&id=1uXa-SvRkaNYiau4GlLzGHsVo14UjT7B4" }, "geometry": { "type": "Point", "coordinates": [ 122.565218, 10.725684 ] } },
{ "type": "Feature", "properties": { "name": "Iglesia Ni Cristo - Lokal Ng Jaro [Iloilo South]", "category": "Critical Facilities", "type": "Faith-Based", "contact_mobile": null, "contact_landline": null, "email": null, "address": "44 Cuartero St, Jaro, Iloilo City, Iloilo", "barangay": "Libertad, Santa Isabel", "district": "Jaro", "municity": "Iloilo City", "province": "Iloilo", "facebook": null, "url": "https://iglesianicristo.net/", "logo": null }, "geometry": { "type": "Point", "coordinates": [ 122.554928, 10.724361 ] } },
{ "type": "Feature", "properties": { "name": "Brgy.Ma.Christina Barangay Hall", "category": "Critical Facilities", "type": "Government", "contact_mobile": null, "contact_landline": null, "email": null, "address": "PHH4+J9M BRGY.MA.CHRISTINA barangay hall, Democracia St, Jaro, Iloilo City, Iloilo", "barangay": "Maria Cristina", "district": "Jaro", "municity": "Iloilo City", "province": "Iloilo", "facebook": null, "url": null, "logo": null }, "geometry": { "type": "Point", "coordinates": [ 122.555916, 10.729092 ] } },
{ "type": "Feature", "properties": { "name": "Commission on Election @ Region VI - Iloilo", "category": "Critical Facilities", "type": "Government", "contact_mobile": null, "contact_landline": "(033) 320 6499", "email": null, "address": "PHF5+6HG Commission on Election @ Region VI - Iloilo, 12 Washington St, Jaro, Iloilo City, 5000 Iloilo", "barangay": "Democracia", "district": "Jaro", "municity": "Iloilo City", "province": "Iloilo", "facebook": null, "url": null, "logo": null }, "geometry": { "type": "Point", "coordinates": [ 122.557555, 10.726433 ] } },
{ "type": "Feature", "properties": { "name": "San Roque Baranggay Hall", "category": "Critical Facilities", "type": "Government", "contact_mobile": null, "contact_landline": null, "email": null, "address": "PHJ3+9HG San Roque Baranggay Hall, Jaro, Iloilo City, Iloilo", "barangay": "San Roque", "district": "Jaro", "municity": "Iloilo City", "province": "Iloilo", "facebook": null, "url": null, "logo": null }, "geometry": { "type": "Point", "coordinates": [ 122.553944, 10.730939 ] } },
{ "type": "Feature", "properties": { "name": "Simon Ledesma Barangay Hall", "category": "Critical Facilities", "type": "Government", "contact_mobile": null, "contact_landline": null, "email": null, "address": "PHH4+JW3 Simon Ledesma Barangay Hall, Jaro, Iloilo City, 5000 Iloilo", "barangay": "Simon Ledesma", "district": "Jaro", "municity": "Iloilo City", "province": "Iloilo", "facebook": null, "url": null, "logo": null }, "geometry": { "type": "Point", "coordinates": [ 122.557303, 10.729023 ] } },
{ "type": "Feature", "properties": { "name": "Jaro National High School", "category": "Critical Facilities", "type": "Education", "contact_mobile": null, "contact_landline": null, "email": null, "address": "Jaro National High School, 32 Fajardo St, Jaro, Iloilo City, Iloilo", "barangay": "Cuartero", "district": "Jaro", "municity": "Iloilo City", "province": "Iloilo", "facebook": "https://www.facebook.com/jaronationalhighschool2.0/", "url": "https://jaronhs.blogspot.com/", "logo": "https://drive.google.com/uc?export=view&id=1kaySpy3r6tdkYnvWeCiWt1x53wK58tSo" }, "geometry": { "type": "Point", "coordinates": [ 122.553655, 10.723234 ] } },
{ "type": "Feature", "properties": { "name": "Barangay Hall Cubay", "category": "Critical Facilities", "type": "Government", "contact_mobile": null, "contact_landline": null, "email": null, "address": "PHH7+PR8 Barangay Hall Cubay, Jaro Iloilo City, Sitio Irrigation, Jaro, Iloilo City, Iloilo", "barangay": "Cubay", "district": "Jaro", "municity": "Iloilo City", "province": "Iloilo", "facebook": null, "url": null, "logo": null }, "geometry": { "type": "Point", "coordinates": [ 122.564573, 10.729276 ] } },
{ "type": "Feature", "properties": { "name": "Tanod Out Post", "category": "Critical Facilities", "type": "Emergency Response", "contact_mobile": null, "contact_landline": null, "email": null, "address": "PHJ7+RR2 Tanod Out Post, Apitong St, Jaro, Iloilo City, Iloilo", "barangay": "Cubay", "district": "Jaro", "municity": "Iloilo City", "province": "Iloilo", "facebook": null, "url": null, "logo": null }, "geometry": { "type": "Point", "coordinates": [ 122.564526, 10.73201 ] } },
{ "type": "Feature", "properties": { "name": "St. Joseph Regional Seminary Graduate School of Theology", "category": "Critical Facilities", "type": "Education", "contact_mobile": null, "contact_landline": "(033) 329 0020", "email": "sjrs_iloilo@yahoo.com", "address": "Saint Joseph Seminary, Jaro, Iloilo City, Iloilo", "barangay": "Cubay", "district": "Jaro", "municity": "Iloilo City", "province": "Iloilo", "facebook": "https://www.facebook.com/sjrs1976/", "url": null, "logo": "https://drive.google.com/uc?export=view&id=1PqM_le-KRI38mZ16JxsejkCbW8MZ91Sa" }, "geometry": { "type": "Point", "coordinates": [ 122.567146, 10.731429 ] } },
{ "type": "Feature", "properties": { "name": "Toto Talipapa", "category": "Critical Facilities", "type": "Public Market", "contact_mobile": null, "contact_landline": null, "email": null, "address": "PHJ6+6WM, Jaro, Iloilo City, Iloilo", "barangay": "Cubay", "district": "Jaro", "municity": "Iloilo City", "province": "Iloilo", "facebook": null, "url": null, "logo": null }, "geometry": { "type": "Point", "coordinates": [ 122.562311, 10.7306 ] } },
{ "type": "Feature", "properties": { "name": "Tabuc Suba Uswag Gym (Multi-Purpose Hall)", "category": "Critical Facilities", "type": "Multipurpose Hall", "contact_mobile": null, "contact_landline": null, "email": null, "address": "PHJ4+WCJ Tabuc Suba Uswag Gym (Multi-Purpose Hall), Jaro, Iloilo City, 5000 Iloilo", "barangay": "Tabuc Suba (Jaro)", "district": "Jaro", "municity": "Iloilo City", "province": "Iloilo", "facebook": null, "url": null, "logo": null }, "geometry": { "type": "Point", "coordinates": [ 122.556055, 10.732303 ] } },
{ "type": "Feature", "properties": { "name": "AMA Computer College-Iloilo", "category": "Critical Facilities", "type": "Education", "contact_mobile": null, "contact_landline": "(033)5111946 / (033) 323 5910", "email": null, "address": "PHJ5+RV Iloilo City, Iloilo", "barangay": "Tabuc Suba (Jaro)", "district": "Jaro", "municity": "Iloilo City", "province": "Iloilo", "facebook": "https://www.facebook.com/AMACCIloilo/", "url": "http://www.amaes.edu.ph", "logo": "https://drive.google.com/uc?export=view&id=1arZ-xPBBidTKz3TwP7Jj9hQE9XosQLg5" }, "geometry": { "type": "Point", "coordinates": [ 122.559629, 10.732103 ] } },
{ "type": "Feature", "properties": { "name": "Solomon Integrated School de Iloilo", "category": "Critical Facilities", "type": "Education", "contact_mobile": null, "contact_landline": "(033) 329 0972", "email": "sisdeisolomon@gmail.com", "address": "PHM5+PX4 Solomon Integrated School De Iloilo, Jaro, Iloilo City, Iloilo", "barangay": "Tabuc Suba (Jaro)", "district": "Jaro", "municity": "Iloilo City", "province": "Iloilo", "facebook": "https://www.facebook.com/solomonschooldeiloilo/", "url": "http://solomonintegratedschool.com/", "logo": "https://drive.google.com/uc?export=view&id=1MpcOXbuCpWgpvkPwrEOJetV5rv3YrGID" }, "geometry": { "type": "Point", "coordinates": [ 122.559948, 10.734267 ] } },
{ "type": "Feature", "properties": { "name": "Judith Lazarraga Tiongco Mem. School", "category": "Critical Facilities", "type": "Education", "contact_mobile": null, "contact_landline": "(033) 320 6079", "email": "judithlazarragationgcoms@gmail.com", "address": "PHM3+8M6 JUDITH LAZARRAGA TIONGCO MEM. SCHOOL, Jaro, Iloilo City, Iloilo", "barangay": "Tabuc Suba (Jaro)", "district": "Jaro", "municity": "Iloilo City", "province": "Iloilo", "facebook": "https://www.facebook.com/jltms/", "url": null, "logo": "https://drive.google.com/uc?export=view&id=1m-85KU3Udc35AP9JS02x4BHt2Kfm8nNG" }, "geometry": { "type": "Point", "coordinates": [ 122.554154, 10.733297 ] } },
{ "type": "Feature", "properties": { "name": "Angelicum School", "category": "Critical Facilities", "type": "Education", "contact_mobile": "63 9618075984", "contact_landline": "(033) 329 0007", "email": "principal@angelicum.edu.ph", "address": "Angelicum School, Angelicum School R4, Jaro, Iloilo City, 5000 Iloilo", "barangay": "Tabuc Suba (Jaro)", "district": "Jaro", "municity": "Iloilo City", "province": "Iloilo", "facebook": "https://www.facebook.com/angelicumschooliloilocity/", "url": "https://www.angelicum.edu.ph/", "logo": "https://drive.google.com/uc?export=view&id=1NgJlEwsoifTOnGNaB4x7rRb1tfoAbMCE" }, "geometry": { "type": "Point", "coordinates": [ 122.559211, 10.731996 ] } },
{ "type": "Feature", "properties": { "name": "Inner Genius Montessori School", "category": "Critical Facilities", "type": "Education", "contact_mobile": null, "contact_landline": "(033) 320 6870", "email": "igmsiloilo@gmail.com", "address": "INNER GENIUS MONTESSORI SCHOOL, Villa Lizares, R4, Jaro, Iloilo City, 5000 Iloilo", "barangay": "Tabuc Suba (Jaro)", "district": "Jaro", "municity": "Iloilo City", "province": "Iloilo", "facebook": "https://www.facebook.com/innergeniusmontessori/", "url": "https://iloilogenius.weebly.com/", "logo": "https://drive.google.com/uc?export=view&id=1DpQ9UbSwG3htaMcDl9UJsoN1br2m5zZ-" }, "geometry": { "type": "Point", "coordinates": [ 122.55779, 10.732191 ] } },
{ "type": "Feature", "properties": { "name": "Brgy. Quintin Salas, Barangay Hall", "category": "Critical Facilities", "type": "Government", "contact_mobile": null, "contact_landline": null, "email": null, "address": "PHR7+GHR Brgy. Quintin Salas, Barangay Hall, Iloilo East Coast - Capiz Rd, Jaro, Iloilo City, Iloilo", "barangay": "Quintin Salas", "district": "Jaro", "municity": "Iloilo City", "province": "Iloilo", "facebook": null, "url": null, "logo": null }, "geometry": { "type": "Point", "coordinates": [ 122.5639, 10.741365 ] } },
{ "type": "Feature", "properties": { "name": "Land Transportation Office Region VI", "category": "Critical Facilities", "type": "Government", "contact_mobile": null, "contact_landline": "(033) 487 2627", "email": null, "address": "LAND TRANSPORTATION OFFICE REGION VI, MacArthur Highway, Jaro, Iloilo City, Iloilo", "barangay": "Quintin Salas", "district": "Jaro", "municity": "Iloilo City", "province": "Iloilo", "facebook": null, "url": null, "logo": null }, "geometry": { "type": "Point", "coordinates": [ 122.561932, 10.738405 ] } },
{ "type": "Feature", "properties": { "name": "National Food Authority Regional Office VI", "category": "Critical Facilities", "type": "Government", "contact_mobile": null, "contact_landline": "(033) 329 7535", "email": null, "address": "National Food Authority Regional Office VI, NFA Administration Building, 4053 Quintin Salas St, Jaro, Iloilo City, 5000 Iloilo", "barangay": "Quintin Salas", "district": "Jaro", "municity": "Iloilo City", "province": "Iloilo", "facebook": null, "url": null, "logo": null }, "geometry": { "type": "Point", "coordinates": [ 122.562635, 10.740357 ] } },
{ "type": "Feature", "properties": { "name": "National Telecommunications Commission", "category": "Critical Facilities", "type": "Telecommunication", "contact_mobile": null, "contact_landline": "(033) 508 5353", "email": null, "address": "PHQ6+FWG, R4, Jaro, Iloilo City, 5000 Iloilo", "barangay": "Quintin Salas", "district": "Jaro", "municity": "Iloilo City", "province": "Iloilo", "facebook": null, "url": null, "logo": null }, "geometry": { "type": "Point", "coordinates": [ 122.562341, 10.738693 ] } },
{ "type": "Feature", "properties": { "name": "Buhang Barangay Hall", "category": "Critical Facilities", "type": "Government", "contact_mobile": null, "contact_landline": null, "email": null, "address": "Buhang Barangay Hall, Brgy, Jaro, Iloilo City, 5000 Iloilo", "barangay": "Buhang", "district": "Jaro", "municity": "Iloilo City", "province": "Iloilo", "facebook": null, "url": null, "logo": null }, "geometry": { "type": "Point", "coordinates": [ 122.566522, 10.74948 ] } },
{ "type": "Feature", "properties": { "name": "Globe Cellsite", "category": "Critical Facilities", "type": "Telecommunication", "contact_mobile": null, "contact_landline": null, "email": null, "address": "QH2C+G9F, Jaro, Iloilo City, Iloilo", "barangay": "Buhang", "district": "Jaro", "municity": "Iloilo City", "province": "Iloilo", "facebook": null, "url": null, "logo": null }, "geometry": { "type": "Point", "coordinates": [ 122.570915, 10.751306 ] } },
{ "type": "Feature", "properties": { "name": "Bureau of Fire Protection RHQ 6", "category": "Critical Facilities", "type": "Emergency Response", "contact_mobile": null, "contact_landline": "(033) 337 6918", "email": null, "address": "PHQ8+VJX Bureau of Fire Protection RHQ 6, 4th Main Ave, Jaro, Iloilo City, Iloilo", "barangay": "M. V. Hechanova", "district": "Jaro", "municity": "Iloilo City", "province": "Iloilo", "facebook": null, "url": null, "logo": null }, "geometry": { "type": "Point", "coordinates": [ 122.566613, 10.739734 ] } },
{ "type": "Feature", "properties": { "name": "M. V. Hechanova Barangay Hall", "category": "Critical Facilities", "type": "Government", "contact_mobile": null, "contact_landline": "(033) 329 2761", "email": null, "address": "PHW7+XMC M. V. Hechanova Barangay Hall, Jaro, Iloilo City, 5000 Iloilo", "barangay": "M. V. Hechanova", "district": "Jaro", "municity": "Iloilo City", "province": "Iloilo", "facebook": null, "url": null, "logo": null }, "geometry": { "type": "Point", "coordinates": [ 122.564128, 10.747428 ] } },
{ "type": "Feature", "properties": { "name": "Balantang Barangay Hall", "category": "Critical Facilities", "type": "Government", "contact_mobile": "0909 889 1817", "contact_landline": null, "email": null, "address": "QH4F+GMH Balantang Barangay Hall, Iloilo East Coast - Capiz Rd, Jaro, Iloilo City, Iloilo", "barangay": "Balantang", "district": "Jaro", "municity": "Iloilo City", "province": "Iloilo", "facebook": null, "url": null, "logo": null }, "geometry": { "type": "Point", "coordinates": [ 122.574234, 10.756313 ] } },
{ "type": "Feature", "properties": { "name": "Community Police Assistance Center", "category": "Critical Facilities", "type": "Emergency Response", "contact_mobile": null, "contact_landline": null, "email": null, "address": "QH4F+GH4 Balantang Police Sub-station, Jaro, Iloilo City, Iloilo", "barangay": "Balantang", "district": "Jaro", "municity": "Iloilo City", "province": "Iloilo", "facebook": null, "url": null, "logo": null }, "geometry": { "type": "Point", "coordinates": [ 122.573951, 10.756265 ] } },
{ "type": "Feature", "properties": { "name": "Department of Agrarian Reform Regional Office 6", "category": "Critical Facilities", "type": "Government", "contact_mobile": null, "contact_landline": "(033) 320 8086", "email": null, "address": "QH3F+945 Department of Agrarian Reform Regional Office 6, Jaro, Iloilo City, Iloilo", "barangay": "Balantang", "district": "Jaro", "municity": "Iloilo City", "province": "Iloilo", "facebook": null, "url": null, "logo": null }, "geometry": { "type": "Point", "coordinates": [ 122.572869, 10.753381 ] } },
{ "type": "Feature", "properties": { "name": "Iloilo Sacred Heart School", "category": "Critical Facilities", "type": "Education", "contact_mobile": null, "contact_landline": "(033) 323 5157", "email": "sacredh02@gmail.com", "address": "ILOILO SACRED HEART SCHOOL, 3rd Street Lawaan Village, Balantang, 3rd St, Jaro, Iloilo City (Capital), Iloilo", "barangay": "Balantang", "district": "Jaro", "municity": "Iloilo City", "province": "Iloilo", "facebook": "https://www.facebook.com/p/Iloilo-Sacred-Heart-School-Inc-100070278131882/", "url": null, "logo": "https://drive.google.com/uc?export=view&id=1beLDtREj6xizwl94s1B5ffNxsfhb1DHt" }, "geometry": { "type": "Point", "coordinates": [ 122.573999, 10.753017 ] } },
{ "type": "Feature", "properties": { "name": "Juan Imperyo Talipapa", "category": "Critical Facilities", "type": "Public Market", "contact_mobile": null, "contact_landline": null, "email": null, "address": "QH4F+9HF, Jaro, Iloilo City, Iloilo", "barangay": "Balantang", "district": "Jaro", "municity": "Iloilo City", "province": "Iloilo", "facebook": null, "url": null, "logo": null }, "geometry": { "type": "Point", "coordinates": [ 122.573936, 10.75593 ] } },
{ "type": "Feature", "properties": { "name": "Iloilo Memorial Park", "category": "Critical Facilities", "type": "Parks and Open Space", "contact_mobile": null, "contact_landline": "(033) 335 0160", "email": null, "address": "QH6F+JCH, Jaro, Iloilo City, 5000 Iloilo", "barangay": "Balantang", "district": "Jaro", "municity": "Iloilo City", "province": "Iloilo", "facebook": null, "url": null, "logo": null }, "geometry": { "type": "Point", "coordinates": [ 122.573619, 10.761551 ] } },
{ "type": "Feature", "properties": { "name": "Brgy Camalig, Barangay Hall", "category": "Critical Facilities", "type": "Government", "contact_mobile": null, "contact_landline": null, "email": null, "address": "QH4C+JGJ Brgy Camalig, Barangay Hall, Brgy, Jaro", "barangay": "Camalig", "district": "Jaro", "municity": "Iloilo City", "province": "Iloilo", "facebook": null, "url": null, "logo": null }, "geometry": { "type": "Point", "coordinates": [ 122.571253, 10.756579 ] } },
{ "type": "Feature", "properties": { "name": "Brgy. Camalig Day Care Center", "category": "Critical Facilities", "type": "Education", "contact_mobile": null, "contact_landline": null, "email": null, "address": "QH4C+GC3 Brgy. Camalig Day Care Center, Jaro, Iloilo City, Iloilo", "barangay": "Camalig", "district": "Jaro", "municity": "Iloilo City", "province": "Iloilo", "facebook": null, "url": null, "logo": null }, "geometry": { "type": "Point", "coordinates": [ 122.571059, 10.756264 ] } },
{ "type": "Feature", "properties": { "name": "Fajardo Barangay Hall", "category": "Critical Facilities", "type": "Government", "contact_mobile": null, "contact_landline": null, "email": null, "address": "PHG3+FMQ Fajardo Barangay Hall, Fajardo St, Jaro, Iloilo City, 5000 Iloilo", "barangay": "Fajardo", "district": "Jaro", "municity": "Iloilo City", "province": "Iloilo", "facebook": null, "url": null, "logo": null }, "geometry": { "type": "Point", "coordinates": [ 122.554221, 10.726215 ] } },
{ "type": "Feature", "properties": { "name": "Fgcc Iloilo", "category": "Critical Facilities", "type": "Faith-Based", "contact_mobile": null, "contact_landline": null, "email": null, "address": "6 Fajardo St, Jaro, Iloilo City, Iloilo", "barangay": "Fajardo", "district": "Jaro", "municity": "Iloilo City", "province": "Iloilo", "facebook": null, "url": "https://fgccph.com/", "logo": null }, "geometry": { "type": "Point", "coordinates": [ 122.554508, 10.726453 ] } },
{ "type": "Feature", "properties": { "name": "Barangay Hall", "category": "Critical Facilities", "type": "Government", "contact_mobile": null, "contact_landline": null, "email": null, "address": "PHJ3+P43 Barangay Hall, Sto. Domingo St, Brgy. Lopez Jaena, Jaro, Iloilo City, 5000 Iloilo", "barangay": "Lopez Jaena (Jaro)", "district": "Jaro", "municity": "Iloilo City", "province": "Iloilo", "facebook": null, "url": null, "logo": null }, "geometry": { "type": "Point", "coordinates": [ 122.552797, 10.731753 ] } },
{ "type": "Feature", "properties": { "name": "Sangguniang Kabata Barangay Arguelles", "category": "Critical Facilities", "type": "Government", "contact_mobile": null, "contact_landline": null, "email": null, "address": "PHH3+2F9 Sangguniang Kabata Barangay Arguelles, Jaro, Iloilo City, Iloilo", "barangay": "Arguelles", "district": "Jaro", "municity": "Iloilo City", "province": "Iloilo", "facebook": null, "url": null, "logo": null }, "geometry": { "type": "Point", "coordinates": [ 122.553745, 10.727545 ] } },
{ "type": "Feature", "properties": { "name": "Brgy. Arguelles Jaro Tanod Outpost", "category": "Critical Facilities", "type": "Emergency Response", "contact_mobile": null, "contact_landline": null, "email": null, "address": "PHG3+WCW Brgy. Arguelles Jaro Tanod Outpost, Jaro, Iloilo City, 5000 Iloilo", "barangay": "Arguelles", "district": "Jaro", "municity": "Iloilo City", "province": "Iloilo", "facebook": null, "url": null, "logo": null }, "geometry": { "type": "Point", "coordinates": [ 122.553594, 10.727367 ] } },
{ "type": "Feature", "properties": { "name": "Arguelles Barangay Hall", "category": "Critical Facilities", "type": "Government", "contact_mobile": "0921 993 2601", "contact_landline": null, "email": null, "address": "Arguelles St., Iloilo City, Philippines", "barangay": "Arguelles", "district": "Jaro", "municity": "Iloilo City", "province": "Iloilo", "facebook": null, "url": null, "logo": null }, "geometry": { "type": "Point", "coordinates": [ 122.554243, 10.727618 ] } },
{ "type": "Feature", "properties": { "name": "The Growing Tree Learning Cneter", "category": "Critical Facilities", "type": "Education", "contact_mobile": null, "contact_landline": null, "email": null, "address": "The Growing Tree Learning Center, CBC Compound, Fajardo St, Jaro, Iloilo City, 5000 Iloilo", "barangay": "Arguelles", "district": "Jaro", "municity": "Iloilo City", "province": "Iloilo", "facebook": null, "url": null, "logo": null }, "geometry": { "type": "Point", "coordinates": [ 122.554939, 10.727328 ] } },
{ "type": "Feature", "properties": { "name": "San Isidro (Jaro) Barangay Hall", "category": "Critical Facilities", "type": "Government", "contact_mobile": null, "contact_landline": null, "email": null, "address": "PGPW+C9X San Isidro (Jaro) Barangay Hall, Jaro, Iloilo City, 5000 Iloilo", "barangay": "San Isidro (Jaro)", "district": "Jaro", "municity": "Iloilo City", "province": "Iloilo", "facebook": null, "url": null, "logo": null }, "geometry": { "type": "Point", "coordinates": [ 122.54599, 10.73611 ] } },
{ "type": "Feature", "properties": { "name": "San Isidro (Jaro) Multi-purpose Building", "category": "Critical Facilities", "type": "Multipurpose Hall", "contact_mobile": null, "contact_landline": null, "email": null, "address": "PGPX+JPQ San Isidro (Jaro) Multi-purpose Building, Jaro, Iloilo City, Iloilo", "barangay": "San Isidro (Jaro)", "district": "Jaro", "municity": "Iloilo City", "province": "Iloilo", "facebook": null, "url": null, "logo": null }, "geometry": { "type": "Point", "coordinates": [ 122.549296, 10.736414 ] } },
{ "type": "Feature", "properties": { "name": "Barangay San Isidro Evacuation Center", "category": "Critical Facilities", "type": "Emergency Response", "contact_mobile": null, "contact_landline": null, "email": null, "address": "Brgy, Jaro, Iloilo City, 5000 Iloilo", "barangay": "San Isidro (Jaro)", "district": "Jaro", "municity": "Iloilo City", "province": "Iloilo", "facebook": null, "url": null, "logo": null }, "geometry": { "type": "Point", "coordinates": [ 122.545895, 10.736219 ] } },
{ "type": "Feature", "properties": { "name": "Integrated Midwives Association of the Philippines Foundation School of Midwifery", "category": "Critical Facilities", "type": "Education", "contact_mobile": null, "contact_landline": "(033) 329 7455", "email": "imapburgos@yahoo.com", "address": "129 Lopez Jaena St, Jaro, Iloilo City, 5000 Iloilo", "barangay": "San Isidro (Jaro)", "district": "Jaro", "municity": "Iloilo City", "province": "Iloilo", "facebook": "https://www.facebook.com/ImapSchoolIloilo", "url": null, "logo": "https://drive.google.com/uc?export=view&id=1XYdQxGvPTGL9NT-vgO6LWNFqtf77Xbi-" }, "geometry": { "type": "Point", "coordinates": [ 122.547948, 10.73413 ] } },
{ "type": "Feature", "properties": { "name": "Kid's Nook Integrated School", "category": "Critical Facilities", "type": "Education", "contact_mobile": "0956 316 6634", "contact_landline": null, "email": null, "address": "KID'S NOOK INTEGRATED SCHOOL, 151 Lopez Jaena St, Jaro, Iloilo City, 5000 Iloilo", "barangay": "San Isidro (Jaro)", "district": "Jaro", "municity": "Iloilo City", "province": "Iloilo", "facebook": null, "url": null, "logo": null }, "geometry": { "type": "Point", "coordinates": [ 122.546369, 10.735198 ] } },
{ "type": "Feature", "properties": { "name": "St. Joseph The Worker Parish Church", "category": "Critical Facilities", "type": "Faith-Based", "contact_mobile": null, "contact_landline": "(033) 320 4859", "email": null, "address": "Lopez Jaena St, Jaro, Iloilo City, Iloilo", "barangay": "San Isidro (Jaro)", "district": "Jaro", "municity": "Iloilo City", "province": "Iloilo", "facebook": null, "url": null, "logo": null }, "geometry": { "type": "Point", "coordinates": [ 122.546677, 10.734746 ] } },
{ "type": "Feature", "properties": { "name": "Dungon-B Barangay Hall", "category": "Critical Facilities", "type": "Government", "contact_mobile": null, "contact_landline": null, "email": null, "address": "Dungon B, Dungon-B Barangay Hall, Jaro, Iloilo City, Iloilo", "barangay": "Dungon B", "district": "Jaro", "municity": "Iloilo City", "province": "Iloilo", "facebook": null, "url": null, "logo": null }, "geometry": { "type": "Point", "coordinates": [ 122.544345, 10.72995 ] } },
{ "type": "Feature", "properties": { "name": "Tanod Outpost Brgy. Dungon B", "category": "Critical Facilities", "type": "Emergency Response", "contact_mobile": null, "contact_landline": null, "email": null, "address": "PGHV+XV9 Tanod Outpost Brgy. Dungon B, Brgy, Diversion Rd, Jaro, Iloilo City, 5000 Iloilo", "barangay": "Dungon B", "district": "Jaro", "municity": "Iloilo City", "province": "Iloilo", "facebook": null, "url": null, "logo": null }, "geometry": { "type": "Point", "coordinates": [ 122.544722, 10.729915 ] } },
{ "type": "Feature", "properties": { "name": "Sambag Community Police Assistance Center/Police Station 3", "category": "Critical Facilities", "type": "Emergency Response", "contact_mobile": null, "contact_landline": null, "email": null, "address": "PGRQ+QQQ Sambag Community Police Assistance Center, Lopez Jaena St, Jaro, Iloilo City, Iloilo", "barangay": "Sambag", "district": "Jaro", "municity": "Iloilo City", "province": "Iloilo", "facebook": null, "url": null, "logo": null }, "geometry": { "type": "Point", "coordinates": [ 122.53948, 10.741964 ] } },
{ "type": "Feature", "properties": { "name": "Tanod Outpost", "category": "Critical Facilities", "type": "Emergency Response", "contact_mobile": null, "contact_landline": null, "email": null, "address": "PGRR+H58 Tanod Outpost, Lopez Jaena St, Jaro, Iloilo City, 5000 Iloilo", "barangay": "Sambag", "district": "Jaro", "municity": "Iloilo City", "province": "Iloilo", "facebook": null, "url": null, "logo": null }, "geometry": { "type": "Point", "coordinates": [ 122.540443, 10.741423 ] } },
{ "type": "Feature", "properties": { "name": "Brgy. Sambag Day Care Center 2", "category": "Critical Facilities", "type": "Education", "contact_mobile": null, "contact_landline": null, "email": null, "address": "PGRR+H58 Brgy. Sambag Day Care Center 2, Lopez Jaena St, Jaro, Iloilo City, 5000 Iloilo", "barangay": "Sambag", "district": "Jaro", "municity": "Iloilo City", "province": "Iloilo", "facebook": null, "url": null, "logo": null }, "geometry": { "type": "Point", "coordinates": [ 122.540465, 10.741417 ] } },
{ "type": "Feature", "properties": { "name": "Ungka Jaro Barangay Hall", "category": "Critical Facilities", "type": "Government", "contact_mobile": null, "contact_landline": null, "email": null, "address": "PGWQ+VG9 Ungka Jaro Barangay Hall, Jaro, Iloilo City, Iloilo", "barangay": "Ungka", "district": "Jaro", "municity": "Iloilo City", "province": "Iloilo", "facebook": null, "url": null, "logo": null }, "geometry": { "type": "Point", "coordinates": [ 122.538845, 10.747154 ] } },
{ "type": "Feature", "properties": { "name": "Iloilo City Ungka Fire Sub-Station", "category": "Critical Facilities", "type": "Emergency Response", "contact_mobile": null, "contact_landline": null, "email": null, "address": "PGWQ+PHG Iloilo City Ungka Fire Sub-Station, Jaro, Iloilo City, Iloilo", "barangay": "Ungka", "district": "Jaro", "municity": "Iloilo City", "province": "Iloilo", "facebook": null, "url": null, "logo": null }, "geometry": { "type": "Point", "coordinates": [ 122.538948, 10.746813 ] } },
{ "type": "Feature", "properties": { "name": "Christ The King Memorial Park - Iloilo City", "category": "Critical Facilities", "type": "Parks and Open Space", "contact_mobile": null, "contact_landline": "(033) 327 7436", "email": null, "address": "Ungka Benigno Aquino Avenue, Jaro, Iloilo City, 5000 Iloilo", "barangay": "Ungka", "district": "Jaro", "municity": "Iloilo City", "province": "Iloilo", "facebook": null, "url": null, "logo": null }, "geometry": { "type": "Point", "coordinates": [ 122.5399, 10.745616 ] } },
{ "type": "Feature", "properties": { "name": "Brgy. Tanod Outpost Dungon A", "category": "Critical Facilities", "type": "Emergency Response", "contact_mobile": null, "contact_landline": null, "email": null, "address": "Brgy. Tanod Outpost Dungon A, Brgy, Jaro, Iloilo City, 5000 Iloilo", "barangay": "Dungon A", "district": "Jaro", "municity": "Iloilo City", "province": "Iloilo", "facebook": null, "url": null, "logo": null }, "geometry": { "type": "Point", "coordinates": [ 122.548143, 10.727177 ] } },
{ "type": "Feature", "properties": { "name": "Dungon A Multi Purpose Hall", "category": "Critical Facilities", "type": "Multipurpose Hall", "contact_mobile": null, "contact_landline": null, "email": null, "address": "PGGX+W94 Dungon A Multi Purpose Hall, Jaro, Iloilo City, Iloilo", "barangay": "Dungon A", "district": "Jaro", "municity": "Iloilo City", "province": "Iloilo", "facebook": null, "url": null, "logo": null }, "geometry": { "type": "Point", "coordinates": [ 122.548297, 10.72723 ] } },
{ "type": "Feature", "properties": { "name": "Central Philippine University", "category": "Critical Facilities", "type": "Education", "contact_mobile": null, "contact_landline": "033-329-1971 / 033-320-3824 / 033-320-36-85", "email": "infocenter@cpu.edu.ph", "address": "Lopez Jaena St., Jaro 5000 Iloilo City, Philippines", "barangay": "Dungon A", "district": "Jaro", "municity": "Iloilo City", "province": "Iloilo", "facebook": "https://www.facebook.com/CentralPhilippineUniversity.CPU/", "url": "http://www.cpu.edu.ph", "logo": "https://drive.google.com/uc?export=view&id=1d9nHx4avVpbUcyfXKbqsa7h_KQIvCIp0" }, "geometry": { "type": "Point", "coordinates": [ 122.546907, 10.731395 ] } },
{ "type": "Feature", "properties": { "name": "Western Institute of Technology", "category": "Critical Facilities", "type": "Education", "contact_mobile": null, "contact_landline": "(033) 320 0902", "email": "wit@wit.edu.ph", "address": "PGHX+MMM Lopez Jaena St, Jaro, Iloilo City, 5000 Iloilo", "barangay": "Dungon A", "district": "Jaro", "municity": "Iloilo City", "province": "Iloilo", "facebook": "https://www.facebook.com/WesternInstituteOfTechnology.Iloilo/", "url": "http://www.wit.edu.ph", "logo": "https://drive.google.com/uc?export=view&id=1QdOTgP7KVME6q_iioVGunFfuIglJt6g3" }, "geometry": { "type": "Point", "coordinates": [ 122.549184, 10.729212 ] } },
{ "type": "Feature", "properties": { "name": "CPU University Church", "category": "Critical Facilities", "type": "Faith-Based", "contact_mobile": null, "contact_landline": "(033) 329 1971", "email": null, "address": "PGHX+V3W, Jaro, Iloilo City, Iloilo", "barangay": "Dungon A", "district": "Jaro", "municity": "Iloilo City", "province": "Iloilo", "facebook": null, "url": null, "logo": null }, "geometry": { "type": "Point", "coordinates": [ 122.547713, 10.72973 ] } },
{ "type": "Feature", "properties": { "name": "Barangay Multi Purpose Hall", "category": "Critical Facilities", "type": "Multipurpose Hall", "contact_mobile": null, "contact_landline": null, "email": null, "address": "QHCM+QP Barangay Multi Purpose Hall, Brgy, Jaro, Iloilo City, 5000 Iloilo", "barangay": "Buntatala", "district": "Jaro", "municity": "Iloilo City", "province": "Iloilo", "facebook": null, "url": null, "logo": null }, "geometry": { "type": "Point", "coordinates": [ 122.584318, 10.771929 ] } },
{ "type": "Feature", "properties": { "name": "Bureau Of Plant Industry - NSQCS VI", "category": "Critical Facilities", "type": "Government", "contact_mobile": null, "contact_landline": "(033) 320 4350", "email": null, "address": "Bureau Of Plant Industry - NSQCS VI, Brgy, Jaro, Iloilo City, 5000 Iloilo", "barangay": "Buntatala", "district": "Jaro", "municity": "Iloilo City", "province": "Iloilo", "facebook": null, "url": null, "logo": null }, "geometry": { "type": "Point", "coordinates": [ 122.580596, 10.771046 ] } },
{ "type": "Feature", "properties": { "name": "Iloilo PAGASA Complex", "category": "Critical Facilities", "type": "Government", "contact_mobile": null, "contact_landline": "(033) 321 6420", "email": null, "address": "QHFH+5Q8 Iloilo PAGASA Complex, Jaro, Iloilo City, Iloilo", "barangay": "Buntatala", "district": "Jaro", "municity": "Iloilo City", "province": "Iloilo", "facebook": null, "url": null, "logo": null }, "geometry": { "type": "Point", "coordinates": [ 122.579448, 10.772914 ] } },
{ "type": "Feature", "properties": { "name": "Department of Agriculture - Western Visayas Integrated Agricultural Research Center", "category": "Critical Facilities", "type": "Government", "contact_mobile": null, "contact_landline": "(033) 329 0956", "email": null, "address": "QHCM+88G Department of Agriculture - Western Visayas Integrated Agricultural Research Center, Hamungaya, Jaro, Iloilo City, Iloilo", "barangay": "Buntatala", "district": "Jaro", "municity": "Iloilo City", "province": "Iloilo", "facebook": null, "url": null, "logo": null }, "geometry": { "type": "Point", "coordinates": [ 122.583338, 10.770814 ] } },
{ "type": "Feature", "properties": { "name": "Barangay Buntatala Day Care Center I", "category": "Critical Facilities", "type": "Education", "contact_mobile": null, "contact_landline": null, "email": null, "address": "QH9P+4G7 Barangay Buntatala Day Care Center I, Brgy, Buntatala Relocation Site, Jaro, Iloilo City, 5000 Iloilo", "barangay": "Buntatala", "district": "Jaro", "municity": "Iloilo City", "province": "Iloilo", "facebook": null, "url": null, "logo": null }, "geometry": { "type": "Point", "coordinates": [ 122.585119, 10.767274 ] } },
{ "type": "Feature", "properties": { "name": "Brgy Buntatala Jaro I.C Material Recovery Facility", "category": "Critical Facilities", "type": "Solid Waste", "contact_mobile": null, "contact_landline": null, "email": null, "address": "Buntatala Relocation Site, Jaro, Iloilo City, Iloilo", "barangay": "Buntatala", "district": "Jaro", "municity": "Iloilo City", "province": "Iloilo", "facebook": null, "url": null, "logo": null }, "geometry": { "type": "Point", "coordinates": [ 122.585019, 10.767698 ] } },
{ "type": "Feature", "properties": { "name": "Barangay Hall", "category": "Critical Facilities", "type": "Government", "contact_mobile": null, "contact_landline": null, "email": null, "address": "QH7H+XXQ Barangay Hall, Brgy, Jaro, Iloilo City, 5000 Iloilo", "barangay": "Tagbac", "district": "Jaro", "municity": "Iloilo City", "province": "Iloilo", "facebook": null, "url": null, "logo": null }, "geometry": { "type": "Point", "coordinates": [ 122.579992, 10.764966 ] } },
{ "type": "Feature", "properties": { "name": "Tagbak Fire Sub-Station", "category": "Critical Facilities", "type": "Emergency Response", "contact_mobile": null, "contact_landline": "(033) 323 6564", "email": null, "address": "Tagbak Fire Sub-Station, Brgy, Jaro, Iloilo City, 5000 Iloilo", "barangay": "Tagbac", "district": "Jaro", "municity": "Iloilo City", "province": "Iloilo", "facebook": null, "url": null, "logo": null }, "geometry": { "type": "Point", "coordinates": [ 122.580091, 10.764895 ] } },
{ "type": "Feature", "properties": { "name": "Police Compact Sub-Station", "category": "Critical Facilities", "type": "Emergency Response", "contact_mobile": null, "contact_landline": "(033) 503 3505", "email": null, "address": "Police Compact Sub-Station, Brgy, Jaro, Iloilo City, 5000 Iloilo", "barangay": "Tagbac", "district": "Jaro", "municity": "Iloilo City", "province": "Iloilo", "facebook": null, "url": null, "logo": null }, "geometry": { "type": "Point", "coordinates": [ 122.580051, 10.764785 ] } },
{ "type": "Feature", "properties": { "name": "JJC Water Equipment & Supply", "category": "Critical Facilities", "type": "Water Supply and Distribution", "contact_mobile": "0998 975 4280", "contact_landline": "(033) 323 1656", "email": "jjcwaterequipmentandsupply@gmail.com", "address": "R4, Tagbak, Jaro Iloilo City, Iloilo City, Philippines", "barangay": "Tagbac", "district": "Jaro", "municity": "Iloilo City", "province": "Iloilo", "facebook": "https://www.facebook.com/JJCWESIloilo/", "url": null, "logo": null }, "geometry": { "type": "Point", "coordinates": [ 122.580478, 10.765665 ] } },
{ "type": "Feature", "properties": { "name": "Protek Telecoms Ilo-Ilo", "category": "Critical Facilities", "type": "Telecommunication", "contact_mobile": null, "contact_landline": null, "email": null, "address": "QH6G+FQP, Jaro, Iloilo City, Iloilo", "barangay": "Tagbac", "district": "Jaro", "municity": "Iloilo City", "province": "Iloilo", "facebook": null, "url": null, "logo": null }, "geometry": { "type": "Point", "coordinates": [ 122.576954, 10.761204 ] } },
{ "type": "Feature", "properties": { "name": "Green Garden Memorial Park", "category": "Critical Facilities", "type": "Parks and Open Space", "contact_mobile": "0942 005 6698", "contact_landline": null, "email": null, "address": "Brgy Tagbac-Lanit,, Jaro, Iloilo City, 5000 Iloilo", "barangay": "Tagbac", "district": "Jaro", "municity": "Iloilo City", "province": "Iloilo", "facebook": null, "url": null, "logo": null }, "geometry": { "type": "Point", "coordinates": [ 122.572587, 10.766523 ] } },
{ "type": "Feature", "properties": { "name": "Tacas Barangay Hall", "category": "Critical Facilities", "type": "Government", "contact_mobile": null, "contact_landline": null, "email": null, "address": "PHX3+X6C Tacas Barangay Hall, Pagsanga-an-Tacas-Quintin Salas Rd, Jaro, Iloilo City, 5000 Iloilo", "barangay": "Tacas", "district": "Jaro", "municity": "Iloilo City", "province": "Iloilo", "facebook": null, "url": null, "logo": null }, "geometry": { "type": "Point", "coordinates": [ 122.553017, 10.749929 ] } },
{ "type": "Feature", "properties": { "name": "National Irrigation Administration", "category": "Critical Facilities", "type": "Government", "contact_mobile": null, "contact_landline": null, "email": "r6@nia.gov.ph", "address": "NATIONAL IRRIGATION ADMINISTRATION, Zone 3 Pagsanga-an-Tacas-Quintin Salas Rd, Jaro, Iloilo City, Iloilo", "barangay": "Tacas", "district": "Jaro", "municity": "Iloilo City", "province": "Iloilo", "facebook": "https://www.facebook.com/NIA.Region6/", "url": "https://region6.nia.gov.ph/", "logo": "https://drive.google.com/uc?export=view&id=1oyfziccZkv48Q7V41f9mRhqW7nd_9_A-" }, "geometry": { "type": "Point", "coordinates": [ 122.552697, 10.748653 ] } },
{ "type": "Feature", "properties": { "name": "EMR Water System Equipment Parts and Supplies Trading", "category": "Critical Facilities", "type": "Water Supply and Distribution", "contact_mobile": "0970 363 6305", "contact_landline": null, "email": null, "address": "EMR Water System Equipment Parts and Supplies Trading, Iloilo River Plain Subdivision, B30 L2, Iloilo City, 5000 Iloilo", "barangay": "Lanit", "district": "Jaro", "municity": "Iloilo City", "province": "Iloilo", "facebook": null, "url": null, "logo": null }, "geometry": { "type": "Point", "coordinates": [ 122.562773, 10.765734 ] } },
{ "type": "Feature", "properties": { "name": "Lanit Basketball Court", "category": "Critical Facilities", "type": "Multipurpose Hall", "contact_mobile": null, "contact_landline": null, "email": null, "address": "QHC9+X4J Lanit Basketball Court, Jaro, Iloilo City, Iloilo", "barangay": "Lanit", "district": "Jaro", "municity": "Iloilo City", "province": "Iloilo", "facebook": null, "url": null, "logo": null }, "geometry": { "type": "Point", "coordinates": [ 122.56777, 10.77247 ] } },
{ "type": "Feature", "properties": { "name": "Iloilo Riverplains Integrated School", "category": "Critical Facilities", "type": "Education", "contact_mobile": null, "contact_landline": null, "email": "riverplains.500552@gmail.com", "address": "QH87+5FC Iloilo Riverplains Integrated School, Jaro, Iloilo City, Iloilo", "barangay": "Lanit", "district": "Jaro", "municity": "Iloilo City", "province": "Iloilo", "facebook": "https://www.facebook.com/irpis500552/", "url": null, "logo": "https://drive.google.com/uc?export=view&id=15UKfJKoYqgdU7wCdkggaLzUu7gjQGD5r" }, "geometry": { "type": "Point", "coordinates": [ 122.563655, 10.76543 ] } },
{ "type": "Feature", "properties": { "name": "Balabago Barangay Hall", "category": "Critical Facilities", "type": "Government", "contact_mobile": null, "contact_landline": "(033) 301 4470", "email": null, "address": "PHQG+7R9 Barangay Hall, Balabago Road, Brgy Balabago, Jaro, Iloilo City, 5000 Iloilo", "barangay": "Balabago", "district": "Jaro", "municity": "Iloilo City", "province": "Iloilo", "facebook": null, "url": null, "logo": null }, "geometry": { "type": "Point", "coordinates": [ 122.577094, 10.738159 ] } },
{ "type": "Feature", "properties": { "name": "Alta Tierra Covered Multi-Purpose Gymnasium", "category": "Critical Facilities", "type": "Multipurpose Hall", "contact_mobile": null, "contact_landline": null, "email": null, "address": "PHRF+783 Alta Tierra Covered Multi-Purpose Gymnasium, 2nd Main Ave, Jaro, Iloilo City, Iloilo", "barangay": "Balabago", "district": "Jaro", "municity": "Iloilo City", "province": "Iloilo", "facebook": null, "url": null, "logo": null }, "geometry": { "type": "Point", "coordinates": [ 122.573287, 10.740644 ] } },
{ "type": "Feature", "properties": { "name": "Balabago Day Care Center", "category": "Critical Facilities", "type": "Education", "contact_mobile": null, "contact_landline": null, "email": null, "address": "PHQG+7R8 Balabago Day Care Center, Balabago Road, Brgy Balabago Jaro, Iloilo City, 5000 Iloilo", "barangay": "Balabago", "district": "Jaro", "municity": "Iloilo City", "province": "Iloilo", "facebook": null, "url": null, "logo": null }, "geometry": { "type": "Point", "coordinates": [ 122.577076, 10.738171 ] } },
{ "type": "Feature", "properties": { "name": "Bito-on Barangay Hall", "category": "Critical Facilities", "type": "Government", "contact_mobile": null, "contact_landline": null, "email": null, "address": "QH2Q+4RG Bito-on Barangay Hall, brgy, Jaro, Iloilo City, 5000 Iloilo", "barangay": "Bito-on", "district": "Jaro", "municity": "Iloilo City", "province": "Iloilo", "facebook": null, "url": null, "logo": null }, "geometry": { "type": "Point", "coordinates": [ 122.589573, 10.750306 ] } },
{ "type": "Feature", "properties": { "name": "Rizal Elementary School", "category": "Critical Facilities", "type": "Education", "contact_mobile": null, "contact_landline": "(033) 337 5339", "email": "melvincent.trentado@deped.gov.ph", "address": "PH2F+MQM Rizal Elementary Sch, Rizal St, Lapuz, Iloilo City, Iloilo", "barangay": "Libertad-Lapuz", "district": "Lapuz", "municity": "Iloilo City", "province": "Iloilo", "facebook": "https://www.facebook.com/RizalElementarySchoolIloiloCity/", "url": null, "logo": "https://drive.google.com/uc?export=view&id=1hqnduOOIBX8ZSqMWEhIloqMGf4W7kP0S" }, "geometry": { "type": "Point", "coordinates": [ 122.574432, 10.701723 ] } },
{ "type": "Feature", "properties": { "name": "Headquarters Regional Maritime Office 6", "category": "Critical Facilities", "type": "Government", "contact_mobile": null, "contact_landline": "(033) 509 8454", "email": null, "address": "MHXF+42R Fort San Pedro St., Camp Martin Delgado, Iloilo City, 5000 Tarlac", "barangay": "Progreso-Lapuz", "district": "Lapuz", "municity": "Iloilo City", "province": "Iloilo", "facebook": null, "url": null, "logo": null }, "geometry": { "type": "Point", "coordinates": [ 122.57251, 10.697867 ] } },
{ "type": "Feature", "properties": { "name": "Barangay Jalandoni Estate | Barangay Hall (Temporary)", "category": "Critical Facilities", "type": "Government", "contact_mobile": null, "contact_landline": null, "email": null, "address": "PH2G+G6H Barangay Jalandoni Estate | Barangay Hall (Temporary), Jalandoni St, Iloilo City Proper, Iloilo City, Iloilo", "barangay": "Jalandoni Estate-Lapuz", "district": "Lapuz", "municity": "Iloilo City", "province": "Iloilo", "facebook": null, "url": null, "logo": null }, "geometry": { "type": "Point", "coordinates": [ 122.575486, 10.701302 ] } },
{ "type": "Feature", "properties": { "name": "Don Esteban-Lapuz Barangay Hall", "category": "Critical Facilities", "type": "Government", "contact_mobile": null, "contact_landline": null, "email": null, "address": "PH2G+R8J Dalan Rizal Street, Iloilo City, 5000", "barangay": "Jalandoni Estate-Lapuz", "district": "Lapuz", "municity": "Iloilo City", "province": "Iloilo", "facebook": null, "url": null, "logo": null }, "geometry": { "type": "Point", "coordinates": [ 122.575779, 10.702094 ] } },
{ "type": "Feature", "properties": { "name": "Jalandoni Estate-Lapuz Barangay Hall", "category": "Critical Facilities", "type": "Government", "contact_mobile": null, "contact_landline": null, "email": null, "address": "PH3F+3VR Lapuz, Iloilo City, 5000 Iloilo", "barangay": "Jalandoni Estate-Lapuz", "district": "Lapuz", "municity": "Iloilo City", "province": "Iloilo", "facebook": null, "url": null, "logo": null }, "geometry": { "type": "Point", "coordinates": [ 122.574639, 10.702747 ] } },
{ "type": "Feature", "properties": { "name": "Jalandoni Memorial National High School", "category": "Critical Facilities", "type": "Education", "contact_mobile": null, "contact_landline": "(033) 323 5474", "email": "302742@deped.gov.ph", "address": "PH3F+CWQ Jalandoni Memorial National High School, Lapuz, Iloilo City, Iloilo", "barangay": "Jalandoni Estate-Lapuz", "district": "Lapuz", "municity": "Iloilo City", "province": "Iloilo", "facebook": "https://www.facebook.com/p/Jalandoni-Memorial-National-High-School-FB-Page-100068096084322/", "url": null, "logo": "https://drive.google.com/uc?export=view&id=1Rh7qXRYLXUcZKP4ZMWciIsOXVyfdBBy7" }, "geometry": { "type": "Point", "coordinates": [ 122.574855, 10.703593 ] } },
{ "type": "Feature", "properties": { "name": "Jalandoni Memorial Elementary School", "category": "Critical Facilities", "type": "Education", "contact_mobile": null, "contact_landline": "(033) 500 3032", "email": "Mesjalandoni@gmail.com", "address": "PH2F+VR7 Jalandoni Memorial Elementary School, Rizal St, Lapuz, Iloilo City, Iloilo", "barangay": "Jalandoni Estate-Lapuz", "district": "Lapuz", "municity": "Iloilo City", "province": "Iloilo", "facebook": "https://www.facebook.com/Mesjalandoni117629/", "url": null, "logo": "https://drive.google.com/uc?export=view&id=1x3tXC-Rvvsi4sqhJ5RC098wSgPdcFUEj" }, "geometry": { "type": "Point", "coordinates": [ 122.574546, 10.702173 ] } },
{ "type": "Feature", "properties": { "name": "Lapuz Sur Covered Basketball Court", "category": "Critical Facilities", "type": "Multipurpose Hall", "contact_mobile": null, "contact_landline": null, "email": null, "address": "PH2C+QMR Lapuz Sur, Lapuz, Iloilo City, Iloilo", "barangay": "Lapuz Sur", "district": "Lapuz", "municity": "Iloilo City", "province": "Iloilo", "facebook": null, "url": null, "logo": null }, "geometry": { "type": "Point", "coordinates": [ 122.571654, 10.701988 ] } },
{ "type": "Feature", "properties": { "name": "Punong Barangay Hall", "category": "Critical Facilities", "type": "Government", "contact_mobile": null, "contact_landline": "033 335 8191", "email": null, "address": "PH3F+G7R Lapuz, La Paz, Iloilo City, 5000 Iloilo", "barangay": "Punong-Lapuz", "district": "Lapuz", "municity": "Iloilo City", "province": "Iloilo", "facebook": null, "url": null, "logo": null }, "geometry": { "type": "Point", "coordinates": [ 122.57314, 10.703852 ] } },
{ "type": "Feature", "properties": { "name": "Barangay Punong Covered Court/Multipurpose Hall", "category": "Critical Facilities", "type": "Multipurpose Hall", "contact_mobile": null, "contact_landline": null, "email": null, "address": "PH3F+J4X Basketball Court, Brgy. Punong, La Puz, La Paz, Iloilo City, 5000 Iloilo", "barangay": "Punong-Lapuz", "district": "Lapuz", "municity": "Iloilo City", "province": "Iloilo", "facebook": null, "url": null, "logo": null }, "geometry": { "type": "Point", "coordinates": [ 122.572879, 10.704075 ] } },
{ "type": "Feature", "properties": { "name": "Punong Day Care Center", "category": "Critical Facilities", "type": "Education", "contact_mobile": null, "contact_landline": null, "email": null, "address": "PH3F+G79 Punong Day Care Center, Lapuz, La Paz, Iloilo City, 5000 Iloilo", "barangay": "Punong-Lapuz", "district": "Lapuz", "municity": "Iloilo City", "province": "Iloilo", "facebook": null, "url": null, "logo": null }, "geometry": { "type": "Point", "coordinates": [ 122.573235, 10.703782 ] } },
{ "type": "Feature", "properties": { "name": "Alalasan Barangay Hall", "category": "Critical Facilities", "type": "Government", "contact_mobile": null, "contact_landline": null, "email": null, "address": "Brgy Alalasan, Iloilo City, 5000 Iloilo", "barangay": "Alalasan Lapuz", "district": "Lapuz", "municity": "Iloilo City", "province": "Iloilo", "facebook": null, "url": null, "logo": null }, "geometry": { "type": "Point", "coordinates": [ 122.573508, 10.705564 ] } },
{ "type": "Feature", "properties": { "name": "Barangay Sinikway Barangay Hall", "category": "Critical Facilities", "type": "Government", "contact_mobile": null, "contact_landline": null, "email": null, "address": "PH4F+PWQ Lapuz, Iloilo City, Iloilo", "barangay": "Alalasan Lapuz", "district": "Lapuz", "municity": "Iloilo City", "province": "Iloilo", "facebook": null, "url": null, "logo": null }, "geometry": { "type": "Point", "coordinates": [ 122.57487, 10.706847 ] } },
{ "type": "Feature", "properties": { "name": "Barangay Sinikway Covered Basketball Court", "category": "Critical Facilities", "type": "Multipurpose Hall", "contact_mobile": null, "contact_landline": null, "email": null, "address": "PH4F+MVW Barangay Sinikway, Lapuz, Iloilo City, Iloilo", "barangay": "Alalasan Lapuz", "district": "Lapuz", "municity": "Iloilo City", "province": "Iloilo", "facebook": null, "url": null, "logo": null }, "geometry": { "type": "Point", "coordinates": [ 122.574708, 10.706729 ] } },
{ "type": "Feature", "properties": { "name": "Marantha Christian Academy of Iloilo City Inc.", "category": "Critical Facilities", "type": "Education", "contact_mobile": null, "contact_landline": null, "email": null, "address": "Maranatha Christian Academy of Iloilo City Inc., Block 5 Sinikway, Lapuz, Iloilo City, 5000 Iloilo", "barangay": "Alalasan Lapuz", "district": "Lapuz", "municity": "Iloilo City", "province": "Iloilo", "facebook": "https://www.facebook.com/p/Maranatha-Christian-Academy-Iloilo-Chapter-100063921703878/", "url": null, "logo": "https://drive.google.com/uc?export=view&id=1Hq-VGZLzp8qpzU-AM3jPCUuFKi3zAzvv" }, "geometry": { "type": "Point", "coordinates": [ 122.574302, 10.706761 ] } },
{ "type": "Feature", "properties": { "name": "Urban Poor Day Care Center", "category": "Critical Facilities", "type": "Education", "contact_mobile": null, "contact_landline": null, "email": null, "address": "PH4F+PW4 Urban Poor Day Care Center, Block 5, Lapuz, Iloilo City, 5000 Iloilo", "barangay": "Alalasan Lapuz", "district": "Lapuz", "municity": "Iloilo City", "province": "Iloilo", "facebook": null, "url": null, "logo": null }, "geometry": { "type": "Point", "coordinates": [ 122.574824, 10.706767 ] } },
{ "type": "Feature", "properties": { "name": "Tanod Outpost", "category": "Critical Facilities", "type": "Emergency Response", "contact_mobile": null, "contact_landline": null, "email": null, "address": "Block 5, Brgy. Sinikway, Lapuz, Iloilo City, 5000 Iloilo", "barangay": "Sinikway (Bangkerohan Lapuz)", "district": "Lapuz", "municity": "Iloilo City", "province": "Iloilo", "facebook": null, "url": null, "logo": null }, "geometry": { "type": "Point", "coordinates": [ 122.57689, 10.705934 ] } },
{ "type": "Feature", "properties": { "name": "Mansaya-Lapuz Barangay Hall", "category": "Critical Facilities", "type": "Government", "contact_mobile": null, "contact_landline": "(033) 300 6745", "email": null, "address": "Lapuz-Mansaya-Loboc Road, Lapuz, Iloilo City, Iloilo", "barangay": "Mansaya-Lapuz", "district": "Lapuz", "municity": "Iloilo City", "province": "Iloilo", "facebook": null, "url": null, "logo": null }, "geometry": { "type": "Point", "coordinates": [ 122.582922, 10.698708 ] } },
{ "type": "Feature", "properties": { "name": "Bo.Obrero Barangay Hall", "category": "Critical Facilities", "type": "Government", "contact_mobile": null, "contact_landline": null, "email": null, "address": "Lapuz, Iloilo City, Iloilo", "barangay": "Obrero-Lapuz", "district": "Lapuz", "municity": "Iloilo City", "province": "Iloilo", "facebook": null, "url": null, "logo": null }, "geometry": { "type": "Point", "coordinates": [ 122.585263, 10.696048 ] } },
{ "type": "Feature", "properties": { "name": "Bo.Obrero Fire Sub-Station", "category": "Critical Facilities", "type": "Emergency Response", "contact_mobile": null, "contact_landline": null, "email": null, "address": "MHXQ+Q2V Dahlia St, Lapuz, Iloilo City, Iloilo", "barangay": "Obrero-Lapuz", "district": "Lapuz", "municity": "Iloilo City", "province": "Iloilo", "facebook": null, "url": null, "logo": null }, "geometry": { "type": "Point", "coordinates": [ 122.587556, 10.699477 ] } },
{ "type": "Feature", "properties": { "name": "Coast Guard District Western Visayas", "category": "Critical Facilities", "type": "Emergency Response", "contact_mobile": null, "contact_landline": null, "email": null, "address": "MHWP+RMP 22 Dahlia St, Lapuz, Iloilo City, Iloilo", "barangay": "Obrero-Lapuz", "district": "Lapuz", "municity": "Iloilo City", "province": "Iloilo", "facebook": null, "url": null, "logo": null }, "geometry": { "type": "Point", "coordinates": [ 122.586496, 10.696112 ] } },
{ "type": "Feature", "properties": { "name": "Barrio Obrero Covered Gym", "category": "Critical Facilities", "type": "Multipurpose Hall", "contact_mobile": null, "contact_landline": "(033) 300 6652", "email": null, "address": "MHXP+WX6 Lapuz, Iloilo City, Iloilo", "barangay": "Obrero-Lapuz", "district": "Lapuz", "municity": "Iloilo City", "province": "Iloilo", "facebook": null, "url": null, "logo": null }, "geometry": { "type": "Point", "coordinates": [ 122.587402, 10.699793 ] } },
{ "type": "Feature", "properties": { "name": "Assumption Socio Educational Center", "category": "Critical Facilities", "type": "Education", "contact_mobile": null, "contact_landline": "(033) 337 5458", "email": "asecbo.obrero@yahoo.com", "address": "MHWP+MQH Assumption Socio Educational Center, Lapuz, Iloilo City, Iloilo", "barangay": "Obrero-Lapuz", "district": "Lapuz", "municity": "Iloilo City", "province": "Iloilo", "facebook": "https://www.facebook.com/p/Assumption-Socio-Educational-Center-100064038280337/", "url": null, "logo": "https://drive.google.com/uc?export=view&id=1UPFISwAFfe2pmI44MYIXzXcQt35U8hQK" }, "geometry": { "type": "Point", "coordinates": [ 122.586995, 10.696693 ] } },
{ "type": "Feature", "properties": { "name": "Loboc-Lapuz Gym", "category": "Critical Facilities", "type": "Multipurpose Hall", "contact_mobile": null, "contact_landline": null, "email": null, "address": "PH3Q+WJ6 Loboc-Lapuz Gym, Loboc, Lapuz, Iloilo City, Iloilo", "barangay": "Loboc-Lapuz", "district": "Lapuz", "municity": "Iloilo City", "province": "Iloilo", "facebook": null, "url": null, "logo": null }, "geometry": { "type": "Point", "coordinates": [ 122.589001, 10.704783 ] } },
{ "type": "Feature", "properties": { "name": "Philippine Ports Authority (PPA) - Region 6", "category": "Critical Facilities", "type": "Government", "contact_mobile": null, "contact_landline": null, "email": null, "address": "PH4R+873 Lapuz, Iloilo City, Iloilo", "barangay": "Loboc-Lapuz", "district": "Lapuz", "municity": "Iloilo City", "province": "Iloilo", "facebook": null, "url": null, "logo": null }, "geometry": { "type": "Point", "coordinates": [ 122.59067, 10.705774 ] } },
{ "type": "Feature", "properties": { "name": "Brgy. East Baluarte - Multi Purpose Hall (USWAG Gym)", "category": "Critical Facilities", "type": "Multipurpose Hall", "contact_mobile": null, "contact_landline": null, "email": null, "address": "MGVX+2MV Molo, Iloilo City, Iloilo", "barangay": "East Baluarte", "district": "Molo", "municity": "Iloilo City", "province": "Iloilo", "facebook": null, "url": null, "logo": null }, "geometry": { "type": "Point", "coordinates": [ 122.549182, 10.692606 ] } },
{ "type": "Feature", "properties": { "name": "Baluarte Elementary School", "category": "Critical Facilities", "type": "Education", "contact_mobile": null, "contact_landline": "(033) 338 4796", "email": null, "address": "BALUARTE ELEMENTARY SCHOOL, 45 Lopez Jaena St, Molo, Iloilo City, Iloilo", "barangay": "East Baluarte", "district": "Molo", "municity": "Iloilo City", "province": "Iloilo", "facebook": "https://www.facebook.com/p/Baluarte-Elementary-School-Iloilo-City-100060519931457/", "url": null, "logo": "https://drive.google.com/uc?export=view&id=1rbtQfMFtuetyZmE_V5U8YcYjzfi56S0l" }, "geometry": { "type": "Point", "coordinates": [ 122.548543, 10.692608 ] } },
{ "type": "Feature", "properties": { "name": "Tanod Outpost & Senior Citizen Hall", "category": "Critical Facilities", "type": "Emergency Response", "contact_mobile": null, "contact_landline": null, "email": null, "address": "MHR3+RQH Brgy. North Baluarte Tanod Out Post, Brgy, Molo, Iloilo City, 5000 Iloilo", "barangay": "Cochero", "district": "Molo", "municity": "Iloilo City", "province": "Iloilo", "facebook": null, "url": null, "logo": null }, "geometry": { "type": "Point", "coordinates": [ 122.552688, 10.693133 ] } },
{ "type": "Feature", "properties": { "name": "Iloilo Faith Center Church Of God, Inc.", "category": "Critical Facilities", "type": "Faith-Based", "contact_mobile": null, "contact_landline": null, "email": null, "address": "MHV2+7W Iloilo City, Iloilo", "barangay": "Cochero", "district": "Molo", "municity": "Iloilo City", "province": "Iloilo", "facebook": null, "url": null, "logo": null }, "geometry": { "type": "Point", "coordinates": [ 122.552358, 10.693241 ] } },
{ "type": "Feature", "properties": { "name": "Molo Fire Sub Station", "category": "Critical Facilities", "type": "Emergency Response", "contact_mobile": null, "contact_landline": null, "email": null, "address": "BFP Iloilo City, Brgy Taal, Molo, Iloilo City, Iloilo", "barangay": "East Timawa", "district": "Molo", "municity": "Iloilo City", "province": "Iloilo", "facebook": null, "url": null, "logo": null }, "geometry": { "type": "Point", "coordinates": [ 122.547988, 10.696784 ] } },
{ "type": "Feature", "properties": { "name": "Iloilo Doctor's Child Learning Center", "category": "Critical Facilities", "type": "Education", "contact_mobile": null, "contact_landline": "(033) 337 9232", "email": "midwifery@idc.edu.ph", "address": "Iloilo Doctor's Child Learning Center, West Ave, Molo, Iloilo City, 5000 Iloilo", "barangay": "East Timawa", "district": "Molo", "municity": "Iloilo City", "province": "Iloilo", "facebook": null, "url": null, "logo": null }, "geometry": { "type": "Point", "coordinates": [ 122.554701, 10.696525 ] } },
{ "type": "Feature", "properties": { "name": "Bureau of Internal Revenue (BIR)", "category": "Critical Facilities", "type": "Government", "contact_mobile": null, "contact_landline": "(033) 335-06-74", "email": "rr_11csu@bir.gov.ph", "address": "BIR Bldg., M.H. del Pilar Molo, Iloilo City, 5000, Iloilo Province", "barangay": "Taal", "district": "Molo", "municity": "Iloilo City", "province": "Iloilo", "facebook": null, "url": "https://www.bir.gov.ph/", "logo": "https://drive.google.com/uc?export=view&id=13ILk-5h1knUHXPIRCcVQr-gdXsQ8hjxG" }, "geometry": { "type": "Point", "coordinates": [ 122.547884, 10.697756 ] } },
{ "type": "Feature", "properties": { "name": "Iloilo City Community College", "category": "Critical Facilities", "type": "Education", "contact_mobile": null, "contact_landline": "(033) 335 0798", "email": "iloilocitycollege@gmail.com", "address": "MGXX+HJW INJAP Bldg., Corner Tiolas St., M.H del Pilar St, Molo, Iloilo City, 5000 Iloilo", "barangay": "Taal", "district": "Molo", "municity": "Iloilo City", "province": "Iloilo", "facebook": "https://www.facebook.com/p/Iloilo-City-Community-College-100063679938243/", "url": "icccph.com", "logo": "https://drive.google.com/uc?export=view&id=1jWBu4EOl2iuMv4U9gdj18G6ZagaF1PQ0" }, "geometry": { "type": "Point", "coordinates": [ 122.549068, 10.698993 ] } },
{ "type": "Feature", "properties": { "name": "Interface Computer College-Iloilo", "category": "Critical Facilities", "type": "Education", "contact_mobile": null, "contact_landline": "(033) 323 6339", "email": "information@interface.edu.ph", "address": "Iloilo River Esplanade, Mandurriao, Iloilo City, Iloilo", "barangay": "Taal", "district": "Molo", "municity": "Iloilo City", "province": "Iloilo", "facebook": "https://www.facebook.com/icciloilo/", "url": "http://www.Interface.edu.ph", "logo": "https://drive.google.com/uc?export=view&id=1zHXp6sJeJ8Z6m8a_F3rAaj7fPTwuqKRl" }, "geometry": { "type": "Point", "coordinates": [ 122.553671, 10.700879 ] } },
{ "type": "Feature", "properties": { "name": "John B. Lacson Foundation Maritime University-Molo", "category": "Critical Facilities", "type": "Education", "contact_mobile": null, "contact_landline": "(033) 336 5507", "email": "admin.molo@jblfmu.edu.ph", "address": "MHX2+MX5 MH del Pilar St, Molo, Iloilo City, 5000 Iloilo", "barangay": "Taal", "district": "Molo", "municity": "Iloilo City", "province": "Iloilo", "facebook": "https://www.facebook.com/jblfmumolofficial/", "url": "http://www.jblfmu.edu.ph/", "logo": "https://drive.google.com/uc?export=view&id=1RCDHlcAOGolwDa-GyMwfmoXHaU49Fs_Y" }, "geometry": { "type": "Point", "coordinates": [ 122.552498, 10.69913 ] } },
{ "type": "Feature", "properties": { "name": "Iloilo City National High School", "category": "Critical Facilities", "type": "Education", "contact_mobile": "0946 906 5020", "contact_landline": null, "email": "302738icnhs@gmail.com", "address": "MGXX+8JQ Iloilo City National High School, Molo, Iloilo City, Iloilo", "barangay": "Taal", "district": "Molo", "municity": "Iloilo City", "province": "Iloilo", "facebook": "https://www.facebook.com/icnhsofficial1/", "url": "https://r6icnhs.hubhuman.org/", "logo": "https://drive.google.com/uc?export=view&id=1uouasnq4wrB-Fq9IiYsJEu68HiIQjaMp" }, "geometry": { "type": "Point", "coordinates": [ 122.549117, 10.698333 ] } },
{ "type": "Feature", "properties": { "name": "RRLS Academy", "category": "Critical Facilities", "type": "Education", "contact_mobile": null, "contact_landline": "(033) 337 5792", "email": null, "address": "RRLS Academy, JBLFMU Compound, M.H del Pilar St, Molo, Iloilo City, 5000 Iloilo", "barangay": "Taal", "district": "Molo", "municity": "Iloilo City", "province": "Iloilo", "facebook": "https://www.facebook.com/RRLSICTAcademyOfficial/", "url": null, "logo": "https://drive.google.com/uc?export=view&id=1qiOmId8h51mXIqMjBb2INvAGAsu12jLf" }, "geometry": { "type": "Point", "coordinates": [ 122.552295, 10.699293 ] } },
{ "type": "Feature", "properties": { "name": "Barangay West Timawa Tanod Outpost", "category": "Critical Facilities", "type": "Emergency Response", "contact_mobile": null, "contact_landline": null, "email": null, "address": "MGWX+8MM Timawa St., Brgy. West Timawa, Iloilo City, Iloilo", "barangay": "West Timawa", "district": "Molo", "municity": "Iloilo City", "province": "Iloilo", "facebook": null, "url": null, "logo": null }, "geometry": { "type": "Point", "coordinates": [ 122.549428, 10.695938 ] } },
{ "type": "Feature", "properties": { "name": "Iloilo Doctors' College", "category": "Critical Facilities", "type": "Education", "contact_mobile": null, "contact_landline": "(033) 337 7755", "email": "info@idc.edu.ph", "address": "MHW3+898 Infante St, Molo, Iloilo City, Iloilo", "barangay": "West Timawa", "district": "Molo", "municity": "Iloilo City", "province": "Iloilo", "facebook": "https://www.facebook.com/IloiloDoctorsCollege/", "url": "http://www.idc.edu.ph", "logo": "https://drive.google.com/uc?export=view&id=1HLwlExSfxpMCQmaY-_F26P9NTfAJJg7Q" }, "geometry": { "type": "Point", "coordinates": [ 122.553457, 10.695777 ] } },
{ "type": "Feature", "properties": { "name": "Association Of Barangay Captains", "category": "Critical Facilities", "type": "Government", "contact_mobile": null, "contact_landline": null, "email": null, "address": "Molo Plaza, Lopez Jaena St, Katilingban, Iloilo City, 5000 Iloilo", "barangay": "San Pedro (Molo)", "district": "Molo", "municity": "Iloilo City", "province": "Iloilo", "facebook": null, "url": "https://iloilocity.gov.ph/", "logo": null }, "geometry": { "type": "Point", "coordinates": [ 122.544606, 10.696431 ] } },
{ "type": "Feature", "properties": { "name": "Molo District Police Station", "category": "Critical Facilities", "type": "Emergency Response", "contact_mobile": null, "contact_landline": "(033) 337 9502", "email": null, "address": "MGWV+QRQ Molo, Iloilo City, Iloilo", "barangay": "San Pedro (Molo)", "district": "Molo", "municity": "Iloilo City", "province": "Iloilo", "facebook": null, "url": null, "logo": null }, "geometry": { "type": "Point", "coordinates": [ 122.544614, 10.696961 ] } },
{ "type": "Feature", "properties": { "name": "USWAG Gym", "category": "Critical Facilities", "type": "Multipurpose Hall", "contact_mobile": null, "contact_landline": null, "email": null, "address": "MGXX+J2 Iloilo City, Iloilo", "barangay": "San Pedro (Molo)", "district": "Molo", "municity": "Iloilo City", "province": "Iloilo", "facebook": null, "url": null, "logo": null }, "geometry": { "type": "Point", "coordinates": [ 122.547523, 10.699076 ] } },
{ "type": "Feature", "properties": { "name": "San Pedro Barangay Hall 2", "category": "Critical Facilities", "type": "Government", "contact_mobile": null, "contact_landline": null, "email": null, "address": "MGXW+MQ8 San Pedro St., Brgy. San Pedro, Iloilo City, Iloilo", "barangay": "San Pedro (Molo)", "district": "Molo", "municity": "Iloilo City", "province": "Iloilo", "facebook": null, "url": null, "logo": null }, "geometry": { "type": "Point", "coordinates": [ 122.547199, 10.699208 ] } },
{ "type": "Feature", "properties": { "name": "Persons with Disability Affairs Office (PDAO)", "category": "Critical Facilities", "type": "Government", "contact_mobile": null, "contact_landline": null, "email": null, "address": "MGXW+HQ4 San Pedro St., Brgy. San Pedro, Iloilo City, Iloilo", "barangay": "San Pedro (Molo)", "district": "Molo", "municity": "Iloilo City", "province": "Iloilo", "facebook": null, "url": null, "logo": null }, "geometry": { "type": "Point", "coordinates": [ 122.547117, 10.699134 ] } },
{ "type": "Feature", "properties": { "name": "Department of Social Welfare and Development", "category": "Critical Facilities", "type": "Government", "contact_mobile": null, "contact_landline": "(033) 337 6221", "email": null, "address": "MGXX+72X M.H del Pilar St, Molo, Iloilo City, 5000 Iloilo", "barangay": "San Pedro (Molo)", "district": "Molo", "municity": "Iloilo City", "province": "Iloilo", "facebook": null, "url": null, "logo": null }, "geometry": { "type": "Point", "coordinates": [ 122.547613, 10.698234 ] } },
{ "type": "Feature", "properties": { "name": "St. Therese-MTC Colleges-La Fiesta", "category": "Critical Facilities", "type": "Education", "contact_mobile": "0963 109 9138", "contact_landline": "(033) 336 1384", "email": "registrar.lafiesta@stmtcc.edu.ph", "address": "M.H del Pilar St, Molo, Iloilo City, 5000 Iloilo", "barangay": "San Pedro (Molo)", "district": "Molo", "municity": "Iloilo City", "province": "Iloilo", "facebook": "https://www.facebook.com/STMTCCLAFIESTAOFFICIAL/", "url": "sttheresemtcc.com", "logo": "https://drive.google.com/uc?export=view&id=106eXARSgREJoYU3FOtxXFk4M6YJN46q6" }, "geometry": { "type": "Point", "coordinates": [ 122.546798, 10.697752 ] } },
{ "type": "Feature", "properties": { "name": "Molo I Elementary School", "category": "Critical Facilities", "type": "Education", "contact_mobile": null, "contact_landline": "(033) 337 2304", "email": "molo1elementaryschool@yahoo.com", "address": "Molo I Elementary School, San Pedro St, Molo, Iloilo City, Iloilo", "barangay": "San Pedro (Molo)", "district": "Molo", "municity": "Iloilo City", "province": "Iloilo", "facebook": "https://www.facebook.com/Molo1ES/", "url": null, "logo": "https://drive.google.com/uc?export=view&id=1lRn5NfaYCV2iM0ehKZvyIqlvkYo4-KWM" }, "geometry": { "type": "Point", "coordinates": [ 122.548092, 10.6986 ] } },
{ "type": "Feature", "properties": { "name": "Molo Church / Sta. Ana Parish of Molo", "category": "Critical Facilities", "type": "Faith-Based", "contact_mobile": null, "contact_landline": "(033) 337 2258", "email": null, "address": "132 San Pedro St, Molo, Iloilo City, 5000 Iloilo", "barangay": "San Pedro (Molo)", "district": "Molo", "municity": "Iloilo City", "province": "Iloilo", "facebook": null, "url": null, "logo": null }, "geometry": { "type": "Point", "coordinates": [ 122.544428, 10.697282 ] } },
{ "type": "Feature", "properties": { "name": "Masjid Molo", "category": "Critical Facilities", "type": "Faith-Based", "contact_mobile": "0920 217 5251", "contact_landline": null, "email": null, "address": "MGXW+MWX, Molo, Iloilo City, Iloilo", "barangay": "San Pedro (Molo)", "district": "Molo", "municity": "Iloilo City", "province": "Iloilo", "facebook": null, "url": null, "logo": null }, "geometry": { "type": "Point", "coordinates": [ 122.547359, 10.69924 ] } },
{ "type": "Feature", "properties": { "name": "Molo Plaza", "category": "Critical Facilities", "type": "Parks and Open Space", "contact_mobile": "0922 845 5261", "contact_landline": null, "email": null, "address": "MGWV+RJ5, San Pedro St, Molo, Iloilo City, 5000 Iloilo", "barangay": "San Pedro (Molo)", "district": "Molo", "municity": "Iloilo City", "province": "Iloilo", "facebook": null, "url": null, "logo": null }, "geometry": { "type": "Point", "coordinates": [ 122.544098, 10.697008 ] } },
{ "type": "Feature", "properties": { "name": "Poblacion Molo Barangay Hall and Multi-Purpose Hall", "category": "Critical Facilities", "type": "Multipurpose Hall", "contact_mobile": null, "contact_landline": null, "email": null, "address": "MGWX+V4H Molo, Iloilo City, Iloilo", "barangay": "Poblacion Molo", "district": "Molo", "municity": "Iloilo City", "province": "Iloilo", "facebook": null, "url": null, "logo": null }, "geometry": { "type": "Point", "coordinates": [ 122.547711, 10.696928 ] } },
{ "type": "Feature", "properties": { "name": "Poblacion Molo Barangay Hall and Multi-Purpose Hall", "category": "Critical Facilities", "type": "Government", "contact_mobile": null, "contact_landline": null, "email": null, "address": "MGWX+V4H Molo, Iloilo City, Iloilo", "barangay": "Poblacion Molo", "district": "Molo", "municity": "Iloilo City", "province": "Iloilo", "facebook": null, "url": null, "logo": null }, "geometry": { "type": "Point", "coordinates": [ 122.547711, 10.696928 ] } },
{ "type": "Feature", "properties": { "name": "Social Security System", "category": "Critical Facilities", "type": "Government", "contact_mobile": null, "contact_landline": "(033) 330 2963", "email": null, "address": "GT Plaza Mall, M.H del Pilar St, Poblacion, Molo, Iloilo City, 5000 Iloilo", "barangay": "Poblacion Molo", "district": "Molo", "municity": "Iloilo City", "province": "Iloilo", "facebook": null, "url": "https://www.sss.gov.ph/", "logo": null }, "geometry": { "type": "Point", "coordinates": [ 122.545142, 10.696235 ] } },
{ "type": "Feature", "properties": { "name": "Tanod Outpost Brgy.Tap-oc", "category": "Critical Facilities", "type": "Emergency Response", "contact_mobile": null, "contact_landline": null, "email": null, "address": "MGXV+CCC Jocson St, Molo, Iloilo City, 5000 Iloilo", "barangay": "Tap-oc", "district": "Molo", "municity": "Iloilo City", "province": "Iloilo", "facebook": null, "url": null, "logo": null }, "geometry": { "type": "Point", "coordinates": [ 122.543519, 10.698561 ] } },
{ "type": "Feature", "properties": { "name": "Holy Rosary Academy", "category": "Critical Facilities", "type": "Education", "contact_mobile": null, "contact_landline": "(033) 337 8577", "email": "hramolo@yahoo.com", "address": "Holy Rosary Academy, 5000 Avanceña St, Molo, Iloilo City, 5000 Iloilo", "barangay": "San Antonio", "district": "Molo", "municity": "Iloilo City", "province": "Iloilo", "facebook": "https://www.facebook.com/hramoloinc/", "url": null, "logo": "https://drive.google.com/uc?export=view&id=1O8C98WuKRXjLtc6S2kW02IvSEbb3QBEB" }, "geometry": { "type": "Point", "coordinates": [ 122.540633, 10.69464 ] } },
{ "type": "Feature", "properties": { "name": "Absorbent Mind Montessori Preschool", "category": "Critical Facilities", "type": "Education", "contact_mobile": "0912 477 2152", "contact_landline": null, "email": "absorbentmindmontessorimolo@gmail.com", "address": "ABSORBENT MIND MONTESSORI PRESCHOOL, 125 San Jose St, Molo, Iloilo City, Iloilo", "barangay": "North Avanceña", "district": "Molo", "municity": "Iloilo City", "province": "Iloilo", "facebook": "https://www.facebook.com/p/Absorbent-Mind-Montessori-100064185601300/", "url": null, "logo": "https://drive.google.com/uc?export=view&id=1vtsTlL8_I2iODKWfYls4IOUXv-G_nz4o" }, "geometry": { "type": "Point", "coordinates": [ 122.541141, 10.697131 ] } },
{ "type": "Feature", "properties": { "name": "Brgy. Tanod Outpost", "category": "Critical Facilities", "type": "Emergency Response", "contact_mobile": null, "contact_landline": null, "email": null, "address": "MGWV+CJV Lopez Jaena St, Molo, Iloilo City, 5000 Iloilo", "barangay": "Katilingban", "district": "Molo", "municity": "Iloilo City", "province": "Iloilo", "facebook": null, "url": null, "logo": null }, "geometry": { "type": "Point", "coordinates": [ 122.544049, 10.696107 ] } },
{ "type": "Feature", "properties": { "name": "(OLD)Molo Fire Station / Fire Sub-Station", "category": "Critical Facilities", "type": "Emergency Response", "contact_mobile": null, "contact_landline": "(033) 337-3011", "email": null, "address": "MGWV+CPC Locsin St, Molo, Iloilo City, 5000 Iloilo", "barangay": "Katilingban", "district": "Molo", "municity": "Iloilo City", "province": "Iloilo", "facebook": null, "url": null, "logo": null }, "geometry": { "type": "Point", "coordinates": [ 122.544255, 10.696075 ] } },
{ "type": "Feature", "properties": { "name": "New Compania Barangay Hall", "category": "Critical Facilities", "type": "Government", "contact_mobile": null, "contact_landline": "(033) 501 3370", "email": null, "address": "Compania Fundidor road, Molo, Iloilo City, Iloilo", "barangay": "Compania", "district": "Molo", "municity": "Iloilo City", "province": "Iloilo", "facebook": null, "url": null, "logo": null }, "geometry": { "type": "Point", "coordinates": [ 122.536242, 10.689164 ] } },
{ "type": "Feature", "properties": { "name": "South Fundidor Barangay Hall", "category": "Critical Facilities", "type": "Government", "contact_mobile": null, "contact_landline": null, "email": null, "address": "MGRM+5M Iloilo City, Iloilo", "barangay": "South Fundidor", "district": "Molo", "municity": "Iloilo City", "province": "Iloilo", "facebook": null, "url": null, "logo": null }, "geometry": { "type": "Point", "coordinates": [ 122.534208, 10.690487 ] } },
{ "type": "Feature", "properties": { "name": "North Fundidor Barangay Hall", "category": "Critical Facilities", "type": "Government", "contact_mobile": null, "contact_landline": "(033) 508 3956", "email": null, "address": "MGRM+HJ3 North Fundidor Barangay Hall, Avanceña St, Molo, Iloilo City, 5000 Iloilo", "barangay": "North Fundidor", "district": "Molo", "municity": "Iloilo City", "province": "Iloilo", "facebook": null, "url": null, "logo": null }, "geometry": { "type": "Point", "coordinates": [ 122.534047, 10.691376 ] } },
{ "type": "Feature", "properties": { "name": "North San Jose Barangay Hall", "category": "Critical Facilities", "type": "Government", "contact_mobile": null, "contact_landline": null, "email": null, "address": "MGXR+4QG Brgy, Jiocson St, Molo, Iloilo City, 5000 Iloilo", "barangay": "North San Jose", "district": "Molo", "municity": "Iloilo City", "province": "Iloilo", "facebook": null, "url": null, "logo": null }, "geometry": { "type": "Point", "coordinates": [ 122.541914, 10.697797 ] } },
{ "type": "Feature", "properties": { "name": "San Juan Barangay Hall", "category": "Critical Facilities", "type": "Government", "contact_mobile": null, "contact_landline": "(033) 300 3363", "email": null, "address": "MGQW+C5C Molo, Iloilo City, 5000 Iloilo", "barangay": "San Juan", "district": "Molo", "municity": "Iloilo City", "province": "Iloilo", "facebook": null, "url": null, "logo": null }, "geometry": { "type": "Point", "coordinates": [ 122.545393, 10.688573 ] } },
{ "type": "Feature", "properties": { "name": "Brgy. San Juan Zone 3, Basketball Court", "category": "Critical Facilities", "type": "Multipurpose Hall", "contact_mobile": null, "contact_landline": null, "email": null, "address": "Zone 1, MGQV+7PX Molo, Iloilo City, 5000 Iloilo", "barangay": "San Juan", "district": "Molo", "municity": "Iloilo City", "province": "Iloilo", "facebook": null, "url": null, "logo": null }, "geometry": { "type": "Point", "coordinates": [ 122.54526, 10.685733 ] } },
{ "type": "Feature", "properties": { "name": "Brgy. San Juan Basketball Court", "category": "Critical Facilities", "type": "Multipurpose Hall", "contact_mobile": null, "contact_landline": null, "email": null, "address": "Zone 2, Brgy.san juan zone 3.molo Brgy, Molo, Iloilo City, 5000 Iloilo", "barangay": "San Juan", "district": "Molo", "municity": "Iloilo City", "province": "Iloilo", "facebook": null, "url": null, "logo": null }, "geometry": { "type": "Point", "coordinates": [ 122.545147, 10.688107 ] } },
{ "type": "Feature", "properties": { "name": "Calumpang Barangay Hall", "category": "Critical Facilities", "type": "Government", "contact_mobile": null, "contact_landline": null, "email": null, "address": "MGJQ+J2Q Molo, Iloilo City, Iloilo", "barangay": "Calumpang", "district": "Molo", "municity": "Iloilo City", "province": "Iloilo", "facebook": null, "url": null, "logo": null }, "geometry": { "type": "Point", "coordinates": [ 122.537598, 10.681579 ] } },
{ "type": "Feature", "properties": { "name": "Our Lady Of The Miraculous Medal Parish", "category": "Critical Facilities", "type": "Faith-Based", "contact_mobile": null, "contact_landline": null, "email": null, "address": "MGMP+MVM, Molo, Iloilo City, 5000 Iloilo", "barangay": "Calumpang", "district": "Molo", "municity": "Iloilo City", "province": "Iloilo", "facebook": null, "url": null, "logo": null }, "geometry": { "type": "Point", "coordinates": [ 122.537163, 10.684201 ] } },
{ "type": "Feature", "properties": { "name": "Barangay South Baluarte Multipurpose Hall", "category": "Critical Facilities", "type": "Multipurpose Hall", "contact_mobile": null, "contact_landline": "(033) 335 0940", "email": null, "address": "MHR2+92 Iloilo City, Iloilo", "barangay": "South Baluarte", "district": "Molo", "municity": "Iloilo City", "province": "Iloilo", "facebook": null, "url": null, "logo": null }, "geometry": { "type": "Point", "coordinates": [ 122.550077, 10.690984 ] } },
{ "type": "Feature", "properties": { "name": "Barangay Hall", "category": "Critical Facilities", "type": "Government", "contact_mobile": null, "contact_landline": null, "email": null, "address": "MGRG+7XV, Villa Arevalo District, Iloilo City, 5000 Iloilo", "barangay": "Dulonan", "district": "Arevalo", "municity": "Iloilo City", "province": "Iloilo", "facebook": null, "url": null, "logo": null }, "geometry": { "type": "Point", "coordinates": [ 122.527425, 10.690726 ] } },
{ "type": "Feature", "properties": { "name": "Lopez Subdivision Day Care Center", "category": "Critical Facilities", "type": "Education", "contact_mobile": null, "contact_landline": null, "email": null, "address": "MGRG+8XC Lopez Subdivision Day Care Center, Villa Arevalo District, Iloilo City, 5000 Iloilo", "barangay": "Dulonan", "district": "Arevalo", "municity": "Iloilo City", "province": "Iloilo", "facebook": null, "url": null, "logo": null }, "geometry": { "type": "Point", "coordinates": [ 122.527382, 10.690803 ] } },
{ "type": "Feature", "properties": { "name": "Calaparan Brgy. Hall", "category": "Critical Facilities", "type": "Government", "contact_mobile": null, "contact_landline": "(033) 338 4187", "email": null, "address": "MGJH+F5F CALAPARAN BRGY.HALL, Villa Arevalo District, Iloilo City, 5000 Iloilo", "barangay": "Calaparan", "district": "Arevalo", "municity": "Iloilo City", "province": "Iloilo", "facebook": null, "url": null, "logo": null }, "geometry": { "type": "Point", "coordinates": [ 122.52791, 10.681192 ] } },
{ "type": "Feature", "properties": { "name": "Melchor L. Nava National High School", "category": "Critical Facilities", "type": "Education", "contact_mobile": null, "contact_landline": "(033) 336 5350", "email": "melchorl.navanhs@gmail.com", "address": "Z-15 Calaparan, Arevalo, Iloilo City, Iloilo City, Philippines", "barangay": "Calaparan", "district": "Arevalo", "municity": "Iloilo City", "province": "Iloilo", "facebook": "https://www.facebook.com/people/Melchor-L-Nava-National-High-School/61550706183226/", "url": null, "logo": "https://drive.google.com/uc?export=view&id=1-jfN76XBYCIirsJcZnz3Jh9KgQuh8Vv9" }, "geometry": { "type": "Point", "coordinates": [ 122.530065, 10.682597 ] } },
{ "type": "Feature", "properties": { "name": "Brgy. Calaparan Day Care Center", "category": "Critical Facilities", "type": "Education", "contact_mobile": null, "contact_landline": null, "email": null, "address": "MGJH+63F BRGY. CALAPARAN DAY CARE CENTER, 232 Baluarte - Calumpang - Villa - Oton Blvd, Villa Arevalo District, Iloilo City, Iloilo", "barangay": "Calaparan", "district": "Arevalo", "municity": "Iloilo City", "province": "Iloilo", "facebook": null, "url": null, "logo": null }, "geometry": { "type": "Point", "coordinates": [ 122.527952, 10.681076 ] } },
{ "type": "Feature", "properties": { "name": "Calaparan Day Care Center 3", "category": "Critical Facilities", "type": "Education", "contact_mobile": null, "contact_landline": null, "email": null, "address": "Calaparan Day Care Center 3, Capital, Zone 12 Calaparan Arevalo Iloilo City, Iloilo (Capital, 5000 Iloilo", "barangay": "Calaparan", "district": "Arevalo", "municity": "Iloilo City", "province": "Iloilo", "facebook": null, "url": null, "logo": null }, "geometry": { "type": "Point", "coordinates": [ 122.526667, 10.679854 ] } },
{ "type": "Feature", "properties": { "name": "Sto. Niño Barangay Hall", "category": "Critical Facilities", "type": "Government", "contact_mobile": null, "contact_landline": null, "email": null, "address": "MGJ9+5X3 STO. NIño BARANGAY HALL, Baluarte - Calumpang - Villa - Oton Blvd, Villa Arevalo District, Iloilo City, Iloilo", "barangay": "Santo Niño Norte", "district": "Arevalo", "municity": "Iloilo City", "province": "Iloilo", "facebook": null, "url": null, "logo": null }, "geometry": { "type": "Point", "coordinates": [ 122.519929, 10.680398 ] } },
{ "type": "Feature", "properties": { "name": "E. Yusay Memorial School", "category": "Critical Facilities", "type": "Education", "contact_mobile": "(033) 337 9617", "contact_landline": null, "email": "eyusaymemsch@gmail.com", "address": "MGJ9+FR7 E. Santo Niño Norte, Villa Arevalo District, Iloilo City, 5000 Iloilo", "barangay": "Santo Niño Norte", "district": "Arevalo", "municity": "Iloilo City", "province": "Iloilo", "facebook": "https://www.facebook.com/p/E-Yusay-Memorial-School-100063960315072/", "url": null, "logo": null }, "geometry": { "type": "Point", "coordinates": [ 122.519533, 10.681173 ] } },
{ "type": "Feature", "properties": { "name": "Brgy. Sto. Nino Day Care", "category": "Critical Facilities", "type": "Education", "contact_mobile": null, "contact_landline": null, "email": null, "address": "MGJ9+6XH BARANGAY STO.NIño DAY CARE, Baluarte - Calumpang - Villa - Oton Blvd, Villa Arevalo District, Iloilo City, 5000 Iloilo", "barangay": "Santo Niño Norte", "district": "Arevalo", "municity": "Iloilo City", "province": "Iloilo", "facebook": null, "url": null, "logo": null }, "geometry": { "type": "Point", "coordinates": [ 122.519994, 10.680552 ] } },
{ "type": "Feature", "properties": { "name": "Sto. Niño Sur Baranggay Hall", "category": "Critical Facilities", "type": "Government", "contact_mobile": null, "contact_landline": null, "email": null, "address": "MGH3+XHF Sto. Niño Sur Baranggay Hall, Villa Arevalo District, Iloilo City, Iloilo", "barangay": "Santo Niño Sur", "district": "Arevalo", "municity": "Iloilo City", "province": "Iloilo", "facebook": "https://www.facebook.com/p/Barangay-Sto-Ni%C3%B1o-Sur-Arevalo-Iloilo-City-61553831649603/", "url": null, "logo": "https://drive.google.com/uc?export=view&id=11qoeen1J82KJIk6AJ5AR6FWP1CW_1lcR" }, "geometry": { "type": "Point", "coordinates": [ 122.503924, 10.679944 ] } },
{ "type": "Feature", "properties": { "name": "Sto. Niño Sur Fire Sub-Station", "category": "Critical Facilities", "type": "Emergency Response", "contact_mobile": "0947 386 9950", "contact_landline": null, "email": "stoninosurfss@gmail.com", "address": "MGH3+XJG Baluarte - Calumpang - Villa - Oton Blvd, Villa Arevalo District, Iloilo City, Iloilo", "barangay": "Santo Niño Sur", "district": "Arevalo", "municity": "Iloilo City", "province": "Iloilo", "facebook": "https://www.facebook.com/people/BFP-R6-Sto-Ni%C3%B1o-Sur-Substation/100089624141658/", "url": null, "logo": "https://drive.google.com/uc?export=view&id=10AeGrnzXKNE322At8Pgh4oYUhGAWhlGA" }, "geometry": { "type": "Point", "coordinates": [ 122.504083, 10.679935 ] } },
{ "type": "Feature", "properties": { "name": "John B. Lacson Foundation Maritime University-Arevalo", "category": "Critical Facilities", "type": "Education", "contact_mobile": null, "contact_landline": null, "email": "arevalo@jblfmu.edu.ph", "address": "MGH3+XXG Villa Arevalo District, Iloilo City, 5000 Iloilo", "barangay": "Santo Niño Sur", "district": "Arevalo", "municity": "Iloilo City", "province": "Iloilo", "facebook": "https://www.facebook.com/jblfmuarevaloofficial/", "url": "http://www.arevalo.jblfmu.edu.ph", "logo": "https://drive.google.com/uc?export=view&id=1aeaT1nss3_g_-upNYE7LSDJMNppypsQg" }, "geometry": { "type": "Point", "coordinates": [ 122.504963, 10.679927 ] } },
{ "type": "Feature", "properties": { "name": "Sto. Nino Sur Elementary School", "category": "Critical Facilities", "type": "Education", "contact_mobile": "(033) 336 0530", "contact_landline": null, "email": null, "address": "MGJ2+954 Baluarte - Calumpang - Villa - Oton Blvd, Villa Arevalo District, Iloilo City, Iloilo", "barangay": "Santo Niño Sur", "district": "Arevalo", "municity": "Iloilo City", "province": "Iloilo", "facebook": null, "url": null, "logo": null }, "geometry": { "type": "Point", "coordinates": [ 122.500462, 10.680892 ] } },
{ "type": "Feature", "properties": { "name": "Temple Baptist Church", "category": "Critical Facilities", "type": "Faith-Based", "contact_mobile": null, "contact_landline": null, "email": null, "address": "MFJX+8W8, Valuarte-Calumpang-Villa-Oton Road, Sto. Ni�o Sur, Arevalo, Iloilo City, 5000 Iloilo", "barangay": "Santo Niño Sur", "district": "Arevalo", "municity": "Iloilo City", "province": "Iloilo", "facebook": null, "url": null, "logo": null }, "geometry": { "type": "Point", "coordinates": [ 122.499817, 10.680798 ] } },
{ "type": "Feature", "properties": { "name": "Brgy. Bonifacio Barangay Hall", "category": "Critical Facilities", "type": "Government", "contact_mobile": null, "contact_landline": null, "email": null, "address": "MGP4+CQJ Brgy. Bonifacio Barangay Hall, Bonifacio St, Villa Arevalo District, Iloilo City, Iloilo", "barangay": "Bonifacio (Arevalo)", "district": "Arevalo", "municity": "Iloilo City", "province": "Iloilo", "facebook": "https://www.facebook.com/barangay.bonifacio.arevalo", "url": null, "logo": "https://drive.google.com/uc?export=view&id=1FQTMwjLvS7tD6Xb-lWHy-a1xPT_vihcO" }, "geometry": { "type": "Point", "coordinates": [ 122.506887, 10.686079 ] } },
{ "type": "Feature", "properties": { "name": "Sto. Domingo Elementary School", "category": "Critical Facilities", "type": "Education", "contact_mobile": null, "contact_landline": null, "email": "stodomingoelementaryschool@gmail.com", "address": "9 Guanco St, Villa Arevalo District, Iloilo City, Iloilo", "barangay": "Bonifacio (Arevalo)", "district": "Arevalo", "municity": "Iloilo City", "province": "Iloilo", "facebook": null, "url": null, "logo": null }, "geometry": { "type": "Point", "coordinates": [ 122.506675, 10.689098 ] } },
{ "type": "Feature", "properties": { "name": "Mohon Barangay Hall", "category": "Critical Facilities", "type": "Government", "contact_mobile": null, "contact_landline": "(033) 336 1361", "email": null, "address": "MGR2+8PX Mohon Barangay Hall, Villa Arevalo District, Iloilo City, 5000 Iloilo", "barangay": "Santa Cruz", "district": "Arevalo", "municity": "Iloilo City", "province": "Iloilo", "facebook": "https://www.facebook.com/barangay.mohon.10/photos", "url": null, "logo": "https://drive.google.com/uc?export=view&id=1srNItQzzvThQ49uqmV6-NiQ5bnFIsRpE" }, "geometry": { "type": "Point", "coordinates": [ 122.501844, 10.690862 ] } },
{ "type": "Feature", "properties": { "name": "Barangay Sta. Cruz Multi-Purpose Hall", "category": "Critical Facilities", "type": "Government", "contact_mobile": null, "contact_landline": "(033) 336 7669", "email": null, "address": "Santa Cruz Barangay Hall, 106 Bonifacio St, Villa Arevalo District, Iloilo City, 5000 Iloilo", "barangay": "Santa Cruz", "district": "Arevalo", "municity": "Iloilo City", "province": "Iloilo", "facebook": null, "url": null, "logo": null }, "geometry": { "type": "Point", "coordinates": [ 122.50069, 10.686258 ] } },
{ "type": "Feature", "properties": { "name": "El Shekinah International School of Arevalo, Inc.", "category": "Critical Facilities", "type": "Education", "contact_mobile": "0948 727 1772", "contact_landline": null, "email": null, "address": "MGV2+67Q Villa Arevalo District, Iloilo City, Iloilo", "barangay": "Mohon", "district": "Arevalo", "municity": "Iloilo City", "province": "Iloilo", "facebook": "https://www.facebook.com/esicsAREVALO?mibextid=LQQJ4d", "url": null, "logo": "https://drive.google.com/uc?export=view&id=1YOhyXVLNhsF6b1YPoLoy-svPnCkd8pCO" }, "geometry": { "type": "Point", "coordinates": [ 122.500747, 10.693082 ] } },
{ "type": "Feature", "properties": { "name": "Sto Domingo Barangay Multipurpose Hall", "category": "Critical Facilities", "type": "Multipurpose Hall", "contact_mobile": null, "contact_landline": "(033) 501 7477", "email": null, "address": "MGR3+RPF Sto Domingo Barangay Multipurpose Hall, Osme�a St, Villa Arevalo District, Iloilo City, 5000 Iloilo", "barangay": "Santo Domingo", "district": "Arevalo", "municity": "Iloilo City", "province": "Iloilo", "facebook": null, "url": null, "logo": null }, "geometry": { "type": "Point", "coordinates": [ 122.504305, 10.692056 ] } },
{ "type": "Feature", "properties": { "name": "Santa Filomena Barangay Hall", "category": "Critical Facilities", "type": "Government", "contact_mobile": null, "contact_landline": "(033) 501 9127", "email": null, "address": "MGP8+P39 Santa Filomena Barangay Hall, Bonifacio St, Villa Arevalo District, Iloilo City, 5000 Iloilo", "barangay": "Santa Filomena", "district": "Arevalo", "municity": "Iloilo City", "province": "Iloilo", "facebook": null, "url": null, "logo": null }, "geometry": { "type": "Point", "coordinates": [ 122.515241, 10.686782 ] } },
{ "type": "Feature", "properties": { "name": "Convento de Santo Niño de Arevalo Shrine", "category": "Critical Facilities", "type": "Education", "contact_mobile": null, "contact_landline": "(033) 337 5667", "email": null, "address": "Convento de Santo Niño de Arevalo Parish, Arroyo St, Villa Arevalo District, Iloilo City, 5000 Iloilo", "barangay": "Santa Filomena", "district": "Arevalo", "municity": "Iloilo City", "province": "Iloilo", "facebook": null, "url": null, "logo": null }, "geometry": { "type": "Point", "coordinates": [ 122.515395, 10.687797 ] } },
{ "type": "Feature", "properties": { "name": "Villa Arevalo District Plaza", "category": "Critical Facilities", "type": "Parks and Open Space", "contact_mobile": "0910 377 4994", "contact_landline": null, "email": null, "address": "Sofia Reyes de Veyra Monument, Yulo Dr, Villa Arevalo District, Iloilo City, 5000 Iloilo", "barangay": "Santa Filomena", "district": "Arevalo", "municity": "Iloilo City", "province": "Iloilo", "facebook": null, "url": null, "logo": null }, "geometry": { "type": "Point", "coordinates": [ 122.515882, 10.688622 ] } },
{ "type": "Feature", "properties": { "name": "Barangay Hall", "category": "Critical Facilities", "type": "Government", "contact_mobile": null, "contact_landline": null, "email": null, "address": "Barangay Hall, Barangay Quezon Landheights Subdivision, Phase 2 Quezon St, Villa Arevalo District, Iloilo City, Iloilo", "barangay": "Quezon", "district": "Arevalo", "municity": "Iloilo City", "province": "Iloilo", "facebook": null, "url": null, "logo": null }, "geometry": { "type": "Point", "coordinates": [ 122.519256, 10.68725 ] } },
{ "type": "Feature", "properties": { "name": "Ramon Avancena National High School", "category": "Critical Facilities", "type": "Education", "contact_mobile": "(033) 338 0292", "contact_landline": null, "email": "302750@deped.gov.ph", "address": "MGP9+54W Villa Arevalo District, Iloilo City, 5000 Iloilo", "barangay": "Quezon", "district": "Arevalo", "municity": "Iloilo City", "province": "Iloilo", "facebook": "https://www.facebook.com/RANHSONLINE/", "url": null, "logo": "https://drive.google.com/uc?export=view&id=1udrhaFUmP-lfAzNgGWh1iEbIoPJWMyRB" }, "geometry": { "type": "Point", "coordinates": [ 122.517827, 10.685482 ] } },
{ "type": "Feature", "properties": { "name": "Brgy. Hall San Jose Arevalo", "category": "Critical Facilities", "type": "Government", "contact_mobile": null, "contact_landline": null, "email": null, "address": "MGQ8+4JW Brgy.Hall San Jose Arevalo, Villa Arevalo District, Iloilo City, 5000 Iloilo", "barangay": "San Jose (Arevalo)", "district": "Arevalo", "municity": "Iloilo City", "province": "Iloilo", "facebook": null, "url": null, "logo": null }, "geometry": { "type": "Point", "coordinates": [ 122.516575, 10.687873 ] } },
{ "type": "Feature", "properties": { "name": "Multi-Purpose Hall, Barangay San Jose, Tubungan, Iloilo", "category": "Critical Facilities", "type": "Multipurpose Hall", "contact_mobile": null, "contact_landline": null, "email": null, "address": "MGRC+8MG Multi-Purpose Hall, Barangay San Jose, Tubungan, Iloilo, Villa Arevalo District, Iloilo City, 5027 Iloilo", "barangay": "San Jose (Arevalo)", "district": "Arevalo", "municity": "Iloilo City", "province": "Iloilo", "facebook": null, "url": null, "logo": null }, "geometry": { "type": "Point", "coordinates": [ 122.521712, 10.690816 ] } },
{ "type": "Feature", "properties": { "name": "Brgy. San Jose Tanod Outpost", "category": "Critical Facilities", "type": "Emergency Response", "contact_mobile": null, "contact_landline": null, "email": null, "address": "MGQ9+X5H Brgy. San Jose Tanod Outpost, Villa Arevalo District, Iloilo City, 5000 Iloilo", "barangay": "San Jose (Arevalo)", "district": "Arevalo", "municity": "Iloilo City", "province": "Iloilo", "facebook": null, "url": null, "logo": null }, "geometry": { "type": "Point", "coordinates": [ 122.51798, 10.689932 ] } },
{ "type": "Feature", "properties": { "name": "Arevalo Elementary School", "category": "Critical Facilities", "type": "Education", "contact_mobile": null, "contact_landline": "(033) 337 5772", "email": "arevaloelementary@gmail.com", "address": "130 Jocson St, Villa Arevalo District, Iloilo City, Iloilo", "barangay": "San Jose (Arevalo)", "district": "Arevalo", "municity": "Iloilo City", "province": "Iloilo", "facebook": "https://www.facebook.com/ArevaloElemSch/", "url": null, "logo": "https://drive.google.com/uc?export=view&id=1e-1bRW0P68iFRjxghGIg4l20Lgm2q70A" }, "geometry": { "type": "Point", "coordinates": [ 122.517053, 10.689426 ] } },
{ "type": "Feature", "properties": { "name": "So-Oc Barangay Hall", "category": "Critical Facilities", "type": "Government", "contact_mobile": "0995 963 0538", "contact_landline": "(033) 300 3536", "email": "soocarevalo253@gmail.com", "address": "MGXF+P6M So-Oc Barangay Hall, Mandurriao, Iloilo City, 5000 Iloilo", "barangay": "So-oc", "district": "Arevalo", "municity": "Iloilo City", "province": "Iloilo", "facebook": "https://www.facebook.com/p/Brgy-Sooc-Arevalo-61554609025591/", "url": null, "logo": "https://drive.google.com/uc?export=view&id=1GJ0BQO_5KQhlXB4qkW2EKqtA7uI4bxe3" }, "geometry": { "type": "Point", "coordinates": [ 122.523039, 10.699331 ] } },
{ "type": "Feature", "properties": { "name": "Barangay Bolilao Multi-Purpose Building", "category": "Critical Facilities", "type": "Multipurpose Hall", "contact_mobile": null, "contact_landline": null, "email": null, "address": "PH63+FV9 Brgy. Mandurriao, Iloilo City, Iloilo", "barangay": "Bolilao", "district": "Mandurriao", "municity": "Iloilo City", "province": "Iloilo", "facebook": null, "url": null, "logo": null }, "geometry": { "type": "Point", "coordinates": [ 122.554749, 10.711157 ] } },
{ "type": "Feature", "properties": { "name": "Bakhaw Barangay Hall", "category": "Critical Facilities", "type": "Government", "contact_mobile": null, "contact_landline": null, "email": null, "address": "Mandurriao, Iloilo City, Iloilo", "barangay": "Bakhaw", "district": "Mandurriao", "municity": "Iloilo City", "province": "Iloilo", "facebook": null, "url": null, "logo": null }, "geometry": { "type": "Point", "coordinates": [ 122.553821, 10.718304 ] } },
{ "type": "Feature", "properties": { "name": "National Housing Authority", "category": "Critical Facilities", "type": "Government", "contact_mobile": null, "contact_landline": "(033) 301 1843", "email": null, "address": "PH93+7GX Brgy. Bakhaw Mandurriao, Iloilo City, 5000 Iloilo", "barangay": "Bakhaw", "district": "Mandurriao", "municity": "Iloilo City", "province": "Iloilo", "facebook": null, "url": null, "logo": null }, "geometry": { "type": "Point", "coordinates": [ 122.553871, 10.718244 ] } },
{ "type": "Feature", "properties": { "name": "Bureau of Immigration - District Office Region VI", "category": "Critical Facilities", "type": "Government", "contact_mobile": null, "contact_landline": "(033) 332 3353", "email": null, "address": "2F Unit B Festive Walk Parade, Megaworld Blvd, Mandurriao, Iloilo City, 5000", "barangay": "Buhang Taft North", "district": "Mandurriao", "municity": "Iloilo City", "province": "Iloilo", "facebook": null, "url": "https://immigration.gov.ph/contacts/", "logo": "https://drive.google.com/uc?export=view&id=1T2T_5Dm0bVcHE_LmdnWE5AMf1mTMgU2y" }, "geometry": { "type": "Point", "coordinates": [ 122.547478, 10.717569 ] } },
{ "type": "Feature", "properties": { "name": "Metro Pacific Iloilo Water", "category": "Critical Facilities", "type": "Water Supply and Distribution", "contact_mobile": "0908 818 8552", "contact_landline": null, "email": null, "address": "PG9X+326 Mandurriao, Iloilo City, Iloilo", "barangay": "Buhang Taft North", "district": "Mandurriao", "municity": "Iloilo City", "province": "Iloilo", "facebook": null, "url": null, "logo": null }, "geometry": { "type": "Point", "coordinates": [ 122.547526, 10.717668 ] } },
{ "type": "Feature", "properties": { "name": "Philhealth", "category": "Critical Facilities", "type": "Government", "contact_mobile": null, "contact_landline": null, "email": null, "address": "PG8X+X2R Mandurriao, Iloilo City, Iloilo", "barangay": "Buhang Taft North", "district": "Mandurriao", "municity": "Iloilo City", "province": "Iloilo", "facebook": null, "url": null, "logo": "https://drive.google.com/uc?export=view&id=127YKugmAXg4w7XkiQIOw1bKKOSU5yvve" }, "geometry": { "type": "Point", "coordinates": [ 122.547507, 10.717498 ] } },
{ "type": "Feature", "properties": { "name": "Iloilo Integrated School Foundation, Inc.", "category": "Critical Facilities", "type": "Education", "contact_mobile": null, "contact_landline": "(033) 321 3326", "email": "theiis2001@gmail.com", "address": "ILOILO INTEGRATED SCHOOL FOUNDATION, INC., 59 Taft St, Mandurriao, Iloilo City, 5000 Iloilo", "barangay": "Buhang Taft North", "district": "Mandurriao", "municity": "Iloilo City", "province": "Iloilo", "facebook": "https://www.facebook.com/iis2001/", "url": null, "logo": "https://drive.google.com/uc?export=view&id=1t2OVeuNv6DrGFHWm4QUCl_GlbVDRf75k" }, "geometry": { "type": "Point", "coordinates": [ 122.549136, 10.718821 ] } },
{ "type": "Feature", "properties": { "name": "Telecom Enterprises", "category": "Critical Facilities", "type": "Telecommunication", "contact_mobile": "0950 304 4273", "contact_landline": null, "email": null, "address": "PG9X+999, Mandurriao, Iloilo City, 5000 Iloilo", "barangay": "Buhang Taft North", "district": "Mandurriao", "municity": "Iloilo City", "province": "Iloilo", "facebook": null, "url": null, "logo": null }, "geometry": { "type": "Point", "coordinates": [ 122.548497, 10.718414 ] } },
{ "type": "Feature", "properties": { "name": "Wizbo Fibertek Inc. - Iloilo Branch", "category": "Critical Facilities", "type": "Telecommunication", "contact_mobile": null, "contact_landline": null, "email": null, "address": "Pro Tek Building, ISA Rd, Mandurriao, Iloilo City, 5000 Iloilo", "barangay": "Buhang Taft North", "district": "Mandurriao", "municity": "Iloilo City", "province": "Iloilo", "facebook": null, "url": null, "logo": null }, "geometry": { "type": "Point", "coordinates": [ 122.549294, 10.71216 ] } },
{ "type": "Feature", "properties": { "name": "Cignal - Powerhouse Head Office Mandurriao Iloilo", "category": "Critical Facilities", "type": "Telecommunication", "contact_mobile": null, "contact_landline": null, "email": null, "address": "1170 El 98 St, Mandurriao, Iloilo City, Iloilo", "barangay": "Buhang Taft North", "district": "Mandurriao", "municity": "Iloilo City", "province": "Iloilo", "facebook": null, "url": null, "logo": null }, "geometry": { "type": "Point", "coordinates": [ 122.553085, 10.720191 ] } },
{ "type": "Feature", "properties": { "name": "Victory Iloilo - Mandurriao", "category": "Critical Facilities", "type": "Faith-Based", "contact_mobile": null, "contact_landline": "(033) 330 3032", "email": null, "address": "Victory Center, Paseo de Arcangeles, Benigno Aquino Ave, Mandurriao, Iloilo City, Iloilo", "barangay": "Buhang Taft North", "district": "Mandurriao", "municity": "Iloilo City", "province": "Iloilo", "facebook": "https://www.facebook.com/victoryiloilocity?mibextid=ZbWKwL", "url": null, "logo": null }, "geometry": { "type": "Point", "coordinates": [ 122.552374, 10.715764 ] } },
{ "type": "Feature", "properties": { "name": "Department of Human Settlements and Urban Development ", "category": "Critical Facilities", "type": "Government", "contact_mobile": null, "contact_landline": "(033) 321 6177", "email": null, "address": "PH53+WHG Region 6, Mandurriao, Iloilo City, Iloilo", "barangay": "San Rafael", "district": "Mandurriao", "municity": "Iloilo City", "province": "Iloilo", "facebook": null, "url": null, "logo": null }, "geometry": { "type": "Point", "coordinates": [ 122.553843, 10.709705 ] } },
{ "type": "Feature", "properties": { "name": "PRC Regional Office 6 - Iloilo City", "category": "Critical Facilities", "type": "Government", "contact_mobile": null, "contact_landline": "(033) 329 2410", "email": null, "address": "2/F Gaisano Iloilo City Center Mall, Benigno Aquino Ave, Mandurriao, Iloilo City", "barangay": "San Rafael", "district": "Mandurriao", "municity": "Iloilo City", "province": "Iloilo", "facebook": null, "url": null, "logo": null }, "geometry": { "type": "Point", "coordinates": [ 122.553569, 10.709715 ] } },
{ "type": "Feature", "properties": { "name": "San Rafael Barangay Hall", "category": "Critical Facilities", "type": "Government", "contact_mobile": null, "contact_landline": null, "email": null, "address": "PG5W+GG7 San Rafael Barangay Hall, Donato Pison Ave, Barangay, San Rafael, Mandurriao, Iloilo City, 5008 Iloilo", "barangay": "San Rafael", "district": "Mandurriao", "municity": "Iloilo City", "province": "Iloilo", "facebook": null, "url": null, "logo": null }, "geometry": { "type": "Point", "coordinates": [ 122.54631, 10.70879 ] } },
{ "type": "Feature", "properties": { "name": "San Rafael Police Station", "category": "Critical Facilities", "type": "Emergency Response", "contact_mobile": null, "contact_landline": null, "email": null, "address": "PG5W+GG7 San Rafael Barangay Hall, Donato Pison Ave, Barangay, San Rafael, Mandurriao, Iloilo City, 5008 Iloilo", "barangay": "San Rafael", "district": "Mandurriao", "municity": "Iloilo City", "province": "Iloilo", "facebook": null, "url": "https://www.bir.gov.ph/", "logo": null }, "geometry": { "type": "Point", "coordinates": [ 122.54631, 10.70879 ] } },
{ "type": "Feature", "properties": { "name": "Bureau of Internal Revenue Iloilo", "category": "Critical Facilities", "type": "Government", "contact_mobile": null, "contact_landline": "(033) 337 6060", "email": null, "address": "PH62+982 Plazuela Dos, Pison Ave, Mandurriao, Iloilo City, Iloilo", "barangay": "San Rafael", "district": "Mandurriao", "municity": "Iloilo City", "province": "Iloilo", "facebook": null, "url": null, "logo": null }, "geometry": { "type": "Point", "coordinates": [ 122.550764, 10.710888 ] } },
{ "type": "Feature", "properties": { "name": "Ateneo de Iloilo - Santa Maria Catholic School ", "category": "Critical Facilities", "type": "Education", "contact_mobile": "0998 860 5312", "contact_landline": "(033) 337 5531", "email": "info@adi.edu.ph", "address": "Atria Park District, Donato Pison Avenue, San Rafael, Mandurriao, Iloilo City, Philippines", "barangay": "San Rafael", "district": "Mandurriao", "municity": "Iloilo City", "province": "Iloilo", "facebook": "https://www.facebook.com/AteneodeIloiloSMCS/", "url": "https://www.smcs.adi.edu.ph/", "logo": "https://drive.google.com/uc?export=view&id=17D66o242YOUDg4CKwTICR5CX9hBgUn-0" }, "geometry": { "type": "Point", "coordinates": [ 122.547646, 10.705309 ] } },
{ "type": "Feature", "properties": { "name": "Iloilo River Esplanade 1", "category": "Critical Facilities", "type": "Parks and Open Space", "contact_mobile": null, "contact_landline": null, "email": null, "address": "PH33+287, Iloilo Riverside Blvd, Mandurriao, Iloilo City, Iloilo", "barangay": "San Rafael", "district": "Mandurriao", "municity": "Iloilo City", "province": "Iloilo", "facebook": null, "url": null, "logo": null }, "geometry": { "type": "Point", "coordinates": [ 122.553287, 10.702544 ] } },
{ "type": "Feature", "properties": { "name": "Oñate de Leon Barangay Hall", "category": "Critical Facilities", "type": "Government", "contact_mobile": null, "contact_landline": null, "email": null, "address": "PG8P+PGF Mandurriao, Iloilo City, Iloilo", "barangay": "Oñate de Leon", "district": "Mandurriao", "municity": "Iloilo City", "province": "Iloilo", "facebook": null, "url": null, "logo": null }, "geometry": { "type": "Point", "coordinates": [ 122.536304, 10.716809 ] } },
{ "type": "Feature", "properties": { "name": "Mandurriao Police Station", "category": "Critical Facilities", "type": "Emergency Response", "contact_mobile": null, "contact_landline": "(033) 333 2734", "email": null, "address": "PG8P+JHM Mandurriao Police Station, Mandurriao, Iloilo City, 5000 Iloilo", "barangay": "Oñate de Leon", "district": "Mandurriao", "municity": "Iloilo City", "province": "Iloilo", "facebook": null, "url": null, "logo": null }, "geometry": { "type": "Point", "coordinates": [ 122.536412, 10.716587 ] } },
{ "type": "Feature", "properties": { "name": "Mandurriao Fire Sub-Station", "category": "Critical Facilities", "type": "Emergency Response", "contact_mobile": null, "contact_landline": "(033) 321 0779", "email": null, "address": "PG8P+MHC Mandurriao Fire Sub Station, Guzman Jesena St, Mandurriao, Iloilo City, 5000 Iloilo", "barangay": "Oñate de Leon", "district": "Mandurriao", "municity": "Iloilo City", "province": "Iloilo", "facebook": null, "url": null, "logo": null }, "geometry": { "type": "Point", "coordinates": [ 122.536405, 10.716677 ] } },
{ "type": "Feature", "properties": { "name": "Civil Service Commission Regional Office No. 6", "category": "Critical Facilities", "type": "Government", "contact_mobile": null, "contact_landline": "(033) 321 1253", "email": null, "address": "PG8P+PWC 7 Onate De Leon St, Mandurriao, Iloilo City, 5000 Iloilo", "barangay": "Oñate de Leon", "district": "Mandurriao", "municity": "Iloilo City", "province": "Iloilo", "facebook": null, "url": "https://www.csc.gov.ph/", "logo": null }, "geometry": { "type": "Point", "coordinates": [ 122.537346, 10.717087 ] } },
{ "type": "Feature", "properties": { "name": "Espousal Of Our Lady Parish Church", "category": "Critical Facilities", "type": "Faith-Based", "contact_mobile": null, "contact_landline": "(033) 321 0030", "email": null, "address": "C. F Perfecto Street, Mandurriao, Iloilo City, Iloilo", "barangay": "Oñate de Leon", "district": "Mandurriao", "municity": "Iloilo City", "province": "Iloilo", "facebook": null, "url": null, "logo": null }, "geometry": { "type": "Point", "coordinates": [ 122.536263, 10.717692 ] } },
{ "type": "Feature", "properties": { "name": "Forest Lake Memorial Parks - Iloilo", "category": "Critical Facilities", "type": "Parks and Open Space", "contact_mobile": null, "contact_landline": "(033) 321 2789", "email": null, "address": "Onate Ext., Brgy, Mandurriao, Iloilo City, Iloilo", "barangay": "Oñate de Leon", "district": "Mandurriao", "municity": "Iloilo City", "province": "Iloilo", "facebook": null, "url": null, "logo": null }, "geometry": { "type": "Point", "coordinates": [ 122.529447, 10.709501 ] } },
{ "type": "Feature", "properties": { "name": "Brgy. PHHC Block 22", "category": "Critical Facilities", "type": "Government", "contact_mobile": null, "contact_landline": "(033) 503 4323", "email": null, "address": "Mandurriao, Iloilo City, Brgy. PHHC Block 22, Jasmin St, Mandurriao, Iloilo City, 5000 Iloilo", "barangay": "PHHC Block 22 NHA", "district": "Mandurriao", "municity": "Iloilo City", "province": "Iloilo", "facebook": null, "url": null, "logo": null }, "geometry": { "type": "Point", "coordinates": [ 122.542459, 10.722298 ] } },
{ "type": "Feature", "properties": { "name": "Navais Basketball Court", "category": "Critical Facilities", "type": "Multipurpose Hall", "contact_mobile": null, "contact_landline": null, "email": null, "address": "PG3M+JCJ Unnamed Road, Mandurriao, Iloilo City, Iloilo", "barangay": "Navais", "district": "Mandurriao", "municity": "Iloilo City", "province": "Iloilo", "facebook": null, "url": null, "logo": null }, "geometry": { "type": "Point", "coordinates": [ 122.533506, 10.704089 ] } },
{ "type": "Feature", "properties": { "name": "Brgy. Hall - Guzman-Jesena", "category": "Critical Facilities", "type": "Government", "contact_mobile": null, "contact_landline": null, "email": null, "address": "Guzman, Jesena St, Mandurriao, Iloilo City, Iloilo", "barangay": "Guzman-Jesena", "district": "Mandurriao", "municity": "Iloilo City", "province": "Iloilo", "facebook": null, "url": null, "logo": null }, "geometry": { "type": "Point", "coordinates": [ 122.530899, 10.722341 ] } },
{ "type": "Feature", "properties": { "name": "Inter-Faith Global Church", "category": "Critical Facilities", "type": "Faith-Based", "contact_mobile": null, "contact_landline": null, "email": "igciloilo2021@gmail.com", "address": "57 Guzman St, Mandurriao, Iloilo City, 5000 Iloilo", "barangay": "Guzman-Jesena", "district": "Mandurriao", "municity": "Iloilo City", "province": "Iloilo", "facebook": "https://www.facebook.com/IGCIloilo?_rdc=1&_rdr#", "url": null, "logo": "https://drive.google.com/uc?export=view&id=1f_E-njEJ79c3RDNDgIogampjS5XRezQB" }, "geometry": { "type": "Point", "coordinates": [ 122.530926, 10.723992 ] } },
{ "type": "Feature", "properties": { "name": "Iloilo City Landfill", "category": "Critical Facilities", "type": "Solid Waste", "contact_mobile": null, "contact_landline": null, "email": null, "address": "PG5F+VG4, Pakiad Rd, Mandurriao, Iloilo City, 5000 Iloilo", "barangay": "Calahunan", "district": "Mandurriao", "municity": "Iloilo City", "province": "Iloilo", "facebook": null, "url": null, "logo": null }, "geometry": { "type": "Point", "coordinates": [ 122.523838, 10.709634 ] } },
{ "type": "Feature", "properties": { "name": "Hibao-an Norte Barangay Hall", "category": "Critical Facilities", "type": "Government", "contact_mobile": null, "contact_landline": null, "email": null, "address": "PGQ9+P3C Mandurriao, Iloilo City, Iloilo", "barangay": "Hibao-an Norte", "district": "Mandurriao", "municity": "Iloilo City", "province": "Iloilo", "facebook": null, "url": null, "logo": null }, "geometry": { "type": "Point", "coordinates": [ 122.517636, 10.739305 ] } },
{ "type": "Feature", "properties": { "name": "Barangay Dungon-C Tanod Outpost", "category": "Critical Facilities", "type": "Emergency Response", "contact_mobile": null, "contact_landline": null, "email": null, "address": "PGFR+M2W Brgy. Dungon-C, Mandurriao, Iloilo City, 5000 Iloilo", "barangay": "Dungon", "district": "Mandurriao", "municity": "Iloilo City", "province": "Iloilo", "facebook": null, "url": null, "logo": null }, "geometry": { "type": "Point", "coordinates": [ 122.540065, 10.724227 ] } },
{ "type": "Feature", "properties": { "name": "Barangay Multi-Purpose Hall", "category": "Critical Facilities", "type": "Multipurpose Hall", "contact_mobile": null, "contact_landline": null, "email": null, "address": "PGGQ+C2V C, Mandurriao, Iloilo City, 5000 Iloilo", "barangay": "Dungon", "district": "Mandurriao", "municity": "Iloilo City", "province": "Iloilo", "facebook": null, "url": null, "logo": null }, "geometry": { "type": "Point", "coordinates": [ 122.537538, 10.726116 ] } },
{ "type": "Feature", "properties": { "name": "Brgy. Sta. Rosa Brgy Hall", "category": "Critical Facilities", "type": "Government", "contact_mobile": null, "contact_landline": null, "email": null, "address": "PGGW+J9F Brgy. Sta. Rosa Bgry Hall, Jaro, Iloilo City, Iloilo", "barangay": "PHHC Block 17", "district": "Mandurriao", "municity": "Iloilo City", "province": "Iloilo", "facebook": null, "url": null, "logo": null }, "geometry": { "type": "Point", "coordinates": [ 122.545909, 10.726556 ] } },
{ "type": "Feature", "properties": { "name": "Brgy. PHHC Blk 17 Hall", "category": "Critical Facilities", "type": "Government", "contact_mobile": null, "contact_landline": null, "email": null, "address": "PGFR+QP8 Mandurriao, Iloilo City, Iloilo", "barangay": "PHHC Block 17", "district": "Mandurriao", "municity": "Iloilo City", "province": "Iloilo", "facebook": null, "url": null, "logo": null }, "geometry": { "type": "Point", "coordinates": [ 122.541821, 10.724401 ] } },
{ "type": "Feature", "properties": { "name": "Day Care Center (Iloilo City)", "category": "Critical Facilities", "type": "Education", "contact_mobile": null, "contact_landline": null, "email": null, "address": "Block 17, Day Care Center, Brgy. PHHC , Mandurriao, Iloilo City, 5000 Iloilo", "barangay": "PHHC Block 17", "district": "Mandurriao", "municity": "Iloilo City", "province": "Iloilo", "facebook": null, "url": null, "logo": null }, "geometry": { "type": "Point", "coordinates": [ 122.541701, 10.72455 ] } },
{ "type": "Feature", "properties": { "name": "Santa Isabel College of Iloilo City", "category": "Critical Facilities", "type": "Education", "contact_mobile": null, "contact_landline": "(033) 327 4769", "email": "siis_iloilo@yahoo.com", "address": "Thaddeus Subdivision, Mandurriao, Iloilo City, Iloilo", "barangay": "Hibao-an Sur", "district": "Mandurriao", "municity": "Iloilo City", "province": "Iloilo", "facebook": "https://www.facebook.com/SantaIsabelcollegeofiloilocity/", "url": "http://www.santaisabelcollegeofiloilocity.com", "logo": "https://drive.google.com/uc?export=view&id=1fpUnsdXdE3OptwJ29iQmXjYM_g0tBbhK" }, "geometry": { "type": "Point", "coordinates": [ 122.526468, 10.727567 ] } },
{ "type": "Feature", "properties": { "name": "Luna (La Paz) Barangay Hall", "category": "Critical Facilities", "type": "Government", "contact_mobile": null, "contact_landline": "(033) 503 3045", "email": null, "address": "PH48+V9J La Paz, Iloilo City, 5000 Iloilo", "barangay": "Luna (La Paz)", "district": "La Paz", "municity": "Iloilo City", "province": "Iloilo", "facebook": null, "url": null, "logo": null }, "geometry": { "type": "Point", "coordinates": [ 122.565902, 10.707219 ] } },
{ "type": "Feature", "properties": { "name": "Philhealth Region 6 Office", "category": "Critical Facilities", "type": "Government", "contact_mobile": null, "contact_landline": "(033) 501 9160", "email": null, "address": "PH48+VRJ Gaisano Malll Luna St., La Paz, Iloilo City, 5000 Iloilo", "barangay": "Luna (La Paz)", "district": "La Paz", "municity": "Iloilo City", "province": "Iloilo", "facebook": null, "url": "https://www.philhealth.gov.ph/", "logo": "https://drive.google.com/uc?export=view&id=127YKugmAXg4w7XkiQIOw1bKKOSU5yvve" }, "geometry": { "type": "Point", "coordinates": [ 122.567006, 10.707201 ] } },
{ "type": "Feature", "properties": { "name": "Green International Technological College", "category": "Critical Facilities", "type": "Education", "contact_mobile": null, "contact_landline": "(033) 327 6380", "email": "gitceducom@gmail.com", "address": "St. Clements College Building, Luna St, La Paz, Iloilo City, Iloilo", "barangay": "Bantud", "district": "La Paz", "municity": "Iloilo City", "province": "Iloilo", "facebook": "https://www.facebook.com/cncenglish/", "url": "http://gitc.edu.ph", "logo": "https://drive.google.com/uc?export=view&id=1htje2z5wL0NLtw5fFMQQDc2aG_X52tjL" }, "geometry": { "type": "Point", "coordinates": [ 122.564663, 10.708997 ] } },
{ "type": "Feature", "properties": { "name": "St. Clement'S Church - Redemptorists Iloilo", "category": "Critical Facilities", "type": "Faith-Based", "contact_mobile": null, "contact_landline": "(033) 323 1568", "email": "redemptorist.iloilo@gmail.com", "address": "PH68+23P, Luna St, La Paz, Iloilo City, 5000 Iloilo", "barangay": "Bantud", "district": "La Paz", "municity": "Iloilo City", "province": "Iloilo", "facebook": "https://www.facebook.com/stclementschurchiloilo/", "url": "https://stclementsiloilo.wordpress.com/", "logo": "https://drive.google.com/uc?export=view&id=1U0cndiK00x4R-c2r1Wd83BqtAWrIBSSR" }, "geometry": { "type": "Point", "coordinates": [ 122.565196, 10.710095 ] } },
{ "type": "Feature", "properties": { "name": "Brgy. Nasitasan Barangay Hall", "category": "Critical Facilities", "type": "Government", "contact_mobile": null, "contact_landline": null, "email": null, "address": "PH47+25M Hechanova St, La Paz, Iloilo City, 5000 Iloilo", "barangay": "Nabitasan", "district": "La Paz", "municity": "Iloilo City", "province": "Iloilo", "facebook": null, "url": null, "logo": null }, "geometry": { "type": "Point", "coordinates": [ 122.562934, 10.705081 ] } },
{ "type": "Feature", "properties": { "name": "Tanod Outpost", "category": "Critical Facilities", "type": "Emergency Response", "contact_mobile": null, "contact_landline": null, "email": null, "address": "PH47+25G Hechanova St, La Paz, Iloilo City, 5000 Iloilo", "barangay": "Nabitasan", "district": "La Paz", "municity": "Iloilo City", "province": "Iloilo", "facebook": null, "url": null, "logo": null }, "geometry": { "type": "Point", "coordinates": [ 122.562939, 10.705069 ] } },
{ "type": "Feature", "properties": { "name": "Ombudsman Field Office No. VI", "category": "Critical Facilities", "type": "Government", "contact_mobile": null, "contact_landline": "335095644", "email": null, "address": "2nd Floor, The Mangroves, Prime Estates Subd., Sen. E.P, Senator Efraim P. Tre�as Boulevard, La Paz, Iloilo City", "barangay": "Nabitasan", "district": "La Paz", "municity": "Iloilo City", "province": "Iloilo", "facebook": null, "url": "https://www.ombudsman.gov.ph/", "logo": "https://drive.google.com/uc?export=view&id=19jLHMCtB48aHEvn7Qd_ja-z9ck5-gJEu" }, "geometry": { "type": "Point", "coordinates": [ 122.560171, 10.702703 ] } },
{ "type": "Feature", "properties": { "name": "PAREF Ridgefield School Iloilo", "category": "Critical Facilities", "type": "Education", "contact_mobile": "0916 238 2696", "contact_landline": "(033) 326 1235", "email": "ridgefield@paref.edu.ph", "address": "PAREF Ridgefield School Iloilo, #2 Muyco Compound, Magsaysay Rd, La Paz, Iloilo City, 5000 Iloilo", "barangay": "Nabitasan", "district": "La Paz", "municity": "Iloilo City", "province": "Iloilo", "facebook": "https://www.facebook.com/PAREFRidgefieldIloilo/", "url": "https://sites.google.com/paref.edu.ph/montrose/home", "logo": "https://drive.google.com/uc?export=view&id=1OLA1T1YvjN4il0teQkQbE13Vys0alke0" }, "geometry": { "type": "Point", "coordinates": [ 122.562598, 10.707985 ] } },
{ "type": "Feature", "properties": { "name": "Iloilo City Garden Of Love", "category": "Critical Facilities", "type": "Parks and Open Space", "contact_mobile": null, "contact_landline": "(033) 333 1111", "email": "iloilocitybeautification@gmail.com", "address": "PH26+V3Q, La Paz, Iloilo City, Iloilo", "barangay": "Nabitasan", "district": "La Paz", "municity": "Iloilo City", "province": "Iloilo", "facebook": "https://www.facebook.com/profile.php?id=100095609880863", "url": null, "logo": "https://drive.google.com/uc?export=view&id=1YI-uQtwmdwTuZQuYGQmXg8XXfU6xn08h" }, "geometry": { "type": "Point", "coordinates": [ 122.560243, 10.702216 ] } },
{ "type": "Feature", "properties": { "name": "Police Station 3", "category": "Critical Facilities", "type": "Emergency Response", "contact_mobile": null, "contact_landline": null, "email": null, "address": "PH87+533 Luna St, Jaro, Iloilo City, Iloilo", "barangay": "Magsaysay Village", "district": "La Paz", "municity": "Iloilo City", "province": "Iloilo", "facebook": null, "url": null, "logo": null }, "geometry": { "type": "Point", "coordinates": [ 122.562665, 10.715381 ] } },
{ "type": "Feature", "properties": { "name": "Magsaysay Village Barangay Hall", "category": "Critical Facilities", "type": "Government", "contact_mobile": null, "contact_landline": null, "email": null, "address": "PH56+WVC Magsaysay Village Barangay Hall, Obregon Street, Brgy.Magsaysay Village, La paz, Iloilo City, 5000 Iloilo", "barangay": "Magsaysay Village", "district": "La Paz", "municity": "Iloilo City", "province": "Iloilo", "facebook": null, "url": null, "logo": null }, "geometry": { "type": "Point", "coordinates": [ 122.562146, 10.709809 ] } },
{ "type": "Feature", "properties": { "name": "Barangay Magsaysay Village Tanod Outpost", "category": "Critical Facilities", "type": "Emergency Response", "contact_mobile": null, "contact_landline": null, "email": null, "address": "PH67+VV4 Magsaysay Rd, La Paz, Iloilo City, Iloilo", "barangay": "Magsaysay Village", "district": "La Paz", "municity": "Iloilo City", "province": "Iloilo", "facebook": null, "url": null, "logo": null }, "geometry": { "type": "Point", "coordinates": [ 122.564702, 10.712147 ] } },
{ "type": "Feature", "properties": { "name": "Department of Science and Technology Regional Office", "category": "Critical Facilities", "type": "Government", "contact_mobile": null, "contact_landline": "(033) 320 0907", "email": "ord@ro6.dost.gov.ph", "address": "PH67+QPG La Paz, Iloilo City, 5000 Iloilo", "barangay": "Magsaysay Village", "district": "La Paz", "municity": "Iloilo City", "province": "Iloilo", "facebook": null, "url": "https://region6.dost.gov.ph/", "logo": "https://drive.google.com/uc?export=view&id=1DPy9e23IXylqctcbZ6CifUu8yECmvQSc" }, "geometry": { "type": "Point", "coordinates": [ 122.564326, 10.711929 ] } },
{ "type": "Feature", "properties": { "name": "Philippine Charity Sweepstakes Office", "category": "Critical Facilities", "type": "Government", "contact_mobile": null, "contact_landline": "(033) 330 0133", "email": null, "address": "PH66+GRC La Paz, Iloilo City, Iloilo", "barangay": "Magsaysay Village", "district": "La Paz", "municity": "Iloilo City", "province": "Iloilo", "facebook": null, "url": null, "logo": "https://drive.google.com/uc?export=view&id=18JHtH_5OFgagxptS6Z3swwZpom63vG-S" }, "geometry": { "type": "Point", "coordinates": [ 122.56202, 10.71132 ] } },
{ "type": "Feature", "properties": { "name": "West Visayas State University-Main", "category": "Critical Facilities", "type": "Education", "contact_mobile": null, "contact_landline": "(033) 320 0871", "email": "president@wvsu.edu.ph", "address": "Luna St, La Paz, Iloilo City, 5000 Iloilo", "barangay": "Magsaysay Village", "district": "La Paz", "municity": "Iloilo City", "province": "Iloilo", "facebook": "https://www.facebook.com/wvsuofficialpage/", "url": "https://wvsu.edu.ph/", "logo": "https://drive.google.com/uc?export=view&id=1c4DwpfXwJZxGmlsheRy1YpBl1Lk2OnBp" }, "geometry": { "type": "Point", "coordinates": [ 122.562353, 10.713666 ] } },
{ "type": "Feature", "properties": { "name": "Magsaysay Village Day Care Center", "category": "Critical Facilities", "type": "Education", "contact_mobile": null, "contact_landline": null, "email": null, "address": "PH66+Q9J Magsaysay Village Day Care Center, Brgy.Magsaysay Village, La paz, Iloilo City, 5000 Iloilo", "barangay": "Magsaysay Village", "district": "La Paz", "municity": "Iloilo City", "province": "Iloilo", "facebook": null, "url": null, "logo": null }, "geometry": { "type": "Point", "coordinates": [ 122.560893, 10.711969 ] } },
{ "type": "Feature", "properties": { "name": "PLDT Smart Experience Hub La Paz", "category": "Critical Facilities", "type": "Telecommunication", "contact_mobile": "0969 100 5722", "contact_landline": null, "email": null, "address": "Main Luna St., La Paz, Iloilo City, 5000 Iloilo", "barangay": "Magsaysay Village", "district": "La Paz", "municity": "Iloilo City", "province": "Iloilo", "facebook": null, "url": "https://pldthome.com/sales-and-service-centers", "logo": null }, "geometry": { "type": "Point", "coordinates": [ 122.564683, 10.712023 ] } },
{ "type": "Feature", "properties": { "name": "DigiHwy", "category": "Critical Facilities", "type": "Telecommunication", "contact_mobile": "0932 771 0703", "contact_landline": null, "email": null, "address": "PH66+X3H, La Paz, Jaro, Iloilo City, 5000 Iloilo", "barangay": "Magsaysay Village", "district": "La Paz", "municity": "Iloilo City", "province": "Iloilo", "facebook": null, "url": "https://digihwy.org/", "logo": null }, "geometry": { "type": "Point", "coordinates": [ 122.560188, 10.712438 ] } },
{ "type": "Feature", "properties": { "name": "Iloilo Sports Complex", "category": "Critical Facilities", "type": "Parks and Open Space", "contact_mobile": null, "contact_landline": null, "email": null, "address": "PH67+M35, La Paz, Iloilo City, Iloilo", "barangay": "Magsaysay Village", "district": "La Paz", "municity": "Iloilo City", "province": "Iloilo", "facebook": null, "url": null, "logo": null }, "geometry": { "type": "Point", "coordinates": [ 122.56275, 10.711639 ] } },
{ "type": "Feature", "properties": { "name": "DepEd Iloilo - Public Affairs Office", "category": "Critical Facilities", "type": "Government", "contact_mobile": null, "contact_landline": "(033) 327 2252", "email": null, "address": "PH77+JJJ Luna St, La Paz, Iloilo City, 5000 Iloilo", "barangay": "San Nicolas", "district": "La Paz", "municity": "Iloilo City", "province": "Iloilo", "facebook": null, "url": "https://depediloilo.ph", "logo": null }, "geometry": { "type": "Point", "coordinates": [ 122.563891, 10.71415 ] } },
{ "type": "Feature", "properties": { "name": "Cignal Hub Lapaz Iloilo City", "category": "Critical Facilities", "type": "Telecommunication", "contact_mobile": "0938 889 9990", "contact_landline": null, "email": null, "address": "Luna St, La Paz, Iloilo City, 5000 Iloilo", "barangay": "San Nicolas", "district": "La Paz", "municity": "Iloilo City", "province": "Iloilo", "facebook": null, "url": null, "logo": null }, "geometry": { "type": "Point", "coordinates": [ 122.566283, 10.710202 ] } },
{ "type": "Feature", "properties": { "name": "Baptist Center Church", "category": "Critical Facilities", "type": "Faith-Based", "contact_mobile": null, "contact_landline": null, "email": null, "address": "Luna St, La Paz, Iloilo City, Iloilo", "barangay": "San Nicolas", "district": "La Paz", "municity": "Iloilo City", "province": "Iloilo", "facebook": null, "url": null, "logo": null }, "geometry": { "type": "Point", "coordinates": [ 122.564374, 10.713086 ] } },
{ "type": "Feature", "properties": { "name": "Barangay Magdalo Multi Purpose Hall", "category": "Critical Facilities", "type": "Multipurpose Hall", "contact_mobile": null, "contact_landline": null, "email": null, "address": "PH68+GJJ La Paz, Iloilo City, 5000 Iloilo", "barangay": "Magdalo", "district": "La Paz", "municity": "Iloilo City", "province": "Iloilo", "facebook": null, "url": null, "logo": null }, "geometry": { "type": "Point", "coordinates": [ 122.566523, 10.711344 ] } },
{ "type": "Feature", "properties": { "name": "Iloilo Science and Technology University-Main", "category": "Critical Facilities", "type": "Education", "contact_mobile": null, "contact_landline": "33-3207190", "email": "mail@isatu.edu.ph", "address": "Burgos St, La Paz, Iloilo City, Iloilo", "barangay": "Magdalo", "district": "La Paz", "municity": "Iloilo City", "province": "Iloilo", "facebook": "https://www.facebook.com/isatuniversityofficial/", "url": "http://www.isatu.edu.ph", "logo": "https://drive.google.com/uc?export=view&id=1IGkrMRGJoUCIKkTjV-lzZ6ZpU755n5i0" }, "geometry": { "type": "Point", "coordinates": [ 122.566346, 10.715417 ] } },
{ "type": "Feature", "properties": { "name": "St. Therese-MTC Colleges-Magdalo", "category": "Critical Facilities", "type": "Education", "contact_mobile": "0999 672 0480", "contact_landline": null, "email": "registrar.magdalo@stmtcc.edu.ph", "address": "PH68+GR3 La Paz, Iloilo City, Iloilo", "barangay": "Magdalo", "district": "La Paz", "municity": "Iloilo City", "province": "Iloilo", "facebook": "https://www.facebook.com/STMTCCMAGDALOOFFICIAL", "url": "stmtcc.edu.ph", "logo": "https://drive.google.com/uc?export=view&id=106eXARSgREJoYU3FOtxXFk4M6YJN46q6" }, "geometry": { "type": "Point", "coordinates": [ 122.567036, 10.71125 ] } },
{ "type": "Feature", "properties": { "name": "Iloilo Pioneer Masjid", "category": "Critical Facilities", "type": "Faith-Based", "contact_mobile": null, "contact_landline": null, "email": null, "address": "PH68+QPP Brgy. Magdalo, Lapaz, Iloilo City, 5000 Iloilo", "barangay": "Magdalo", "district": "La Paz", "municity": "Iloilo City", "province": "Iloilo", "facebook": null, "url": null, "logo": null }, "geometry": { "type": "Point", "coordinates": [ 122.566827, 10.711961 ] } },
{ "type": "Feature", "properties": { "name": "Multi Purpose Hall", "category": "Critical Facilities", "type": "Multipurpose Hall", "contact_mobile": null, "contact_landline": null, "email": null, "address": "PH59+X5G Brgy. Railway, La Paz, Iloilo City, 5000 Iloilo", "barangay": "Railway", "district": "La Paz", "municity": "Iloilo City", "province": "Iloilo", "facebook": null, "url": null, "logo": null }, "geometry": { "type": "Point", "coordinates": [ 122.567949, 10.709939 ] } },
{ "type": "Feature", "properties": { "name": "Lapaz Public Market", "category": "Critical Facilities", "type": "Public Market", "contact_mobile": null, "contact_landline": "(033) 320 7514", "email": null, "address": "18 Huervana St, La Paz, Iloilo City, 5000 Iloilo", "barangay": "Railway", "district": "La Paz", "municity": "Iloilo City", "province": "Iloilo", "facebook": null, "url": null, "logo": null }, "geometry": { "type": "Point", "coordinates": [ 122.567635, 10.708711 ] } },
{ "type": "Feature", "properties": { "name": "Barangay Aguinaldo (Session Hall)", "category": "Critical Facilities", "type": "Government", "contact_mobile": null, "contact_landline": null, "email": null, "address": "PH4C+GWX Barangay Aguinaldo (Session Hall), Lapuz, Iloilo City, Iloilo", "barangay": "Aguinaldo", "district": "La Paz", "municity": "Iloilo City", "province": "Iloilo", "facebook": null, "url": null, "logo": null }, "geometry": { "type": "Point", "coordinates": [ 122.572346, 10.706355 ] } },
{ "type": "Feature", "properties": { "name": "Aguinaldo Day Care Center", "category": "Critical Facilities", "type": "Education", "contact_mobile": null, "contact_landline": null, "email": null, "address": "Aguinaldo Day Care Center, Brgy, La Paz, Iloilo City, 5000 Iloilo", "barangay": "Aguinaldo", "district": "La Paz", "municity": "Iloilo City", "province": "Iloilo", "facebook": null, "url": null, "logo": null }, "geometry": { "type": "Point", "coordinates": [ 122.572408, 10.706292 ] } },
{ "type": "Feature", "properties": { "name": "Office of the Provincial Election Supervisor of Iloilo", "category": "Critical Facilities", "type": "Government", "contact_mobile": null, "contact_landline": null, "email": null, "address": "187 Lopez Jaena Street, La Paz, Iloilo City", "barangay": "Lopez Jaena Sur", "district": "La Paz", "municity": "Iloilo City", "province": "Iloilo", "facebook": null, "url": null, "logo": null }, "geometry": { "type": "Point", "coordinates": [ 122.573234, 10.712462 ] } },
{ "type": "Feature", "properties": { "name": "Lopez Jaena Sur Barangay Hall", "category": "Critical Facilities", "type": "Government", "contact_mobile": null, "contact_landline": null, "email": null, "address": "PH6F+P7V Lopez Jaena Sur Barangay Hall, Anceps St, La Paz, Iloilo City, 5000 Iloilo", "barangay": "Lopez Jaena Sur", "district": "La Paz", "municity": "Iloilo City", "province": "Iloilo", "facebook": null, "url": null, "logo": null }, "geometry": { "type": "Point", "coordinates": [ 122.573157, 10.711873 ] } },
{ "type": "Feature", "properties": { "name": "Barangay Divinagracia Hall", "category": "Critical Facilities", "type": "Government", "contact_mobile": null, "contact_landline": null, "email": null, "address": "Zone 3, Barangay Divinagracia Hall, Divinagracia, Iloilo City, 5000 Iloilo", "barangay": "Divinagracia", "district": "La Paz", "municity": "Iloilo City", "province": "Iloilo", "facebook": null, "url": null, "logo": null }, "geometry": { "type": "Point", "coordinates": [ 122.572584, 10.708855 ] } },
{ "type": "Feature", "properties": { "name": "Iloilo City Police Station 2", "category": "Critical Facilities", "type": "Emergency Response", "contact_mobile": "9985986244", "contact_landline": "(033) 329 0904", "email": null, "address": "Huervana St., Brgy. Divinagracia, Lapaz, Iloilo City", "barangay": "Divinagracia", "district": "La Paz", "municity": "Iloilo City", "province": "Iloilo", "facebook": null, "url": null, "logo": null }, "geometry": { "type": "Point", "coordinates": [ 122.570768, 10.710686 ] } },
{ "type": "Feature", "properties": { "name": "La Paz I Elementary School", "category": "Critical Facilities", "type": "Education", "contact_mobile": null, "contact_landline": null, "email": "117606@deped.gov.ph", "address": "La Paz 1 Elementary School", "barangay": "Divinagracia", "district": "La Paz", "municity": "Iloilo City", "province": "Iloilo", "facebook": "https://www.facebook.com/117606LPIES/", "url": null, "logo": "https://drive.google.com/uc?export=view&id=18zLl0GBXh2HWXXjxSRxB4sY98wv8b87K" }, "geometry": { "type": "Point", "coordinates": [ 122.571732, 10.711216 ] } },
{ "type": "Feature", "properties": { "name": "Rizal Lapaz Barangay Hall", "category": "Critical Facilities", "type": "Government", "contact_mobile": null, "contact_landline": "(033) 327 0964", "email": null, "address": "59 Rizal St, Lapuz, Iloilo City, 5000 Iloilo", "barangay": "Rizal (La Paz)", "district": "La Paz", "municity": "Iloilo City", "province": "Iloilo", "facebook": null, "url": null, "logo": null }, "geometry": { "type": "Point", "coordinates": [ 122.569264, 10.706876 ] } },
{ "type": "Feature", "properties": { "name": "Caingin Barangay Hall", "category": "Critical Facilities", "type": "Government", "contact_mobile": null, "contact_landline": null, "email": null, "address": "PH9G+GV2 Caingin Barangay Hall, Caingin St, La Paz, Iloilo City, Iloilo", "barangay": "Caingin", "district": "La Paz", "municity": "Iloilo City", "province": "Iloilo", "facebook": null, "url": null, "logo": null }, "geometry": { "type": "Point", "coordinates": [ 122.577134, 10.718768 ] } },
{ "type": "Feature", "properties": { "name": "Multi Purpose Hall Brgy. Caingin", "category": "Critical Facilities", "type": "Government", "contact_mobile": null, "contact_landline": null, "email": null, "address": "Zone 2, Brgy. Caingin, La Paz, Iloilo City, Iloilo", "barangay": "Caingin", "district": "La Paz", "municity": "Iloilo City", "province": "Iloilo", "facebook": null, "url": null, "logo": null }, "geometry": { "type": "Point", "coordinates": [ 122.577136, 10.718456 ] } },
{ "type": "Feature", "properties": { "name": "Brgy. Baldoza Brgy Hall / Covered Court", "category": "Critical Facilities", "type": "Government", "contact_mobile": null, "contact_landline": null, "email": null, "address": "PH7H+4XJ Brgy. Baldoza Brgy Hall / Covered Court, La Paz, Iloilo City, Iloilo", "barangay": "Baldoza", "district": "La Paz", "municity": "Iloilo City", "province": "Iloilo", "facebook": null, "url": null, "logo": null }, "geometry": { "type": "Point", "coordinates": [ 122.579881, 10.712844 ] } },
{ "type": "Feature", "properties": { "name": "Brgy. Baldoza Brgy Hall / Covered Court", "category": "Critical Facilities", "type": "Multipurpose Hall", "contact_mobile": null, "contact_landline": null, "email": null, "address": "PH7H+4XJ Brgy. Baldoza Brgy Hall / Covered Court, La Paz, Iloilo City, Iloilo", "barangay": "Baldoza", "district": "La Paz", "municity": "Iloilo City", "province": "Iloilo", "facebook": null, "url": null, "logo": null }, "geometry": { "type": "Point", "coordinates": [ 122.579881, 10.712844 ] } },
{ "type": "Feature", "properties": { "name": "Brgy. Ingore Tanod Outpost", "category": "Critical Facilities", "type": "Emergency Response", "contact_mobile": null, "contact_landline": null, "email": null, "address": "PH7P+QP4 Brgy. Ingore Tanod Outpost, La Paz, Iloilo City, Iloilo", "barangay": "Baldoza", "district": "La Paz", "municity": "Iloilo City", "province": "Iloilo", "facebook": null, "url": null, "logo": null }, "geometry": { "type": "Point", "coordinates": [ 122.586823, 10.714391 ] } },
{ "type": "Feature", "properties": { "name": "Nstra. Sra. De La Paz Y Buen Viaje", "category": "Critical Facilities", "type": "Faith-Based", "contact_mobile": null, "contact_landline": "(033) 329 6680", "email": null, "address": "PH6C+XHQ, Jereos St, La Paz, Iloilo City, 5000 Iloilo", "barangay": "Lopez Jaena Norte", "district": "La Paz", "municity": "Iloilo City", "province": "Iloilo", "facebook": null, "url": null, "logo": null }, "geometry": { "type": "Point", "coordinates": [ 122.571474, 10.712472 ] } },
{ "type": "Feature", "properties": { "name": "La Paz Fire Sub-Station", "category": "Critical Facilities", "type": "Emergency Response", "contact_mobile": null, "contact_landline": null, "email": null, "address": "PH69+9WX La Paz Fire Sub-Station, La Paz, Iloilo City, Iloilo", "barangay": "Burgos-Mabini-Plaza", "district": "La Paz", "municity": "Iloilo City", "province": "Iloilo", "facebook": null, "url": null, "logo": null }, "geometry": { "type": "Point", "coordinates": [ 122.569874, 10.710989 ] } },
{ "type": "Feature", "properties": { "name": "Jereos Child Development Center", "category": "Critical Facilities", "type": "Education", "contact_mobile": "0915 467 4000", "contact_landline": null, "email": "charitysmagayones@gmail.com", "address": "PH98+JG7 Jereos Child Development Center, Jereos St, Jaro, Iloilo City, 5000 Iloilo", "barangay": "Burgos-Mabini-Plaza", "district": "La Paz", "municity": "Iloilo City", "province": "Iloilo", "facebook": "https://www.facebook.com/profile.php?id=100090712309334#", "url": null, "logo": "https://drive.google.com/uc?export=view&id=1KRgLNmTPsxXZis4GpOcXuXQLzGEV-QdX" }, "geometry": { "type": "Point", "coordinates": [ 122.56631, 10.719027 ] } },
{ "type": "Feature", "properties": { "name": "La Paz Plaza", "category": "Critical Facilities", "type": "Parks and Open Space", "contact_mobile": null, "contact_landline": null, "email": null, "address": "6 Jereos St, La Paz, Iloilo City, Iloilo", "barangay": "Burgos-Mabini-Plaza", "district": "La Paz", "municity": "Iloilo City", "province": "Iloilo", "facebook": null, "url": null, "logo": null }, "geometry": { "type": "Point", "coordinates": [ 122.57102, 10.712599 ] } },
{ "type": "Feature", "properties": { "name": "Gustilo Barangay Hall", "category": "Critical Facilities", "type": "Government", "contact_mobile": null, "contact_landline": "(033) 301 1794", "email": null, "address": "PH8C+CQV Gustilo Barangay Hall, La Paz, Iloilo City, 5000 Iloilo", "barangay": "Gustilo", "district": "La Paz", "municity": "Iloilo City", "province": "Iloilo", "facebook": null, "url": null, "logo": null }, "geometry": { "type": "Point", "coordinates": [ 122.571932, 10.716102 ] } },
{ "type": "Feature", "properties": { "name": "Brgy. Gustilo Tanod Outpost", "category": "Critical Facilities", "type": "Emergency Response", "contact_mobile": null, "contact_landline": null, "email": null, "address": "PH8C+JH3 Brgy. Gustilo Tanod Outpost, Gustilo St, La Paz, Iloilo City, 5000 Iloilo", "barangay": "Gustilo", "district": "La Paz", "municity": "Iloilo City", "province": "Iloilo", "facebook": null, "url": null, "logo": null }, "geometry": { "type": "Point", "coordinates": [ 122.571413, 10.716503 ] } },
{ "type": "Feature", "properties": { "name": "Iloilo Trinity Christian Church", "category": "Critical Facilities", "type": "Faith-Based", "contact_mobile": null, "contact_landline": null, "email": null, "address": "PH7C+P2H, Jereos St, La Paz, Iloilo City, Iloilo", "barangay": "Gustilo", "district": "La Paz", "municity": "Iloilo City", "province": "Iloilo", "facebook": null, "url": null, "logo": null }, "geometry": { "type": "Point", "coordinates": [ 122.570117, 10.714309 ] } },
{ "type": "Feature", "properties": { "name": "Tabuc Suba La Paz Barangay Hall", "category": "Critical Facilities", "type": "Government", "contact_mobile": null, "contact_landline": null, "email": null, "address": "PH8C+XQM Tabuc Suba, Gustillo St, La Paz, Iloilo City, 5000 Iloilo", "barangay": "Tabuc Suba (La Paz)", "district": "La Paz", "municity": "Iloilo City", "province": "Iloilo", "facebook": null, "url": null, "logo": null }, "geometry": { "type": "Point", "coordinates": [ 122.571803, 10.717428 ] } },
{ "type": "Feature", "properties": { "name": "Santa Clarita Internation School Inc.", "category": "Critical Facilities", "type": "Education", "contact_mobile": "0928 339 2228", "contact_landline": null, "email": "scisinc.edu@gmail.com", "address": "Santa Clarita International School Inc., Puerto Real de Iloilo, Santa Clarita Lane, La Paz, Iloilo City, 5000 Iloilo", "barangay": "Tabuc Suba (La Paz)", "district": "La Paz", "municity": "Iloilo City", "province": "Iloilo", "facebook": "https://www.facebook.com/scisincedu/", "url": null, "logo": "https://drive.google.com/uc?export=view&id=1OBzGIdPlLcAqNEeFi33_runLR6CuUC7X" }, "geometry": { "type": "Point", "coordinates": [ 122.572535, 10.724241 ] } },
{ "type": "Feature", "properties": { "name": "San Isidro (La Paz) Barangay Hall", "category": "Critical Facilities", "type": "Government", "contact_mobile": null, "contact_landline": "(033) 301 4802", "email": null, "address": "PHCJ+X4W La Paz, Iloilo City, 5000 Iloilo", "barangay": "San Isidro (La Paz)", "district": "La Paz", "municity": "Iloilo City", "province": "Iloilo", "facebook": null, "url": null, "logo": null }, "geometry": { "type": "Point", "coordinates": [ 122.580331, 10.722499 ] } },
{ "type": "Feature", "properties": { "name": "LaPaz National High School Extension SIA", "category": "Critical Facilities", "type": "Education", "contact_mobile": "0919 909 6017", "contact_landline": null, "email": "lpnhsofficial@gmail.com", "address": "PHCM+RQ7 LaPaz National High School Extension SIA, Burgos Ville, La Paz, Iloilo City, Iloilo", "barangay": "San Isidro (La Paz)", "district": "La Paz", "municity": "Iloilo City", "province": "Iloilo", "facebook": "https://www.facebook.com/LPNHS302747/", "url": null, "logo": "https://drive.google.com/uc?export=view&id=1eKAQ-4PWLOBcjl4nqv5QuqQFwtCgTQda" }, "geometry": { "type": "Point", "coordinates": [ 122.584411, 10.722032 ] } },
{ "type": "Feature", "properties": { "name": "Masjid Muhajireen", "category": "Critical Facilities", "type": "Faith-Based", "contact_mobile": null, "contact_landline": null, "email": null, "address": "PHFH+H35, La Paz, Iloilo City, Iloilo", "barangay": "San Isidro (La Paz)", "district": "La Paz", "municity": "Iloilo City", "province": "Iloilo", "facebook": null, "url": null, "logo": null }, "geometry": { "type": "Point", "coordinates": [ 122.578252, 10.723763 ] } },
{ "type": "Feature", "properties": { "name": "Ticud Barangay Hall", "category": "Critical Facilities", "type": "Government", "contact_mobile": null, "contact_landline": null, "email": null, "address": "PH8H+X9P Ticud St, La Paz, Iloilo City, Iloilo", "barangay": "Ticud (La Paz)", "district": "La Paz", "municity": "Iloilo City", "province": "Iloilo", "facebook": null, "url": null, "logo": null }, "geometry": { "type": "Point", "coordinates": [ 122.578449, 10.717462 ] } },
{ "type": "Feature", "properties": { "name": "Ticud Tanod Outpost", "category": "Critical Facilities", "type": "Government", "contact_mobile": null, "contact_landline": null, "email": null, "address": "PH8H+X93 Coastal Road, La Paz, Iloilo City, Iloilo", "barangay": "Ticud (La Paz)", "district": "La Paz", "municity": "Iloilo City", "province": "Iloilo", "facebook": null, "url": null, "logo": null }, "geometry": { "type": "Point", "coordinates": [ 122.578433, 10.717399 ] } },
{ "type": "Feature", "properties": { "name": "Integrated Solid Waste Management Facility", "category": "Critical Facilities", "type": "Solid Waste", "contact_mobile": null, "contact_landline": null, "email": null, "address": "PHGP+PCG, Ingore, La Paz, Iloilo City, Iloilo", "barangay": "Banuyao", "district": "La Paz", "municity": "Iloilo City", "province": "Iloilo", "facebook": null, "url": null, "logo": null }, "geometry": { "type": "Point", "coordinates": [ 122.586074, 10.72682 ] } },
{ "type": "Feature", "properties": { "name": "Ingore Barangay Hall", "category": "Critical Facilities", "type": "Government", "contact_mobile": null, "contact_landline": "(033) 501 1137", "email": null, "address": "PH9R+QMG Ingore Barangay Hall, Ingore, Iloilo City, 5000 Iloilo", "barangay": "Ingore", "district": "La Paz", "municity": "Iloilo City", "province": "Iloilo", "facebook": null, "url": null, "logo": null }, "geometry": { "type": "Point", "coordinates": [ 122.591693, 10.719439 ] } },
{ "type": "Feature", "properties": { "name": "Ingore Covered Gym", "category": "Critical Facilities", "type": "Multipurpose Hall", "contact_mobile": null, "contact_landline": null, "email": null, "address": "PH9R+VP6 Ingore Covered Gym, La Paz, Iloilo City, Iloilo", "barangay": "Ingore", "district": "La Paz", "municity": "Iloilo City", "province": "Iloilo", "facebook": null, "url": null, "logo": null }, "geometry": { "type": "Point", "coordinates": [ 122.591774, 10.71967 ] } },
{ "type": "Feature", "properties": { "name": "Sangguniang Kabataan Hall - Brgy. Ingore", "category": "Critical Facilities", "type": "Government", "contact_mobile": null, "contact_landline": null, "email": null, "address": "Zone 1, Sangguniang Kabataan Hall - Brgy. Ingore, La Paz, Iloilo City, Iloilo", "barangay": "Ingore", "district": "La Paz", "municity": "Iloilo City", "province": "Iloilo", "facebook": null, "url": null, "logo": null }, "geometry": { "type": "Point", "coordinates": [ 122.584924, 10.714046 ] } }
]
}
