{
"type": "FeatureCollection",
"name": "BOUNDARIES_Cabatuan_Barangay",
"crs": { "type": "name", "properties": { "name": "urn:ogc:def:crs:OGC:1.3:CRS84" } },
"features": [
{ "type": "Feature", "properties": { "psgc": "0603012023", "admin_type": "Barangay", "region": "Region VI (Western Visayas)", "province": "Iloilo", "municity": "Cabatuan", "barangay": "Inaladan", "population": "592" }, "geometry": { "type": "MultiPolygon", "coordinates": [ [ [ [ 122.527993412981104, 10.891751390772326 ], [ 122.519651702299512, 10.899218730656047 ], [ 122.515685509171803, 10.902761183840799 ], [ 122.512407050948383, 10.902390753010568 ], [ 122.504641731595115, 10.902278435588011 ], [ 122.509988102179136, 10.912663819447403 ], [ 122.510421844365879, 10.913506334134684 ], [ 122.514687328047046, 10.909748491609047 ], [ 122.514935732063407, 10.909727248101042 ], [ 122.515369262385462, 10.90964072581599 ], [ 122.515579631268622, 10.909563700014116 ], [ 122.515844916039214, 10.909074466443982 ], [ 122.515947327557356, 10.90902798125601 ], [ 122.51669483026167, 10.908623824071338 ], [ 122.516964248159397, 10.908840103863112 ], [ 122.517313404776729, 10.908865104207004 ], [ 122.517665000717045, 10.909420394352834 ], [ 122.518105233331937, 10.90927445802595 ], [ 122.51829791249186, 10.909239982482276 ], [ 122.518618667767512, 10.909279812399106 ], [ 122.519315882742205, 10.909103377019452 ], [ 122.519554480362928, 10.909107977481527 ], [ 122.519849518923181, 10.909107284626746 ], [ 122.520127901861613, 10.909108364252361 ], [ 122.52030417949895, 10.909192647215233 ], [ 122.52058068952239, 10.909824849116356 ], [ 122.521264854130109, 10.90946278629097 ], [ 122.521304696443167, 10.909446404483388 ], [ 122.52151148286616, 10.909533560984498 ], [ 122.521769918069438, 10.9094445316735 ], [ 122.521912542038905, 10.909400987518474 ], [ 122.522340822875691, 10.90896903064588 ], [ 122.5229834096654, 10.909014694862389 ], [ 122.52305453430121, 10.908617183434792 ], [ 122.523100797307109, 10.908194771567313 ], [ 122.523447708423092, 10.908175902330669 ], [ 122.523457513710468, 10.908050081668426 ], [ 122.523372351299969, 10.907857749124956 ], [ 122.523323768726158, 10.907759262947559 ], [ 122.523263012412372, 10.907641866117331 ], [ 122.523239340318412, 10.907610110968706 ], [ 122.522656892434753, 10.907560086722127 ], [ 122.522474346652587, 10.907220389021674 ], [ 122.522562606342845, 10.907130700342115 ], [ 122.522613875876132, 10.907039949832619 ], [ 122.522668682160642, 10.906985960025956 ], [ 122.523257076333564, 10.906945976977745 ], [ 122.523373542926208, 10.906961126174414 ], [ 122.523567674426033, 10.906772629573856 ], [ 122.523494325633095, 10.906418655784199 ], [ 122.523639224602022, 10.906164729293153 ], [ 122.523936445395066, 10.905783722468703 ], [ 122.524058704369907, 10.905743773219443 ], [ 122.52412175664773, 10.905707269838805 ], [ 122.524135116884423, 10.90519561894301 ], [ 122.524340105346752, 10.905061365607438 ], [ 122.524691989528236, 10.905172047354354 ], [ 122.525081794011371, 10.904654500653086 ], [ 122.525220063169556, 10.904339928553924 ], [ 122.525407973304411, 10.904302988201655 ], [ 122.525562138706846, 10.904158432381688 ], [ 122.525789443803262, 10.903996703854592 ], [ 122.525894243317254, 10.903930963525124 ], [ 122.526419335886843, 10.903773139334843 ], [ 122.526637002700696, 10.903699565908694 ], [ 122.5274000518138, 10.904319857705655 ], [ 122.527277454654296, 10.904646434067967 ], [ 122.527507074629739, 10.905008358731848 ], [ 122.527457170514538, 10.905209356570898 ], [ 122.527523083200379, 10.905363029503999 ], [ 122.52774415874778, 10.905355613168622 ], [ 122.527993189531358, 10.905720368301422 ], [ 122.528558186479302, 10.905112542745034 ], [ 122.529462001502452, 10.904641983696255 ], [ 122.529499177418074, 10.904600786249073 ], [ 122.529544844078217, 10.904311578752941 ], [ 122.530130913486246, 10.903537550570384 ], [ 122.53021477035719, 10.903817150684509 ], [ 122.530338528401913, 10.904276964800234 ], [ 122.53138841536834, 10.904659493435677 ], [ 122.531621081081596, 10.90432966319212 ], [ 122.531744969980807, 10.904128948602304 ], [ 122.531872893175517, 10.90385199925076 ], [ 122.531632291792903, 10.903672852220161 ], [ 122.531858886581816, 10.903461507760692 ], [ 122.53210407480087, 10.903228186229983 ], [ 122.532722782275528, 10.9030229391161 ], [ 122.532903868175708, 10.903486646960435 ], [ 122.533315820659283, 10.903608573365402 ], [ 122.533563243720806, 10.903708739021731 ], [ 122.533714579742878, 10.903786487971148 ], [ 122.53388707090599, 10.903469286711591 ], [ 122.533962880333434, 10.903054335091406 ], [ 122.534046924441441, 10.902659625885313 ], [ 122.534105376968725, 10.902406294899993 ], [ 122.534098387345878, 10.902102185922686 ], [ 122.534687658234802, 10.902281747743558 ], [ 122.534577869744567, 10.9020093987951 ], [ 122.534379298706526, 10.901525413956378 ], [ 122.534293516244915, 10.901262343635478 ], [ 122.533723779754865, 10.901268428818273 ], [ 122.532919348763201, 10.900592873113956 ], [ 122.533120352732894, 10.899889937036203 ], [ 122.533844640434125, 10.900070936646783 ], [ 122.534209542847293, 10.899743448132664 ], [ 122.534223495933816, 10.899725128031003 ], [ 122.534579032373827, 10.899424244810875 ], [ 122.534576154792603, 10.89923682356825 ], [ 122.534536151676548, 10.899160619195916 ], [ 122.53433195633076, 10.898754634765325 ], [ 122.534260325549155, 10.898691613704866 ], [ 122.534007545485238, 10.898491164722646 ], [ 122.533950047639607, 10.898663639926632 ], [ 122.533909623257145, 10.898800579536079 ], [ 122.533858054915086, 10.898939233961483 ], [ 122.533749006231247, 10.898906956582966 ], [ 122.533300916808869, 10.898677905121572 ], [ 122.533091429652202, 10.898845125443888 ], [ 122.532707063734861, 10.898895129178278 ], [ 122.532538419308835, 10.899228528047056 ], [ 122.532375358791214, 10.899621866296538 ], [ 122.531546504555436, 10.899234140039441 ], [ 122.531359512919224, 10.899149383202412 ], [ 122.531228606784552, 10.899039896708871 ], [ 122.531191336977784, 10.89894547060643 ], [ 122.531189051577158, 10.898925928948184 ], [ 122.531187565472038, 10.898892030547133 ], [ 122.531203700094281, 10.898772236095404 ], [ 122.531200956575077, 10.898683379390265 ], [ 122.531069755183751, 10.898471381515172 ], [ 122.530874968742495, 10.89822391864004 ], [ 122.531064862587556, 10.898153564253523 ], [ 122.531128954940172, 10.898142331117876 ], [ 122.530969367063264, 10.897983149357934 ], [ 122.530809650080244, 10.897835870943268 ], [ 122.53068452278923, 10.897747563107476 ], [ 122.530671940432285, 10.897625636203101 ], [ 122.530491193312187, 10.897536745356323 ], [ 122.530362915198353, 10.897397122251341 ], [ 122.530308739446056, 10.897348935287688 ], [ 122.530258651680413, 10.897351157531151 ], [ 122.529849709851746, 10.897530021168192 ], [ 122.529086232433613, 10.897573298571597 ], [ 122.52877137787803, 10.897369447231881 ], [ 122.528925100451374, 10.896873805915341 ], [ 122.52880540514046, 10.896712294137041 ], [ 122.528757407055693, 10.896522230129442 ], [ 122.528552778240226, 10.896412941185528 ], [ 122.528406167563759, 10.896083564368679 ], [ 122.52851224297271, 10.896048046772648 ], [ 122.528964976106025, 10.896104992345634 ], [ 122.528964198215959, 10.89557934249645 ], [ 122.528585796501503, 10.895080868232357 ], [ 122.528562779350864, 10.894980809869537 ], [ 122.528830270177579, 10.894935995879575 ], [ 122.528727069168383, 10.894621726436526 ], [ 122.528275744487232, 10.894606004194323 ], [ 122.528096226923338, 10.894574817273359 ], [ 122.527683994454989, 10.893862616877303 ], [ 122.527608506370356, 10.893642960255285 ], [ 122.527991203983945, 10.893148805433389 ], [ 122.527918505314062, 10.892843097431941 ], [ 122.528368404969797, 10.892477852254984 ], [ 122.528413308147691, 10.892440777337095 ], [ 122.527998915155806, 10.891756942996533 ], [ 122.527993412981104, 10.891751390772326 ] ] ] ] } },
{ "type": "Feature", "properties": { "psgc": "0603012059", "admin_type": "Barangay", "region": "Region VI (Western Visayas)", "province": "Iloilo", "municity": "Cabatuan", "barangay": "Sulanga", "population": "566" }, "geometry": { "type": "MultiPolygon", "coordinates": [ [ [ [ 122.510421844365879, 10.913506334134684 ], [ 122.509988102179136, 10.912663819447403 ], [ 122.504641731595115, 10.902278435588011 ], [ 122.50140498914773, 10.901672978098498 ], [ 122.494467603886164, 10.900498029693717 ], [ 122.494225616919351, 10.900500963596441 ], [ 122.494154578997723, 10.900535631531664 ], [ 122.494092867729407, 10.90066429689907 ], [ 122.494059936327048, 10.90079626812385 ], [ 122.493940229557026, 10.901143095785987 ], [ 122.493763767912355, 10.901382795449619 ], [ 122.493672503935869, 10.901434154934957 ], [ 122.493548646439706, 10.901472204059488 ], [ 122.492727996920962, 10.901204387401275 ], [ 122.492495735942384, 10.901339687675097 ], [ 122.493005516403656, 10.901762945960048 ], [ 122.493004100623423, 10.901804993047691 ], [ 122.492702030536137, 10.902092812711322 ], [ 122.492705488809534, 10.902157643078521 ], [ 122.492854517996847, 10.902310251320509 ], [ 122.492958690974419, 10.9024295964467 ], [ 122.493181328306889, 10.902616032830204 ], [ 122.493469000615775, 10.902814472506886 ], [ 122.493529761840918, 10.902861248114458 ], [ 122.493573691171605, 10.902894522322656 ], [ 122.493599928180927, 10.902920701426652 ], [ 122.493622771210568, 10.902977073575091 ], [ 122.493618917283655, 10.903052043209396 ], [ 122.493614207949236, 10.903311589425217 ], [ 122.493608146892583, 10.90335277912828 ], [ 122.493652927182922, 10.903378733460951 ], [ 122.494103916789754, 10.903499356301205 ], [ 122.494139740231276, 10.903555571057113 ], [ 122.494154973264699, 10.903682389880441 ], [ 122.494149110429888, 10.9038313931077 ], [ 122.494117737335444, 10.90393502088159 ], [ 122.49407315504817, 10.904016880121262 ], [ 122.493947029961802, 10.904104296314282 ], [ 122.493744648464613, 10.904170708147701 ], [ 122.493580271098125, 10.904235745502262 ], [ 122.493506610487671, 10.904374606133837 ], [ 122.493455499671498, 10.904452889622297 ], [ 122.493918301159894, 10.904727783949424 ], [ 122.493947844327096, 10.904804176128826 ], [ 122.49395320488803, 10.904873551898012 ], [ 122.49392580946467, 10.904914086526146 ], [ 122.493558641895007, 10.904917623417226 ], [ 122.493525654810554, 10.904955484699506 ], [ 122.493499317652109, 10.905097426491912 ], [ 122.493501515228559, 10.905130292839633 ], [ 122.494143988166144, 10.905383821535382 ], [ 122.494177604636263, 10.905406256366003 ], [ 122.494192141574658, 10.905466383948232 ], [ 122.494183527910678, 10.905529533261342 ], [ 122.494167573183162, 10.905600081119642 ], [ 122.494148465019748, 10.905635033135468 ], [ 122.493509104664653, 10.905857501249088 ], [ 122.493487033746135, 10.905875128942823 ], [ 122.493545924736978, 10.906186898483405 ], [ 122.493870246617419, 10.90643149212551 ], [ 122.493953565879252, 10.906507232452078 ], [ 122.494011355674076, 10.906535770138829 ], [ 122.494803495963623, 10.906913573119274 ], [ 122.495008323020315, 10.907436463750136 ], [ 122.494891228047294, 10.907589556728171 ], [ 122.494736673946662, 10.90770746974612 ], [ 122.494591174155403, 10.907715629625599 ], [ 122.494181969830365, 10.907512268175125 ], [ 122.493962291705529, 10.907698583586122 ], [ 122.493876748692429, 10.907854034758673 ], [ 122.493829210283039, 10.908008111551826 ], [ 122.493840334138397, 10.908096605023458 ], [ 122.494060457174456, 10.908485911487494 ], [ 122.494092160211281, 10.908591515679564 ], [ 122.494094291109576, 10.90861798697159 ], [ 122.494079556753974, 10.908805472821724 ], [ 122.494036148777539, 10.908911073792531 ], [ 122.493946984769096, 10.908986163789843 ], [ 122.493779496729715, 10.909108801496053 ], [ 122.493744588082336, 10.909140290200654 ], [ 122.4937700510078, 10.909181097794065 ], [ 122.493856409965872, 10.909281471064528 ], [ 122.493934557850849, 10.909394735554446 ], [ 122.493997275225126, 10.909628794647745 ], [ 122.493935676259881, 10.909768422757901 ], [ 122.493830213619844, 10.909881171701517 ], [ 122.494323380127426, 10.910221483723262 ], [ 122.500222885506489, 10.91421311178944 ], [ 122.501411970378555, 10.914059952001242 ], [ 122.510421844365879, 10.913506334134684 ] ] ] ] } },
{ "type": "Feature", "properties": { "psgc": "0603012018", "admin_type": "Barangay", "region": "Region VI (Western Visayas)", "province": "Iloilo", "municity": "Cabatuan", "barangay": "Gines Interior", "population": "691" }, "geometry": { "type": "MultiPolygon", "coordinates": [ [ [ [ 122.510421844365879, 10.913506334134684 ], [ 122.501411970378555, 10.914059952001242 ], [ 122.500222885506489, 10.91421311178944 ], [ 122.500882919909316, 10.915877158956359 ], [ 122.501295431392165, 10.916931658343492 ], [ 122.50267741518698, 10.920521713007249 ], [ 122.501401014547312, 10.921486164131903 ], [ 122.496229821349459, 10.925457220740626 ], [ 122.501409278692407, 10.931367103374228 ], [ 122.50286362676043, 10.932579743631965 ], [ 122.511537360354879, 10.919771734806078 ], [ 122.510856052254596, 10.915883960972177 ], [ 122.510421844365879, 10.913506334134684 ] ] ] ] } },
{ "type": "Feature", "properties": { "psgc": "0603012027", "admin_type": "Barangay", "region": "Region VI (Western Visayas)", "province": "Iloilo", "municity": "Cabatuan", "barangay": "Janipaan Central", "population": "453" }, "geometry": { "type": "MultiPolygon", "coordinates": [ [ [ [ 122.539389758707571, 10.924321638683166 ], [ 122.539466075179249, 10.924489862313127 ], [ 122.540481881926013, 10.924489862313127 ], [ 122.541153710015266, 10.925422842381852 ], [ 122.541796104674461, 10.925256492249721 ], [ 122.542163971763785, 10.925038551227077 ], [ 122.542379418612569, 10.92506535354835 ], [ 122.543329364547645, 10.924818418000239 ], [ 122.543885660972037, 10.923863912980218 ], [ 122.544755157929714, 10.923621060962114 ], [ 122.545957810044541, 10.923285158127049 ], [ 122.546173536992157, 10.923177294653243 ], [ 122.546833958543502, 10.922847083877567 ], [ 122.548476736979069, 10.922956602439937 ], [ 122.548836468022714, 10.92290264278339 ], [ 122.549172385837139, 10.922852255111227 ], [ 122.549487856705639, 10.922804934480951 ], [ 122.550335436157496, 10.922677797563171 ], [ 122.550201654336391, 10.921875106636527 ], [ 122.550048997259026, 10.920958014788821 ], [ 122.5508861453512, 10.920643022809857 ], [ 122.551023043554167, 10.919547837186151 ], [ 122.55170753456899, 10.918863346171335 ], [ 122.551459776311205, 10.916964328020452 ], [ 122.55055918904101, 10.916767836252408 ], [ 122.550536706359964, 10.916826510566334 ], [ 122.549876371520313, 10.916637207328355 ], [ 122.550612348945279, 10.915577789300215 ], [ 122.550137530203344, 10.915261243472253 ], [ 122.549790959727503, 10.915030196488361 ], [ 122.54955533229122, 10.915286170729708 ], [ 122.548317202448288, 10.914495697972429 ], [ 122.5480810548585, 10.914899376559577 ], [ 122.546071457329262, 10.914992807710163 ], [ 122.545399579483473, 10.913705633011507 ], [ 122.544947347170464, 10.913407510043953 ], [ 122.54493142239194, 10.913085796133153 ], [ 122.544832845104153, 10.912948044607548 ], [ 122.544619193033498, 10.912689955209212 ], [ 122.544479601124038, 10.912545438476943 ], [ 122.544351570912468, 10.912398050910607 ], [ 122.544179951273705, 10.912228798853214 ], [ 122.544009512584324, 10.912044725587247 ], [ 122.543819493300887, 10.911821930391612 ], [ 122.543492375963197, 10.911518164032165 ], [ 122.543158420933167, 10.911157983618088 ], [ 122.542754376403735, 10.910729249400665 ], [ 122.542509716384998, 10.91052849576811 ], [ 122.542258431459686, 10.910316069732307 ], [ 122.541924609819034, 10.910049076380494 ], [ 122.541598829064426, 10.909909436028327 ], [ 122.541483862365325, 10.909883461804757 ], [ 122.537638252166218, 10.91441443121113 ], [ 122.537678088605716, 10.914645825043236 ], [ 122.537710361703745, 10.914785112230408 ], [ 122.537706721793157, 10.914954024690207 ], [ 122.537698798817985, 10.915073694781524 ], [ 122.537689016959263, 10.915193386365502 ], [ 122.537672414968526, 10.915285772424534 ], [ 122.538163100150456, 10.915437102115987 ], [ 122.538384995103698, 10.915413541247547 ], [ 122.538656458617695, 10.9159024077696 ], [ 122.538736745205526, 10.916041518819846 ], [ 122.538800160419981, 10.916149427420301 ], [ 122.53885259696689, 10.91626003817982 ], [ 122.538896715841091, 10.916368713865385 ], [ 122.538953152921906, 10.916454631504221 ], [ 122.538982859893906, 10.916528307415705 ], [ 122.539027076856954, 10.916628736853545 ], [ 122.539017561293164, 10.916727589053131 ], [ 122.539008067500902, 10.916824608755871 ], [ 122.539017084156256, 10.916923688881504 ], [ 122.539006641963695, 10.917022529681912 ], [ 122.539003874012423, 10.917099471705356 ], [ 122.539003526538451, 10.917206684095307 ], [ 122.538986913838727, 10.917278873931069 ], [ 122.538948542547502, 10.917388367802191 ], [ 122.538900456673986, 10.917379528942146 ], [ 122.538831004251975, 10.917375009182949 ], [ 122.538755730784203, 10.917392410970779 ], [ 122.538651750226805, 10.91740294630832 ], [ 122.538598065858849, 10.917480277073754 ], [ 122.538628557865891, 10.917565875633366 ], [ 122.538808563315683, 10.917781606640354 ], [ 122.538935934189709, 10.917747434358546 ], [ 122.53900988909551, 10.917763006053304 ], [ 122.539072027707604, 10.917837080832509 ], [ 122.539127897834106, 10.917892750871161 ], [ 122.539135780014178, 10.917931335843509 ], [ 122.539108407269211, 10.917973152751326 ], [ 122.539031302211981, 10.917988699312721 ], [ 122.538919476789516, 10.918040474083432 ], [ 122.53873683650545, 10.918124367535611 ], [ 122.538535107496472, 10.918176869095735 ], [ 122.538501302792994, 10.918214024919743 ], [ 122.538518015403866, 10.918289373791708 ], [ 122.538578540366458, 10.918343268423284 ], [ 122.538688982828361, 10.918407857241004 ], [ 122.538782691789862, 10.918476822108101 ], [ 122.538872235992613, 10.918506331311633 ], [ 122.539000294212386, 10.918492327863865 ], [ 122.539186402586907, 10.918506529752952 ], [ 122.53923059810603, 10.918608791658579 ], [ 122.539233498775516, 10.918676639576093 ], [ 122.539271843878439, 10.91879142278755 ], [ 122.539557360413866, 10.918630738366629 ], [ 122.53961153569, 10.91860522893065 ], [ 122.539626123167125, 10.918703461158154 ], [ 122.539616225489269, 10.918756489583185 ], [ 122.53958305348489, 10.918818395613497 ], [ 122.539546196771454, 10.918878423563697 ], [ 122.539524470804608, 10.91891297889287 ], [ 122.539466225630349, 10.918979158478106 ], [ 122.539414662754893, 10.919028925359555 ], [ 122.539419070425737, 10.919281900902392 ], [ 122.539324861225808, 10.9193329760657 ], [ 122.539217068494722, 10.919357309073904 ], [ 122.538864931397157, 10.919354810851043 ], [ 122.538694193862355, 10.919372871173891 ], [ 122.538534532176513, 10.919394733169158 ], [ 122.538416558644983, 10.919400479990056 ], [ 122.538359390241382, 10.919393495113535 ], [ 122.538396717227812, 10.91944985355943 ], [ 122.538437467521021, 10.919530080031873 ], [ 122.538526151568789, 10.919631972904718 ], [ 122.538583199031805, 10.919666580749645 ], [ 122.538669931908885, 10.919776697015761 ], [ 122.538731199558697, 10.919924071675469 ], [ 122.538760263324761, 10.919973913768569 ], [ 122.538869104582943, 10.92009529849437 ], [ 122.538865551490105, 10.920160317882367 ], [ 122.538833294896975, 10.920223151457831 ], [ 122.538796307162372, 10.920294174269923 ], [ 122.538791456235813, 10.920312442234041 ], [ 122.538852406378467, 10.920330603167278 ], [ 122.538895990295671, 10.920328390095461 ], [ 122.538957529471872, 10.920374966080919 ], [ 122.539039251316126, 10.920750771260238 ], [ 122.539132550219236, 10.921088230777395 ], [ 122.539196174518381, 10.921349265637968 ], [ 122.539222819983053, 10.921524622212788 ], [ 122.539245267927342, 10.921663271900375 ], [ 122.539253488789186, 10.921751345629636 ], [ 122.539265775519368, 10.921809228773901 ], [ 122.539281681645747, 10.921874487483015 ], [ 122.539293019979141, 10.921934191725038 ], [ 122.539320100094244, 10.921995005948496 ], [ 122.539375273061239, 10.922031423365434 ], [ 122.539581932798711, 10.92203213209776 ], [ 122.539648443108575, 10.922050361258558 ], [ 122.539665057076903, 10.922056063856063 ], [ 122.539700607590092, 10.922105985633193 ], [ 122.539681465283707, 10.922157067599233 ], [ 122.539654768394868, 10.922219969621505 ], [ 122.539591061891798, 10.922355727031759 ], [ 122.539536163211778, 10.922452188339705 ], [ 122.539502620523606, 10.92254524674579 ], [ 122.539508682258301, 10.922581060169776 ], [ 122.539544603024979, 10.922599829547888 ], [ 122.539582594830236, 10.922600296761466 ], [ 122.53969500008759, 10.922577853146652 ], [ 122.539741571096954, 10.922558265448748 ], [ 122.53980284839966, 10.922548938783008 ], [ 122.539830821485765, 10.92253462066169 ], [ 122.539903665900127, 10.92256575700061 ], [ 122.539869545092969, 10.922629484132454 ], [ 122.539784918075327, 10.922731994591262 ], [ 122.539715891274355, 10.922847526205359 ], [ 122.539661351859294, 10.92291375136117 ], [ 122.539601809049287, 10.923011071945567 ], [ 122.539574196318142, 10.923073046310549 ], [ 122.539567426791336, 10.923096788977954 ], [ 122.539565235973981, 10.923125169860377 ], [ 122.539546541089251, 10.923216578097456 ], [ 122.5395215231067, 10.923294162850084 ], [ 122.539500255194042, 10.923368128192717 ], [ 122.539474539226859, 10.923426460346548 ], [ 122.539459921056206, 10.923486761743302 ], [ 122.539443558507855, 10.923537877872171 ], [ 122.539422606348978, 10.923585272029866 ], [ 122.53939425201213, 10.923631658769562 ], [ 122.539375065987315, 10.923686405695037 ], [ 122.539360916035321, 10.923707308443921 ], [ 122.539327950291522, 10.923751805700231 ], [ 122.539295856721751, 10.923800895586098 ], [ 122.539249613173439, 10.923870888210882 ], [ 122.539213486340785, 10.923947419923094 ], [ 122.539149233767247, 10.924051097146764 ], [ 122.539362339795943, 10.924211335708598 ], [ 122.539389758707571, 10.924321638683166 ] ] ] ] } },
{ "type": "Feature", "properties": { "psgc": "0603012008", "admin_type": "Barangay", "region": "Region VI (Western Visayas)", "province": "Iloilo", "municity": "Cabatuan", "barangay": "Balabag", "population": "387" }, "geometry": { "type": "MultiPolygon", "coordinates": [ [ [ [ 122.539213486340785, 10.923947419923094 ], [ 122.539249613173439, 10.923870888210882 ], [ 122.539295856721751, 10.923800895586098 ], [ 122.539327950291522, 10.923751805700231 ], [ 122.539360916035321, 10.923707308443921 ], [ 122.539375065987315, 10.923686405695037 ], [ 122.53939425201213, 10.923631658769562 ], [ 122.539422606348978, 10.923585272029866 ], [ 122.539443558507855, 10.923537877872171 ], [ 122.539459921056206, 10.923486761743302 ], [ 122.539474539226859, 10.923426460346548 ], [ 122.539500255194042, 10.923368128192717 ], [ 122.5395215231067, 10.923294162850084 ], [ 122.539546541089251, 10.923216578097456 ], [ 122.539565235973981, 10.923125169860377 ], [ 122.539567426791336, 10.923096788977954 ], [ 122.539574196318142, 10.923073046310549 ], [ 122.539601809049287, 10.923011071945567 ], [ 122.539661351859294, 10.92291375136117 ], [ 122.539715891274355, 10.922847526205359 ], [ 122.539784918075327, 10.922731994591262 ], [ 122.539869545092969, 10.922629484132454 ], [ 122.539903665900127, 10.92256575700061 ], [ 122.539830821485765, 10.92253462066169 ], [ 122.53980284839966, 10.922548938783008 ], [ 122.539741571096954, 10.922558265448748 ], [ 122.53969500008759, 10.922577853146652 ], [ 122.539582594830236, 10.922600296761466 ], [ 122.539544603024979, 10.922599829547888 ], [ 122.539508682258301, 10.922581060169776 ], [ 122.539502620523606, 10.92254524674579 ], [ 122.539536163211778, 10.922452188339705 ], [ 122.539591061891798, 10.922355727031759 ], [ 122.539654768394868, 10.922219969621505 ], [ 122.539681465283707, 10.922157067599233 ], [ 122.539700607590092, 10.922105985633193 ], [ 122.539665057076903, 10.922056063856063 ], [ 122.539648443108575, 10.922050361258558 ], [ 122.539581932798711, 10.92203213209776 ], [ 122.539375273061239, 10.922031423365434 ], [ 122.539320100094244, 10.921995005948496 ], [ 122.539293019979141, 10.921934191725038 ], [ 122.539281681645747, 10.921874487483015 ], [ 122.539265775519368, 10.921809228773901 ], [ 122.539253488789186, 10.921751345629636 ], [ 122.539245267927342, 10.921663271900375 ], [ 122.539222819983053, 10.921524622212788 ], [ 122.539196174518381, 10.921349265637968 ], [ 122.539132550219236, 10.921088230777395 ], [ 122.539039251316126, 10.920750771260238 ], [ 122.538957529471872, 10.920374966080919 ], [ 122.538895990295671, 10.920328390095461 ], [ 122.538852406378467, 10.920330603167278 ], [ 122.538791456235813, 10.920312442234041 ], [ 122.538796307162372, 10.920294174269923 ], [ 122.538833294896975, 10.920223151457831 ], [ 122.538865551490105, 10.920160317882367 ], [ 122.538869104582943, 10.92009529849437 ], [ 122.538760263324761, 10.919973913768569 ], [ 122.538731199558697, 10.919924071675469 ], [ 122.538669931908885, 10.919776697015761 ], [ 122.538583199031805, 10.919666580749645 ], [ 122.538526151568789, 10.919631972904718 ], [ 122.538437467521021, 10.919530080031873 ], [ 122.538396717227812, 10.91944985355943 ], [ 122.538359390241382, 10.919393495113535 ], [ 122.538416558644983, 10.919400479990056 ], [ 122.538534532176513, 10.919394733169158 ], [ 122.538694193862355, 10.919372871173891 ], [ 122.538864931397157, 10.919354810851043 ], [ 122.539217068494722, 10.919357309073904 ], [ 122.539324861225808, 10.9193329760657 ], [ 122.539419070425737, 10.919281900902392 ], [ 122.539414662754893, 10.919028925359555 ], [ 122.539466225630349, 10.918979158478106 ], [ 122.539524470804608, 10.91891297889287 ], [ 122.539546196771454, 10.918878423563697 ], [ 122.53958305348489, 10.918818395613497 ], [ 122.539616225489269, 10.918756489583185 ], [ 122.539626123167125, 10.918703461158154 ], [ 122.53961153569, 10.91860522893065 ], [ 122.539557360413866, 10.918630738366629 ], [ 122.539271843878439, 10.91879142278755 ], [ 122.539233498775516, 10.918676639576093 ], [ 122.53923059810603, 10.918608791658579 ], [ 122.539186402586907, 10.918506529752952 ], [ 122.539000294212386, 10.918492327863865 ], [ 122.538872235992613, 10.918506331311633 ], [ 122.538782691789862, 10.918476822108101 ], [ 122.538688982828361, 10.918407857241004 ], [ 122.538578540366458, 10.918343268423284 ], [ 122.538518015403866, 10.918289373791708 ], [ 122.538501302792994, 10.918214024919743 ], [ 122.538535107496472, 10.918176869095735 ], [ 122.53873683650545, 10.918124367535611 ], [ 122.538919476789516, 10.918040474083432 ], [ 122.539031302211981, 10.917988699312721 ], [ 122.539108407269211, 10.917973152751326 ], [ 122.539135780014178, 10.917931335843509 ], [ 122.539127897834106, 10.917892750871161 ], [ 122.539072027707604, 10.917837080832509 ], [ 122.53900988909551, 10.917763006053304 ], [ 122.538935934189709, 10.917747434358546 ], [ 122.538808563315683, 10.917781606640354 ], [ 122.538628557865891, 10.917565875633366 ], [ 122.538598065858849, 10.917480277073754 ], [ 122.538651750226805, 10.91740294630832 ], [ 122.538570286979549, 10.917384485006702 ], [ 122.534741892306286, 10.919113463542685 ], [ 122.534741859597261, 10.919116212283683 ], [ 122.526529414788087, 10.922894634059753 ], [ 122.523467744210066, 10.926748976196976 ], [ 122.522494014435324, 10.927974777824506 ], [ 122.522442117791442, 10.928288727246846 ], [ 122.522490087155319, 10.928469455130839 ], [ 122.522732978473769, 10.929384564910762 ], [ 122.523496672362057, 10.929066359123974 ], [ 122.523663668979651, 10.928996777199975 ], [ 122.524136802295388, 10.928799638318416 ], [ 122.524492171819887, 10.928651567683211 ], [ 122.525164218208573, 10.928627566026472 ], [ 122.525881561310598, 10.928601946629971 ], [ 122.526737151131144, 10.928571389850667 ], [ 122.52755869156627, 10.928542049120841 ], [ 122.527969864733635, 10.928130875953473 ], [ 122.528156816542449, 10.927943924144666 ], [ 122.528677983426434, 10.927422757260679 ], [ 122.528982432877086, 10.927118307810023 ], [ 122.529892931979319, 10.927118307810023 ], [ 122.530296655625534, 10.927118307810023 ], [ 122.530740635101807, 10.927248890008926 ], [ 122.531108474397243, 10.927357078036994 ], [ 122.531401066492961, 10.927443134535734 ], [ 122.532158471185838, 10.927665900621875 ], [ 122.532442505492995, 10.927325059453288 ], [ 122.532706063997693, 10.927008789247651 ], [ 122.532892444639003, 10.926769156994537 ], [ 122.533216029658391, 10.926353119112468 ], [ 122.533472693934286, 10.926023122186315 ], [ 122.533722792966188, 10.926139835067874 ], [ 122.534326698006751, 10.926421657420134 ], [ 122.534647839017822, 10.9265715232253 ], [ 122.534852495314823, 10.926667029497235 ], [ 122.535115472369839, 10.926789752122911 ], [ 122.536101139431182, 10.926680233560539 ], [ 122.537524880741998, 10.926461196435799 ], [ 122.538388982029602, 10.925501258697469 ], [ 122.53880577380265, 10.925026654184768 ], [ 122.539129322453022, 10.924658226448246 ], [ 122.539277177739933, 10.924489862313127 ], [ 122.539466075179249, 10.924489862313127 ], [ 122.539389758707571, 10.924321638683166 ], [ 122.539362339795943, 10.924211335708598 ], [ 122.539149233767247, 10.924051097146764 ], [ 122.539213486340785, 10.923947419923094 ] ] ] ] } },
{ "type": "Feature", "properties": { "psgc": "0603012014", "admin_type": "Barangay", "region": "Region VI (Western Visayas)", "province": "Iloilo", "municity": "Cabatuan", "barangay": "Calawagan", "population": "356" }, "geometry": { "type": "MultiPolygon", "coordinates": [ [ [ [ 122.510421844365879, 10.913508237703489 ], [ 122.510856052254596, 10.915885864540982 ], [ 122.511537360354879, 10.919773638374883 ], [ 122.511927266577686, 10.919673587175629 ], [ 122.518080960806572, 10.918094453761695 ], [ 122.522928133378358, 10.916834062595338 ], [ 122.52523237318097, 10.915880565243832 ], [ 122.525900435355737, 10.915410672431939 ], [ 122.514687328047046, 10.909750395177852 ], [ 122.510421844365879, 10.913508237703489 ] ] ] ] } },
{ "type": "Feature", "properties": { "psgc": "0603012037", "admin_type": "Barangay", "region": "Region VI (Western Visayas)", "province": "Iloilo", "municity": "Cabatuan", "barangay": "Maraguit", "population": "611" }, "geometry": { "type": "MultiPolygon", "coordinates": [ [ [ [ 122.504986999343217, 10.893768127483709 ], [ 122.511369709336506, 10.891952295576822 ], [ 122.512975596600867, 10.889279422877827 ], [ 122.514235427252743, 10.885939768157415 ], [ 122.502586286976808, 10.886765924583816 ], [ 122.504986999343217, 10.893768127483709 ] ] ] ] } },
{ "type": "Feature", "properties": { "psgc": "0603012004", "admin_type": "Barangay", "region": "Region VI (Western Visayas)", "province": "Iloilo", "municity": "Cabatuan", "barangay": "Anuang", "population": "787" }, "geometry": { "type": "MultiPolygon", "coordinates": [ [ [ [ 122.504986999343217, 10.893768127483709 ], [ 122.504641731595115, 10.902278435588011 ], [ 122.512407050948383, 10.902390753010568 ], [ 122.515685509171803, 10.902761183840799 ], [ 122.519651702299512, 10.899218730656047 ], [ 122.527993412981104, 10.891751390772326 ], [ 122.528031595720563, 10.891740670751242 ], [ 122.528114255880013, 10.891551192745915 ], [ 122.528141713991218, 10.891413202144115 ], [ 122.528141113904383, 10.891297811065352 ], [ 122.528075804396721, 10.891165257752339 ], [ 122.527836602544923, 10.891081246860653 ], [ 122.527801512448022, 10.890812563382045 ], [ 122.527844561478219, 10.890775469089194 ], [ 122.52812414455326, 10.890470708771254 ], [ 122.528163983144168, 10.890387793142313 ], [ 122.528166145582944, 10.890359427500105 ], [ 122.528128388319089, 10.8903361376902 ], [ 122.528000036150544, 10.890289003870045 ], [ 122.527785844878139, 10.890292251748475 ], [ 122.527653840147536, 10.890581160555811 ], [ 122.527260692289943, 10.890587109563111 ], [ 122.527241096365486, 10.890598808760233 ], [ 122.527180453389633, 10.890548721924432 ], [ 122.526959687795994, 10.889778156035536 ], [ 122.527106278065162, 10.889355634300378 ], [ 122.527114911416959, 10.889293197877144 ], [ 122.526816771362448, 10.889208823732559 ], [ 122.518074102728704, 10.886942058593934 ], [ 122.514235427252743, 10.885939768157415 ], [ 122.512975596600867, 10.889279422877827 ], [ 122.511369709336506, 10.891952295576822 ], [ 122.504986999343217, 10.893768127483709 ] ] ] ] } },
{ "type": "Feature", "properties": { "psgc": "0603012006", "admin_type": "Barangay", "region": "Region VI (Western Visayas)", "province": "Iloilo", "municity": "Cabatuan", "barangay": "Ayong", "population": "787" }, "geometry": { "type": "MultiPolygon", "coordinates": [ [ [ [ 122.491494861883069, 10.893029971498553 ], [ 122.491518205809825, 10.893083315856384 ], [ 122.492194252018095, 10.893762214206088 ], [ 122.492253096874052, 10.893800595737744 ], [ 122.492299288979424, 10.893818703261447 ], [ 122.49238232021888, 10.893857495016517 ], [ 122.492573377796916, 10.893891736480924 ], [ 122.492614989123041, 10.894004115669143 ], [ 122.492650036411192, 10.894141541813655 ], [ 122.492662214695756, 10.894220575882095 ], [ 122.492623063792834, 10.894274619253252 ], [ 122.492259649223797, 10.894603993916698 ], [ 122.492147854688213, 10.894661363970197 ], [ 122.491969288047031, 10.894756808295238 ], [ 122.491820708262424, 10.894840907929828 ], [ 122.491740558829974, 10.894897902853048 ], [ 122.49171935198099, 10.894937661860272 ], [ 122.491746299617944, 10.895241745053969 ], [ 122.491801005960554, 10.895352999666112 ], [ 122.491960288628917, 10.895696711095194 ], [ 122.491982284714879, 10.895815616911674 ], [ 122.491974866624801, 10.895914876179964 ], [ 122.491946538642566, 10.896188844411132 ], [ 122.491875361407381, 10.896364524240608 ], [ 122.491842661447464, 10.896522620971156 ], [ 122.491815033967043, 10.896658008997431 ], [ 122.491766381332582, 10.896772980972832 ], [ 122.491794191331223, 10.896829071921474 ], [ 122.491816726616776, 10.896918809613284 ], [ 122.491864459523455, 10.896954267357057 ], [ 122.491896344420695, 10.896991279834909 ], [ 122.491933335541276, 10.897003760602475 ], [ 122.491984583772393, 10.897000070995796 ], [ 122.492032852362229, 10.896956212081983 ], [ 122.492103237750243, 10.896823372916693 ], [ 122.492127673532849, 10.896759962124436 ], [ 122.49213768017691, 10.896671688244728 ], [ 122.492211250861857, 10.896618228802861 ], [ 122.492262310114924, 10.896574417185805 ], [ 122.492330437611983, 10.896563719510967 ], [ 122.492437602031487, 10.896555507538322 ], [ 122.492565572592653, 10.896579561076987 ], [ 122.492633379979523, 10.896586181914049 ], [ 122.492696809310146, 10.896628288288509 ], [ 122.492744933424206, 10.896692929811115 ], [ 122.492776363534944, 10.896754552815439 ], [ 122.492808690217799, 10.896818014602948 ], [ 122.492827433738157, 10.896861186631039 ], [ 122.492841509146203, 10.896905191274579 ], [ 122.492912457478397, 10.896842569287246 ], [ 122.493035378363018, 10.896737062814074 ], [ 122.493081954717695, 10.896684057128885 ], [ 122.493124098788286, 10.896619122996688 ], [ 122.493162710859195, 10.896594247717108 ], [ 122.493244320455815, 10.896609308606358 ], [ 122.49336620423955, 10.896660612286633 ], [ 122.493461417697816, 10.89674519986389 ], [ 122.49353756753213, 10.896803934008043 ], [ 122.493621108895738, 10.896865528849089 ], [ 122.493689476058336, 10.89689221832788 ], [ 122.493730457777218, 10.896890177911285 ], [ 122.493756147344399, 10.896859612682112 ], [ 122.493797175760861, 10.896804689226334 ], [ 122.493824435638643, 10.896739502597629 ], [ 122.493871331892137, 10.896669178202195 ], [ 122.493895699917957, 10.896609413268715 ], [ 122.494073979463494, 10.896730969014317 ], [ 122.494127062230888, 10.896829430641642 ], [ 122.494150036141662, 10.896895469077329 ], [ 122.494174975520934, 10.897006218550883 ], [ 122.494169094710045, 10.897072679508915 ], [ 122.494132376849421, 10.897095763453887 ], [ 122.494080778778482, 10.8971687435312 ], [ 122.494013349497123, 10.897242366944322 ], [ 122.493959078510116, 10.897308919144969 ], [ 122.493916694851876, 10.897336465938292 ], [ 122.493868190644832, 10.897393086218621 ], [ 122.493837327594818, 10.89745182921714 ], [ 122.493818528002464, 10.897562748806239 ], [ 122.493806580900312, 10.897705697243035 ], [ 122.493796220967425, 10.897813112783018 ], [ 122.493780434898625, 10.89796237864658 ], [ 122.493771224178261, 10.898057960401774 ], [ 122.493775761373769, 10.898114568319022 ], [ 122.493828103117949, 10.898253136185833 ], [ 122.493839758528338, 10.898277040369752 ], [ 122.493882073440261, 10.898454645166575 ], [ 122.493896742446864, 10.89851689562837 ], [ 122.493880610305794, 10.898785600103597 ], [ 122.493860543476643, 10.898914733993596 ], [ 122.493812243355421, 10.899212070247863 ], [ 122.493676349863463, 10.899759306666787 ], [ 122.493995823780011, 10.899806600668876 ], [ 122.494147426237305, 10.899850447444932 ], [ 122.494162249063407, 10.89993798240209 ], [ 122.49417174741447, 10.900048424271564 ], [ 122.494150830956158, 10.900176595073894 ], [ 122.494151296207122, 10.900309988816131 ], [ 122.49416980858804, 10.900395651652071 ], [ 122.494216671698624, 10.900443509299391 ], [ 122.494280013757574, 10.900471065872859 ], [ 122.494364565899019, 10.900487400944588 ], [ 122.494467603886164, 10.900498029693717 ], [ 122.50140498914773, 10.901672978098498 ], [ 122.504641731595115, 10.902278435588011 ], [ 122.504986999343217, 10.893768127483709 ], [ 122.502586286976808, 10.886765924583816 ], [ 122.501400932332061, 10.887410789938647 ], [ 122.491494861883069, 10.893029971498553 ] ] ] ] } },
{ "type": "Feature", "properties": { "psgc": "0603012032", "admin_type": "Barangay", "region": "Region VI (Western Visayas)", "province": "Iloilo", "municity": "Cabatuan", "barangay": "Jelicuon Montinola", "population": "1790" }, "geometry": { "type": "MultiPolygon", "coordinates": [ [ [ [ 122.527993412981104, 10.891751390772326 ], [ 122.527998915155806, 10.891756942996533 ], [ 122.528413308147691, 10.892440777337095 ], [ 122.528368404969797, 10.892477852254984 ], [ 122.527918505314062, 10.892843097431941 ], [ 122.527991203983945, 10.893148805433389 ], [ 122.527608506370356, 10.893642960255285 ], [ 122.527683994454989, 10.893862616877303 ], [ 122.528096226923338, 10.894574817273359 ], [ 122.528275744487232, 10.894606004194323 ], [ 122.528727069168383, 10.894621726436526 ], [ 122.528830270177579, 10.894935995879575 ], [ 122.528562779350864, 10.894980809869537 ], [ 122.528585796501503, 10.895080868232357 ], [ 122.528964198215959, 10.89557934249645 ], [ 122.528964976106025, 10.896104992345634 ], [ 122.52851224297271, 10.896048046772648 ], [ 122.528406167563759, 10.896083564368679 ], [ 122.528552778240226, 10.896412941185528 ], [ 122.528757407055693, 10.896522230129442 ], [ 122.52880540514046, 10.896712294137041 ], [ 122.528925100451374, 10.896873805915341 ], [ 122.52877137787803, 10.897369447231881 ], [ 122.529086232433613, 10.897573298571597 ], [ 122.529849709851746, 10.897530021168192 ], [ 122.530258651680413, 10.897351157531151 ], [ 122.530308739446056, 10.897348935287688 ], [ 122.530362915198353, 10.897397122251341 ], [ 122.530491193312187, 10.897536745356323 ], [ 122.530671940432285, 10.897625636203101 ], [ 122.53068452278923, 10.897747563107476 ], [ 122.530809650080244, 10.897835870943268 ], [ 122.530969367063264, 10.897983149357934 ], [ 122.531128954940172, 10.898142331117876 ], [ 122.531064862587556, 10.898153564253523 ], [ 122.530874968742495, 10.89822391864004 ], [ 122.531069755183751, 10.898471381515172 ], [ 122.531200956575077, 10.898683379390265 ], [ 122.531203700094281, 10.898772236095404 ], [ 122.531187565472038, 10.898892030547133 ], [ 122.531189051577158, 10.898925928948184 ], [ 122.531191336977784, 10.89894547060643 ], [ 122.531228606784552, 10.899039896708871 ], [ 122.531359512919224, 10.899149383202412 ], [ 122.531546504555436, 10.899234140039441 ], [ 122.532375358791214, 10.899621866296538 ], [ 122.532538419308835, 10.899228528047056 ], [ 122.532707063734861, 10.898895129178278 ], [ 122.533091429652202, 10.898845125443888 ], [ 122.533300916808869, 10.898677905121572 ], [ 122.533749006231247, 10.898906956582966 ], [ 122.533858054915086, 10.898939233961483 ], [ 122.533909623257145, 10.898800579536079 ], [ 122.533950047639607, 10.898663639926632 ], [ 122.534007545485238, 10.898491164722646 ], [ 122.534260325549155, 10.898691613704866 ], [ 122.53433195633076, 10.898754634765325 ], [ 122.534536151676548, 10.899160619195916 ], [ 122.534576154792603, 10.89923682356825 ], [ 122.534579032373827, 10.899424244810875 ], [ 122.534223495933816, 10.899725128031003 ], [ 122.534209542847293, 10.899743448132664 ], [ 122.533844640434125, 10.900070936646783 ], [ 122.533120352732894, 10.899889937036203 ], [ 122.532919348763201, 10.900592873113956 ], [ 122.533723779754865, 10.901268428818273 ], [ 122.534293516244915, 10.901262343635478 ], [ 122.534379298706526, 10.901525413956378 ], [ 122.534577869744567, 10.9020093987951 ], [ 122.534687658234802, 10.902281747743558 ], [ 122.536258683593317, 10.90806162362337 ], [ 122.541483862365325, 10.909883461804757 ], [ 122.552958097307027, 10.902859745293236 ], [ 122.553956468543518, 10.902166270995679 ], [ 122.550773462625685, 10.898301192381171 ], [ 122.548582722307771, 10.895641007709433 ], [ 122.547803188855909, 10.894590332187345 ], [ 122.547400479973831, 10.894047550650631 ], [ 122.546835059727158, 10.892762504635471 ], [ 122.54669985037026, 10.89243592564805 ], [ 122.546435375822966, 10.891797124962645 ], [ 122.545307873840443, 10.889073804149488 ], [ 122.544557928071455, 10.887262416716823 ], [ 122.544221652878576, 10.88677173815779 ], [ 122.542538386591744, 10.887775054935506 ], [ 122.54243487277617, 10.888321485147513 ], [ 122.541311774119748, 10.889076160518677 ], [ 122.541012372101875, 10.888955288791719 ], [ 122.540791450235645, 10.888828664515719 ], [ 122.540424089777559, 10.888472153109932 ], [ 122.540264265015153, 10.888348486509482 ], [ 122.540014944067025, 10.888503178992064 ], [ 122.539732137895086, 10.889072289028208 ], [ 122.538900946804887, 10.888681459159482 ], [ 122.538431810067664, 10.88819822861789 ], [ 122.537431058821085, 10.888022443991586 ], [ 122.537350138269474, 10.88806066621366 ], [ 122.537215909812147, 10.888257056616728 ], [ 122.537223005559923, 10.88833254842552 ], [ 122.537365405913775, 10.888456215869612 ], [ 122.537600885781856, 10.888609591495767 ], [ 122.537657025333232, 10.8887951000813 ], [ 122.536816608334419, 10.888693915890638 ], [ 122.536312943605253, 10.888467223956354 ], [ 122.535347521115526, 10.888665395482144 ], [ 122.535169740108586, 10.88875720862764 ], [ 122.535045896520472, 10.888824153281556 ], [ 122.534982258363968, 10.888878280709458 ], [ 122.534916257921452, 10.88896454327274 ], [ 122.534882165112421, 10.889018228135214 ], [ 122.534790671813226, 10.889114728732556 ], [ 122.534093762485739, 10.889518606943739 ], [ 122.533426546309755, 10.889061720367328 ], [ 122.533385198938376, 10.889629320558319 ], [ 122.533117265146259, 10.889971753736592 ], [ 122.53299259035326, 10.889927407752817 ], [ 122.532064539637759, 10.889333437315932 ], [ 122.531949721444903, 10.889235164757165 ], [ 122.531851171384588, 10.889175524196153 ], [ 122.531624500223188, 10.889132856407794 ], [ 122.530997252688479, 10.888926650240171 ], [ 122.530864586098545, 10.887918469244358 ], [ 122.530206437820439, 10.887818543627553 ], [ 122.529689393915419, 10.888050303917629 ], [ 122.529166297088111, 10.887729801054062 ], [ 122.528775147866824, 10.887808117527335 ], [ 122.528420675978808, 10.887753118266168 ], [ 122.528344414188254, 10.887690047334571 ], [ 122.528289951905009, 10.887668413866768 ], [ 122.52794762342657, 10.887775629603228 ], [ 122.527934377176734, 10.887800215986077 ], [ 122.528264267601699, 10.888837560390401 ], [ 122.528326704675905, 10.888893160342064 ], [ 122.528623836602591, 10.889020818661061 ], [ 122.528731498165229, 10.88918037279892 ], [ 122.528685351859764, 10.889331903806461 ], [ 122.527913080454923, 10.889162632197039 ], [ 122.52771151073307, 10.889284144485455 ], [ 122.527382510904374, 10.889017872380629 ], [ 122.527157714491153, 10.888973389476224 ], [ 122.526944472247919, 10.889059980210774 ], [ 122.527096985960384, 10.889187038393091 ], [ 122.527122602661592, 10.889237574749576 ], [ 122.527114911416959, 10.889293197877144 ], [ 122.527106278065162, 10.889355634300378 ], [ 122.526959687795994, 10.889778156035536 ], [ 122.527180453389633, 10.890548721924432 ], [ 122.527241096365486, 10.890598808760233 ], [ 122.527260692289943, 10.890587109563111 ], [ 122.527653840147536, 10.890581160555811 ], [ 122.527785844878139, 10.890292251748475 ], [ 122.528000036150544, 10.890289003870045 ], [ 122.528128388319089, 10.8903361376902 ], [ 122.528166145582944, 10.890359427500105 ], [ 122.528163983144168, 10.890387793142313 ], [ 122.52812414455326, 10.890470708771254 ], [ 122.527844561478219, 10.890775469089194 ], [ 122.527801512448022, 10.890812563382045 ], [ 122.527836602544923, 10.891081246860653 ], [ 122.528075804396721, 10.891165257752339 ], [ 122.528141113904383, 10.891297811065352 ], [ 122.528141713991218, 10.891413202144115 ], [ 122.528114255880013, 10.891551192745915 ], [ 122.528031595720563, 10.891740670751242 ], [ 122.527993412981104, 10.891751390772326 ] ] ] ] } },
{ "type": "Feature", "properties": { "psgc": "0603012039", "admin_type": "Barangay", "region": "Region VI (Western Visayas)", "province": "Iloilo", "municity": "Cabatuan", "barangay": "Pacatin", "population": "424" }, "geometry": { "type": "MultiPolygon", "coordinates": [ [ [ [ 122.538651750226805, 10.91740294630832 ], [ 122.538755730784203, 10.917392410970779 ], [ 122.538831004251975, 10.917375009182949 ], [ 122.538900456673986, 10.917379528942146 ], [ 122.538948542547502, 10.917388367802191 ], [ 122.538986913838727, 10.917278873931069 ], [ 122.539003526538451, 10.917206684095307 ], [ 122.539003874012423, 10.917099471705356 ], [ 122.539006641963695, 10.917022529681912 ], [ 122.539017084156256, 10.916923688881504 ], [ 122.539008067500902, 10.916824608755871 ], [ 122.539017561293164, 10.916727589053131 ], [ 122.539027076856954, 10.916628736853545 ], [ 122.538982859893906, 10.916528307415705 ], [ 122.538953152921906, 10.916454631504221 ], [ 122.538896715841091, 10.916368713865385 ], [ 122.53885259696689, 10.91626003817982 ], [ 122.538800160419981, 10.916149427420301 ], [ 122.538736745205526, 10.916041518819846 ], [ 122.538656458617695, 10.9159024077696 ], [ 122.538384995103698, 10.915413541247547 ], [ 122.538163100150456, 10.915437102115987 ], [ 122.537672414968526, 10.915285772424534 ], [ 122.537689016959263, 10.915193386365502 ], [ 122.537698798817985, 10.915073694781524 ], [ 122.537706721793157, 10.914954024690207 ], [ 122.537710361703745, 10.914785112230408 ], [ 122.537678088605716, 10.914645825043236 ], [ 122.537638252166218, 10.91441443121113 ], [ 122.541483862365325, 10.909883461804757 ], [ 122.536258683593317, 10.90806162362337 ], [ 122.534759337992384, 10.909177425015196 ], [ 122.525900435355737, 10.915408768863134 ], [ 122.52598125129299, 10.915907172573826 ], [ 122.526529414788087, 10.922894634059753 ], [ 122.534741859597261, 10.919116212283683 ], [ 122.534741892306286, 10.919113463542685 ], [ 122.538570286979549, 10.917384485006702 ], [ 122.538651750226805, 10.91740294630832 ] ] ] ] } },
{ "type": "Feature", "properties": { "psgc": "0603012031", "admin_type": "Barangay", "region": "Region VI (Western Visayas)", "province": "Iloilo", "municity": "Cabatuan", "barangay": "Jelicuon Lusaya", "population": "691" }, "geometry": { "type": "MultiPolygon", "coordinates": [ [ [ [ 122.525900435355737, 10.915408768863134 ], [ 122.534759337992384, 10.909177425015196 ], [ 122.536258683593317, 10.90806162362337 ], [ 122.534687658234802, 10.902281747743558 ], [ 122.534098387345878, 10.902102185922686 ], [ 122.534105376968725, 10.902406294899993 ], [ 122.534046924441441, 10.902659625885313 ], [ 122.533962880333434, 10.903054335091406 ], [ 122.53388707090599, 10.903469286711591 ], [ 122.533714579742878, 10.903786487971148 ], [ 122.533563243720806, 10.903708739021731 ], [ 122.533315820659283, 10.903608573365402 ], [ 122.532903868175708, 10.903486646960435 ], [ 122.532722782275528, 10.9030229391161 ], [ 122.53210407480087, 10.903228186229983 ], [ 122.531858886581816, 10.903461507760692 ], [ 122.531632291792903, 10.903672852220161 ], [ 122.531872893175517, 10.90385199925076 ], [ 122.531744969980807, 10.904128948602304 ], [ 122.531621081081596, 10.90432966319212 ], [ 122.53138841536834, 10.904659493435677 ], [ 122.530338528401913, 10.904276964800234 ], [ 122.53021477035719, 10.903817150684509 ], [ 122.530130913486246, 10.903537550570384 ], [ 122.529544844078217, 10.904311578752941 ], [ 122.529499177418074, 10.904600786249073 ], [ 122.529462001502452, 10.904641983696255 ], [ 122.528558186479302, 10.905112542745034 ], [ 122.527993189531358, 10.905720368301422 ], [ 122.52774415874778, 10.905355613168622 ], [ 122.527523083200379, 10.905363029503999 ], [ 122.527457170514538, 10.905209356570898 ], [ 122.527507074629739, 10.905008358731848 ], [ 122.527277454654296, 10.904646434067967 ], [ 122.5274000518138, 10.904319857705655 ], [ 122.526637002700696, 10.903699565908694 ], [ 122.526419335886843, 10.903773139334843 ], [ 122.525894243317254, 10.903930963525124 ], [ 122.525789443803262, 10.903996703854592 ], [ 122.525562138706846, 10.904158432381688 ], [ 122.525407973304411, 10.904302988201655 ], [ 122.525220063169556, 10.904339928553924 ], [ 122.525081794011371, 10.904654500653086 ], [ 122.524691989528236, 10.905172047354354 ], [ 122.524340105346752, 10.905061365607438 ], [ 122.524135116884423, 10.90519561894301 ], [ 122.52412175664773, 10.905707269838805 ], [ 122.524058704369907, 10.905743773219443 ], [ 122.523936445395066, 10.905783722468703 ], [ 122.523639224602022, 10.906164729293153 ], [ 122.523494325633095, 10.906418655784199 ], [ 122.523567674426033, 10.906772629573856 ], [ 122.523373542926208, 10.906961126174414 ], [ 122.523257076333564, 10.906945976977745 ], [ 122.522668682160642, 10.906985960025956 ], [ 122.522613875876132, 10.907039949832619 ], [ 122.522562606342845, 10.907130700342115 ], [ 122.522474346652587, 10.907220389021674 ], [ 122.522656892434753, 10.907560086722127 ], [ 122.523239340318412, 10.907610110968706 ], [ 122.523263012412372, 10.907641866117331 ], [ 122.523323768726158, 10.907759262947559 ], [ 122.523372351299969, 10.907857749124956 ], [ 122.523457513710468, 10.908050081668426 ], [ 122.523447708423092, 10.908175902330669 ], [ 122.523100797307109, 10.908194771567313 ], [ 122.52305453430121, 10.908617183434792 ], [ 122.5229834096654, 10.909014694862389 ], [ 122.522340822875691, 10.90896903064588 ], [ 122.521912542038905, 10.909400987518474 ], [ 122.521769918069438, 10.9094445316735 ], [ 122.52151148286616, 10.909533560984498 ], [ 122.521304696443167, 10.909446404483388 ], [ 122.521264854130109, 10.90946278629097 ], [ 122.52058068952239, 10.909824849116356 ], [ 122.52030417949895, 10.909192647215233 ], [ 122.520127901861613, 10.909108364252361 ], [ 122.519849518923181, 10.909107284626746 ], [ 122.519554480362928, 10.909107977481527 ], [ 122.519315882742205, 10.909103377019452 ], [ 122.518618667767512, 10.909279812399106 ], [ 122.51829791249186, 10.909239982482276 ], [ 122.518105233331937, 10.90927445802595 ], [ 122.517665000717045, 10.909420394352834 ], [ 122.517313404776729, 10.908865104207004 ], [ 122.516964248159397, 10.908840103863112 ], [ 122.51669483026167, 10.908623824071338 ], [ 122.515947327557356, 10.90902798125601 ], [ 122.515844916039214, 10.909074466443982 ], [ 122.515579631268622, 10.909563700014116 ], [ 122.515369262385462, 10.90964072581599 ], [ 122.514935732063407, 10.909727248101042 ], [ 122.514687328047046, 10.909748491609047 ], [ 122.525900435355737, 10.915408768863134 ] ] ] ] } },
{ "type": "Feature", "properties": { "psgc": "0603012011", "admin_type": "Barangay", "region": "Region VI (Western Visayas)", "province": "Iloilo", "municity": "Cabatuan", "barangay": "Bulay", "population": "776" }, "geometry": { "type": "MultiPolygon", "coordinates": [ [ [ [ 122.475794563752686, 10.932063035069405 ], [ 122.477260354777954, 10.931621933120857 ], [ 122.477631618534701, 10.931511138744119 ], [ 122.484737656000092, 10.929410802442559 ], [ 122.485238745750181, 10.929258496044033 ], [ 122.483193883669799, 10.925997595895856 ], [ 122.483282741093532, 10.925851847625953 ], [ 122.483362849444518, 10.925772973260138 ], [ 122.483403040607641, 10.925654526227811 ], [ 122.483443231736942, 10.925536079187824 ], [ 122.483523476927033, 10.925378194928898 ], [ 122.483603722029372, 10.9252203106434 ], [ 122.48364391301385, 10.925101863567351 ], [ 122.48372422642727, 10.924904474316731 ], [ 122.483764348868092, 10.924825532143176 ], [ 122.483804608171653, 10.924667580112128 ], [ 122.48380474505521, 10.924588570260864 ], [ 122.483805018819226, 10.924430550557101 ], [ 122.483805224139488, 10.924312035778188 ], [ 122.483805497896142, 10.924154016071528 ], [ 122.48388670044632, 10.923443062678352 ], [ 122.483886837292488, 10.923364052819679 ], [ 122.483846988810015, 10.923284975310573 ], [ 122.483847125664681, 10.923205965451574 ], [ 122.483767291906176, 10.92312682027845 ], [ 122.483727511926489, 10.923008237826116 ], [ 122.483647678251543, 10.922929092624608 ], [ 122.483607829886438, 10.922850015087636 ], [ 122.483567981541697, 10.922770937546028 ], [ 122.483488079500077, 10.922731297235126 ], [ 122.483448231202118, 10.922652219679474 ], [ 122.483368329208815, 10.922612579339166 ], [ 122.483128760394948, 10.922414648344107 ], [ 122.483008941841916, 10.922335435244024 ], [ 122.482929039995042, 10.922295794794692 ], [ 122.48284906961706, 10.922295659251123 ], [ 122.48264914367671, 10.922295320300762 ], [ 122.482529188115635, 10.922295116867838 ], [ 122.482449217742925, 10.922294981219759 ], [ 122.482329262185843, 10.922294777708451 ], [ 122.482209306631106, 10.922294574150113 ], [ 122.482009312047552, 10.922333739702093 ], [ 122.481809248726279, 10.92241241003974 ], [ 122.481609185304791, 10.922491080241302 ], [ 122.481449038259399, 10.922609323187203 ], [ 122.481329013838987, 10.922648624193224 ], [ 122.481248905852581, 10.922727498056338 ], [ 122.481088964909375, 10.922727226059331 ], [ 122.48092895516055, 10.92276645889117 ], [ 122.480808861790976, 10.922845264598173 ], [ 122.480648851948331, 10.922884497278597 ], [ 122.480488842067345, 10.922923729873279 ], [ 122.480408871552399, 10.922923593684128 ], [ 122.480288777990182, 10.923002399176921 ], [ 122.480208669642693, 10.92308127274879 ], [ 122.480128630171208, 10.923120641390947 ], [ 122.480088438118187, 10.923239087968774 ], [ 122.480008467524016, 10.923238951671067 ], [ 122.479888511634655, 10.923238747185312 ], [ 122.479808541043084, 10.923238610835348 ], [ 122.479768693680086, 10.923159532844613 ], [ 122.479688792087686, 10.92311989156069 ], [ 122.479648944771483, 10.92304081355593 ], [ 122.47956897423596, 10.923040677145778 ], [ 122.479409033168068, 10.92304040426276 ], [ 122.479289008341226, 10.923079704446909 ], [ 122.479248885001624, 10.923158645998924 ], [ 122.479288732223722, 10.923237724051031 ], [ 122.479288594163393, 10.92331673385247 ], [ 122.479288456102012, 10.923395743653495 ], [ 122.479288318039551, 10.923474753454109 ], [ 122.479328165310491, 10.923553831501859 ], [ 122.479368012601839, 10.923632909544986 ], [ 122.479407859913479, 10.923711987583479 ], [ 122.479447707245541, 10.923791065617348 ], [ 122.479487554597924, 10.923870143646585 ], [ 122.479487416581932, 10.923949153447245 ], [ 122.479487278564946, 10.924028163247485 ], [ 122.479487140546865, 10.924107173047318 ], [ 122.479487002527705, 10.924186182846732 ], [ 122.479486864507535, 10.924265192645736 ], [ 122.4794867264863, 10.924344202444324 ], [ 122.479446533995286, 10.924462648908975 ], [ 122.479406341470479, 10.92458109536595 ], [ 122.479366217940807, 10.9246600369177 ], [ 122.479366079882539, 10.924739046712707 ], [ 122.479325956319258, 10.924817988256887 ], [ 122.479325749212421, 10.92493650294724 ], [ 122.479245709126943, 10.924975871325291 ], [ 122.47916553090522, 10.925094249471938 ], [ 122.479045505213008, 10.925133549515705 ], [ 122.478925479491181, 10.92517284951081 ], [ 122.47880552284623, 10.925172644564578 ], [ 122.478685566203609, 10.925172439571302 ], [ 122.478565609563461, 10.925172234530985 ], [ 122.478405667380244, 10.925171961070719 ], [ 122.478245656020775, 10.925211192415951 ], [ 122.478165615731001, 10.925250560500654 ], [ 122.478085506218491, 10.925329433451141 ], [ 122.478045382238093, 10.925408374804976 ], [ 122.477965341870359, 10.925447742833093 ], [ 122.477885232252078, 10.925526615725209 ], [ 122.477805261073811, 10.925526478823249 ], [ 122.477725289896625, 10.925526341900385 ], [ 122.477645318720477, 10.925526204956613 ], [ 122.477565347545408, 10.92552606799193 ], [ 122.477485376371376, 10.925525931006339 ], [ 122.477405474492059, 10.92548628911686 ], [ 122.477365627508291, 10.925407210840254 ], [ 122.477285725677348, 10.925367568921382 ], [ 122.477245878740391, 10.925288490630763 ], [ 122.477206031823755, 10.925209412335512 ], [ 122.477046158994625, 10.92516963328184 ], [ 122.476966257272082, 10.925129991283788 ], [ 122.47688635557148, 10.925090349265741 ], [ 122.476766468374194, 10.925050638641247 ], [ 122.47676610903703, 10.924874744699515 ], [ 122.476663633534372, 10.924888732261184 ], [ 122.476591102445184, 10.924881949365538 ], [ 122.47648880141108, 10.92487408775831 ], [ 122.476353909741661, 10.924868773147116 ], [ 122.476136192926887, 10.92486390064208 ], [ 122.476025444363898, 10.924865095326973 ], [ 122.476107113268455, 10.925125937370174 ], [ 122.476161636835116, 10.925290121340108 ], [ 122.476185939659445, 10.925509670102976 ], [ 122.476170789265751, 10.925542359589549 ], [ 122.475934511837892, 10.925647542872671 ], [ 122.475786119588165, 10.925701328993535 ], [ 122.475622642275681, 10.925779611080873 ], [ 122.475428144278595, 10.925896865702098 ], [ 122.475135815622224, 10.926029043917451 ], [ 122.474964305008186, 10.926064490432347 ], [ 122.474783561694053, 10.926090780404525 ], [ 122.474676230017863, 10.926013697763453 ], [ 122.474636791519004, 10.925941551384676 ], [ 122.474641470471042, 10.925239643736941 ], [ 122.474689997437508, 10.925106086525817 ], [ 122.474728673334539, 10.925040755097026 ], [ 122.474936693215, 10.924861668812321 ], [ 122.474948230669952, 10.924815302642001 ], [ 122.474834473571917, 10.924610724848696 ], [ 122.474776198942322, 10.924566694948757 ], [ 122.474721595550761, 10.924529058754374 ], [ 122.474630723072281, 10.924488486061195 ], [ 122.474534143713399, 10.924463358195181 ], [ 122.474418575287771, 10.924485464698904 ], [ 122.474274945218795, 10.924525620746953 ], [ 122.474137887087025, 10.924558530561047 ], [ 122.474034270034508, 10.924598912970801 ], [ 122.473943782358475, 10.924626623782306 ], [ 122.473740190220909, 10.924717423672115 ], [ 122.473626293483832, 10.924763210262107 ], [ 122.473576683860287, 10.924799346187394 ], [ 122.473536241301829, 10.924852831995407 ], [ 122.473501214538842, 10.924927288129913 ], [ 122.47347193840406, 10.92498083715522 ], [ 122.473394368908885, 10.925022277248374 ], [ 122.473074866757017, 10.925061436759638 ], [ 122.473041534833797, 10.925040308310212 ], [ 122.473074608672817, 10.924744609054331 ], [ 122.473105448759199, 10.924611862363234 ], [ 122.473115591334832, 10.924507221475505 ], [ 122.473125595581294, 10.92441987778825 ], [ 122.473134443605545, 10.924360750580469 ], [ 122.473132859173049, 10.924326145636497 ], [ 122.473061550083415, 10.92428295202194 ], [ 122.47301340247887, 10.92425263545816 ], [ 122.472543177336235, 10.924753434204231 ], [ 122.472509938599003, 10.92483700454763 ], [ 122.472478429840038, 10.924936972250601 ], [ 122.472425882798547, 10.924991299742583 ], [ 122.472230300693411, 10.925127664985334 ], [ 122.472093220250926, 10.925163304994941 ], [ 122.472009347986912, 10.925178306826352 ], [ 122.471928463992967, 10.92516874422819 ], [ 122.471890479454231, 10.925147589287668 ], [ 122.471911760954242, 10.924950368202301 ], [ 122.471957521706543, 10.924677282057031 ], [ 122.471983731444396, 10.924541777996629 ], [ 122.472002045295099, 10.924462675233187 ], [ 122.471987644711561, 10.924401595473931 ], [ 122.471987056499216, 10.924358802394078 ], [ 122.471950330353025, 10.924296685689425 ], [ 122.47184901852124, 10.924281544787855 ], [ 122.471833088248133, 10.924294762318002 ], [ 122.471598301788291, 10.924489567334254 ], [ 122.471957269252016, 10.925329604017055 ], [ 122.472104855067172, 10.926559485810085 ], [ 122.472121142184491, 10.926695211787717 ], [ 122.472145260792132, 10.926896200184679 ], [ 122.475299551752343, 10.931362176494671 ], [ 122.475794563752686, 10.932063035069405 ] ] ] ] } },
{ "type": "Feature", "properties": { "psgc": "0603012033", "admin_type": "Barangay", "region": "Region VI (Western Visayas)", "province": "Iloilo", "municity": "Cabatuan", "barangay": "Lag-an", "population": "489" }, "geometry": { "type": "MultiPolygon", "coordinates": [ [ [ [ 122.458960940296933, 10.872712079180969 ], [ 122.459301130297717, 10.865890512562444 ], [ 122.459534761987513, 10.862501835587297 ], [ 122.459790257788697, 10.85879591380958 ], [ 122.4597195788064, 10.858833319478272 ], [ 122.459644109975969, 10.858874816923537 ], [ 122.459356677673071, 10.859057684408031 ], [ 122.459285433414237, 10.859059339503752 ], [ 122.459090100887011, 10.858830070101936 ], [ 122.458793725352649, 10.859263594523403 ], [ 122.458616878183463, 10.85948294767101 ], [ 122.458228403961812, 10.859051919890572 ], [ 122.457852389254967, 10.859106289641629 ], [ 122.457727489770022, 10.859410462175445 ], [ 122.457912067262413, 10.859668296066012 ], [ 122.457388120508952, 10.859584686710114 ], [ 122.457204950205451, 10.860267603435194 ], [ 122.456750358001045, 10.860554992746959 ], [ 122.45632726126766, 10.860769547957888 ], [ 122.456199071113218, 10.86080666819243 ], [ 122.45609086687746, 10.860813293713885 ], [ 122.455996622766975, 10.86082619962361 ], [ 122.455804966216917, 10.861045704048005 ], [ 122.455802867951817, 10.861100794914741 ], [ 122.455821952263662, 10.861147406445914 ], [ 122.455883121532921, 10.86130463912356 ], [ 122.455893899834479, 10.861353172148911 ], [ 122.455716858339457, 10.861632183684016 ], [ 122.455643119740301, 10.861656809170563 ], [ 122.455455894272376, 10.861634880984976 ], [ 122.455209296093088, 10.861601634637848 ], [ 122.455002400899616, 10.861635896446444 ], [ 122.454862405897359, 10.861691494470076 ], [ 122.454758388673127, 10.861737542469511 ], [ 122.454724453682005, 10.861762674248093 ], [ 122.454410093195548, 10.86239003953269 ], [ 122.45435394833865, 10.862415400733227 ], [ 122.454297351700717, 10.862404053819651 ], [ 122.454240517890838, 10.862373435141675 ], [ 122.453876254660784, 10.862029344789793 ], [ 122.453834317796691, 10.862005914706517 ], [ 122.453673545111187, 10.861952506317337 ], [ 122.453595573934066, 10.861934037517869 ], [ 122.453574289614849, 10.861934257370869 ], [ 122.453557925915973, 10.861958289694464 ], [ 122.453560330039139, 10.862003238000808 ], [ 122.453719063439806, 10.862492631623622 ], [ 122.453730495806937, 10.86251913028663 ], [ 122.453726275303367, 10.862552215372963 ], [ 122.453712868481574, 10.862590902265447 ], [ 122.453665808786241, 10.862677663370619 ], [ 122.453623974035452, 10.862737753741706 ], [ 122.45358442993178, 10.862758354223182 ], [ 122.453534819256518, 10.862788236868248 ], [ 122.453370200237998, 10.863099242203116 ], [ 122.453264772302745, 10.863256360324991 ], [ 122.45316171401825, 10.863380412445345 ], [ 122.453079341682724, 10.863455606487681 ], [ 122.453006121794516, 10.863522445615901 ], [ 122.452938047894619, 10.863556190099937 ], [ 122.452817891347053, 10.863569362569372 ], [ 122.452616501900195, 10.863599894542194 ], [ 122.452330922660721, 10.863633131283475 ], [ 122.452073918218048, 10.86365689456059 ], [ 122.452008247947518, 10.863660325995514 ], [ 122.451922963469087, 10.863649274805809 ], [ 122.451646006175309, 10.863555762910968 ], [ 122.45138420488675, 10.863943206310491 ], [ 122.45128222295584, 10.864022474327017 ], [ 122.451246060464172, 10.864059604709224 ], [ 122.451210833709695, 10.864081164788791 ], [ 122.451184854231954, 10.864136448895742 ], [ 122.451152199488916, 10.864514529768021 ], [ 122.458960940296933, 10.872712079180969 ] ] ] ] } },
{ "type": "Feature", "properties": { "psgc": "0603012066", "admin_type": "Barangay", "region": "Region VI (Western Visayas)", "province": "Iloilo", "municity": "Cabatuan", "barangay": "Tupol Central", "population": "488" }, "geometry": { "type": "MultiPolygon", "coordinates": [ [ [ [ 122.459800495533244, 10.858647414509829 ], [ 122.459790257788697, 10.85879591380958 ], [ 122.459534761987513, 10.862501835587297 ], [ 122.462103735542044, 10.863994912948522 ], [ 122.464123740108533, 10.867957711322754 ], [ 122.472513023427751, 10.870388942407418 ], [ 122.473880777496078, 10.869356971353879 ], [ 122.470548841369762, 10.857085859232676 ], [ 122.468085022722804, 10.859116838661651 ], [ 122.464323103037316, 10.862126187632365 ], [ 122.459928634100748, 10.858745980205635 ], [ 122.459898122614149, 10.858722510421138 ], [ 122.459870012941749, 10.858700888133804 ], [ 122.459800495533244, 10.858647414509829 ] ] ] ] } },
{ "type": "Feature", "properties": { "psgc": "0603012025", "admin_type": "Barangay", "region": "Region VI (Western Visayas)", "province": "Iloilo", "municity": "Cabatuan", "barangay": "Ito Norte", "population": "723" }, "geometry": { "type": "MultiPolygon", "coordinates": [ [ [ [ 122.478994469295117, 10.841231537127499 ], [ 122.479181720353836, 10.841137448031873 ], [ 122.479151230099433, 10.841095624727245 ], [ 122.47887705652829, 10.840496597174706 ], [ 122.479216215192309, 10.84034946419689 ], [ 122.4792470879745, 10.840269855579947 ], [ 122.479094111248628, 10.839940241698173 ], [ 122.479186202769711, 10.83967474748971 ], [ 122.479142887240073, 10.839597869572685 ], [ 122.479136262506927, 10.839586111760866 ], [ 122.479082449552152, 10.83949060257828 ], [ 122.478808598976116, 10.839471101742674 ], [ 122.478664669867612, 10.839364875523756 ], [ 122.478636109703643, 10.838951384703478 ], [ 122.478979917962192, 10.838852011275264 ], [ 122.479127756720459, 10.838592977136045 ], [ 122.479032877429745, 10.838439648735744 ], [ 122.478893121667397, 10.838306075273579 ], [ 122.478394755910927, 10.838277316315725 ], [ 122.47835932481712, 10.838126105478636 ], [ 122.479146933469906, 10.837780403122792 ], [ 122.478971971056467, 10.837510936782394 ], [ 122.479066770853819, 10.837054061278707 ], [ 122.478954858654788, 10.837019990360375 ], [ 122.478398689177425, 10.837490745239506 ], [ 122.478008169874443, 10.837243152143287 ], [ 122.477668887143864, 10.837383846762975 ], [ 122.4775431327663, 10.837071271279228 ], [ 122.476868484306351, 10.837832779431949 ], [ 122.47679834627354, 10.837801713874171 ], [ 122.476649913046231, 10.837655084171843 ], [ 122.476696279179691, 10.836857710540926 ], [ 122.476273170151899, 10.837306998698352 ], [ 122.476033173176234, 10.837311786926989 ], [ 122.475823754582962, 10.837456825535696 ], [ 122.475461485672668, 10.837560172567407 ], [ 122.474712424871996, 10.837416781871809 ], [ 122.474640131734873, 10.837088625676472 ], [ 122.474594222936844, 10.83673520726245 ], [ 122.474269695084445, 10.83682506631402 ], [ 122.473633975544317, 10.837022966329528 ], [ 122.473530423747661, 10.836942764239211 ], [ 122.473665896040075, 10.836526630754406 ], [ 122.473670568271359, 10.836434566366108 ], [ 122.473588440787239, 10.83631262404657 ], [ 122.473326131375984, 10.836314090108147 ], [ 122.473177884670463, 10.836082825887388 ], [ 122.473096535077616, 10.836094255129126 ], [ 122.472867288496445, 10.836361956613075 ], [ 122.472610885357767, 10.836333890415176 ], [ 122.472333143451124, 10.835929012409565 ], [ 122.472082159794127, 10.835706247059022 ], [ 122.472006298839119, 10.835798639655877 ], [ 122.471732593995398, 10.836117168288354 ], [ 122.471707633262554, 10.836190740508812 ], [ 122.471657884356091, 10.836239731753665 ], [ 122.471632923593688, 10.836313303965994 ], [ 122.471607919664507, 10.836411414471854 ], [ 122.471583002030229, 10.836460448381899 ], [ 122.471558084387539, 10.83650948228933 ], [ 122.471533166736549, 10.836558516194486 ], [ 122.471508249077147, 10.836607550096915 ], [ 122.471483331409217, 10.836656583996898 ], [ 122.471433625556756, 10.836681036903599 ], [ 122.471359088351164, 10.836705447100314 ], [ 122.471309382481422, 10.83672989998604 ], [ 122.471234802069148, 10.836778848445931 ], [ 122.471185096177692, 10.836803301310567 ], [ 122.471110602120348, 10.836803173150827 ], [ 122.471035978456825, 10.836876659853431 ], [ 122.471011060689648, 10.836925693709532 ], [ 122.471010931074829, 10.836999308588872 ], [ 122.471035589630105, 10.837097504491453 ], [ 122.471060334603294, 10.837146623806518 ], [ 122.471060204997912, 10.83722023868529 ], [ 122.471084906784313, 10.837293896291555 ], [ 122.471084777183137, 10.837367511169816 ], [ 122.471109478986023, 10.837441168774092 ], [ 122.471109349388939, 10.837514783652011 ], [ 122.471084431575719, 10.837563817510102 ], [ 122.471009894123881, 10.837588227609444 ], [ 122.470960144867604, 10.837637218721056 ], [ 122.470910438810961, 10.837661671532203 ], [ 122.470860732746814, 10.837686124334823 ], [ 122.470811026674596, 10.837710577129087 ], [ 122.470761277366364, 10.83775956820574 ], [ 122.470711571274478, 10.837784020982781 ], [ 122.470686653373491, 10.837833054803866 ], [ 122.47063694726387, 10.837857507567946 ], [ 122.470587241146177, 10.8378819603235 ], [ 122.470537491773598, 10.837930951360306 ], [ 122.47051257383157, 10.837979985164907 ], [ 122.470462867684319, 10.838004437898974 ], [ 122.470388243558773, 10.838077924417348 ], [ 122.470338450856843, 10.838151453706871 ], [ 122.470313532863202, 10.838200487492259 ], [ 122.470288571592278, 10.838274059563162 ], [ 122.470263610308166, 10.838347631631052 ], [ 122.470263480493486, 10.83842124649442 ], [ 122.470263350677783, 10.838494861357447 ], [ 122.47026322086117, 10.838568476220075 ], [ 122.470238302817847, 10.838617509995686 ], [ 122.470213384766225, 10.838666543769023 ], [ 122.470113928902606, 10.838739987403471 ], [ 122.470014516284891, 10.838788892717048 ], [ 122.469964766666635, 10.838837883646931 ], [ 122.469915060334188, 10.838862336282432 ], [ 122.469865310687737, 10.838911327194694 ], [ 122.469815561025371, 10.838960318098316 ], [ 122.46976581134652, 10.839009308992672 ], [ 122.469740893184166, 10.839058342721216 ], [ 122.469715975013514, 10.839107376447089 ], [ 122.469691056834449, 10.839156410170688 ], [ 122.46969092686993, 10.839230025023198 ], [ 122.46969079690416, 10.839303639875538 ], [ 122.469690666937709, 10.839377254727367 ], [ 122.469690536970461, 10.839450869578968 ], [ 122.469690363678978, 10.839549022713868 ], [ 122.469690190386018, 10.839647175848029 ], [ 122.46971489200223, 10.839720833545925 ], [ 122.46971476203646, 10.839794448396106 ], [ 122.469739463669157, 10.83986810609224 ], [ 122.469764165313336, 10.839941763786612 ], [ 122.469788910285388, 10.839990883195753 ], [ 122.469838486879439, 10.840040045442265 ], [ 122.469863231871273, 10.84008916484629 ], [ 122.469912851800586, 10.840113788798249 ], [ 122.469962428434997, 10.840162951026286 ], [ 122.469962298524479, 10.840236565877262 ], [ 122.469962125308712, 10.840334719011366 ], [ 122.46996199539592, 10.840408333861603 ], [ 122.4699618632186, 10.840527255503559 ], [ 122.46732966749039, 10.840378129813473 ], [ 122.467330102736923, 10.840256553061067 ], [ 122.467330276809093, 10.84015839996863 ], [ 122.467355326000416, 10.840035751641267 ], [ 122.467355456545988, 10.839962136820702 ], [ 122.467405250273487, 10.83988860807051 ], [ 122.467430168882174, 10.83983957455473 ], [ 122.467455174494489, 10.839741464488043 ], [ 122.467480093081917, 10.83969243096675 ], [ 122.46752984323291, 10.839643440466602 ], [ 122.467554761799533, 10.839594406938033 ], [ 122.46755489229065, 10.839520792112864 ], [ 122.467579810842153, 10.83947175858134 ], [ 122.467629647920262, 10.839373691510616 ], [ 122.467629865369986, 10.839251000131753 ], [ 122.467654827372598, 10.839177428315566 ], [ 122.467679876332113, 10.839054779943751 ], [ 122.467704838303916, 10.838981208121368 ], [ 122.467705012233068, 10.838883055014549 ], [ 122.467705142678824, 10.838809440184264 ], [ 122.46770536008637, 10.838686748799375 ], [ 122.467705534010406, 10.838588595690794 ], [ 122.467705664452296, 10.838514980859031 ], [ 122.46770583837349, 10.838416827749427 ], [ 122.467705968813334, 10.838343212916584 ], [ 122.467681398236778, 10.838195940246635 ], [ 122.467656784198311, 10.838073205852425 ], [ 122.467656914645886, 10.837999591018558 ], [ 122.46765708857447, 10.837901437906453 ], [ 122.46765721901977, 10.837827823071848 ], [ 122.467657349464275, 10.837754208236902 ], [ 122.467632648497101, 10.837680550396215 ], [ 122.467632778945699, 10.8376069355607 ], [ 122.467608121479316, 10.837508739439784 ], [ 122.467608251931779, 10.837435124603815 ], [ 122.467583507513609, 10.837386005038127 ], [ 122.467558850078035, 10.837287808913288 ], [ 122.467534192657126, 10.837189612786517 ], [ 122.467509491760211, 10.837115954936905 ], [ 122.467484790874551, 10.837042297085361 ], [ 122.467460046506062, 10.836993177510976 ], [ 122.467410514294329, 10.836919476635728 ], [ 122.467385813447095, 10.836845818777249 ], [ 122.467386030944226, 10.836723127382982 ], [ 122.467361373617791, 10.836624931243762 ], [ 122.467361504119594, 10.836551316406656 ], [ 122.467336803310218, 10.836477658544482 ], [ 122.467312146016184, 10.83637946240151 ], [ 122.467312276527082, 10.836305847563722 ], [ 122.467287575747036, 10.836232189697967 ], [ 122.467238087204009, 10.836133950519923 ], [ 122.467114714121522, 10.835692046309475 ], [ 122.466368338711845, 10.836500517300237 ], [ 122.466318588925219, 10.836549507638779 ], [ 122.466268839122336, 10.836598497968282 ], [ 122.466194257983943, 10.836647445171536 ], [ 122.466144551744947, 10.836671897205008 ], [ 122.466070014175216, 10.836696306102453 ], [ 122.466020307918939, 10.83672075811478 ], [ 122.465945813944927, 10.836720628708122 ], [ 122.465647707135417, 10.836793725716348 ], [ 122.465548294520204, 10.836842629591445 ], [ 122.465498544547586, 10.836891619787536 ], [ 122.465423963217972, 10.836940566793999 ], [ 122.465374213209088, 10.836989556967865 ], [ 122.465324506852198, 10.837014008862582 ], [ 122.46529958816518, 10.837063042211867 ], [ 122.465249838115938, 10.837112032363166 ], [ 122.465200044371159, 10.83718556077514 ], [ 122.465150337968453, 10.837210012639332 ], [ 122.465125419236074, 10.837259045971734 ], [ 122.465075625435929, 10.837332574360289 ], [ 122.465050706680699, 10.837381607685074 ], [ 122.46500086914466, 10.837479674327142 ], [ 122.464926243887021, 10.837553159468314 ], [ 122.464876406280268, 10.837651226085939 ], [ 122.464851487464443, 10.837700259390999 ], [ 122.464776862114604, 10.837773744490391 ], [ 122.464751943271835, 10.837822777785675 ], [ 122.464727024420654, 10.837871811078514 ], [ 122.464652398997487, 10.837945296143459 ], [ 122.464602648695291, 10.837994286175615 ], [ 122.464527979473928, 10.838092309472245 ], [ 122.464453310203112, 10.838190332748013 ], [ 122.464403472330673, 10.838288399272642 ], [ 122.464378553381948, 10.838337432531205 ], [ 122.464328715459033, 10.838435499040429 ], [ 122.464303796484955, 10.838484532291318 ], [ 122.464254002273492, 10.838558060521905 ], [ 122.464229083276564, 10.838607093765177 ], [ 122.464204120504519, 10.838680665268896 ], [ 122.464179157719855, 10.838754236769773 ], [ 122.464154238693027, 10.83880327000503 ], [ 122.464129275884602, 10.838876841500053 ], [ 122.464079437784562, 10.838974907957436 ], [ 122.464029599650985, 10.839072974404473 ], [ 122.463979761483756, 10.839171040841393 ], [ 122.463954754809379, 10.839269150578104 ], [ 122.463904960376453, 10.839342678738376 ], [ 122.463855165918631, 10.83941620688887 ], [ 122.463809231336427, 10.83944987071402 ], [ 122.464759683290254, 10.840232506905238 ], [ 122.464870456678568, 10.840371016773702 ], [ 122.467491182114713, 10.843647896718323 ], [ 122.467564185002288, 10.843739176135955 ], [ 122.468077090965153, 10.844380487926628 ], [ 122.470745338348252, 10.847862160289537 ], [ 122.470788627136812, 10.847918644995332 ], [ 122.471786058990915, 10.849220121192332 ], [ 122.471928032958544, 10.84938099996009 ], [ 122.472087008228868, 10.849677188731562 ], [ 122.472105188222031, 10.84965857270106 ], [ 122.472089202720213, 10.849608113537954 ], [ 122.472073077103801, 10.849531010356714 ], [ 122.472055203577611, 10.84947320965847 ], [ 122.472051094123231, 10.849395132204961 ], [ 122.472059334201163, 10.849379474866794 ], [ 122.472115890119653, 10.849407695918387 ], [ 122.472185449705989, 10.849446882283871 ], [ 122.472227186433201, 10.84947057784774 ], [ 122.472294887002363, 10.849507935212614 ], [ 122.472379241696103, 10.849547053202514 ], [ 122.472440372806773, 10.849566065249064 ], [ 122.472510755672033, 10.849585953328301 ], [ 122.47255241511516, 10.849594948701451 ], [ 122.472652436457565, 10.849623887649216 ], [ 122.472718152391735, 10.849635528208182 ], [ 122.47276344777606, 10.849632562594081 ], [ 122.472820812489545, 10.849638729025344 ], [ 122.47289753771895, 10.849633780609452 ], [ 122.472980755125263, 10.849632477301611 ], [ 122.473031642169531, 10.84963775484465 ], [ 122.473103162521284, 10.849698063929281 ], [ 122.473124604488589, 10.849731040980259 ], [ 122.473181324973098, 10.849790499661253 ], [ 122.473245331807561, 10.849828792678352 ], [ 122.473300648935719, 10.84979729843576 ], [ 122.473360434773326, 10.849736382512788 ], [ 122.473390712657533, 10.84969122225931 ], [ 122.473397960284046, 10.849662706525351 ], [ 122.473422598124785, 10.849600115484179 ], [ 122.473425241632071, 10.849575296157866 ], [ 122.473429690998614, 10.849542199448479 ], [ 122.473430460942723, 10.849512794873533 ], [ 122.473425663396029, 10.849479740906531 ], [ 122.473421761526197, 10.849441170108776 ], [ 122.47341793703049, 10.849417299461265 ], [ 122.473409445558559, 10.849385181350272 ], [ 122.473397240818144, 10.849350324057525 ], [ 122.473390627745744, 10.849323709954092 ], [ 122.473376641328514, 10.84930172384054 ], [ 122.473357987939494, 10.849271490262254 ], [ 122.473313736669979, 10.849216676842275 ], [ 122.473188598041816, 10.848982280564258 ], [ 122.473729996691304, 10.848842015889204 ], [ 122.473823556690718, 10.848321690602347 ], [ 122.473105711289918, 10.848023250059839 ], [ 122.47308823600315, 10.847842313121134 ], [ 122.473466709387139, 10.847713871729241 ], [ 122.47359967799855, 10.847358491988132 ], [ 122.473695334710214, 10.847226326696614 ], [ 122.473182906088596, 10.846673447419676 ], [ 122.473404041915046, 10.846276172449279 ], [ 122.473439446994576, 10.846003314566985 ], [ 122.473343125987071, 10.845866882478106 ], [ 122.473356106873325, 10.845632101305114 ], [ 122.473531854000726, 10.845753455644854 ], [ 122.473641662503837, 10.845727769675932 ], [ 122.473925489384897, 10.845923733720724 ], [ 122.474143670377657, 10.845893542085946 ], [ 122.474421546415215, 10.845740962984962 ], [ 122.474708974133364, 10.845837520123951 ], [ 122.475020750227827, 10.845195012324439 ], [ 122.475239517715522, 10.844912760305363 ], [ 122.475250262443296, 10.844658697264379 ], [ 122.475008012281023, 10.844408710844334 ], [ 122.475298165707613, 10.844455549341717 ], [ 122.475612908027983, 10.844339170606929 ], [ 122.476067546800891, 10.844312526033093 ], [ 122.47609359300975, 10.843941390120904 ], [ 122.475761431815954, 10.843738847888858 ], [ 122.475883289580338, 10.843572223532021 ], [ 122.476053669653766, 10.843092973983914 ], [ 122.476240874392374, 10.84266772670702 ], [ 122.476563152831318, 10.842698407998853 ], [ 122.476594081855183, 10.842574644028048 ], [ 122.476724822970141, 10.84248238728145 ], [ 122.47685701801106, 10.842369869425966 ], [ 122.476910368818722, 10.842301857359075 ], [ 122.477311579742036, 10.842433373428946 ], [ 122.477312839612637, 10.842027680962474 ], [ 122.477187391848133, 10.841777653013708 ], [ 122.47725975305309, 10.841451764779265 ], [ 122.477271640412141, 10.841208721771523 ], [ 122.47734014038474, 10.840945147658601 ], [ 122.477485476045558, 10.841099486898997 ], [ 122.477564502014275, 10.841017262383957 ], [ 122.478272748491236, 10.840736314872515 ], [ 122.478372413381635, 10.840901208232253 ], [ 122.478529790234347, 10.84093730599011 ], [ 122.478764919097216, 10.841061379362827 ], [ 122.478994469295117, 10.841231537127499 ] ] ] ] } },
{ "type": "Feature", "properties": { "psgc": "0603012029", "admin_type": "Barangay", "region": "Region VI (Western Visayas)", "province": "Iloilo", "municity": "Cabatuan", "barangay": "Janipaan Oeste", "population": "628" }, "geometry": { "type": "MultiPolygon", "coordinates": [ [ [ [ 122.525900435355737, 10.915408768863134 ], [ 122.52523237318097, 10.915878661675027 ], [ 122.522928133378358, 10.916832159026534 ], [ 122.518080960806572, 10.91809255019289 ], [ 122.511927266577686, 10.919671683606824 ], [ 122.517523535132597, 10.930004387084171 ], [ 122.517778431380947, 10.929700905742452 ], [ 122.517921058077647, 10.929527716182177 ], [ 122.519044377875204, 10.928928612290148 ], [ 122.519243358529593, 10.928822489274475 ], [ 122.519552379975948, 10.928657677836421 ], [ 122.519560315450263, 10.928670933529444 ], [ 122.519344799388463, 10.929856271869289 ], [ 122.520549503574543, 10.930294346118771 ], [ 122.52076625219064, 10.930204034195398 ], [ 122.522079556611502, 10.929656824020038 ], [ 122.522732978473769, 10.929384564910762 ], [ 122.522490087155319, 10.928469455130839 ], [ 122.522442117791442, 10.928288727246846 ], [ 122.522494014435324, 10.927974777824506 ], [ 122.523467744210066, 10.926748976196976 ], [ 122.526529414788087, 10.922894634059753 ], [ 122.52598125129299, 10.915907172573826 ], [ 122.525900435355737, 10.915408768863134 ] ] ] ] } },
{ "type": "Feature", "properties": { "psgc": "0603012030", "admin_type": "Barangay", "region": "Region VI (Western Visayas)", "province": "Iloilo", "municity": "Cabatuan", "barangay": "Janipaan Olo", "population": "744" }, "geometry": { "type": "MultiPolygon", "coordinates": [ [ [ [ 122.502746459954579, 10.933120392103183 ], [ 122.502852558561614, 10.933847959107185 ], [ 122.502980917342342, 10.934696068470492 ], [ 122.50346460784472, 10.934675088613597 ], [ 122.504559793468431, 10.934784607175969 ], [ 122.505654979092142, 10.935551237112563 ], [ 122.506749345374971, 10.935786661054616 ], [ 122.507674185390727, 10.935832903055404 ], [ 122.507901932510123, 10.935844290411374 ], [ 122.508339512053439, 10.93586616938854 ], [ 122.508727472355417, 10.935733502832587 ], [ 122.509083099382636, 10.935283041931452 ], [ 122.509591249451816, 10.934639385177162 ], [ 122.50984119789284, 10.93432278381853 ], [ 122.51025475871171, 10.933798940114633 ], [ 122.511033085523991, 10.933831370398478 ], [ 122.512883204208606, 10.933908458677003 ], [ 122.51354031558283, 10.932046643116703 ], [ 122.514306945519422, 10.931718087429591 ], [ 122.514207273865651, 10.932635321305781 ], [ 122.515292612580751, 10.932375198803815 ], [ 122.515511649705502, 10.931499050304849 ], [ 122.516387798204462, 10.931389531742479 ], [ 122.516982760850595, 10.930667077100752 ], [ 122.517274137055566, 10.930313263137563 ], [ 122.517523535132597, 10.930004387084171 ], [ 122.511927266577686, 10.919671683606824 ], [ 122.511537360354879, 10.919771734806078 ], [ 122.50286362676043, 10.932579743631965 ], [ 122.502699352809529, 10.932804434954919 ], [ 122.502746459954579, 10.933120392103183 ] ] ] ] } },
{ "type": "Feature", "properties": { "psgc": "0603012019", "admin_type": "Barangay", "region": "Region VI (Western Visayas)", "province": "Iloilo", "municity": "Cabatuan", "barangay": "Gines Patag", "population": "2525" }, "geometry": { "type": "MultiPolygon", "coordinates": [ [ [ [ 122.485238745750181, 10.929258496044033 ], [ 122.484737656000092, 10.929410802442559 ], [ 122.477631618534701, 10.931511138744119 ], [ 122.477260354777954, 10.931621933120857 ], [ 122.475794563752686, 10.932063035069405 ], [ 122.476149363165504, 10.932565374832105 ], [ 122.476466589810116, 10.933014517507154 ], [ 122.476574581617569, 10.933167416798904 ], [ 122.477945544824436, 10.935108483517542 ], [ 122.478281357346944, 10.935583940851389 ], [ 122.481599965616581, 10.94028256444107 ], [ 122.482691626661151, 10.941828183543787 ], [ 122.483663987914895, 10.943204893041656 ], [ 122.483862923026479, 10.943524101848322 ], [ 122.484627415116975, 10.944750796351698 ], [ 122.485050344913972, 10.94455559798385 ], [ 122.485899778619299, 10.944163551658315 ], [ 122.487017603245633, 10.943647632600008 ], [ 122.487474897738608, 10.94343657360325 ], [ 122.488789047021839, 10.942759208464164 ], [ 122.490411451500322, 10.941922956259614 ], [ 122.49043351306311, 10.941911037576556 ], [ 122.490651495079987, 10.941798640599099 ], [ 122.49082365744998, 10.941709869377078 ], [ 122.49139895273683, 10.941413232744793 ], [ 122.491916319219072, 10.941146465652386 ], [ 122.492264122036033, 10.941004182681812 ], [ 122.492602891013604, 10.940792452070836 ], [ 122.494484085730335, 10.939822461045019 ], [ 122.494922159979808, 10.938836793983683 ], [ 122.495701025016416, 10.938526451495735 ], [ 122.496438372796959, 10.938232651756445 ], [ 122.497036311118038, 10.938462297569178 ], [ 122.497441086914336, 10.938617756858941 ], [ 122.498755309662783, 10.937851126922347 ], [ 122.499740976724127, 10.937084496985753 ], [ 122.500945680910206, 10.938289201171829 ], [ 122.501383755159679, 10.936427385611529 ], [ 122.502040866533903, 10.935551237112563 ], [ 122.502609385558685, 10.935201379251158 ], [ 122.502972980850544, 10.934977628302324 ], [ 122.502980917342342, 10.934696068470492 ], [ 122.502852558561614, 10.933847959107185 ], [ 122.502746459954579, 10.933120392103183 ], [ 122.502699352809529, 10.932804434954919 ], [ 122.50286362676043, 10.932579743631965 ], [ 122.501409278692407, 10.931367103374228 ], [ 122.496229821349459, 10.925457220740626 ], [ 122.49056478929829, 10.927639582075287 ], [ 122.485238745750181, 10.929258496044033 ] ] ] ] } },
{ "type": "Feature", "properties": { "psgc": "0603012009", "admin_type": "Barangay", "region": "Region VI (Western Visayas)", "province": "Iloilo", "municity": "Cabatuan", "barangay": "Baluyan", "population": "873" }, "geometry": { "type": "MultiPolygon", "coordinates": [ [ [ [ 122.493830213619844, 10.909881171701517 ], [ 122.493935676259881, 10.909768422757901 ], [ 122.493997275225126, 10.909628794647745 ], [ 122.493934557850849, 10.909394735554446 ], [ 122.493856409965872, 10.909281471064528 ], [ 122.4937700510078, 10.909181097794065 ], [ 122.493744588082336, 10.909140290200654 ], [ 122.493779496729715, 10.909108801496053 ], [ 122.493946984769096, 10.908986163789843 ], [ 122.494036148777539, 10.908911073792531 ], [ 122.494079556753974, 10.908805472821724 ], [ 122.494094291109576, 10.90861798697159 ], [ 122.494092160211281, 10.908591515679564 ], [ 122.494060457174456, 10.908485911487494 ], [ 122.493840334138397, 10.908096605023458 ], [ 122.493829210283039, 10.908008111551826 ], [ 122.493876748692429, 10.907854034758673 ], [ 122.493962291705529, 10.907698583586122 ], [ 122.494181969830365, 10.907512268175125 ], [ 122.494591174155403, 10.907715629625599 ], [ 122.494736673946662, 10.90770746974612 ], [ 122.494891228047294, 10.907589556728171 ], [ 122.495008323020315, 10.907436463750136 ], [ 122.494803495963623, 10.906913573119274 ], [ 122.494011355674076, 10.906535770138829 ], [ 122.493953565879252, 10.906507232452078 ], [ 122.493870246617419, 10.90643149212551 ], [ 122.493545924736978, 10.906186898483405 ], [ 122.493487033746135, 10.905875128942823 ], [ 122.493509104664653, 10.905857501249088 ], [ 122.494148465019748, 10.905635033135468 ], [ 122.494167573183162, 10.905600081119642 ], [ 122.494183527910678, 10.905529533261342 ], [ 122.494192141574658, 10.905466383948232 ], [ 122.494177604636263, 10.905406256366003 ], [ 122.494143988166144, 10.905383821535382 ], [ 122.493501515228559, 10.905130292839633 ], [ 122.493499317652109, 10.905097426491912 ], [ 122.493525654810554, 10.904955484699506 ], [ 122.493558641895007, 10.904917623417226 ], [ 122.49392580946467, 10.904914086526146 ], [ 122.49395320488803, 10.904873551898012 ], [ 122.493947844327096, 10.904804176128826 ], [ 122.493918301159894, 10.904727783949424 ], [ 122.493455499671498, 10.904452889622297 ], [ 122.493506610487671, 10.904374606133837 ], [ 122.493580271098125, 10.904235745502262 ], [ 122.493744648464613, 10.904170708147701 ], [ 122.493947029961802, 10.904104296314282 ], [ 122.49407315504817, 10.904016880121262 ], [ 122.494117737335444, 10.90393502088159 ], [ 122.494149110429888, 10.9038313931077 ], [ 122.494154973264699, 10.903682389880441 ], [ 122.494139740231276, 10.903555571057113 ], [ 122.494103916789754, 10.903499356301205 ], [ 122.493652927182922, 10.903378733460951 ], [ 122.493608146892583, 10.90335277912828 ], [ 122.493614207949236, 10.903311589425217 ], [ 122.493618917283655, 10.903052043209396 ], [ 122.493622771210568, 10.902977073575091 ], [ 122.493599928180927, 10.902920701426652 ], [ 122.493573691171605, 10.902894522322656 ], [ 122.493529761840918, 10.902861248114458 ], [ 122.493469000615775, 10.902814472506886 ], [ 122.492208197718142, 10.903109342322557 ], [ 122.48599427092465, 10.905045763895307 ], [ 122.484738738159393, 10.906204891258994 ], [ 122.477213867178861, 10.912998291118582 ], [ 122.484735314211335, 10.912202408260944 ], [ 122.490545031111921, 10.911593945011944 ], [ 122.4925771111823, 10.912161403756857 ], [ 122.492788245558927, 10.912305151376993 ], [ 122.493041630374989, 10.912244403460015 ], [ 122.493153417400094, 10.912293301978755 ], [ 122.493235715516988, 10.912359917992644 ], [ 122.493418099814818, 10.912864807646237 ], [ 122.493497692839654, 10.912938765930031 ], [ 122.493701422364637, 10.913089797364886 ], [ 122.493838329821159, 10.913146614444095 ], [ 122.49392557171042, 10.913153780289955 ], [ 122.494009488522764, 10.913108905879225 ], [ 122.494362128043164, 10.912689814515025 ], [ 122.494704376732884, 10.912252574771209 ], [ 122.494515507663479, 10.911837306360434 ], [ 122.494416653510811, 10.91178368308981 ], [ 122.494355497240832, 10.911788079212567 ], [ 122.494320683688201, 10.911828703747181 ], [ 122.494165324540958, 10.912313930920645 ], [ 122.494005702608277, 10.912390788592642 ], [ 122.493906378863883, 10.912381028139423 ], [ 122.49370530495905, 10.912306714930514 ], [ 122.493657052959719, 10.912303644960136 ], [ 122.493623295150613, 10.912178878073833 ], [ 122.493583983768232, 10.912055092184621 ], [ 122.493619038177556, 10.91194867888424 ], [ 122.493789552505675, 10.91167159048082 ], [ 122.493811070835918, 10.911600975261903 ], [ 122.493797234408106, 10.911430282252065 ], [ 122.493764079630807, 10.911274442483002 ], [ 122.493723843441813, 10.911062039531664 ], [ 122.493675760773712, 10.910808615460034 ], [ 122.493648297872141, 10.910487328137565 ], [ 122.493654297066797, 10.91026248677899 ], [ 122.493679266613043, 10.91016715999943 ], [ 122.493678339430005, 10.910167171237063 ], [ 122.493692707166218, 10.910122226105173 ], [ 122.493745587511626, 10.9100356979678 ], [ 122.493830213619844, 10.909881171701517 ] ] ] ] } },
{ "type": "Feature", "properties": { "psgc": "0603012040", "admin_type": "Barangay", "region": "Region VI (Western Visayas)", "province": "Iloilo", "municity": "Cabatuan", "barangay": "Pagotpot", "population": "473" }, "geometry": { "type": "MultiPolygon", "coordinates": [ [ [ [ 122.500222885506489, 10.91421311178944 ], [ 122.494323380127426, 10.910221483723262 ], [ 122.493830213619844, 10.909881171701517 ], [ 122.493745587511626, 10.9100356979678 ], [ 122.493692707166218, 10.910122226105173 ], [ 122.493678339430005, 10.910167171237063 ], [ 122.493679266613043, 10.91016715999943 ], [ 122.493654297066797, 10.91026248677899 ], [ 122.493648297872141, 10.910487328137565 ], [ 122.493675760773712, 10.910808615460034 ], [ 122.493723843441813, 10.911062039531664 ], [ 122.493764079630807, 10.911274442483002 ], [ 122.493797234408106, 10.911430282252065 ], [ 122.493811070835918, 10.911600975261903 ], [ 122.493789552505675, 10.91167159048082 ], [ 122.493619038177556, 10.91194867888424 ], [ 122.493583983768232, 10.912055092184621 ], [ 122.493623295150613, 10.912178878073833 ], [ 122.493657052959719, 10.912303644960136 ], [ 122.49370530495905, 10.912306714930514 ], [ 122.493906378863883, 10.912381028139423 ], [ 122.494005702608277, 10.912390788592642 ], [ 122.494165324540958, 10.912313930920645 ], [ 122.494320683688201, 10.911828703747181 ], [ 122.494355497240832, 10.911788079212567 ], [ 122.494416653510811, 10.91178368308981 ], [ 122.494515507663479, 10.911837306360434 ], [ 122.494704376732884, 10.912252574771209 ], [ 122.494362128043164, 10.912689814515025 ], [ 122.494009488522764, 10.913108905879225 ], [ 122.49392557171042, 10.913153780289955 ], [ 122.493838329821159, 10.913146614444095 ], [ 122.493701422364637, 10.913089797364886 ], [ 122.493497692839654, 10.912938765930031 ], [ 122.493418099814818, 10.912864807646237 ], [ 122.493235715516988, 10.912359917992644 ], [ 122.493153417400094, 10.912293301978755 ], [ 122.493041630374989, 10.912244403460015 ], [ 122.492788245558927, 10.912305151376993 ], [ 122.492675511806326, 10.912349346033473 ], [ 122.492578709680387, 10.912403513136514 ], [ 122.492523726377925, 10.912466310467392 ], [ 122.492495155037886, 10.912483103116175 ], [ 122.492450024964825, 10.912601516345191 ], [ 122.492379057404477, 10.91273212061175 ], [ 122.492296245953426, 10.912882969600602 ], [ 122.492230660339999, 10.912996148447299 ], [ 122.492191305699151, 10.913045964659679 ], [ 122.492066966705352, 10.91303833404117 ], [ 122.49196785535915, 10.91296004338543 ], [ 122.491869328224595, 10.912848852667018 ], [ 122.49168762374039, 10.912675624643606 ], [ 122.491630626827387, 10.912634285166394 ], [ 122.491542839091451, 10.912663673017512 ], [ 122.491132611380493, 10.912896151303697 ], [ 122.491044201169245, 10.912954784721704 ], [ 122.491014022998698, 10.912995352704579 ], [ 122.490983882923672, 10.913039574994778 ], [ 122.490967888863665, 10.913106468288877 ], [ 122.491017954057952, 10.913194490183606 ], [ 122.491276082174721, 10.913582424549604 ], [ 122.491220009235661, 10.913629702028665 ], [ 122.490842371541476, 10.913697320368483 ], [ 122.49055391906208, 10.913691676533439 ], [ 122.490535537105785, 10.913707431905605 ], [ 122.49142667612027, 10.914507085345793 ], [ 122.49140527807684, 10.914945003479854 ], [ 122.491494076397288, 10.915012454932766 ], [ 122.491914975840317, 10.915891811554395 ], [ 122.496229821349459, 10.925457220740626 ], [ 122.501401014547312, 10.921486164131903 ], [ 122.50267741518698, 10.920521713007249 ], [ 122.501295431392165, 10.916931658343492 ], [ 122.500882919909316, 10.915877158956359 ], [ 122.500222885506489, 10.91421311178944 ] ] ] ] } },
{ "type": "Feature", "properties": { "psgc": "0603012022", "admin_type": "Barangay", "region": "Region VI (Western Visayas)", "province": "Iloilo", "municity": "Cabatuan", "barangay": "Inaca", "population": "996" }, "geometry": { "type": "MultiPolygon", "coordinates": [ [ [ [ 122.458365093510082, 10.851118564602103 ], [ 122.449855656742642, 10.840766880671536 ], [ 122.449424888296591, 10.840753379742122 ], [ 122.449287826460903, 10.840851301158141 ], [ 122.449107253001202, 10.840972988284394 ], [ 122.448933118982112, 10.841111229499349 ], [ 122.448554014192666, 10.84154472232659 ], [ 122.448515055210294, 10.841603410799765 ], [ 122.448422505806761, 10.84163990260071 ], [ 122.448396639093119, 10.841626969451259 ], [ 122.44810943031149, 10.841436006725079 ], [ 122.447972547394215, 10.841445733812064 ], [ 122.448023002371059, 10.841645228973794 ], [ 122.447884071481795, 10.841752331446759 ], [ 122.447656555777243, 10.841765482469091 ], [ 122.447556640092913, 10.841786335902357 ], [ 122.447473352978832, 10.841815503520102 ], [ 122.447423367966962, 10.841839251132781 ], [ 122.447343751715451, 10.841882209214138 ], [ 122.447290969961955, 10.841916973337883 ], [ 122.447221529636124, 10.841958122169844 ], [ 122.447115958567878, 10.842031325099649 ], [ 122.447071475125497, 10.842078055116964 ], [ 122.446666287858591, 10.842602423447978 ], [ 122.446618896927902, 10.843167286107143 ], [ 122.446583347489749, 10.843367461896078 ], [ 122.446562858523308, 10.843438144211564 ], [ 122.44653223292174, 10.843491343347189 ], [ 122.44652569212559, 10.843524398040193 ], [ 122.446507095786046, 10.84357395574064 ], [ 122.446477464329064, 10.843593166121371 ], [ 122.446434882588775, 10.843614177996757 ], [ 122.446413603912688, 10.843618712485888 ], [ 122.446387697723438, 10.843625071529953 ], [ 122.446346087638531, 10.84362311885417 ], [ 122.446278576993421, 10.843624769155506 ], [ 122.446217543365705, 10.843624600013962 ], [ 122.445713476569594, 10.843660868893679 ], [ 122.445698622303908, 10.843689307065128 ], [ 122.445675817702693, 10.843987817788825 ], [ 122.445382988676428, 10.844283742142737 ], [ 122.445162429081975, 10.844511883752498 ], [ 122.445105932556785, 10.844553986666304 ], [ 122.445067042087302, 10.844578683340178 ], [ 122.444992050440746, 10.844620734902131 ], [ 122.444922611065408, 10.84466096447856 ], [ 122.444853175434645, 10.84469935667085 ], [ 122.444785224048303, 10.844709651029774 ], [ 122.444757895564138, 10.844713791184082 ], [ 122.444721783075678, 10.844736658146427 ], [ 122.444681054333245, 10.844755837531334 ], [ 122.444642180742022, 10.844772265994997 ], [ 122.44460331279295, 10.844785938402485 ], [ 122.444549607347398, 10.844819780757609 ], [ 122.444347216118828, 10.845206905352798 ], [ 122.44431567648229, 10.845254589563309 ], [ 122.444194997630603, 10.845479956900908 ], [ 122.443738275227588, 10.84587585607648 ], [ 122.443434516957353, 10.846088147316692 ], [ 122.443104742349149, 10.846360080619693 ], [ 122.442984306537909, 10.846465394740934 ], [ 122.442910159627843, 10.846546033025245 ], [ 122.442853618995443, 10.846609265201698 ], [ 122.442858191831093, 10.846634082517747 ], [ 122.442865538949505, 10.84665890755385 ], [ 122.442871955645344, 10.84668648606633 ], [ 122.442878366679381, 10.846716820628588 ], [ 122.442884783377394, 10.846744399140823 ], [ 122.442892085198011, 10.846791272575459 ], [ 122.442893813914154, 10.846850073452885 ], [ 122.442883522618672, 10.846907922193481 ], [ 122.442786307499489, 10.846963691655706 ], [ 122.442766900721153, 10.846957206825529 ], [ 122.44268274930316, 10.846956053923209 ], [ 122.442530176862832, 10.846949198399045 ], [ 122.442425665585176, 10.846955338254427 ], [ 122.442120490501111, 10.84695632580733 ], [ 122.441398837870452, 10.847118760220246 ], [ 122.441326647778212, 10.847147038313942 ], [ 122.441282211889757, 10.84716988163917 ], [ 122.441236834198321, 10.847200990526362 ], [ 122.441184968019215, 10.847239430820885 ], [ 122.441157115360241, 10.847292637078132 ], [ 122.441088588284813, 10.84733838040346 ], [ 122.44103393262867, 10.847384162397358 ], [ 122.440536831066353, 10.847627146731551 ], [ 122.440477604522357, 10.847647192596289 ], [ 122.440107337005259, 10.847821628512778 ], [ 122.440019345993733, 10.847888447069309 ], [ 122.439650040353214, 10.848255766549546 ], [ 122.439622744019601, 10.848287057762489 ], [ 122.439440870415041, 10.848694143816095 ], [ 122.439380600690669, 10.848755411230274 ], [ 122.439356481131384, 10.848798768058378 ], [ 122.439312236209787, 10.848813688447521 ], [ 122.438763942557202, 10.848998585478993 ], [ 122.438735499853166, 10.849008177002656 ], [ 122.43864733624217, 10.848964207344281 ], [ 122.438613305275069, 10.848947235149279 ], [ 122.438556938427737, 10.848977121317771 ], [ 122.438448234864396, 10.849034756845812 ], [ 122.438519586351646, 10.849312796718074 ], [ 122.438686447662491, 10.849963015786221 ], [ 122.438758288206017, 10.850242961395068 ], [ 122.438793419896555, 10.850379861284983 ], [ 122.43895088802725, 10.85099347735142 ], [ 122.443718925963736, 10.852749587535303 ], [ 122.44767409376847, 10.854211422428264 ], [ 122.447789245283985, 10.854253981609958 ], [ 122.451420555480993, 10.855596060171935 ], [ 122.45184264682203, 10.855785774704458 ], [ 122.459800495533244, 10.858647414509829 ], [ 122.458365093510082, 10.851118564602103 ] ] ] ] } },
{ "type": "Feature", "properties": { "psgc": "0603012068", "admin_type": "Barangay", "region": "Region VI (Western Visayas)", "province": "Iloilo", "municity": "Cabatuan", "barangay": "Tupol Oeste", "population": "734" }, "geometry": { "type": "MultiPolygon", "coordinates": [ [ [ [ 122.458960940296933, 10.872712079180969 ], [ 122.466932229456745, 10.874552504929005 ], [ 122.468345414159643, 10.87353332159414 ], [ 122.47022743066762, 10.872113392810276 ], [ 122.471119363620389, 10.871440445363909 ], [ 122.472513023427751, 10.870388942407418 ], [ 122.464123740108533, 10.867957711322754 ], [ 122.462103735542044, 10.863994912948522 ], [ 122.459534761987513, 10.862501835587297 ], [ 122.459301130297717, 10.865890512562444 ], [ 122.458960940296933, 10.872712079180969 ] ] ] ] } },
{ "type": "Feature", "properties": { "psgc": "0603012021", "admin_type": "Barangay", "region": "Region VI (Western Visayas)", "province": "Iloilo", "municity": "Cabatuan", "barangay": "Inabasan", "population": "998" }, "geometry": { "type": "MultiPolygon", "coordinates": [ [ [ [ 122.45184264682203, 10.855785774704458 ], [ 122.451420555480993, 10.855596060171935 ], [ 122.447789245283985, 10.854253981609958 ], [ 122.44767409376847, 10.854211422428264 ], [ 122.443718925963736, 10.852749587535303 ], [ 122.43895088802725, 10.85099347735142 ], [ 122.439892009594828, 10.854660805538984 ], [ 122.440395515714073, 10.856390239600755 ], [ 122.440666546108034, 10.857117192766559 ], [ 122.441150208823075, 10.858834057289554 ], [ 122.441719752984611, 10.860676700165115 ], [ 122.442203071248898, 10.862240376902514 ], [ 122.442715601056634, 10.86389856157459 ], [ 122.442849992012611, 10.864333355843913 ], [ 122.44319891932092, 10.865462238311986 ], [ 122.443612679441003, 10.866800873994595 ], [ 122.443790054736468, 10.867374735244645 ], [ 122.444231445964306, 10.868802765687679 ], [ 122.444736553701389, 10.868695802012914 ], [ 122.445070255823921, 10.868601360947601 ], [ 122.445155365121749, 10.868477566805009 ], [ 122.445576614526075, 10.868412130481135 ], [ 122.44613319703565, 10.868025208682521 ], [ 122.446346866609943, 10.867760882872089 ], [ 122.446856806514944, 10.867987474538863 ], [ 122.447041935557422, 10.868026264559804 ], [ 122.447058781076848, 10.868008113335476 ], [ 122.447099789086479, 10.867983740563194 ], [ 122.447329690098556, 10.867773434322245 ], [ 122.447397696563087, 10.867736464998407 ], [ 122.447500103874717, 10.867688779607789 ], [ 122.447642428854962, 10.867635899501336 ], [ 122.447821164308991, 10.86755404529776 ], [ 122.447989847521811, 10.867454759943765 ], [ 122.448092184814215, 10.867415296419679 ], [ 122.448124529407281, 10.86742831962246 ], [ 122.448229640632107, 10.867608144692671 ], [ 122.44849973796488, 10.867796464632642 ], [ 122.448740074291123, 10.867667544441892 ], [ 122.448848285281755, 10.867591578094002 ], [ 122.448914599963302, 10.867535410253076 ], [ 122.44899877255682, 10.8674510485179 ], [ 122.449180956317335, 10.867290646987263 ], [ 122.44919885300483, 10.867257885275379 ], [ 122.449229800778895, 10.867216994762689 ], [ 122.449243965249991, 10.867186947089207 ], [ 122.449259429242872, 10.8671130550052 ], [ 122.449268627512737, 10.867012622926346 ], [ 122.449264204240919, 10.866878289041393 ], [ 122.449278310121812, 10.866745915531283 ], [ 122.449276133384203, 10.866674637549673 ], [ 122.449295449339928, 10.866474693608437 ], [ 122.449311483741909, 10.866442832124772 ], [ 122.449343374155106, 10.866400121127684 ], [ 122.449433982635526, 10.866322200828787 ], [ 122.449569245534192, 10.866227242533325 ], [ 122.449648634071721, 10.866160204997433 ], [ 122.449813855133726, 10.866031657867609 ], [ 122.449840205308064, 10.86598616615581 ], [ 122.449867831634222, 10.86589957071344 ], [ 122.449987755487072, 10.865688076543128 ], [ 122.450442616870077, 10.865819650518496 ], [ 122.450749243776059, 10.865838467298619 ], [ 122.450801166374319, 10.865791041515376 ], [ 122.450824364903468, 10.86573762813631 ], [ 122.450839227369002, 10.865677015306147 ], [ 122.450797773399273, 10.865253013037622 ], [ 122.450649617626382, 10.865055678077223 ], [ 122.450762835238578, 10.864779500599935 ], [ 122.451152199488916, 10.864514529768021 ], [ 122.451184854231954, 10.864136448895742 ], [ 122.451210833709695, 10.864081164788791 ], [ 122.451246060464172, 10.864059604709224 ], [ 122.45128222295584, 10.864022474327017 ], [ 122.45138420488675, 10.863943206310491 ], [ 122.451646006175309, 10.863555762910968 ], [ 122.451922963469087, 10.863649274805809 ], [ 122.452008247947518, 10.863660325995514 ], [ 122.452073918218048, 10.86365689456059 ], [ 122.452330922660721, 10.863633131283475 ], [ 122.452616501900195, 10.863599894542194 ], [ 122.452817891347053, 10.863569362569372 ], [ 122.452938047894619, 10.863556190099937 ], [ 122.453006121794516, 10.863522445615901 ], [ 122.453079341682724, 10.863455606487681 ], [ 122.45316171401825, 10.863380412445345 ], [ 122.453264772302745, 10.863256360324991 ], [ 122.453370200237998, 10.863099242203116 ], [ 122.453534819256518, 10.862788236868248 ], [ 122.45358442993178, 10.862758354223182 ], [ 122.453623974035452, 10.862737753741706 ], [ 122.453665808786241, 10.862677663370619 ], [ 122.453712868481574, 10.862590902265447 ], [ 122.453726275303367, 10.862552215372963 ], [ 122.453730495806937, 10.86251913028663 ], [ 122.453719063439806, 10.862492631623622 ], [ 122.453560330039139, 10.862003238000808 ], [ 122.453557925915973, 10.861958289694464 ], [ 122.453574289614849, 10.861934257370869 ], [ 122.453595573934066, 10.861934037517869 ], [ 122.453673545111187, 10.861952506317337 ], [ 122.453834317796691, 10.862005914706517 ], [ 122.453876254660784, 10.862029344789793 ], [ 122.454240517890838, 10.862373435141675 ], [ 122.454297351700717, 10.862404053819651 ], [ 122.45435394833865, 10.862415400733227 ], [ 122.454410093195548, 10.86239003953269 ], [ 122.454724453682005, 10.861762674248093 ], [ 122.454758388673127, 10.861737542469511 ], [ 122.454862405897359, 10.861691494470076 ], [ 122.455002400899616, 10.861635896446444 ], [ 122.455209296093088, 10.861601634637848 ], [ 122.455455894272376, 10.861634880984976 ], [ 122.455643119740301, 10.861656809170563 ], [ 122.455716858339457, 10.861632183684016 ], [ 122.455893899834479, 10.861353172148911 ], [ 122.455883121532921, 10.86130463912356 ], [ 122.455821952263662, 10.861147406445914 ], [ 122.455802867951817, 10.861100794914741 ], [ 122.455804966216917, 10.861045704048005 ], [ 122.455996622766975, 10.86082619962361 ], [ 122.45609086687746, 10.860813293713885 ], [ 122.456199071113218, 10.86080666819243 ], [ 122.45632726126766, 10.860769547957888 ], [ 122.456750358001045, 10.860554992746959 ], [ 122.457204950205451, 10.860267603435194 ], [ 122.457388120508952, 10.859584686710114 ], [ 122.457912067262413, 10.859668296066012 ], [ 122.457727489770022, 10.859410462175445 ], [ 122.457852389254967, 10.859106289641629 ], [ 122.458228403961812, 10.859051919890572 ], [ 122.458616878183463, 10.85948294767101 ], [ 122.458793725352649, 10.859263594523403 ], [ 122.459090100887011, 10.858830070101936 ], [ 122.459285433414237, 10.859059339503752 ], [ 122.459356677673071, 10.859057684408031 ], [ 122.459644109975969, 10.858874816923537 ], [ 122.4597195788064, 10.858833319478272 ], [ 122.459790257788697, 10.85879591380958 ], [ 122.459800495533244, 10.858647414509829 ], [ 122.45184264682203, 10.855785774704458 ] ] ] ] } },
{ "type": "Feature", "properties": { "psgc": "0603012001", "admin_type": "Barangay", "region": "Region VI (Western Visayas)", "province": "Iloilo", "municity": "Cabatuan", "barangay": "Acao", "population": "2199" }, "geometry": { "type": "MultiPolygon", "coordinates": [ [ [ [ 122.459870012941749, 10.858700888133804 ], [ 122.459898122614149, 10.858722510421138 ], [ 122.459928634100748, 10.858745980205635 ], [ 122.464323103037316, 10.862126187632365 ], [ 122.468085022722804, 10.859116838661651 ], [ 122.470548841369762, 10.857085859232676 ], [ 122.470044950895925, 10.852480469052422 ], [ 122.470013673441713, 10.852335445862998 ], [ 122.470334022959534, 10.852234740279238 ], [ 122.470430080673523, 10.852213165296691 ], [ 122.470470612990241, 10.852183577357174 ], [ 122.470510167507626, 10.852143887329452 ], [ 122.470526691422961, 10.852120841585464 ], [ 122.470511654910595, 10.852074971884051 ], [ 122.47047062065873, 10.852009008907876 ], [ 122.470432452220606, 10.851960489550624 ], [ 122.470411010410331, 10.851927512323238 ], [ 122.470454128551879, 10.851862079992916 ], [ 122.470512942405279, 10.85179198135366 ], [ 122.470544102182274, 10.851738548320805 ], [ 122.470581783099519, 10.851694273015513 ], [ 122.470612095387665, 10.851655544382323 ], [ 122.470633180002437, 10.851620533436936 ], [ 122.470667123485356, 10.85156892511035 ], [ 122.470697411613301, 10.851525602672687 ], [ 122.470731427484324, 10.851487775721694 ], [ 122.4707486781179, 10.851427056579924 ], [ 122.47076793261644, 10.851395729190896 ], [ 122.470788910987892, 10.85134050553563 ], [ 122.470805290007434, 10.851289897003731 ], [ 122.470852183996598, 10.851239147685513 ], [ 122.470912081650297, 10.851199363736965 ], [ 122.470998737533947, 10.851148430934597 ], [ 122.47107813584779, 10.851124176253069 ], [ 122.471258205271667, 10.851076487433854 ], [ 122.471367203470251, 10.851053933632242 ], [ 122.471480878259385, 10.851041464800007 ], [ 122.47154374307776, 10.851038418280382 ], [ 122.471634469520808, 10.851058212666864 ], [ 122.471709398861321, 10.851063379452775 ], [ 122.472090689458426, 10.850945852525275 ], [ 122.472112855009257, 10.85076475022146 ], [ 122.472140665330016, 10.850601997474712 ], [ 122.472144631678105, 10.850477024876188 ], [ 122.472150616521958, 10.850384200307262 ], [ 122.472147233629926, 10.850268449460811 ], [ 122.472134811575742, 10.850192247961678 ], [ 122.472123541313636, 10.850159223873787 ], [ 122.472068680030588, 10.850101593984103 ], [ 122.471986150457965, 10.850057873569547 ], [ 122.471959213586061, 10.850035028414231 ], [ 122.471897903665607, 10.849982022180367 ], [ 122.471896795390819, 10.849947113601329 ], [ 122.471913227282514, 10.849906611344494 ], [ 122.472028127739861, 10.849775613811593 ], [ 122.472054687728487, 10.849726795742328 ], [ 122.472087008228812, 10.849677188731565 ], [ 122.471928032958402, 10.849380999959976 ], [ 122.471786058990759, 10.849220121192388 ], [ 122.470788627136699, 10.847918644995211 ], [ 122.470745338348294, 10.847862160289418 ], [ 122.468077090965195, 10.844380487926708 ], [ 122.46756418500226, 10.843739176135868 ], [ 122.467491182114699, 10.843647896718233 ], [ 122.464870456678455, 10.840371016773595 ], [ 122.464759683290126, 10.840232506905187 ], [ 122.463809231336427, 10.839449870713915 ], [ 122.45930041196624, 10.83573705413982 ], [ 122.455726844858006, 10.8327942678331 ], [ 122.455434376595477, 10.832553419724073 ], [ 122.455187760394082, 10.832360053006839 ], [ 122.454808241398553, 10.832369762291764 ], [ 122.454703719673191, 10.832561075400287 ], [ 122.454548042059756, 10.832710129082011 ], [ 122.454260895607305, 10.832956879185028 ], [ 122.454083287613329, 10.833141833321484 ], [ 122.454083329730338, 10.833337659272335 ], [ 122.453822007341458, 10.833453973655796 ], [ 122.45380797150726, 10.833685713859429 ], [ 122.453861576408229, 10.833868286495042 ], [ 122.454017386959279, 10.834027665388199 ], [ 122.454099107592597, 10.83411893613834 ], [ 122.454178824537607, 10.834219601598956 ], [ 122.45441985681822, 10.834398855389821 ], [ 122.454461171778959, 10.834426312027645 ], [ 122.454698818515908, 10.834509282789034 ], [ 122.454707970227076, 10.834638675419761 ], [ 122.454680918811064, 10.834680245766409 ], [ 122.454563073765073, 10.834819748436656 ], [ 122.454507934259425, 10.834907448356889 ], [ 122.454477853468433, 10.835365865375925 ], [ 122.454409928973433, 10.83568602905614 ], [ 122.454195502522808, 10.835891269805821 ], [ 122.453898041586427, 10.836140547530817 ], [ 122.453724003088482, 10.836291675079764 ], [ 122.453558401051453, 10.836451091436533 ], [ 122.453432147028863, 10.836621705724784 ], [ 122.453523453618203, 10.836867393089006 ], [ 122.453525177856406, 10.836914160731784 ], [ 122.453514173972607, 10.836946911583347 ], [ 122.453502091481923, 10.83698605336796 ], [ 122.453385856314114, 10.837136585456111 ], [ 122.453361171642428, 10.837156215400023 ], [ 122.453060794203097, 10.837277528579168 ], [ 122.452727408567327, 10.837430388683877 ], [ 122.452616323540184, 10.837487960757649 ], [ 122.452446031339022, 10.83755731293728 ], [ 122.452432087901371, 10.837593103516495 ], [ 122.452419041338914, 10.837642676918087 ], [ 122.452387375647675, 10.837753751367051 ], [ 122.452367659056137, 10.837900687603719 ], [ 122.452349052910535, 10.837955757850773 ], [ 122.45229984503662, 10.838053003677439 ], [ 122.452268283276695, 10.838112631731544 ], [ 122.452165375619174, 10.838241883968264 ], [ 122.451990448058098, 10.838316735257216 ], [ 122.451702821530517, 10.838332480049759 ], [ 122.451634182311082, 10.838353200245507 ], [ 122.451588069437022, 10.838339891612433 ], [ 122.451587910903768, 10.838367168245508 ], [ 122.451363930768309, 10.838547439183937 ], [ 122.451395484122571, 10.838644294781826 ], [ 122.451582379323128, 10.838900817748923 ], [ 122.451545961142813, 10.839075268623237 ], [ 122.451472763543791, 10.839145806219967 ], [ 122.451383809994965, 10.839233755520725 ], [ 122.45115312929326, 10.839440744130131 ], [ 122.450915556237959, 10.839413131822614 ], [ 122.450833256830791, 10.839396684370863 ], [ 122.45078143043753, 10.839416752728239 ], [ 122.450736992643641, 10.839441434890585 ], [ 122.450499866120978, 10.839634624864056 ], [ 122.450255128871916, 10.83993252431058 ], [ 122.450018718725715, 10.840224556238459 ], [ 122.449909331260159, 10.84035968001789 ], [ 122.449886151145662, 10.840389932832826 ], [ 122.449877502511924, 10.840410121034544 ], [ 122.449875930480644, 10.840413790571901 ], [ 122.44987032606646, 10.840441335806609 ], [ 122.449869306194131, 10.840488186178209 ], [ 122.44986783118334, 10.840759195629548 ], [ 122.449855656742642, 10.840766880671536 ], [ 122.458365093510082, 10.851118564602103 ], [ 122.459800495533244, 10.858647414509829 ], [ 122.459870012941749, 10.858700888133804 ] ] ] ] } },
{ "type": "Feature", "properties": { "psgc": "0603012015", "admin_type": "Barangay", "region": "Region VI (Western Visayas)", "province": "Iloilo", "municity": "Cabatuan", "barangay": "Calayo", "population": "798" }, "geometry": { "type": "MultiPolygon", "coordinates": [ [ [ [ 122.484611493400166, 10.847751896184027 ], [ 122.478925419526504, 10.841302562445822 ], [ 122.478967618867046, 10.841259155766268 ], [ 122.478994469295102, 10.841231537127488 ], [ 122.478764919097245, 10.841061379362745 ], [ 122.478529790234205, 10.840937305990044 ], [ 122.478372413381578, 10.840901208232191 ], [ 122.478272748491108, 10.840736314872467 ], [ 122.477564502014232, 10.841017262384026 ], [ 122.47748547604553, 10.841099486898983 ], [ 122.477340140384754, 10.840945147658488 ], [ 122.477271640412113, 10.841208721771432 ], [ 122.477259753053062, 10.841451764779203 ], [ 122.477187391848176, 10.841777653013693 ], [ 122.477312839612594, 10.842027680962468 ], [ 122.47731157974205, 10.842433373428834 ], [ 122.476910368818565, 10.842301857358933 ], [ 122.47685701801106, 10.842369869425907 ], [ 122.476724822970027, 10.842482387281372 ], [ 122.476594081855197, 10.842574644028131 ], [ 122.476563152831318, 10.842698407998871 ], [ 122.476240874392332, 10.842667726707084 ], [ 122.476053669653822, 10.843092973983827 ], [ 122.475883289580196, 10.843572223532004 ], [ 122.475761431815968, 10.843738847888838 ], [ 122.476093593009708, 10.843941390120881 ], [ 122.47606754680082, 10.84431252603304 ], [ 122.475612908028026, 10.844339170606849 ], [ 122.475298165707486, 10.844455549341738 ], [ 122.475008012280938, 10.844408710844391 ], [ 122.475250262443282, 10.844658697264247 ], [ 122.475239517715451, 10.844912760305363 ], [ 122.475020750227785, 10.845195012324393 ], [ 122.47470897413325, 10.845837520123901 ], [ 122.474421546415201, 10.845740962984987 ], [ 122.474143670377671, 10.845893542085962 ], [ 122.473925489384868, 10.845923733720689 ], [ 122.473641662503709, 10.845727769675909 ], [ 122.473531854000726, 10.845753455644735 ], [ 122.473356106873169, 10.84563210130511 ], [ 122.473343125987043, 10.845866882478131 ], [ 122.473439446994547, 10.846003314566927 ], [ 122.473404041915046, 10.846276172449279 ], [ 122.47318290608851, 10.846673447419745 ], [ 122.473695334710172, 10.847226326696584 ], [ 122.473599677998592, 10.847358491988146 ], [ 122.473466709387012, 10.847713871729216 ], [ 122.473088236003179, 10.84784231312114 ], [ 122.47310571128989, 10.848023250059809 ], [ 122.473823556690604, 10.848321690602301 ], [ 122.473729996691347, 10.848842015889106 ], [ 122.473188598041659, 10.848982280564192 ], [ 122.473313736669837, 10.849216676842287 ], [ 122.473357987939508, 10.849271490262144 ], [ 122.473376641328429, 10.849301723840453 ], [ 122.473390627745772, 10.849323709953968 ], [ 122.473397240818031, 10.849350324057452 ], [ 122.473409445558602, 10.849385181350204 ], [ 122.473417937030518, 10.849417299461267 ], [ 122.473421761526225, 10.849441170108744 ], [ 122.473425663395972, 10.849479740906546 ], [ 122.473430460942652, 10.849512794873617 ], [ 122.473429690998657, 10.849542199448546 ], [ 122.473425241631929, 10.849575296157932 ], [ 122.473422598124756, 10.84960011548419 ], [ 122.473397960284004, 10.84966270652534 ], [ 122.473390712657363, 10.849691222259198 ], [ 122.473360434773156, 10.849736382512759 ], [ 122.47330064893562, 10.849797298435842 ], [ 122.473245331807405, 10.849828792678402 ], [ 122.473181324973083, 10.84979049966128 ], [ 122.473124604488632, 10.849731040980272 ], [ 122.473103162521312, 10.849698063929193 ], [ 122.473031642169403, 10.849637754844611 ], [ 122.472980755125278, 10.849632477301578 ], [ 122.472897537718879, 10.849633780609489 ], [ 122.472820812489587, 10.849638729025349 ], [ 122.472763447776103, 10.849632562594032 ], [ 122.472718152391778, 10.849635528208077 ], [ 122.472652436457494, 10.849623887649239 ], [ 122.472552415115175, 10.849594948701521 ], [ 122.472510755672076, 10.849585953328218 ], [ 122.472440372806659, 10.849566065248951 ], [ 122.472379241696117, 10.849547053202478 ], [ 122.472294887002391, 10.849507935212591 ], [ 122.472227186433173, 10.849470577847823 ], [ 122.472185449705989, 10.849446882283843 ], [ 122.472115890119667, 10.849407695918325 ], [ 122.472059334201077, 10.849379474866673 ], [ 122.472051094123259, 10.849395132204837 ], [ 122.472055203577668, 10.849473209658495 ], [ 122.472073077103673, 10.849531010356646 ], [ 122.472089202720099, 10.849608113537931 ], [ 122.472105188222045, 10.849658572701047 ], [ 122.472087008228812, 10.849677188731565 ], [ 122.476288066344509, 10.857450711802404 ], [ 122.483352141362033, 10.849195572427 ], [ 122.484611493400166, 10.847751896184027 ] ] ] ] } },
{ "type": "Feature", "properties": { "psgc": "0603012064", "admin_type": "Barangay", "region": "Region VI (Western Visayas)", "province": "Iloilo", "municity": "Cabatuan", "barangay": "Tinio-an", "population": "995" }, "geometry": { "type": "MultiPolygon", "coordinates": [ [ [ [ 122.484611493400166, 10.847751896184027 ], [ 122.483352141362033, 10.849195572427 ], [ 122.476288066344509, 10.857450711802404 ], [ 122.477460800686529, 10.861689132483754 ], [ 122.480457265236865, 10.864364509150008 ], [ 122.484745612204776, 10.861964922724322 ], [ 122.484758633629426, 10.861957165937666 ], [ 122.488639295034901, 10.859708530820249 ], [ 122.485144292851615, 10.849212391937627 ], [ 122.484745411670673, 10.848044875625556 ], [ 122.484611493400166, 10.847751896184027 ] ] ] ] } },
{ "type": "Feature", "properties": { "psgc": "0603012016", "admin_type": "Barangay", "region": "Region VI (Western Visayas)", "province": "Iloilo", "municity": "Cabatuan", "barangay": "Duyanduyan", "population": "1437" }, "geometry": { "type": "MultiPolygon", "coordinates": [ [ [ [ 122.484611493400166, 10.847751896184027 ], [ 122.484757580152788, 10.847603654971579 ], [ 122.486912818370669, 10.845180670002803 ], [ 122.487022034880056, 10.845057883951188 ], [ 122.487079559775282, 10.84499321185042 ], [ 122.493651955924108, 10.839055444108649 ], [ 122.496863344326357, 10.836154005407021 ], [ 122.497135534858529, 10.835908081309508 ], [ 122.499563785752045, 10.833714127670104 ], [ 122.500828947811996, 10.832571017723124 ], [ 122.501407018650738, 10.83205968397318 ], [ 122.505420777952565, 10.828387085960847 ], [ 122.503762727071987, 10.825900009639978 ], [ 122.50241835610052, 10.823480141891322 ], [ 122.502257185588448, 10.823190034969596 ], [ 122.501875057240895, 10.822502203943996 ], [ 122.500999308937693, 10.82092585699824 ], [ 122.499375424684061, 10.822731017143921 ], [ 122.499269976149264, 10.822824106993657 ], [ 122.494420560837639, 10.82710506098357 ], [ 122.494364807997727, 10.827154277138419 ], [ 122.493941089753562, 10.827528316083871 ], [ 122.493889448650521, 10.827573902363712 ], [ 122.493739290504408, 10.827706454615095 ], [ 122.49050938176444, 10.830557612238303 ], [ 122.488381705004429, 10.832435740099422 ], [ 122.488248065169685, 10.832563463742343 ], [ 122.484729107732434, 10.835847777580506 ], [ 122.481821884037686, 10.838512719668381 ], [ 122.481719125989173, 10.838612102720575 ], [ 122.479179822730174, 10.841067971926432 ], [ 122.479151230099362, 10.841095624727112 ], [ 122.479181720353694, 10.841137448031901 ], [ 122.478994469295102, 10.841231537127488 ], [ 122.478967618867046, 10.841259155766268 ], [ 122.478925419526504, 10.841302562445822 ], [ 122.484611493400166, 10.847751896184027 ] ] ] ] } },
{ "type": "Feature", "properties": { "psgc": "0603012036", "admin_type": "Barangay", "region": "Region VI (Western Visayas)", "province": "Iloilo", "municity": "Cabatuan", "barangay": "Manguna", "population": "2599" }, "geometry": { "type": "MultiPolygon", "coordinates": [ [ [ [ 122.476696279179691, 10.836857710540869 ], [ 122.476649913046288, 10.837655084171809 ], [ 122.476798346273483, 10.837801713874086 ], [ 122.476868484306351, 10.83783277943189 ], [ 122.477543132766158, 10.837071271279235 ], [ 122.477668887143764, 10.837383846762904 ], [ 122.478008169874272, 10.837243152143161 ], [ 122.478398689177325, 10.837490745239448 ], [ 122.478954858654788, 10.837019990360279 ], [ 122.479066770853649, 10.837054061278588 ], [ 122.478971971056453, 10.837510936782317 ], [ 122.479146933469949, 10.83778040312272 ], [ 122.478359324817092, 10.83812610547862 ], [ 122.478394755910813, 10.838277316315702 ], [ 122.47889312166744, 10.838306075273586 ], [ 122.47903287742966, 10.838439648735751 ], [ 122.479127756720331, 10.838592977135914 ], [ 122.47897991796205, 10.838852011275225 ], [ 122.478636109703672, 10.838951384703547 ], [ 122.478664669867626, 10.839364875523735 ], [ 122.478808598975988, 10.839471101742596 ], [ 122.479082449552095, 10.839490602578149 ], [ 122.479136262506842, 10.83958611176091 ], [ 122.479142887239917, 10.839597869572694 ], [ 122.479186202769711, 10.839674747489653 ], [ 122.479094111248656, 10.839940241698061 ], [ 122.479247087974471, 10.840269855579988 ], [ 122.47921621519221, 10.840349464196876 ], [ 122.478877056528205, 10.84049659717469 ], [ 122.479151230099362, 10.841095624727112 ], [ 122.479179822730174, 10.841067971926432 ], [ 122.481719125989173, 10.838612102720575 ], [ 122.481821884037686, 10.838512719668381 ], [ 122.484729107732434, 10.835847777580506 ], [ 122.488248065169685, 10.832563463742343 ], [ 122.488381705004429, 10.832435740099422 ], [ 122.49050938176444, 10.830557612238303 ], [ 122.493739290504408, 10.827706454615095 ], [ 122.493889448650521, 10.827573902363712 ], [ 122.493941089753562, 10.827528316083871 ], [ 122.494364807997727, 10.827154277138419 ], [ 122.494420560837639, 10.82710506098357 ], [ 122.499269976149264, 10.822824106993657 ], [ 122.499375424684061, 10.822731017143921 ], [ 122.500999308937693, 10.82092585699824 ], [ 122.49876225066464, 10.818909856678903 ], [ 122.497941888710628, 10.817287073336871 ], [ 122.493466117425783, 10.817078088197867 ], [ 122.492666311907556, 10.817040743245061 ], [ 122.489819240279701, 10.817320455262506 ], [ 122.489737679416578, 10.817328467855123 ], [ 122.489723796271008, 10.817329831660007 ], [ 122.48929707984091, 10.817371749966503 ], [ 122.487083241287863, 10.817589225452449 ], [ 122.486154348004746, 10.817680474887897 ], [ 122.485441610607523, 10.817725267463848 ], [ 122.484993110731679, 10.817833526069837 ], [ 122.483796028318238, 10.818122477037971 ], [ 122.48043366556918, 10.818934081953932 ], [ 122.477531126414974, 10.819634694952034 ], [ 122.476649152027349, 10.819835465309461 ], [ 122.475543953775798, 10.820087049767134 ], [ 122.474735057022812, 10.820271184921735 ], [ 122.473672033897429, 10.821443695527423 ], [ 122.472828572508561, 10.82128146202156 ], [ 122.471883183012949, 10.82122000304634 ], [ 122.471456350551094, 10.821334889007861 ], [ 122.47097199740891, 10.821465257200131 ], [ 122.470449339857581, 10.821605935383486 ], [ 122.470170340334334, 10.821749050659305 ], [ 122.469806177840454, 10.821935851034985 ], [ 122.469660313620125, 10.822032902834806 ], [ 122.469489191693214, 10.822135726399008 ], [ 122.46917110063616, 10.82238888706302 ], [ 122.469321412840642, 10.823086443989576 ], [ 122.469387128874573, 10.823129322272512 ], [ 122.469410505994446, 10.823157390775124 ], [ 122.469516500454247, 10.823255326279968 ], [ 122.469584902899285, 10.823334908507872 ], [ 122.469625155612704, 10.82339088098434 ], [ 122.469589449439979, 10.823702299590272 ], [ 122.469872187872213, 10.823960409887835 ], [ 122.46990193810943, 10.823993219100073 ], [ 122.46991396395606, 10.824028327574478 ], [ 122.469929113443001, 10.824084580786346 ], [ 122.469923543495852, 10.824117412276793 ], [ 122.469918619242705, 10.824179663065864 ], [ 122.469877412048035, 10.824700589539868 ], [ 122.46986536617321, 10.824732341281711 ], [ 122.469845269708927, 10.824752898532793 ], [ 122.469789155648513, 10.82476521730098 ], [ 122.469310870049881, 10.824843008638753 ], [ 122.46860985091638, 10.824957025316932 ], [ 122.468581498013194, 10.824973709954257 ], [ 122.468783245791784, 10.825418896041217 ], [ 122.468861557596171, 10.825591702162276 ], [ 122.468366174302716, 10.826285325570224 ], [ 122.468352942134189, 10.8263262062262 ], [ 122.468578878191224, 10.826687292880601 ], [ 122.46836279835577, 10.826967585723132 ], [ 122.468638461496838, 10.827444418221758 ], [ 122.468510932455928, 10.827781905907967 ], [ 122.468614872682409, 10.828614341572848 ], [ 122.46833158217963, 10.828904840250164 ], [ 122.468656742298407, 10.829505655880313 ], [ 122.468524545151766, 10.829876913682027 ], [ 122.468812281565661, 10.829990439247238 ], [ 122.468959606526823, 10.830039962200821 ], [ 122.469214291596856, 10.830138912561358 ], [ 122.469385100005553, 10.830245815319524 ], [ 122.469730301058078, 10.830431318344804 ], [ 122.469944275737959, 10.830556715071483 ], [ 122.470168879187099, 10.830667726162414 ], [ 122.470202676888448, 10.830655758648627 ], [ 122.47048902263974, 10.830488066178887 ], [ 122.470529587956193, 10.830566028047055 ], [ 122.470557824301139, 10.830685809402068 ], [ 122.470580404765556, 10.830742250564775 ], [ 122.470618698066914, 10.830801836941266 ], [ 122.470700957618263, 10.830884517196116 ], [ 122.470732877795555, 10.830939362828232 ], [ 122.470825351547703, 10.830989329052102 ], [ 122.470878217330139, 10.830993414150537 ], [ 122.470954918016218, 10.83094314820555 ], [ 122.471013765285591, 10.830899757795535 ], [ 122.471111594432756, 10.830825297004241 ], [ 122.471167809497842, 10.830776344575822 ], [ 122.47120857186367, 10.830748066934538 ], [ 122.47130506358836, 10.830721199050705 ], [ 122.471381509950916, 10.830713057966099 ], [ 122.471438994093802, 10.830718175694733 ], [ 122.471460848646203, 10.830734298829805 ], [ 122.471477001676973, 10.830754857238464 ], [ 122.471492357474673, 10.830803788382346 ], [ 122.471494761186349, 10.830850560090864 ], [ 122.471485064477392, 10.830897941608127 ], [ 122.47142295114655, 10.83105756880027 ], [ 122.471433109014043, 10.831258407869239 ], [ 122.471487416293613, 10.831508906443583 ], [ 122.47153989772174, 10.831824387722694 ], [ 122.47148076389557, 10.832407236087617 ], [ 122.47192406986666, 10.832532004152196 ], [ 122.472129348285648, 10.832835021699186 ], [ 122.472158145223062, 10.832932066346432 ], [ 122.471764009144735, 10.833064439210846 ], [ 122.471689576469615, 10.833285491881609 ], [ 122.472044830442613, 10.833672563914952 ], [ 122.471980812011196, 10.833810658731407 ], [ 122.471704876624827, 10.833826141368768 ], [ 122.471523986399106, 10.833960598876343 ], [ 122.471644250272462, 10.834136201077753 ], [ 122.472019686371198, 10.834136593946138 ], [ 122.47220756123528, 10.834356181692851 ], [ 122.472144067382601, 10.834567859363027 ], [ 122.471979545955762, 10.834780244212702 ], [ 122.472124450104445, 10.834936131706215 ], [ 122.471855727800602, 10.83550527256013 ], [ 122.472082159794084, 10.835706247058956 ], [ 122.472333143450996, 10.835929012409586 ], [ 122.47261088535771, 10.836333890415171 ], [ 122.472867288496417, 10.836361956612954 ], [ 122.473096535077644, 10.836094255129169 ], [ 122.473177884670406, 10.836082825887452 ], [ 122.473326131375941, 10.836314090108196 ], [ 122.473588440787182, 10.836312624046528 ], [ 122.473670568271316, 10.83643456636605 ], [ 122.473665896039918, 10.83652663075428 ], [ 122.473530423747604, 10.836942764239208 ], [ 122.473633975544246, 10.837022966329513 ], [ 122.474269695084274, 10.836825066313956 ], [ 122.474594222936702, 10.836735207262386 ], [ 122.474640131734915, 10.837088625676431 ], [ 122.474712424872038, 10.837416781871822 ], [ 122.475461485672596, 10.837560172567283 ], [ 122.475823754582876, 10.837456825535609 ], [ 122.476033173176148, 10.837311786927037 ], [ 122.476273170151885, 10.837306998698249 ], [ 122.476696279179691, 10.836857710540869 ] ] ] ] } },
{ "type": "Feature", "properties": { "psgc": "0603012026", "admin_type": "Barangay", "region": "Region VI (Western Visayas)", "province": "Iloilo", "municity": "Cabatuan", "barangay": "Ito Sur", "population": "780" }, "geometry": { "type": "MultiPolygon", "coordinates": [ [ [ [ 122.471359088351136, 10.836705447100281 ], [ 122.471433625556699, 10.836681036903466 ], [ 122.471483331409203, 10.83665658399676 ], [ 122.471508249077061, 10.836607550096867 ], [ 122.471533166736492, 10.836558516194417 ], [ 122.471558084387553, 10.836509482289413 ], [ 122.471583002030215, 10.83646044838186 ], [ 122.47160791966445, 10.836411414471748 ], [ 122.471632923593674, 10.836313303965992 ], [ 122.471657884355992, 10.836239731753631 ], [ 122.471707633262483, 10.836190740508702 ], [ 122.471732593995227, 10.836117168288366 ], [ 122.472006298839077, 10.835798639655891 ], [ 122.472082159794084, 10.835706247058956 ], [ 122.471855727800602, 10.83550527256013 ], [ 122.472124450104445, 10.834936131706215 ], [ 122.471979545955762, 10.834780244212702 ], [ 122.472144067382601, 10.834567859363027 ], [ 122.47220756123528, 10.834356181692851 ], [ 122.472019686371198, 10.834136593946138 ], [ 122.471644250272462, 10.834136201077753 ], [ 122.471523986399106, 10.833960598876343 ], [ 122.471704876624827, 10.833826141368768 ], [ 122.471980812011196, 10.833810658731407 ], [ 122.472044830442613, 10.833672563914952 ], [ 122.471689576469615, 10.833285491881609 ], [ 122.471764009144735, 10.833064439210846 ], [ 122.472158145223062, 10.832932066346432 ], [ 122.472129348285648, 10.832835021699186 ], [ 122.47192406986666, 10.832532004152196 ], [ 122.47148076389557, 10.832407236087617 ], [ 122.47153989772174, 10.831824387722694 ], [ 122.471487416293613, 10.831508906443583 ], [ 122.471433109014043, 10.831258407869239 ], [ 122.47142295114655, 10.83105756880027 ], [ 122.471485064477392, 10.830897941608127 ], [ 122.471494761186349, 10.830850560090864 ], [ 122.471492357474673, 10.830803788382346 ], [ 122.471477001676973, 10.830754857238464 ], [ 122.471460848646203, 10.830734298829805 ], [ 122.471438994093802, 10.830718175694733 ], [ 122.471381509950916, 10.830713057966099 ], [ 122.47130506358836, 10.830721199050705 ], [ 122.47120857186367, 10.830748066934538 ], [ 122.471167809497842, 10.830776344575822 ], [ 122.471111594432756, 10.830825297004241 ], [ 122.471013765285591, 10.830899757795535 ], [ 122.470954918016218, 10.83094314820555 ], [ 122.470878217330139, 10.830993414150537 ], [ 122.470825351547703, 10.830989329052102 ], [ 122.470732877795555, 10.830939362828232 ], [ 122.470700957618263, 10.830884517196116 ], [ 122.470618698066914, 10.830801836941266 ], [ 122.470580404765556, 10.830742250564775 ], [ 122.470557824301139, 10.830685809402068 ], [ 122.470529587956193, 10.830566028047055 ], [ 122.47048902263974, 10.830488066178887 ], [ 122.470202676888448, 10.830655758648627 ], [ 122.470168879187099, 10.830667726162414 ], [ 122.469944275737959, 10.830556715071483 ], [ 122.469730301058078, 10.830431318344804 ], [ 122.469385100005553, 10.830245815319524 ], [ 122.469214291596856, 10.830138912561358 ], [ 122.468959606526823, 10.830039962200821 ], [ 122.468812281565661, 10.829990439247238 ], [ 122.468524545151766, 10.829876913682027 ], [ 122.468656742298407, 10.829505655880313 ], [ 122.46833158217963, 10.828904840250164 ], [ 122.468614872682409, 10.828614341572848 ], [ 122.468510932455928, 10.827781905907967 ], [ 122.468638461496838, 10.827444418221758 ], [ 122.46836279835577, 10.826967585723132 ], [ 122.468578878191224, 10.826687292880601 ], [ 122.468352942134189, 10.8263262062262 ], [ 122.468366174302716, 10.826285325570224 ], [ 122.468861557596171, 10.825591702162276 ], [ 122.468783245791784, 10.825418896041217 ], [ 122.468581498013194, 10.824973709954257 ], [ 122.46860985091638, 10.824957025316932 ], [ 122.469310870049881, 10.824843008638753 ], [ 122.469789155648513, 10.82476521730098 ], [ 122.469845269708927, 10.824752898532793 ], [ 122.46986536617321, 10.824732341281711 ], [ 122.469877412048035, 10.824700589539868 ], [ 122.469918619242705, 10.824179663065864 ], [ 122.469923543495852, 10.824117412276793 ], [ 122.469929113443001, 10.824084580786346 ], [ 122.46991396395606, 10.824028327574478 ], [ 122.46990193810943, 10.823993219100073 ], [ 122.469872187872213, 10.823960409887835 ], [ 122.469589449439979, 10.823702299590272 ], [ 122.469625155612704, 10.82339088098434 ], [ 122.469584902899285, 10.823334908507872 ], [ 122.469516500454247, 10.823255326279968 ], [ 122.469410505994446, 10.823157390775124 ], [ 122.469387128874573, 10.823129322272512 ], [ 122.469321412840642, 10.823086443989576 ], [ 122.469283402922429, 10.822910050583451 ], [ 122.469240163032069, 10.822709386338474 ], [ 122.46917110063616, 10.82238888706302 ], [ 122.468996826611402, 10.82246639431661 ], [ 122.468910621411339, 10.822484527751877 ], [ 122.468755146238223, 10.822371647119654 ], [ 122.468679124450034, 10.822316452535587 ], [ 122.468597601370192, 10.822321809030083 ], [ 122.468230367850197, 10.822700325011017 ], [ 122.467776829464825, 10.822701749287916 ], [ 122.467548237651627, 10.822909677333783 ], [ 122.467491157608222, 10.823235381944292 ], [ 122.467078927107082, 10.823551871473663 ], [ 122.46661965913718, 10.823121316704812 ], [ 122.466205473482816, 10.823108579917797 ], [ 122.46584092418432, 10.822980032110259 ], [ 122.465408058982121, 10.822943740395473 ], [ 122.465003395299831, 10.822909813115418 ], [ 122.464997530242655, 10.82290659726841 ], [ 122.464994091457058, 10.822909033074874 ], [ 122.464895407617306, 10.822900759354214 ], [ 122.464751111208557, 10.822948394516782 ], [ 122.46392570445245, 10.823567598305415 ], [ 122.462711222533116, 10.823373853462282 ], [ 122.46265244567364, 10.823623174835992 ], [ 122.462043994532436, 10.823209255925182 ], [ 122.461380673138251, 10.822925198791419 ], [ 122.461195868889675, 10.822846059228581 ], [ 122.460858088051324, 10.82283968326246 ], [ 122.460439190474162, 10.822831776133171 ], [ 122.46020798554062, 10.822827411898567 ], [ 122.460088718626778, 10.822825160610998 ], [ 122.459777149782838, 10.82281927942365 ], [ 122.459507238593318, 10.823334072636614 ], [ 122.459363142851885, 10.823608901960435 ], [ 122.45921048025987, 10.824099570541719 ], [ 122.459033529098193, 10.824668304337647 ], [ 122.458563791275694, 10.824472448720654 ], [ 122.45811706625399, 10.824286188214131 ], [ 122.457908980247836, 10.824690139332501 ], [ 122.457736703555085, 10.825024574905534 ], [ 122.457376983773329, 10.825559980708073 ], [ 122.457804750423492, 10.826093471517035 ], [ 122.457862543680406, 10.826190786013775 ], [ 122.457751089305333, 10.826554301505258 ], [ 122.457395022217881, 10.826652350970399 ], [ 122.457201120751037, 10.826993687787702 ], [ 122.457224849052281, 10.827074216065055 ], [ 122.457277394551738, 10.827330287741018 ], [ 122.457390600108241, 10.82788197602793 ], [ 122.457474432091075, 10.828006860629179 ], [ 122.457474432091075, 10.82802617926988 ], [ 122.45749893537716, 10.828043363202637 ], [ 122.457935217497379, 10.828693293178929 ], [ 122.458016779581783, 10.828860334095586 ], [ 122.45739555640067, 10.829148403136834 ], [ 122.457387411183888, 10.829229693699205 ], [ 122.457373810507235, 10.829233638275838 ], [ 122.457373810507235, 10.829365430621046 ], [ 122.45733664579916, 10.829736340334154 ], [ 122.457380720990116, 10.829887302635392 ], [ 122.457750909134816, 10.830072787589398 ], [ 122.45781371332356, 10.830163473300491 ], [ 122.457742860955108, 10.830382638286183 ], [ 122.457509362058943, 10.831104911702861 ], [ 122.457362201841306, 10.830929677391534 ], [ 122.457261896661166, 10.830756889403927 ], [ 122.4571712683925, 10.830690331899149 ], [ 122.457093765340446, 10.830633413568558 ], [ 122.457022902228687, 10.83058137161775 ], [ 122.456901095823355, 10.830651304617763 ], [ 122.456766193380147, 10.830831105079856 ], [ 122.456633138448751, 10.830885302111717 ], [ 122.456591952897043, 10.831104841114652 ], [ 122.456332483171281, 10.831089877136042 ], [ 122.456212434333906, 10.831114551458077 ], [ 122.456168064909221, 10.831195759160519 ], [ 122.456166351501281, 10.831195759160519 ], [ 122.456166351501281, 10.831198895147141 ], [ 122.45615147096629, 10.831226130435097 ], [ 122.456107913606516, 10.83130585184545 ], [ 122.456118429919059, 10.831375714859469 ], [ 122.456132811353385, 10.831398929814611 ], [ 122.456202133517792, 10.831505786375685 ], [ 122.456217299700697, 10.831535432144063 ], [ 122.456238198179221, 10.831640336295953 ], [ 122.456049244717065, 10.83183237919472 ], [ 122.455187760394082, 10.832360053006839 ], [ 122.455434376595477, 10.832553419724073 ], [ 122.455726844858006, 10.8327942678331 ], [ 122.45930041196624, 10.83573705413982 ], [ 122.463809231336427, 10.839449870713915 ], [ 122.463855165918645, 10.839416206888817 ], [ 122.463904960376439, 10.839342678738245 ], [ 122.463954754809393, 10.839269150578106 ], [ 122.463979761483799, 10.839171040841391 ], [ 122.464029599651013, 10.839072974404498 ], [ 122.464079437784591, 10.838974907957361 ], [ 122.464129275884588, 10.838876841499985 ], [ 122.464154238693013, 10.83880327000491 ], [ 122.464179157719741, 10.838754236769638 ], [ 122.464204120504562, 10.838680665268859 ], [ 122.464229083276422, 10.838607093765123 ], [ 122.464254002273464, 10.838558060521818 ], [ 122.464303796484899, 10.838484532291229 ], [ 122.464328715458947, 10.838435499040422 ], [ 122.464378553381863, 10.838337432531128 ], [ 122.464403472330716, 10.838288399272638 ], [ 122.464453310203155, 10.838190332747981 ], [ 122.464527979473814, 10.838092309472326 ], [ 122.464602648695148, 10.837994286175624 ], [ 122.464652398997458, 10.837945296143449 ], [ 122.46472702442054, 10.837871811078383 ], [ 122.464751943271764, 10.837822777785675 ], [ 122.464776862114647, 10.837773744490404 ], [ 122.464851487464301, 10.837700259390894 ], [ 122.464876406280212, 10.837651226085928 ], [ 122.464926243886879, 10.837553159468312 ], [ 122.465000869144546, 10.837479674327218 ], [ 122.465050706680586, 10.837381607685083 ], [ 122.465075625435972, 10.837332574360181 ], [ 122.465125419236102, 10.837259045971686 ], [ 122.465150337968495, 10.837210012639279 ], [ 122.465200044371159, 10.837185560775151 ], [ 122.465249838115824, 10.837112032363233 ], [ 122.465299588165223, 10.837063042211771 ], [ 122.465324506852212, 10.83701400886253 ], [ 122.465374213208975, 10.836989556967772 ], [ 122.46542396321793, 10.836940566793913 ], [ 122.46549854454743, 10.836891619787401 ], [ 122.465548294520204, 10.836842629591422 ], [ 122.465647707135275, 10.836793725716301 ], [ 122.465945813944899, 10.836720628707992 ], [ 122.466020307918981, 10.836720758114824 ], [ 122.466070014175202, 10.836696306102384 ], [ 122.466144551744961, 10.836671897204905 ], [ 122.466194257983815, 10.836647445171478 ], [ 122.466268839122378, 10.836598497968197 ], [ 122.466318588925191, 10.836549507638653 ], [ 122.466368338711817, 10.836500517300147 ], [ 122.467114714121507, 10.835692046309342 ], [ 122.467238087203853, 10.836133950519949 ], [ 122.467287575747065, 10.836232189697983 ], [ 122.46731227652694, 10.83630584756369 ], [ 122.46731214601607, 10.836379462401432 ], [ 122.467336803310204, 10.836477658544473 ], [ 122.467361504119509, 10.836551316406585 ], [ 122.467361373617649, 10.83662493124374 ], [ 122.46738603094424, 10.836723127382992 ], [ 122.467385813447052, 10.836845818777165 ], [ 122.467410514294329, 10.836919476635588 ], [ 122.467460046506019, 10.836993177510942 ], [ 122.467484790874536, 10.83704229708535 ], [ 122.467509491760211, 10.837115954936815 ], [ 122.467534192657112, 10.837189612786526 ], [ 122.467558850078007, 10.837287808913208 ], [ 122.467583507513481, 10.837386005038063 ], [ 122.467608251931793, 10.837435124603795 ], [ 122.467608121479302, 10.837508739439665 ], [ 122.467632778945628, 10.837606935560784 ], [ 122.467632648497059, 10.837680550396119 ], [ 122.467657349464133, 10.837754208236881 ], [ 122.467657219019728, 10.837827823071803 ], [ 122.467657088574427, 10.837901437906368 ], [ 122.467656914645787, 10.837999591018573 ], [ 122.467656784198297, 10.838073205852307 ], [ 122.467681398236778, 10.838195940246646 ], [ 122.467705968813306, 10.83834321291663 ], [ 122.467705838373533, 10.838416827749297 ], [ 122.467705664452353, 10.838514980858971 ], [ 122.467705534010378, 10.838588595690814 ], [ 122.467705360086271, 10.838686748799372 ], [ 122.467705142678795, 10.838809440184193 ], [ 122.467705012233083, 10.838883055014602 ], [ 122.467704838303959, 10.838981208121266 ], [ 122.467679876331985, 10.839054779943794 ], [ 122.467654827372527, 10.839177428315583 ], [ 122.467629865369915, 10.839251000131762 ], [ 122.46762964792012, 10.839373691510527 ], [ 122.46757981084221, 10.839471758581318 ], [ 122.467554892290636, 10.839520792112879 ], [ 122.467554761799434, 10.839594406938057 ], [ 122.467529843232782, 10.839643440466521 ], [ 122.467480093081861, 10.839692430966773 ], [ 122.467455174494475, 10.839741464487924 ], [ 122.467430168882075, 10.839839574554803 ], [ 122.467405250273387, 10.839888608070479 ], [ 122.467355456545874, 10.839962136820571 ], [ 122.467355326000472, 10.840035751641215 ], [ 122.467330276809037, 10.84015839996861 ], [ 122.467330102736852, 10.840256553061057 ], [ 122.467329667490418, 10.84037812981339 ], [ 122.469961863218586, 10.840527255503511 ], [ 122.469961995395835, 10.840408333861573 ], [ 122.469962125308669, 10.840334719011386 ], [ 122.469962298524322, 10.840236565877248 ], [ 122.469962428434968, 10.840162951026228 ], [ 122.469912851800558, 10.840113788798165 ], [ 122.46986323187123, 10.840089164846205 ], [ 122.469838486879326, 10.840040045442251 ], [ 122.469788910285416, 10.839990883195767 ], [ 122.469764165313208, 10.839941763786483 ], [ 122.469739463669185, 10.839868106092142 ], [ 122.469714762036489, 10.839794448396043 ], [ 122.469714892002202, 10.839720833545863 ], [ 122.469690190385904, 10.839647175847942 ], [ 122.469690363678922, 10.839549022713735 ], [ 122.46969053697029, 10.839450869578892 ], [ 122.469690666937737, 10.839377254727347 ], [ 122.469690796904203, 10.839303639875443 ], [ 122.469690926869788, 10.839230025023184 ], [ 122.469691056834392, 10.839156410170569 ], [ 122.4697159750135, 10.839107376447156 ], [ 122.469740893184195, 10.839058342721197 ], [ 122.469765811346505, 10.839009308992674 ], [ 122.469815561025243, 10.838960318098197 ], [ 122.469865310687794, 10.838911327194767 ], [ 122.469915060334174, 10.83886233628238 ], [ 122.469964766666607, 10.838837883646935 ], [ 122.470014516284863, 10.838788892716913 ], [ 122.470113928902578, 10.838739987403343 ], [ 122.470213384766083, 10.838666543768902 ], [ 122.470238302817805, 10.838617509995741 ], [ 122.470263220861128, 10.838568476220029 ], [ 122.470263350677754, 10.838494861357363 ], [ 122.470263480493443, 10.838421246494338 ], [ 122.470263610308209, 10.83834763163096 ], [ 122.470288571592206, 10.838274059563034 ], [ 122.47031353286323, 10.838200487492157 ], [ 122.470338450856815, 10.838151453706816 ], [ 122.470388243558645, 10.838077924417272 ], [ 122.470462867684319, 10.838004437898899 ], [ 122.470512573831613, 10.837979985164917 ], [ 122.470537491773612, 10.837930951360383 ], [ 122.47058724114622, 10.837881960323511 ], [ 122.470636947263728, 10.83785750756784 ], [ 122.47068665337342, 10.837833054803731 ], [ 122.470711571274393, 10.837784020982733 ], [ 122.470761277366236, 10.837759568205612 ], [ 122.470811026674568, 10.837710577129005 ], [ 122.470860732746658, 10.837686124334773 ], [ 122.470910438810989, 10.8376616715321 ], [ 122.470960144867547, 10.837637218720989 ], [ 122.47100989412391, 10.837588227609405 ], [ 122.471084431575576, 10.837563817510109 ], [ 122.471109349388982, 10.837514783651978 ], [ 122.471109478985923, 10.837441168774099 ], [ 122.471084777183151, 10.837367511169733 ], [ 122.471084906784299, 10.837293896291433 ], [ 122.471060204997968, 10.837220238685243 ], [ 122.471060334603322, 10.837146623806531 ], [ 122.47103558963002, 10.837097504491483 ], [ 122.471010931074844, 10.836999308588744 ], [ 122.471011060689534, 10.836925693709558 ], [ 122.471035978456783, 10.836876659853386 ], [ 122.471110602120234, 10.836803173150878 ], [ 122.471185096177607, 10.836803301310439 ], [ 122.471234802068992, 10.83677884844592 ], [ 122.471309382481294, 10.836729899986009 ], [ 122.471359088351136, 10.836705447100281 ] ] ] ] } },
{ "type": "Feature", "properties": { "psgc": "0603012067", "admin_type": "Barangay", "region": "Region VI (Western Visayas)", "province": "Iloilo", "municity": "Cabatuan", "barangay": "Tupol Este", "population": "450" }, "geometry": { "type": "MultiPolygon", "coordinates": [ [ [ [ 122.480457265236865, 10.864364509150008 ], [ 122.477460800686529, 10.861689132483754 ], [ 122.476288066344509, 10.857450711802404 ], [ 122.472087008228812, 10.849677188731565 ], [ 122.472054687728487, 10.849726795742328 ], [ 122.472028127739861, 10.849775613811593 ], [ 122.471913227282514, 10.849906611344494 ], [ 122.471896795390819, 10.849947113601329 ], [ 122.471897903665607, 10.849982022180367 ], [ 122.471959213586061, 10.850035028414231 ], [ 122.471986150457965, 10.850057873569547 ], [ 122.472068680030588, 10.850101593984103 ], [ 122.472123541313636, 10.850159223873787 ], [ 122.472134811575742, 10.850192247961678 ], [ 122.472147233629926, 10.850268449460811 ], [ 122.472150616521958, 10.850384200307262 ], [ 122.472144631678105, 10.850477024876188 ], [ 122.472140665330016, 10.850601997474712 ], [ 122.472112855009257, 10.85076475022146 ], [ 122.472090689458426, 10.850945852525275 ], [ 122.471709398861321, 10.851063379452775 ], [ 122.471634469520808, 10.851058212666864 ], [ 122.47154374307776, 10.851038418280382 ], [ 122.471480878259385, 10.851041464800007 ], [ 122.471367203470251, 10.851053933632242 ], [ 122.471258205271667, 10.851076487433854 ], [ 122.47107813584779, 10.851124176253069 ], [ 122.470998737533947, 10.851148430934597 ], [ 122.470912081650297, 10.851199363736965 ], [ 122.470852183996598, 10.851239147685513 ], [ 122.470805290007434, 10.851289897003731 ], [ 122.470788910987892, 10.85134050553563 ], [ 122.47076793261644, 10.851395729190896 ], [ 122.4707486781179, 10.851427056579924 ], [ 122.470731427484324, 10.851487775721694 ], [ 122.470697411613301, 10.851525602672687 ], [ 122.470667123485356, 10.85156892511035 ], [ 122.470633180002437, 10.851620533436936 ], [ 122.470612095387665, 10.851655544382323 ], [ 122.470581783099519, 10.851694273015513 ], [ 122.470544102182274, 10.851738548320805 ], [ 122.470512942405279, 10.85179198135366 ], [ 122.470454128551879, 10.851862079992916 ], [ 122.470411010410331, 10.851927512323238 ], [ 122.470432452220606, 10.851960489550624 ], [ 122.47047062065873, 10.852009008907876 ], [ 122.470511654910595, 10.852074971884051 ], [ 122.470526691422961, 10.852120841585464 ], [ 122.470510167507626, 10.852143887329452 ], [ 122.470470612990241, 10.852183577357174 ], [ 122.470430080673523, 10.852213165296691 ], [ 122.470334022959534, 10.852234740279238 ], [ 122.470013673441713, 10.852335445862998 ], [ 122.470044950895925, 10.852480469052422 ], [ 122.470548841369762, 10.857085859232676 ], [ 122.473880777496078, 10.869356971353879 ], [ 122.478457733487033, 10.865903557146501 ], [ 122.480457265236865, 10.864364509150008 ] ] ] ] } },
{ "type": "Feature", "properties": { "psgc": "0603012013", "admin_type": "Barangay", "region": "Region VI (Western Visayas)", "province": "Iloilo", "municity": "Cabatuan", "barangay": "Cagban", "population": "449" }, "geometry": { "type": "MultiPolygon", "coordinates": [ [ [ [ 122.534587164934891, 10.873054079247213 ], [ 122.533873883372181, 10.873435158518362 ], [ 122.529302878530146, 10.879167254775558 ], [ 122.530688140204845, 10.88255984455369 ], [ 122.533316493296525, 10.888784276981001 ], [ 122.533343676567441, 10.888842254051262 ], [ 122.533426546309755, 10.889061720367328 ], [ 122.534093762485739, 10.889518606943739 ], [ 122.534790671813226, 10.889114728732556 ], [ 122.534882165112421, 10.889018228135214 ], [ 122.534916257921452, 10.88896454327274 ], [ 122.534982258363968, 10.888878280709458 ], [ 122.535045896520472, 10.888824153281556 ], [ 122.535169740108586, 10.88875720862764 ], [ 122.535347521115526, 10.888665395482144 ], [ 122.536312943605253, 10.888467223956354 ], [ 122.536816608334419, 10.888693915890638 ], [ 122.537657025333232, 10.8887951000813 ], [ 122.537600885781856, 10.888609591495767 ], [ 122.537365405913775, 10.888456215869612 ], [ 122.537223005559923, 10.88833254842552 ], [ 122.537215909812147, 10.888257056616728 ], [ 122.537350138269474, 10.88806066621366 ], [ 122.537431058821085, 10.888022443991586 ], [ 122.538431810067664, 10.88819822861789 ], [ 122.538900946804887, 10.888681459159482 ], [ 122.539732137895086, 10.889072289028208 ], [ 122.540014944067025, 10.888503178992064 ], [ 122.540264265015153, 10.888348486509482 ], [ 122.540424089777559, 10.888472153109932 ], [ 122.540791450235645, 10.888828664515719 ], [ 122.541012372101875, 10.888955288791719 ], [ 122.541311774119748, 10.889076160518677 ], [ 122.54243487277617, 10.888321485147513 ], [ 122.542538386591744, 10.887775054935506 ], [ 122.544221652878576, 10.88677173815779 ], [ 122.542695856008891, 10.884545359806868 ], [ 122.541590964587115, 10.882933148908762 ], [ 122.541233704931159, 10.88241185070749 ], [ 122.541064099888473, 10.882164370192388 ], [ 122.540718240695, 10.881659707064482 ], [ 122.540441137826875, 10.881131290715686 ], [ 122.539739968793157, 10.879794208991475 ], [ 122.538870120444514, 10.878135467270345 ], [ 122.538306417229947, 10.877060523526669 ], [ 122.537503893941036, 10.87553016612177 ], [ 122.535011938230738, 10.873414680311045 ], [ 122.534587164934891, 10.873054079247213 ] ] ] ] } },
{ "type": "Feature", "properties": { "psgc": "0603012035", "admin_type": "Barangay", "region": "Region VI (Western Visayas)", "province": "Iloilo", "municity": "Cabatuan", "barangay": "Lutac", "population": "562" }, "geometry": { "type": "MultiPolygon", "coordinates": [ [ [ [ 122.517508239251384, 10.876351302808542 ], [ 122.505376230282465, 10.875926207467902 ], [ 122.505003225150304, 10.875915743704418 ], [ 122.50498201025222, 10.875865944208092 ], [ 122.504968291765763, 10.875769614064515 ], [ 122.505374824255227, 10.875515325809005 ], [ 122.505340608963806, 10.875032472068821 ], [ 122.505562279835232, 10.875172857098702 ], [ 122.505627185664295, 10.875176786025378 ], [ 122.505825151160067, 10.875123663632039 ], [ 122.506030175384637, 10.875131062934441 ], [ 122.506003624964592, 10.874550438995142 ], [ 122.506001722907158, 10.874509227195693 ], [ 122.506199013360984, 10.874184323291942 ], [ 122.506181293692549, 10.873884779790806 ], [ 122.50567849654449, 10.873341147788246 ], [ 122.505623494419766, 10.873529634283505 ], [ 122.505566268683921, 10.873643886493236 ], [ 122.505523885234751, 10.873715402188095 ], [ 122.505454875385652, 10.873729699333268 ], [ 122.50530916305317, 10.873684034468337 ], [ 122.505217788070368, 10.873615569412761 ], [ 122.505148980679863, 10.873533790257046 ], [ 122.505089434330003, 10.873453095055041 ], [ 122.505047782630953, 10.873403837838406 ], [ 122.505030835678014, 10.8733715020812 ], [ 122.504991673630698, 10.872946205984887 ], [ 122.504994902152532, 10.872882211588758 ], [ 122.505033083221633, 10.872833495484945 ], [ 122.505123542430013, 10.872598148299852 ], [ 122.505106379851412, 10.872575874129746 ], [ 122.504727333278453, 10.872154443863646 ], [ 122.504408356086884, 10.872395687876997 ], [ 122.50421620880428, 10.872523949391562 ], [ 122.504043746669154, 10.872643419435587 ], [ 122.503964038151608, 10.872680397242974 ], [ 122.5038298879184, 10.872701741046551 ], [ 122.503638871179987, 10.872733942894024 ], [ 122.503544882350923, 10.872744123692383 ], [ 122.503498976062772, 10.872763417159486 ], [ 122.503151053369876, 10.873834994154731 ], [ 122.503119884521055, 10.873903053939811 ], [ 122.503066847709661, 10.87390849152777 ], [ 122.502852472474018, 10.873817650387416 ], [ 122.502461875289242, 10.873934969130639 ], [ 122.502401995192983, 10.873999759756078 ], [ 122.502313749817603, 10.874131746181488 ], [ 122.502319161279146, 10.874139165309026 ], [ 122.502272717883017, 10.874270084472169 ], [ 122.502254443600719, 10.874342954710416 ], [ 122.502229260961414, 10.874434914852797 ], [ 122.502198934184918, 10.874593579517247 ], [ 122.502015772149718, 10.874605792634371 ], [ 122.501925239953849, 10.874627931608593 ], [ 122.501846694114633, 10.87465394950145 ], [ 122.50177417392878, 10.874702038465395 ], [ 122.501645336045939, 10.874735373844571 ], [ 122.501409319554369, 10.874787799021918 ], [ 122.501284360537838, 10.874746860955035 ], [ 122.501198987315135, 10.874729385392333 ], [ 122.501142297449661, 10.874750341239174 ], [ 122.501085395913009, 10.874853573519051 ], [ 122.500954699380486, 10.87513040933295 ], [ 122.500766017999041, 10.875209708886581 ], [ 122.500210548145304, 10.874946646343327 ], [ 122.50037659706696, 10.874375266615145 ], [ 122.500385161744887, 10.874200888346506 ], [ 122.500344604032378, 10.874086564663605 ], [ 122.500299312274876, 10.874007888319621 ], [ 122.500238142672558, 10.873965759622251 ], [ 122.50006571954286, 10.874221516828211 ], [ 122.499426888979471, 10.874962124706935 ], [ 122.498830457109833, 10.875102164344511 ], [ 122.49877633160277, 10.874848867354036 ], [ 122.498676004158924, 10.874869768184368 ], [ 122.498481678519283, 10.874977399003187 ], [ 122.498303155379972, 10.875077735989652 ], [ 122.498211320853187, 10.875045624549308 ], [ 122.498214271462416, 10.874981635276352 ], [ 122.498328498949675, 10.87461153322355 ], [ 122.498331551012484, 10.874508234106059 ], [ 122.498146476301699, 10.874269400081332 ], [ 122.497828595677603, 10.874404301335609 ], [ 122.497796109505003, 10.874759878673439 ], [ 122.497431604590645, 10.874972426784437 ], [ 122.497280793000954, 10.875127649030466 ], [ 122.497245306040796, 10.875207138597379 ], [ 122.497313761290044, 10.875304128129173 ], [ 122.497382211856447, 10.875402946011356 ], [ 122.49751111378832, 10.875462529747995 ], [ 122.497653890661013, 10.875542242902414 ], [ 122.497900212907211, 10.875433763610912 ], [ 122.497992137243884, 10.875431136222607 ], [ 122.498034225270146, 10.875671619647109 ], [ 122.498042508683625, 10.876059244533943 ], [ 122.498226603951153, 10.876318189485074 ], [ 122.498226308856857, 10.876432462260821 ], [ 122.497877611110965, 10.87673804398958 ], [ 122.497932828367667, 10.876825194255725 ], [ 122.500591069595643, 10.882575996601254 ], [ 122.50138009729821, 10.884306477945561 ], [ 122.502586286976808, 10.886765924583816 ], [ 122.514235427252743, 10.885939768157415 ], [ 122.515424541782338, 10.882562838392307 ], [ 122.517508239251384, 10.876351302808542 ] ] ] ] } },
{ "type": "Feature", "properties": { "psgc": "0603012069", "admin_type": "Barangay", "region": "Region VI (Western Visayas)", "province": "Iloilo", "municity": "Cabatuan", "barangay": "Tuy-an", "population": "1174" }, "geometry": { "type": "MultiPolygon", "coordinates": [ [ [ [ 122.48128072960634, 10.896741829211365 ], [ 122.476219505049571, 10.892608380441267 ], [ 122.476138995620659, 10.89267917520424 ], [ 122.476017869029391, 10.892828314656732 ], [ 122.475836257497704, 10.893007219795265 ], [ 122.475775563085662, 10.893156462687982 ], [ 122.475714816207557, 10.893335574854756 ], [ 122.475774934325443, 10.893514894175267 ], [ 122.475865373576454, 10.893634526684735 ], [ 122.47586526879779, 10.893694265265523 ], [ 122.47583494772546, 10.893753952065499 ], [ 122.475623224021518, 10.893873066673837 ], [ 122.475532260566453, 10.894052126979219 ], [ 122.475501782105766, 10.894201421603125 ], [ 122.475561900243207, 10.894380740957379 ], [ 122.475622018448078, 10.894560060301092 ], [ 122.475712615159466, 10.894590084996057 ], [ 122.475712405521804, 10.89470956214695 ], [ 122.475742412282642, 10.894829091094619 ], [ 122.475802583076472, 10.894978541119414 ], [ 122.475893075146445, 10.895068304342601 ], [ 122.476134806557937, 10.895068718507401 ], [ 122.476225455839753, 10.89506887377008 ], [ 122.476285679276572, 10.895188454421804 ], [ 122.476225141674988, 10.895248089505222 ], [ 122.476164604049288, 10.895307724575332 ], [ 122.476164499313825, 10.895367463152422 ], [ 122.476164237472474, 10.895516809594124 ], [ 122.476164080365848, 10.895606417458437 ], [ 122.476284632147696, 10.89578584019845 ], [ 122.476465617108914, 10.895965366362224 ], [ 122.476586326199524, 10.896055181127355 ], [ 122.476707087681049, 10.896115126558204 ], [ 122.476706878409999, 10.896234603716236 ], [ 122.47661601945876, 10.896353925734829 ], [ 122.476404241803422, 10.896502910078576 ], [ 122.476162299728358, 10.896621973216886 ], [ 122.475859714657361, 10.896860409709928 ], [ 122.475829078777068, 10.897099312183881 ], [ 122.475798495252945, 10.897308345365873 ], [ 122.475737799848929, 10.897457588167606 ], [ 122.475586506776096, 10.897576806211205 ], [ 122.475495437176349, 10.89781560496986 ], [ 122.47537420315885, 10.898024482565354 ], [ 122.475252968967595, 10.898233360102173 ], [ 122.475101885259647, 10.898233100762713 ], [ 122.474920584815195, 10.898232789457087 ], [ 122.474709225217609, 10.898142818303885 ], [ 122.474346624466421, 10.898142195126109 ], [ 122.474165218936946, 10.898201621923098 ], [ 122.474104312178994, 10.898470341436655 ], [ 122.474134318595688, 10.898589870499896 ], [ 122.474315146113881, 10.898859005737396 ], [ 122.474344994945213, 10.899068142600303 ], [ 122.474193647923244, 10.899217229151597 ], [ 122.474072727984705, 10.899246890520637 ], [ 122.473921222904011, 10.89948558473421 ], [ 122.473800144960961, 10.899604853795489 ], [ 122.473618791081535, 10.899634410949137 ], [ 122.473467548732444, 10.899723758572353 ], [ 122.473437068540292, 10.899873052860547 ], [ 122.473557567581608, 10.900082345893333 ], [ 122.473194384980332, 10.90041028315405 ], [ 122.472982602770927, 10.900559264881203 ], [ 122.472589518479737, 10.900707933696458 ], [ 122.472257131724064, 10.90070736003517 ], [ 122.471985284559551, 10.900647151892121 ], [ 122.471773712944653, 10.900676655718557 ], [ 122.47165268652715, 10.900766054603555 ], [ 122.471561665609471, 10.900974982696381 ], [ 122.471561348478943, 10.901154198226697 ], [ 122.471621518267, 10.901303648972076 ], [ 122.471742122211126, 10.901453204156365 ], [ 122.471741752334339, 10.901662288941075 ], [ 122.471681053960637, 10.901811530761206 ], [ 122.471469111416923, 10.902050119105489 ], [ 122.47131776145261, 10.90219920406995 ], [ 122.471287438553375, 10.902258890304251 ], [ 122.47125663961026, 10.902587399792353 ], [ 122.471256216460787, 10.90282635379509 ], [ 122.47125589909227, 10.90300556929467 ], [ 122.471134871555108, 10.903094967910105 ], [ 122.470953409505299, 10.903184261864457 ], [ 122.470922927636437, 10.903333555793495 ], [ 122.470892392799811, 10.903512718963629 ], [ 122.47080152926695, 10.903632038990246 ], [ 122.470559738184221, 10.903661489541927 ], [ 122.470408704835322, 10.903631358516591 ], [ 122.470166966736485, 10.903630939513299 ], [ 122.470015827407593, 10.903660546781873 ], [ 122.469743712889297, 10.903749682762921 ], [ 122.469652954957084, 10.903809263941501 ], [ 122.469592414272299, 10.903868897537867 ], [ 122.469561984714204, 10.903988322050072 ], [ 122.469591989743464, 10.904107851455713 ], [ 122.469622100922876, 10.904167642379681 ], [ 122.469712487586492, 10.904317145896181 ], [ 122.469712222305844, 10.904466492093794 ], [ 122.469621358011551, 10.90458581172723 ], [ 122.469500488591066, 10.904585601920735 ], [ 122.469319184464865, 10.904585287121598 ], [ 122.469258855961783, 10.904525443690732 ], [ 122.469138039686811, 10.904495364505893 ], [ 122.468956788757964, 10.9044651802592 ], [ 122.468745320534751, 10.904434943377087 ], [ 122.468503741382747, 10.904344915330107 ], [ 122.468352867521659, 10.904225175586761 ], [ 122.467990313006467, 10.904194675312215 ], [ 122.46786928405831, 10.904284072562266 ], [ 122.467808636442612, 10.904403444243611 ], [ 122.467657230234011, 10.904582396464347 ], [ 122.467445495685752, 10.9047015048278 ], [ 122.467294355606782, 10.904731110713664 ], [ 122.467203490297777, 10.904850429578707 ], [ 122.467112251682565, 10.905178832990885 ], [ 122.467081714341774, 10.905357995643216 ], [ 122.467051336940884, 10.905447550615563 ], [ 122.466990848748651, 10.905477314427284 ], [ 122.466779220016562, 10.90553668383496 ], [ 122.466507316467869, 10.905506339918221 ], [ 122.466386553524032, 10.905446390423442 ], [ 122.466205462613061, 10.90532659687535 ], [ 122.46611481037371, 10.905326438503719 ], [ 122.465873124519518, 10.905296146829306 ], [ 122.465450134299942, 10.905265537858476 ], [ 122.464999534727269, 10.905296447565679 ], [ 122.465164437586452, 10.905757582078309 ], [ 122.465390009131809, 10.906388370562834 ], [ 122.466082020363231, 10.908323511430178 ], [ 122.466316668583872, 10.908979681938117 ], [ 122.467682618256035, 10.912799424903701 ], [ 122.468250844598288, 10.914002372160171 ], [ 122.469146420147538, 10.915898324652728 ], [ 122.469588477225486, 10.916834168892205 ], [ 122.469971946014709, 10.917645980477905 ], [ 122.470525011782442, 10.918421051518596 ], [ 122.47111896003814, 10.92125856454529 ], [ 122.471497485597297, 10.923066922756215 ], [ 122.471696437107482, 10.923585175814228 ], [ 122.471771357174518, 10.923780336704501 ], [ 122.471598301788291, 10.924489567334254 ], [ 122.47184901852124, 10.924281544787855 ], [ 122.471903062416899, 10.924272746881622 ], [ 122.471950330353025, 10.924296685689425 ], [ 122.471987056499216, 10.924358802394078 ], [ 122.471987644711561, 10.924401595473931 ], [ 122.472002045295099, 10.924462675233187 ], [ 122.471983731444396, 10.924541777996629 ], [ 122.471957521706543, 10.924677282057031 ], [ 122.471907682532873, 10.924974706971142 ], [ 122.471890479454231, 10.925147589287668 ], [ 122.471928463992967, 10.92516874422819 ], [ 122.472009347986912, 10.925178306826352 ], [ 122.472093220250926, 10.925163304994941 ], [ 122.472230300693411, 10.925127664985334 ], [ 122.472425882798547, 10.924991299742583 ], [ 122.472478429840038, 10.924936972250601 ], [ 122.472509938599003, 10.92483700454763 ], [ 122.472543177336235, 10.924753434204231 ], [ 122.47301340247887, 10.92425263545816 ], [ 122.473061550083415, 10.92428295202194 ], [ 122.473132859173049, 10.924326145636497 ], [ 122.473134443605545, 10.924360750580469 ], [ 122.473125595581294, 10.92441987778825 ], [ 122.473115591334832, 10.924507221475505 ], [ 122.473105448759199, 10.924611862363234 ], [ 122.473074608672817, 10.924744609054331 ], [ 122.473041534833797, 10.925040308310212 ], [ 122.473074866757017, 10.925061436759638 ], [ 122.473394368908885, 10.925022277248374 ], [ 122.47347193840406, 10.92498083715522 ], [ 122.473501214538842, 10.924927288129913 ], [ 122.473536241301829, 10.924852831995407 ], [ 122.473576683860287, 10.924799346187394 ], [ 122.473626293483832, 10.924763210262107 ], [ 122.473740190220909, 10.924717423672115 ], [ 122.473943782358475, 10.924626623782306 ], [ 122.474034270034508, 10.924598912970801 ], [ 122.474137887087025, 10.924558530561047 ], [ 122.474274945218795, 10.924525620746953 ], [ 122.474418575287771, 10.924485464698904 ], [ 122.474534143713399, 10.924463358195181 ], [ 122.474630723072281, 10.924488486061195 ], [ 122.474721595550761, 10.924529058754374 ], [ 122.474776198942322, 10.924566694948757 ], [ 122.474834473571917, 10.924610724848696 ], [ 122.474948230669952, 10.924815302642001 ], [ 122.474936693215, 10.924861668812321 ], [ 122.474728673334539, 10.925040755097026 ], [ 122.474689997437508, 10.925106086525817 ], [ 122.474641470471042, 10.925239643736941 ], [ 122.474636791519004, 10.925941551384676 ], [ 122.474676230017863, 10.926013697763453 ], [ 122.474783561694053, 10.926090780404525 ], [ 122.474964305008186, 10.926064490432347 ], [ 122.475135815622224, 10.926029043917451 ], [ 122.475428144278595, 10.925896865702098 ], [ 122.475622642275681, 10.925779611080873 ], [ 122.475786119588165, 10.925701328993535 ], [ 122.475934511837892, 10.925647542872671 ], [ 122.476170789265751, 10.925542359589549 ], [ 122.476185939659445, 10.925509670102976 ], [ 122.476161636835116, 10.925290121340108 ], [ 122.476107113268455, 10.925125937370174 ], [ 122.476025444363898, 10.924865095326973 ], [ 122.476136192926887, 10.92486390064208 ], [ 122.476353909741661, 10.924868773147116 ], [ 122.47648880141108, 10.92487408775831 ], [ 122.476591102445184, 10.924881949365538 ], [ 122.476663633534372, 10.924888732261184 ], [ 122.47676610903703, 10.924874744699515 ], [ 122.476800858658663, 10.9247183487269 ], [ 122.47712045179567, 10.915924577321242 ], [ 122.477213867178861, 10.912998291118582 ], [ 122.484738738159393, 10.906204891258994 ], [ 122.48599427092465, 10.905045763895307 ], [ 122.484782900484134, 10.90287486180036 ], [ 122.482662455158206, 10.899194329729978 ], [ 122.482666980046275, 10.899197243401927 ], [ 122.48128072960634, 10.896741829211365 ] ] ] ] } },
{ "type": "Feature", "properties": { "psgc": "0603012034", "admin_type": "Barangay", "region": "Region VI (Western Visayas)", "province": "Iloilo", "municity": "Cabatuan", "barangay": "Leong", "population": "993" }, "geometry": { "type": "MultiPolygon", "coordinates": [ [ [ [ 122.491494861883069, 10.893029971498553 ], [ 122.501400932332061, 10.887410789938647 ], [ 122.502586286976808, 10.886765924583816 ], [ 122.50138009729821, 10.884306477945561 ], [ 122.500591069595643, 10.882575996601254 ], [ 122.497932828367667, 10.876825194255725 ], [ 122.497877611110965, 10.87673804398958 ], [ 122.497070147550659, 10.877237323631173 ], [ 122.496988504327476, 10.87721345227094 ], [ 122.497034420639807, 10.87669151033106 ], [ 122.496708633738635, 10.87629251633043 ], [ 122.496660386957913, 10.876279657090917 ], [ 122.496336902041676, 10.87642643402023 ], [ 122.49601413646316, 10.876570443751307 ], [ 122.495284665053418, 10.876895913408866 ], [ 122.495234257971973, 10.877000066864138 ], [ 122.49521635175995, 10.87710243295658 ], [ 122.495197635576901, 10.877159088788929 ], [ 122.495271813006184, 10.877197578153725 ], [ 122.495852085314283, 10.877204709093336 ], [ 122.495998732634988, 10.877224091703807 ], [ 122.496012598012172, 10.877247877971463 ], [ 122.495679358118807, 10.877575650435846 ], [ 122.495681037393879, 10.877644216408937 ], [ 122.495702240464411, 10.877702750959592 ], [ 122.495837774866303, 10.877711149431418 ], [ 122.495953889676642, 10.877689355284382 ], [ 122.4961434856761, 10.877616459267939 ], [ 122.496208549140434, 10.877589115633519 ], [ 122.496289306532375, 10.877596530760425 ], [ 122.496527235492593, 10.877861943723463 ], [ 122.496620728859668, 10.877970849305063 ], [ 122.496647552608238, 10.878010192984418 ], [ 122.49661124074342, 10.878049457270443 ], [ 122.496523934273569, 10.878061231866592 ], [ 122.496113446211339, 10.878101853571014 ], [ 122.496087342650085, 10.878142959015079 ], [ 122.496051961531094, 10.878181310218062 ], [ 122.49600165865742, 10.878245239794813 ], [ 122.49595608570489, 10.878275350485037 ], [ 122.495903916390731, 10.878342934431503 ], [ 122.495893625117859, 10.878373089561389 ], [ 122.495918582397309, 10.878416087688054 ], [ 122.495969404131955, 10.878510312741286 ], [ 122.496333983722408, 10.878629615818339 ], [ 122.496378379722941, 10.878695492994385 ], [ 122.496391262292661, 10.878740304260042 ], [ 122.496008381292725, 10.879234396136916 ], [ 122.495936896316877, 10.879231563524284 ], [ 122.495891455828101, 10.879210480020884 ], [ 122.495641406609877, 10.878964249162726 ], [ 122.495591311999604, 10.878947730672266 ], [ 122.495267404154006, 10.879256316442536 ], [ 122.495216179570662, 10.879317502153894 ], [ 122.49516029365742, 10.879385995447301 ], [ 122.495228189697443, 10.87969873228279 ], [ 122.495105084023592, 10.879909753489221 ], [ 122.495020510218296, 10.879941643140482 ], [ 122.494949941708455, 10.879943382371348 ], [ 122.494570358559073, 10.879880738081299 ], [ 122.494491362652795, 10.879909892084521 ], [ 122.494440190001427, 10.8799509656599 ], [ 122.494412150797544, 10.8800222365776 ], [ 122.494394343744545, 10.880086206961138 ], [ 122.494411842317675, 10.880141080163845 ], [ 122.494478642414123, 10.880160362534605 ], [ 122.494666984490834, 10.880213623395484 ], [ 122.494819968823464, 10.880296093366242 ], [ 122.494817076680874, 10.88033722801268 ], [ 122.494812294388879, 10.880391158852809 ], [ 122.494771323027678, 10.880436816294729 ], [ 122.494715439168388, 10.880504395306769 ], [ 122.494156805395093, 10.880743204931729 ], [ 122.49364109909483, 10.88089796296477 ], [ 122.493656669360988, 10.880980259287627 ], [ 122.493681431737173, 10.881098220448077 ], [ 122.49369846230087, 10.881333187392668 ], [ 122.493711242424467, 10.881417308543964 ], [ 122.493203558275852, 10.881700061727901 ], [ 122.493223654369601, 10.88182715883368 ], [ 122.493256813321821, 10.881929589543176 ], [ 122.493240753515295, 10.882035614524971 ], [ 122.492929838574284, 10.882344214005327 ], [ 122.492866995071012, 10.882535807410415 ], [ 122.492793703357933, 10.882876485977249 ], [ 122.493203153804416, 10.883177026341338 ], [ 122.493271521706234, 10.883253864352529 ], [ 122.493275772380656, 10.883325967905195 ], [ 122.493188207672716, 10.883683728541538 ], [ 122.49313466719417, 10.883761234593495 ], [ 122.492861658131019, 10.883982728793786 ], [ 122.492820193454591, 10.884061351372193 ], [ 122.492928177034727, 10.884209980986324 ], [ 122.492974148761164, 10.884239937920338 ], [ 122.493075643243444, 10.88423618839153 ], [ 122.493329887382728, 10.884123790684241 ], [ 122.493397944630914, 10.884116738654797 ], [ 122.493456282536528, 10.884182465055213 ], [ 122.493455170922743, 10.884242624393352 ], [ 122.493446007382715, 10.884285323168337 ], [ 122.493433156664381, 10.884326135836536 ], [ 122.49342147581946, 10.8844043517614 ], [ 122.493419787678818, 10.884445353716984 ], [ 122.493422851672634, 10.884480965512219 ], [ 122.493425305464115, 10.884499242936426 ], [ 122.493416347884946, 10.884581152202401 ], [ 122.493387616102581, 10.884625342727215 ], [ 122.493209142443007, 10.884967884862769 ], [ 122.493199048624064, 10.885010567850987 ], [ 122.493373663321194, 10.885732931781538 ], [ 122.493373700852018, 10.885781257321542 ], [ 122.493342346713817, 10.885816285459919 ], [ 122.493278960847789, 10.885872653376348 ], [ 122.493241688496184, 10.885925816954581 ], [ 122.493235467117117, 10.885960359494602 ], [ 122.493249239654205, 10.886473931157225 ], [ 122.4932365067082, 10.886508363271336 ], [ 122.493184418087409, 10.886557628417647 ], [ 122.493046988610857, 10.886642829695855 ], [ 122.492903107488175, 10.887077137266267 ], [ 122.492628706363845, 10.887273077381247 ], [ 122.492607600922952, 10.887760527326137 ], [ 122.492601244656129, 10.887802361882033 ], [ 122.492444809275995, 10.887959271958058 ], [ 122.491736158702011, 10.887887073592413 ], [ 122.491183102953457, 10.888206847775795 ], [ 122.491171266217492, 10.888243118576511 ], [ 122.491360112748225, 10.888396767724785 ], [ 122.491365933498145, 10.888434249873635 ], [ 122.491373416583286, 10.888784504295009 ], [ 122.491407905933741, 10.88883159069294 ], [ 122.491528158895377, 10.889071607955701 ], [ 122.491526777240296, 10.889146351320457 ], [ 122.491545606481679, 10.889939928265997 ], [ 122.491515690904293, 10.889997775349777 ], [ 122.491470992692442, 10.890049900911849 ], [ 122.491422826283497, 10.890088290777404 ], [ 122.491075293426547, 10.890112483944458 ], [ 122.491058178514521, 10.890132252963118 ], [ 122.490983389166885, 10.890151043486682 ], [ 122.490934771094416, 10.890264192403976 ], [ 122.490840285063328, 10.890392063533527 ], [ 122.490779742374542, 10.890495892202296 ], [ 122.490709307421625, 10.890883119743901 ], [ 122.490707264934926, 10.89094326323648 ], [ 122.491122484007661, 10.891385231822964 ], [ 122.49123012528905, 10.891451795099172 ], [ 122.491612166891699, 10.891725430798299 ], [ 122.491629575321625, 10.891790463214512 ], [ 122.491605392635662, 10.891840201436866 ], [ 122.491564549901511, 10.891885098082698 ], [ 122.491449797065229, 10.891951535632151 ], [ 122.491436116565367, 10.89198686336252 ], [ 122.491436692947673, 10.892006020732923 ], [ 122.491492691297339, 10.892953408827911 ], [ 122.491494861883069, 10.893029971498553 ] ] ] ] } },
{ "type": "Feature", "properties": { "psgc": "0603012061", "admin_type": "Barangay", "region": "Region VI (Western Visayas)", "province": "Iloilo", "municity": "Cabatuan", "barangay": "Tacdangan", "population": "1016" }, "geometry": { "type": "MultiPolygon", "coordinates": [ [ [ [ 122.481280697646, 10.896741863733746 ], [ 122.482666948085935, 10.899197277924308 ], [ 122.482662423197866, 10.899194364252359 ], [ 122.484782868523794, 10.902874896322741 ], [ 122.485994238964309, 10.905045798417689 ], [ 122.492208165757802, 10.903109376844938 ], [ 122.493468968655435, 10.902814507029268 ], [ 122.493181296346549, 10.902616067352586 ], [ 122.492958659014079, 10.902429630969081 ], [ 122.492854486036507, 10.902310285842891 ], [ 122.492705456849194, 10.902157677600902 ], [ 122.492701998575797, 10.902092847233703 ], [ 122.493004068663083, 10.901805027570072 ], [ 122.493005484443316, 10.901762980482429 ], [ 122.492495703982044, 10.901339722197479 ], [ 122.492727964960622, 10.901204421923657 ], [ 122.493548614479366, 10.901472238581869 ], [ 122.493672471975529, 10.901434189457339 ], [ 122.493763735952015, 10.901382829972 ], [ 122.493940197596686, 10.901143130308368 ], [ 122.494059904366708, 10.900796302646231 ], [ 122.494092835769067, 10.900664331421451 ], [ 122.494154547037382, 10.900535666054045 ], [ 122.494225584959011, 10.900500998118822 ], [ 122.494467571925824, 10.900498064216098 ], [ 122.494364533938679, 10.900487435466969 ], [ 122.494279981797234, 10.90047110039524 ], [ 122.494216639738283, 10.900443543821773 ], [ 122.4941697766277, 10.900395686174452 ], [ 122.494151264246781, 10.900310023338513 ], [ 122.494150798995818, 10.900176629596276 ], [ 122.494171715454129, 10.900048458793945 ], [ 122.494162217103067, 10.899938016924471 ], [ 122.494147394276965, 10.899850481967313 ], [ 122.493995791819671, 10.899806635191258 ], [ 122.493676317903123, 10.899759341189169 ], [ 122.493812211395081, 10.899212104770244 ], [ 122.493860511516303, 10.898914768515978 ], [ 122.493880578345454, 10.898785634625979 ], [ 122.493896710486524, 10.898516930150752 ], [ 122.493882041479921, 10.898454679688957 ], [ 122.493839726567998, 10.898277074892134 ], [ 122.493828071157608, 10.898253170708214 ], [ 122.493775729413429, 10.898114602841403 ], [ 122.49377119221792, 10.898057994924155 ], [ 122.493780402938285, 10.897962413168962 ], [ 122.493796189007085, 10.897813147305399 ], [ 122.493806548939972, 10.897705731765416 ], [ 122.493818496042124, 10.89756278332862 ], [ 122.493837295634478, 10.897451863739521 ], [ 122.493868158684492, 10.897393120741002 ], [ 122.493916662891536, 10.897336500460673 ], [ 122.493959046549776, 10.89730895366735 ], [ 122.494013317536783, 10.897242401466704 ], [ 122.494080746818142, 10.897168778053581 ], [ 122.494132344889081, 10.897095797976268 ], [ 122.494169062749705, 10.897072714031296 ], [ 122.494174943560594, 10.897006253073265 ], [ 122.494150004181321, 10.89689550359971 ], [ 122.494127030270548, 10.896829465164023 ], [ 122.494073947503153, 10.896731003536699 ], [ 122.493895667957617, 10.896609447791096 ], [ 122.493871299931797, 10.896669212724577 ], [ 122.493824403678303, 10.896739537120011 ], [ 122.493797143800521, 10.896804723748716 ], [ 122.493756115384059, 10.896859647204494 ], [ 122.493730425816878, 10.896890212433666 ], [ 122.493689444097996, 10.896892252850261 ], [ 122.493621076935398, 10.89686556337147 ], [ 122.493537535571789, 10.896803968530424 ], [ 122.493461385737476, 10.896745234386271 ], [ 122.49336617227921, 10.896660646809014 ], [ 122.493244288495475, 10.896609343128739 ], [ 122.493162678898855, 10.896594282239489 ], [ 122.493124066827946, 10.896619157519069 ], [ 122.493081922757355, 10.896684091651267 ], [ 122.493035346402678, 10.896737097336455 ], [ 122.492912425518057, 10.896842603809628 ], [ 122.492841477185863, 10.89690522579696 ], [ 122.492827401777816, 10.89686122115342 ], [ 122.492808658257459, 10.896818049125329 ], [ 122.492776331574603, 10.896754587337821 ], [ 122.492744901463865, 10.896692964333496 ], [ 122.492696777349806, 10.896628322810891 ], [ 122.492633348019183, 10.896586216436431 ], [ 122.492565540632313, 10.896579595599368 ], [ 122.492437570071147, 10.896555542060703 ], [ 122.492330405651643, 10.896563754033348 ], [ 122.492262278154584, 10.896574451708187 ], [ 122.492211218901517, 10.896618263325243 ], [ 122.49213764821657, 10.89667172276711 ], [ 122.492127641572509, 10.896759996646818 ], [ 122.492103205789903, 10.896823407439074 ], [ 122.492032820401889, 10.896956246604365 ], [ 122.491984551812052, 10.897000105518178 ], [ 122.491933303580936, 10.897003795124856 ], [ 122.491896312460355, 10.89699131435729 ], [ 122.491864427563115, 10.896954301879438 ], [ 122.491816694656436, 10.896918844135666 ], [ 122.491794159370883, 10.896829106443855 ], [ 122.491766349372242, 10.896773015495214 ], [ 122.491815002006703, 10.896658043519812 ], [ 122.491842629487124, 10.896522655493538 ], [ 122.491875329447041, 10.89636455876299 ], [ 122.491946506682226, 10.896188878933513 ], [ 122.491974834664461, 10.895914910702345 ], [ 122.491982252754539, 10.895815651434056 ], [ 122.491960256668577, 10.895696745617576 ], [ 122.491800974000213, 10.895353034188494 ], [ 122.491746267657604, 10.895241779576351 ], [ 122.49171932002065, 10.894937696382653 ], [ 122.491740526869634, 10.894897937375429 ], [ 122.491820676302083, 10.894840942452209 ], [ 122.491969256086691, 10.894756842817619 ], [ 122.492147822727873, 10.894661398492579 ], [ 122.492259617263457, 10.89460402843908 ], [ 122.492623031832494, 10.894274653775634 ], [ 122.492662182735415, 10.894220610404476 ], [ 122.492650004450851, 10.894141576336036 ], [ 122.492614957162701, 10.894004150191524 ], [ 122.492573345836576, 10.893891771003306 ], [ 122.49238228825854, 10.893857529538899 ], [ 122.492299257019084, 10.893818737783828 ], [ 122.492253064913712, 10.893800630260126 ], [ 122.492194220057755, 10.89376224872847 ], [ 122.491518173849485, 10.893083350378765 ], [ 122.491494829922729, 10.893030006020934 ], [ 122.491360491136106, 10.893106205460059 ], [ 122.488059647587136, 10.894104005621305 ], [ 122.484751167448081, 10.895406373226928 ], [ 122.481280697646, 10.896741863733746 ] ] ] ] } },
{ "type": "Feature", "properties": { "psgc": "0603012042", "admin_type": "Barangay", "region": "Region VI (Western Visayas)", "province": "Iloilo", "municity": "Cabatuan", "barangay": "Pamuringao Proper", "population": "666" }, "geometry": { "type": "MultiPolygon", "coordinates": [ [ [ [ 122.447772234811112, 10.873204429188295 ], [ 122.447276760340003, 10.873197957876272 ], [ 122.450871500674268, 10.8778614047964 ], [ 122.451152043853455, 10.878225352704529 ], [ 122.451666248068676, 10.878892428443196 ], [ 122.452508368622304, 10.880675215572689 ], [ 122.453463077010767, 10.882696353544008 ], [ 122.453755922323211, 10.882521099979218 ], [ 122.454404532242322, 10.882007234587583 ], [ 122.455187655915111, 10.881334583464572 ], [ 122.455486422432102, 10.881111425520382 ], [ 122.45597951696169, 10.880730626506015 ], [ 122.460900899977005, 10.876940229180645 ], [ 122.461006534212743, 10.876858868828295 ], [ 122.466932229456745, 10.874552504929005 ], [ 122.458960940296933, 10.872712079180969 ], [ 122.455711133074999, 10.874388802136282 ], [ 122.451393663776173, 10.873717408839235 ], [ 122.449196449378817, 10.873438504170352 ], [ 122.448813783017869, 10.873375612204477 ], [ 122.447772234811112, 10.873204429188295 ] ] ] ] } },
{ "type": "Feature", "properties": { "psgc": "0603012038", "admin_type": "Barangay", "region": "Region VI (Western Visayas)", "province": "Iloilo", "municity": "Cabatuan", "barangay": "Morubuan", "population": "183" }, "geometry": { "type": "MultiPolygon", "coordinates": [ [ [ [ 122.447276760340003, 10.873197957876272 ], [ 122.447772234811112, 10.873204429188295 ], [ 122.448813783017869, 10.873375612204477 ], [ 122.449196449378817, 10.873438504170352 ], [ 122.451393663776173, 10.873717408839235 ], [ 122.455711133074999, 10.874388802136282 ], [ 122.458960940296933, 10.872712079180969 ], [ 122.451152199488916, 10.864514529768021 ], [ 122.450762835238578, 10.864779500599935 ], [ 122.450649617626382, 10.865055678077223 ], [ 122.450797773399273, 10.865253013037622 ], [ 122.450839227369002, 10.865677015306147 ], [ 122.450824364903468, 10.86573762813631 ], [ 122.450801166374319, 10.865791041515376 ], [ 122.450749243776059, 10.865838467298619 ], [ 122.450442616870077, 10.865819650518496 ], [ 122.449987755487072, 10.865688076543128 ], [ 122.449867831634222, 10.86589957071344 ], [ 122.449840205308064, 10.86598616615581 ], [ 122.449813855133726, 10.866031657867609 ], [ 122.449648634071721, 10.866160204997433 ], [ 122.449569245534192, 10.866227242533325 ], [ 122.449433982635526, 10.866322200828787 ], [ 122.449343374155106, 10.866400121127684 ], [ 122.449311483741909, 10.866442832124772 ], [ 122.449295449339928, 10.866474693608437 ], [ 122.449276133384203, 10.866674637549673 ], [ 122.449278310121812, 10.866745915531283 ], [ 122.449264204240919, 10.866878289041393 ], [ 122.449268627512737, 10.867012622926346 ], [ 122.449259429242872, 10.8671130550052 ], [ 122.449243965249991, 10.867186947089207 ], [ 122.449229800778895, 10.867216994762689 ], [ 122.44919885300483, 10.867257885275379 ], [ 122.449180956317335, 10.867290646987263 ], [ 122.44899877255682, 10.8674510485179 ], [ 122.448914599963302, 10.867535410253076 ], [ 122.448848285281755, 10.867591578094002 ], [ 122.448740074291123, 10.867667544441892 ], [ 122.44849973796488, 10.867796464632642 ], [ 122.448229640632107, 10.867608144692671 ], [ 122.448124529407281, 10.86742831962246 ], [ 122.448092184814215, 10.867415296419679 ], [ 122.447989847521811, 10.867454759943765 ], [ 122.447821164308991, 10.86755404529776 ], [ 122.447642428854962, 10.867635899501336 ], [ 122.447500103874717, 10.867688779607789 ], [ 122.447397696563087, 10.867736464998407 ], [ 122.447329690098556, 10.867773434322245 ], [ 122.447099789086479, 10.867983740563194 ], [ 122.447058781076848, 10.868008113335476 ], [ 122.447041935557422, 10.868026264559804 ], [ 122.446856806514944, 10.867987474538863 ], [ 122.446346866609943, 10.867760882872089 ], [ 122.44613319703565, 10.868025208682521 ], [ 122.445576614526075, 10.868412130481135 ], [ 122.445155365121749, 10.868477566805009 ], [ 122.445070255823921, 10.868601360947601 ], [ 122.444736553701389, 10.868695802012914 ], [ 122.444231445964306, 10.868802765687679 ], [ 122.44446081377076, 10.869544838002664 ], [ 122.445003334330323, 10.870248648458313 ], [ 122.447276760340003, 10.873197957876272 ] ] ] ] } },
{ "type": "Feature", "properties": { "psgc": "0603012020", "admin_type": "Barangay", "region": "Region VI (Western Visayas)", "province": "Iloilo", "municity": "Cabatuan", "barangay": "Guibuangan Tigbauan", "population": "1324" }, "geometry": { "type": "MultiPolygon", "coordinates": [ [ [ [ 122.508809046309224, 10.863889386917654 ], [ 122.508840349048612, 10.864261436930848 ], [ 122.508864763631237, 10.864551616993333 ], [ 122.508150567863908, 10.865120291627813 ], [ 122.508002162858986, 10.865126206887918 ], [ 122.507571481583412, 10.864663030560912 ], [ 122.507292799700679, 10.864662964930647 ], [ 122.50715425086382, 10.865122184826765 ], [ 122.507186336779071, 10.865215964423609 ], [ 122.507252926259937, 10.865401131948445 ], [ 122.507418981499058, 10.865453142667254 ], [ 122.508056939408959, 10.865706806768884 ], [ 122.508964685115131, 10.865910786612851 ], [ 122.509121664732803, 10.865958451070595 ], [ 122.509208747351309, 10.866132790379984 ], [ 122.509161830877858, 10.866242656042136 ], [ 122.509085053144361, 10.866316290575723 ], [ 122.508997863808602, 10.866355878557865 ], [ 122.508913392601031, 10.866355253962807 ], [ 122.508666534044025, 10.866350754379845 ], [ 122.508348351514599, 10.867162091916899 ], [ 122.508179665048942, 10.867278888129313 ], [ 122.50813517235126, 10.867362261419247 ], [ 122.508128447984149, 10.867416126638943 ], [ 122.508106385046361, 10.867492588428432 ], [ 122.508235038634055, 10.868161088281127 ], [ 122.508109527653843, 10.868472661546468 ], [ 122.507762283099268, 10.868603588273773 ], [ 122.507677440343002, 10.868750279178277 ], [ 122.507617677117636, 10.869156385695167 ], [ 122.507426594085118, 10.869495129621274 ], [ 122.506801290033522, 10.870124261472537 ], [ 122.506495558212009, 10.870440783171782 ], [ 122.506161934232779, 10.871192358331959 ], [ 122.506160386380628, 10.871394555517737 ], [ 122.506218734424579, 10.872267659445679 ], [ 122.506047888579133, 10.872615006829713 ], [ 122.505806667136085, 10.873083686920864 ], [ 122.50567849654449, 10.873341147788246 ], [ 122.506181293692549, 10.873884779790806 ], [ 122.506199013360984, 10.874184323291942 ], [ 122.506001722907158, 10.874509227195693 ], [ 122.506003624964592, 10.874550438995142 ], [ 122.506030175384637, 10.875131062934441 ], [ 122.505825151160067, 10.875123663632039 ], [ 122.505627185664295, 10.875176786025378 ], [ 122.505562279835232, 10.875172857098702 ], [ 122.505340608963806, 10.875032472068821 ], [ 122.505374824255227, 10.875515325809005 ], [ 122.504968291765763, 10.875769614064515 ], [ 122.50498201025222, 10.875865944208092 ], [ 122.505003225150304, 10.875915743704418 ], [ 122.505376230282465, 10.875926207467902 ], [ 122.517508239251384, 10.876351302808542 ], [ 122.518074878876178, 10.875165647578983 ], [ 122.519483568755248, 10.87197935414682 ], [ 122.519666605413519, 10.871946269414996 ], [ 122.519744478804469, 10.871937065472165 ], [ 122.519804666444003, 10.871922005025997 ], [ 122.519882569739082, 10.871894149048853 ], [ 122.519953620667494, 10.871839147808583 ], [ 122.520123408641425, 10.871717397674496 ], [ 122.520170309808194, 10.871686093378544 ], [ 122.520233852227776, 10.87164435588311 ], [ 122.520301930978192, 10.871601131297446 ], [ 122.520362215235409, 10.871565391298001 ], [ 122.520451654900427, 10.871524732400319 ], [ 122.520537372647681, 10.871484968949504 ], [ 122.520706520419907, 10.871477539881242 ], [ 122.520772015028982, 10.8714011717639 ], [ 122.520842350848099, 10.871291966532031 ], [ 122.520887377702465, 10.871220067143295 ], [ 122.520967493975562, 10.870872675294924 ], [ 122.521192670745137, 10.870818042321648 ], [ 122.521408838832997, 10.870871986552135 ], [ 122.52152120171462, 10.870882548682014 ], [ 122.521708062049242, 10.870865160853015 ], [ 122.521737907743002, 10.870846131306127 ], [ 122.521739059591027, 10.87080871322949 ], [ 122.521431936291179, 10.870113584906484 ], [ 122.521430235638803, 10.870087106783673 ], [ 122.521660752677477, 10.869915664125456 ], [ 122.52170017186728, 10.869849215162739 ], [ 122.521745208982523, 10.869619407069139 ], [ 122.521681567664871, 10.86954061372605 ], [ 122.521604853668819, 10.869472712880851 ], [ 122.521591156085265, 10.869432487565749 ], [ 122.521563168658801, 10.869295442661363 ], [ 122.521537419851356, 10.869250597563809 ], [ 122.521352250335127, 10.868984122802271 ], [ 122.521333923571916, 10.868941137683244 ], [ 122.521328506503465, 10.868914642302476 ], [ 122.522049259107121, 10.868645070835569 ], [ 122.522099680662876, 10.868603317564395 ], [ 122.522132427471533, 10.868565133331149 ], [ 122.522140001523724, 10.868541436546762 ], [ 122.522139246210173, 10.868512224510145 ], [ 122.522139430864172, 10.868481191302161 ], [ 122.522146113824789, 10.868451101015973 ], [ 122.522158338830167, 10.868426513046726 ], [ 122.522192862359503, 10.868402028549699 ], [ 122.522282284547444, 10.86836410728441 ], [ 122.522342871875296, 10.868331528805113 ], [ 122.522390364837591, 10.868313493826744 ], [ 122.522459167478573, 10.868305598139534 ], [ 122.522520455829493, 10.868311359076399 ], [ 122.522625330678267, 10.868331013697382 ], [ 122.522751553244717, 10.868354418371624 ], [ 122.522811059408482, 10.868347392250651 ], [ 122.523036521684716, 10.868244382520174 ], [ 122.523107432197548, 10.868194509191758 ], [ 122.523101151013591, 10.868157056627437 ], [ 122.522902006956784, 10.868052990427973 ], [ 122.522885424225166, 10.868029181582644 ], [ 122.522815294705808, 10.867791536964567 ], [ 122.52282109733693, 10.867753227675436 ], [ 122.522906764844052, 10.867721678168849 ], [ 122.522982244769054, 10.867684604790812 ], [ 122.523018919476243, 10.867610840765067 ], [ 122.523122276934785, 10.867416900744823 ], [ 122.523265716906209, 10.867357323256055 ], [ 122.523296431551245, 10.86734833800053 ], [ 122.523323467776706, 10.867332946319177 ], [ 122.523333812725397, 10.867312000646432 ], [ 122.523351025004473, 10.867229931435656 ], [ 122.523352263452182, 10.867177909468282 ], [ 122.523356365182792, 10.86711312204025 ], [ 122.523509938958654, 10.866886457637047 ], [ 122.523608512832723, 10.866740969332065 ], [ 122.523595646512305, 10.866717177751024 ], [ 122.523561540687041, 10.866718872252411 ], [ 122.523505954298813, 10.866721633986256 ], [ 122.523228657943548, 10.866735411077261 ], [ 122.523175557526585, 10.866738049299016 ], [ 122.523141240522065, 10.866727849737373 ], [ 122.523118132427498, 10.866707661713702 ], [ 122.523238451953148, 10.866671834464757 ], [ 122.523329418062517, 10.866644747710314 ], [ 122.523359219813216, 10.866633019912147 ], [ 122.522970648895352, 10.866509820151403 ], [ 122.523098053991575, 10.866334246969705 ], [ 122.523093582185382, 10.866305017694172 ], [ 122.523077928627387, 10.866281213168296 ], [ 122.522958769686227, 10.86616382643011 ], [ 122.523015704319263, 10.865964194519153 ], [ 122.523029874186975, 10.865925011253804 ], [ 122.523033003437448, 10.865867521452143 ], [ 122.522824748054646, 10.864997960369772 ], [ 122.522862015916701, 10.864707312913826 ], [ 122.522591475733762, 10.864459007061443 ], [ 122.522601994575652, 10.864353919499139 ], [ 122.522824683987082, 10.86419529110915 ], [ 122.522818055333147, 10.864172508620483 ], [ 122.522715846263921, 10.86414314558561 ], [ 122.52242042534651, 10.863770771069825 ], [ 122.522524156115367, 10.863738081718026 ], [ 122.522680474078371, 10.863653885799531 ], [ 122.522719218598823, 10.863615260783881 ], [ 122.522746825876766, 10.863417823748682 ], [ 122.52276216572514, 10.863343749821086 ], [ 122.522785802598946, 10.863260485975196 ], [ 122.522664848819716, 10.863045829408238 ], [ 122.522663321736857, 10.862943565944544 ], [ 122.522759633819931, 10.862594974404685 ], [ 122.52224321976891, 10.862665263020235 ], [ 122.522336245872978, 10.862230857439551 ], [ 122.522424766973046, 10.862136179884883 ], [ 122.522665595076433, 10.862223064797329 ], [ 122.523069940317754, 10.862029372830941 ], [ 122.523110775722429, 10.862030912209038 ], [ 122.523303060735572, 10.861276201815121 ], [ 122.522787229070033, 10.861287131810158 ], [ 122.522834148047977, 10.860743470419541 ], [ 122.522919355254913, 10.86055841286954 ], [ 122.522236949391072, 10.86096134595808 ], [ 122.5219897663616, 10.860581380242058 ], [ 122.52198265646345, 10.860476416494208 ], [ 122.521964519593908, 10.860389793443824 ], [ 122.521912520936539, 10.860224876244844 ], [ 122.521487166377767, 10.860316440134199 ], [ 122.520746867016072, 10.860023033540394 ], [ 122.520894007549202, 10.859639385607045 ], [ 122.520932570001108, 10.859569714549245 ], [ 122.521294430812929, 10.859093242653197 ], [ 122.520907811920083, 10.85882748733135 ], [ 122.520957288967608, 10.858720299977149 ], [ 122.520990763111186, 10.858573958978726 ], [ 122.521352325435544, 10.858522109583969 ], [ 122.520810168365458, 10.857839217894455 ], [ 122.520860669309243, 10.857748460278977 ], [ 122.521175797005853, 10.857694193962478 ], [ 122.521629089300632, 10.857616135120306 ], [ 122.521637947647648, 10.857385955931939 ], [ 122.521317507679584, 10.857329763798919 ], [ 122.520980118215164, 10.857389661978011 ], [ 122.520892826008918, 10.857218600277676 ], [ 122.520679142977542, 10.856862846212888 ], [ 122.520550288645083, 10.856716026045504 ], [ 122.520497143290854, 10.856037919357178 ], [ 122.521383693437642, 10.85558716833703 ], [ 122.521383693437642, 10.855426188294471 ], [ 122.521383693437642, 10.855221062877058 ], [ 122.521383693437642, 10.855090623816427 ], [ 122.521383693437642, 10.854085218858105 ], [ 122.521498461680196, 10.853760503164755 ], [ 122.521383693437642, 10.852602330329198 ], [ 122.521306187972741, 10.851986400135916 ], [ 122.521283582966049, 10.851806759820764 ], [ 122.520421317846569, 10.853137321293843 ], [ 122.519776390548174, 10.853342944204702 ], [ 122.519388832254009, 10.853794090091419 ], [ 122.519353052773269, 10.85417628625286 ], [ 122.518859434443428, 10.854974767182227 ], [ 122.518260758996007, 10.855495080702857 ], [ 122.517976863853107, 10.855344891228295 ], [ 122.51760938233538, 10.85515048192811 ], [ 122.517206644315962, 10.854937420827794 ], [ 122.516679140397713, 10.854936590369999 ], [ 122.516116020979581, 10.855213704301818 ], [ 122.515657896314536, 10.855803734522404 ], [ 122.515621774913754, 10.856394430516017 ], [ 122.515340044965654, 10.85663723681515 ], [ 122.515058314565294, 10.856880042832783 ], [ 122.514495640265721, 10.856879152893796 ], [ 122.513964965122952, 10.856643074878411 ], [ 122.513476526303435, 10.856425786262726 ], [ 122.51298418714876, 10.85642500512359 ], [ 122.512323972522452, 10.856291809564169 ], [ 122.511858281941741, 10.856783855650667 ], [ 122.511558997517255, 10.857426680660268 ], [ 122.511584799872224, 10.858230848387739 ], [ 122.51163832624124, 10.858659801138204 ], [ 122.511311839286492, 10.85935619085452 ], [ 122.511034728756229, 10.860148997273527 ], [ 122.511012201067516, 10.860213448227825 ], [ 122.510414145328554, 10.861177445789346 ], [ 122.51004485423563, 10.861518691745889 ], [ 122.510097763893668, 10.861869831737826 ], [ 122.510116385931511, 10.861960776298227 ], [ 122.508746256381656, 10.863330020955539 ], [ 122.508809046309224, 10.863889386917654 ] ] ] ] } },
{ "type": "Feature", "properties": { "psgc": "0603012056", "admin_type": "Barangay", "region": "Region VI (Western Visayas)", "province": "Iloilo", "municity": "Cabatuan", "barangay": "Puyas", "population": "857" }, "geometry": { "type": "MultiPolygon", "coordinates": [ [ [ [ 122.517508239251384, 10.876351302808542 ], [ 122.515424541782338, 10.882562838392307 ], [ 122.514235427252743, 10.885939768157415 ], [ 122.518074102728704, 10.886942058593934 ], [ 122.526816771362448, 10.889208823732559 ], [ 122.527114911416959, 10.889293197877144 ], [ 122.527122602661592, 10.889237574749576 ], [ 122.527096985960384, 10.889187038393091 ], [ 122.526944472247919, 10.889059980210774 ], [ 122.527157714491153, 10.888973389476224 ], [ 122.527382510904374, 10.889017872380629 ], [ 122.52771151073307, 10.889284144485455 ], [ 122.527913080454923, 10.889162632197039 ], [ 122.528685351859764, 10.889331903806461 ], [ 122.528731498165229, 10.88918037279892 ], [ 122.528623836602591, 10.889020818661061 ], [ 122.528326704675905, 10.888893160342064 ], [ 122.528264267601699, 10.888837560390401 ], [ 122.527934377176734, 10.887800215986077 ], [ 122.52794762342657, 10.887775629603228 ], [ 122.528289951905009, 10.887668413866768 ], [ 122.528344414188254, 10.887690047334571 ], [ 122.528420675978808, 10.887753118266168 ], [ 122.528775147866824, 10.887808117527335 ], [ 122.529166297088111, 10.887729801054062 ], [ 122.529689393915419, 10.888050303917629 ], [ 122.530206437820439, 10.887818543627553 ], [ 122.530864586098545, 10.887918469244358 ], [ 122.530997252688479, 10.888926650240171 ], [ 122.531624500223188, 10.889132856407794 ], [ 122.531851171384588, 10.889175524196153 ], [ 122.531949721444903, 10.889235164757165 ], [ 122.532064539637759, 10.889333437315932 ], [ 122.53299259035326, 10.889927407752817 ], [ 122.533117265146259, 10.889971753736592 ], [ 122.533385198938376, 10.889629320558319 ], [ 122.533426546309755, 10.889061720367328 ], [ 122.533343676567441, 10.888842254051262 ], [ 122.533316493296525, 10.888784276981001 ], [ 122.530688140204845, 10.88255984455369 ], [ 122.529302878530146, 10.879167254775558 ], [ 122.519483568755248, 10.87197935414682 ], [ 122.518074878876178, 10.875165647578983 ], [ 122.517508239251384, 10.876351302808542 ] ] ] ] } },
{ "type": "Feature", "properties": { "psgc": "0603012012", "admin_type": "Barangay", "region": "Region VI (Western Visayas)", "province": "Iloilo", "municity": "Cabatuan", "barangay": "Cadoldolan", "population": "557" }, "geometry": { "type": "MultiPolygon", "coordinates": [ [ [ [ 122.521586633408603, 10.85627442210016 ], [ 122.521383693437642, 10.855912935276887 ], [ 122.521383693437642, 10.85558716833703 ], [ 122.520497143290854, 10.856037919357178 ], [ 122.520550288645083, 10.856716026045504 ], [ 122.520679142977542, 10.856862846212888 ], [ 122.520892826008918, 10.857218600277676 ], [ 122.520980118215164, 10.857389661978011 ], [ 122.521629089300632, 10.857616135120306 ], [ 122.521175797005853, 10.857694193962478 ], [ 122.520860669309243, 10.857748460278977 ], [ 122.520810168365458, 10.857839217894455 ], [ 122.521352325435544, 10.858522109583969 ], [ 122.520990763111186, 10.858573958978726 ], [ 122.520957288967608, 10.858720299977149 ], [ 122.520907811920083, 10.85882748733135 ], [ 122.521294430812929, 10.859093242653197 ], [ 122.520932570001108, 10.859569714549245 ], [ 122.520894007549202, 10.859639385607045 ], [ 122.520746867016072, 10.860023033540394 ], [ 122.521487166377767, 10.860316440134199 ], [ 122.521912520936539, 10.860224876244844 ], [ 122.521964519593908, 10.860389793443824 ], [ 122.52198265646345, 10.860476416494208 ], [ 122.5219897663616, 10.860581380242058 ], [ 122.522236949391072, 10.86096134595808 ], [ 122.522919355254913, 10.86055841286954 ], [ 122.522834148047977, 10.860743470419541 ], [ 122.522787229070033, 10.861287131810158 ], [ 122.523303060735572, 10.861276201815121 ], [ 122.523110775722429, 10.862030912209038 ], [ 122.523069940317754, 10.862029372830941 ], [ 122.522665595076433, 10.862223064797329 ], [ 122.522424766973046, 10.862136179884883 ], [ 122.522336245872978, 10.862230857439551 ], [ 122.52224321976891, 10.862665263020235 ], [ 122.522759633819931, 10.862594974404685 ], [ 122.522663321736857, 10.862943565944544 ], [ 122.522664848819716, 10.863045829408238 ], [ 122.522785802598946, 10.863260485975196 ], [ 122.52276216572514, 10.863343749821086 ], [ 122.522746825876766, 10.863417823748682 ], [ 122.522719218598823, 10.863615260783881 ], [ 122.522680474078371, 10.863653885799531 ], [ 122.522524156115367, 10.863738081718026 ], [ 122.52242042534651, 10.863770771069825 ], [ 122.522715846263921, 10.86414314558561 ], [ 122.522818055333147, 10.864172508620483 ], [ 122.522824683987082, 10.86419529110915 ], [ 122.522601994575652, 10.864353919499139 ], [ 122.522591475733762, 10.864459007061443 ], [ 122.522862015916701, 10.864707312913826 ], [ 122.522824748054646, 10.864997960369772 ], [ 122.523033003437448, 10.865867521452143 ], [ 122.523029874186975, 10.865925011253804 ], [ 122.523015704319263, 10.865964194519153 ], [ 122.522958769686227, 10.86616382643011 ], [ 122.523077928627387, 10.866281213168296 ], [ 122.523093582185382, 10.866305017694172 ], [ 122.523098053991575, 10.866334246969705 ], [ 122.522970648895352, 10.866509820151403 ], [ 122.523359219813216, 10.866633019912147 ], [ 122.523329418062517, 10.866644747710314 ], [ 122.523238451953148, 10.866671834464757 ], [ 122.523118132427498, 10.866707661713702 ], [ 122.523141240522065, 10.866727849737373 ], [ 122.523175557526585, 10.866738049299016 ], [ 122.523228657943548, 10.866735411077261 ], [ 122.523505954298813, 10.866721633986256 ], [ 122.523561540687041, 10.866718872252411 ], [ 122.523595646512305, 10.866717177751024 ], [ 122.523608512832723, 10.866740969332065 ], [ 122.523509938958654, 10.866886457637047 ], [ 122.523356365182792, 10.86711312204025 ], [ 122.523352263452182, 10.867177909468282 ], [ 122.523351025004473, 10.867229931435656 ], [ 122.523333812725397, 10.867312000646432 ], [ 122.523323467776706, 10.867332946319177 ], [ 122.523296431551245, 10.86734833800053 ], [ 122.523265716906209, 10.867357323256055 ], [ 122.523122276934785, 10.867416900744823 ], [ 122.523018919476243, 10.867610840765067 ], [ 122.522982244769054, 10.867684604790812 ], [ 122.522906764844052, 10.867721678168849 ], [ 122.52282109733693, 10.867753227675436 ], [ 122.522815294705808, 10.867791536964567 ], [ 122.522885424225166, 10.868029181582644 ], [ 122.522902006956784, 10.868052990427973 ], [ 122.523101151013591, 10.868157056627437 ], [ 122.523107432197548, 10.868194509191758 ], [ 122.523036521684716, 10.868244382520174 ], [ 122.522811059408482, 10.868347392250651 ], [ 122.522751553244717, 10.868354418371624 ], [ 122.522625330678267, 10.868331013697382 ], [ 122.522520455829493, 10.868311359076399 ], [ 122.522459167478573, 10.868305598139534 ], [ 122.522390364837591, 10.868313493826744 ], [ 122.522342871875296, 10.868331528805113 ], [ 122.522282284547444, 10.86836410728441 ], [ 122.522192862359503, 10.868402028549699 ], [ 122.522158338830167, 10.868426513046726 ], [ 122.522146113824789, 10.868451101015973 ], [ 122.522139430864172, 10.868481191302161 ], [ 122.522139246210173, 10.868512224510145 ], [ 122.522140001523724, 10.868541436546762 ], [ 122.522132427471533, 10.868565133331149 ], [ 122.522099680662876, 10.868603317564395 ], [ 122.522049259107121, 10.868645070835569 ], [ 122.521328506503465, 10.868914642302476 ], [ 122.521333923571916, 10.868941137683244 ], [ 122.521352250335127, 10.868984122802271 ], [ 122.521537419851356, 10.869250597563809 ], [ 122.521563168658801, 10.869295442661363 ], [ 122.521591156085265, 10.869432487565749 ], [ 122.521604853668819, 10.869472712880851 ], [ 122.521681567664871, 10.86954061372605 ], [ 122.521745208982523, 10.869619407069139 ], [ 122.52170017186728, 10.869849215162739 ], [ 122.521660752677477, 10.869915664125456 ], [ 122.521430235638803, 10.870087106783673 ], [ 122.521431936291179, 10.870113584906484 ], [ 122.521739059591027, 10.87080871322949 ], [ 122.521737907743002, 10.870846131306127 ], [ 122.521708062049242, 10.870865160853015 ], [ 122.52152120171462, 10.870882548682014 ], [ 122.521408838832997, 10.870871986552135 ], [ 122.521192670745137, 10.870818042321648 ], [ 122.520967493975562, 10.870872675294924 ], [ 122.520887377702465, 10.871220067143295 ], [ 122.520842350848099, 10.871291966532031 ], [ 122.520772015028982, 10.8714011717639 ], [ 122.520706520419907, 10.871477539881242 ], [ 122.520537372647681, 10.871484968949504 ], [ 122.520451654900427, 10.871524732400319 ], [ 122.520362215235409, 10.871565391298001 ], [ 122.520301930978192, 10.871601131297446 ], [ 122.520233852227776, 10.87164435588311 ], [ 122.520170309808194, 10.871686093378544 ], [ 122.520123408641425, 10.871717397674496 ], [ 122.519953620667494, 10.871839147808583 ], [ 122.519882569739082, 10.871894149048853 ], [ 122.519804666444003, 10.871922005025997 ], [ 122.519744478804469, 10.871937065472165 ], [ 122.519666605413519, 10.871946269414996 ], [ 122.519483568755248, 10.87197935414682 ], [ 122.529302878530146, 10.879167254775558 ], [ 122.533873883372181, 10.873435158518362 ], [ 122.534587164934891, 10.873054079247213 ], [ 122.533727590372521, 10.872304572074112 ], [ 122.532483957085773, 10.871492252677776 ], [ 122.530602273846824, 10.869761104097943 ], [ 122.527615420397993, 10.86701319892502 ], [ 122.527045937066518, 10.865998806740825 ], [ 122.525456446649599, 10.863167526935701 ], [ 122.524936125701814, 10.86224070524746 ], [ 122.523127776403513, 10.859019583059856 ], [ 122.522846335993407, 10.858518267329355 ], [ 122.522486637411831, 10.857877554230903 ], [ 122.521918385724234, 10.856865355912403 ], [ 122.521916825132948, 10.856862576109163 ], [ 122.521586633408603, 10.85627442210016 ] ] ] ] } },
{ "type": "Feature", "properties": { "psgc": "0603012055", "admin_type": "Barangay", "region": "Region VI (Western Visayas)", "province": "Iloilo", "municity": "Cabatuan", "barangay": "Pungtod", "population": "1563" }, "geometry": { "type": "MultiPolygon", "coordinates": [ [ [ [ 122.50567849654449, 10.873341147788246 ], [ 122.505806667136085, 10.873083686920864 ], [ 122.506047888579133, 10.872615006829713 ], [ 122.506218734424579, 10.872267659445679 ], [ 122.506160386380628, 10.871394555517737 ], [ 122.506161934232779, 10.871192358331959 ], [ 122.506495558212009, 10.870440783171782 ], [ 122.506801290033522, 10.870124261472537 ], [ 122.507426594085118, 10.869495129621274 ], [ 122.507617677117636, 10.869156385695167 ], [ 122.507677440343002, 10.868750279178277 ], [ 122.507762283099268, 10.868603588273773 ], [ 122.508109527653843, 10.868472661546468 ], [ 122.508235038634055, 10.868161088281127 ], [ 122.508106385046361, 10.867492588428432 ], [ 122.508128447984149, 10.867416126638943 ], [ 122.50813517235126, 10.867362261419247 ], [ 122.508179665048942, 10.867278888129313 ], [ 122.508348351514599, 10.867162091916899 ], [ 122.508666534044025, 10.866350754379845 ], [ 122.508913392601031, 10.866355253962807 ], [ 122.508997863808602, 10.866355878557865 ], [ 122.509085053144361, 10.866316290575723 ], [ 122.509161830877858, 10.866242656042136 ], [ 122.509208747351309, 10.866132790379984 ], [ 122.509121664732803, 10.865958451070595 ], [ 122.508964685115131, 10.865910786612851 ], [ 122.508056939408959, 10.865706806768884 ], [ 122.507418981499058, 10.865453142667254 ], [ 122.507252926259937, 10.865401131948445 ], [ 122.507186336779071, 10.865215964423609 ], [ 122.495405667224802, 10.867881320596076 ], [ 122.496019311081866, 10.875731253738962 ], [ 122.49601413646316, 10.876570443751307 ], [ 122.496336902041676, 10.87642643402023 ], [ 122.496660386957913, 10.876279657090917 ], [ 122.496708633738635, 10.87629251633043 ], [ 122.497034420639807, 10.87669151033106 ], [ 122.496988504327476, 10.87721345227094 ], [ 122.497070147550659, 10.877237323631173 ], [ 122.497877611110965, 10.87673804398958 ], [ 122.498226308856857, 10.876432462260821 ], [ 122.498226603951153, 10.876318189485074 ], [ 122.498042508683625, 10.876059244533943 ], [ 122.498034225270146, 10.875671619647109 ], [ 122.497992137243884, 10.875431136222607 ], [ 122.497900212907211, 10.875433763610912 ], [ 122.497653890661013, 10.875542242902414 ], [ 122.49751111378832, 10.875462529747995 ], [ 122.497382211856447, 10.875402946011356 ], [ 122.497313761290044, 10.875304128129173 ], [ 122.497245306040796, 10.875207138597379 ], [ 122.497280793000954, 10.875127649030466 ], [ 122.497431604590645, 10.874972426784437 ], [ 122.497796109505003, 10.874759878673439 ], [ 122.497828595677603, 10.874404301335609 ], [ 122.498146476301699, 10.874269400081332 ], [ 122.498331551012484, 10.874508234106059 ], [ 122.498328498949675, 10.87461153322355 ], [ 122.498214271462416, 10.874981635276352 ], [ 122.498211320853187, 10.875045624549308 ], [ 122.498303155379972, 10.875077735989652 ], [ 122.498481678519283, 10.874977399003187 ], [ 122.498676004158924, 10.874869768184368 ], [ 122.49877633160277, 10.874848867354036 ], [ 122.498830457109833, 10.875102164344511 ], [ 122.499426888979471, 10.874962124706935 ], [ 122.50006571954286, 10.874221516828211 ], [ 122.500238142672558, 10.873965759622251 ], [ 122.500299312274876, 10.874007888319621 ], [ 122.500344604032378, 10.874086564663605 ], [ 122.500385161744887, 10.874200888346506 ], [ 122.50037659706696, 10.874375266615145 ], [ 122.500210548145304, 10.874946646343327 ], [ 122.500766017999041, 10.875209708886581 ], [ 122.500954699380486, 10.87513040933295 ], [ 122.501085395913009, 10.874853573519051 ], [ 122.501142297449661, 10.874750341239174 ], [ 122.501198987315135, 10.874729385392333 ], [ 122.501284360537838, 10.874746860955035 ], [ 122.501409319554369, 10.874787799021918 ], [ 122.501645336045939, 10.874735373844571 ], [ 122.50177417392878, 10.874702038465395 ], [ 122.501846694114633, 10.87465394950145 ], [ 122.501925239953849, 10.874627931608593 ], [ 122.502015772149718, 10.874605792634371 ], [ 122.502198934184918, 10.874593579517247 ], [ 122.502229260961414, 10.874434914852797 ], [ 122.502254443600719, 10.874342954710416 ], [ 122.502272717883017, 10.874270084472169 ], [ 122.502319161279146, 10.874139165309026 ], [ 122.502313749817603, 10.874131746181488 ], [ 122.502401995192983, 10.873999759756078 ], [ 122.502461875289242, 10.873934969130639 ], [ 122.502852472474018, 10.873817650387416 ], [ 122.503066847709661, 10.87390849152777 ], [ 122.503119884521055, 10.873903053939811 ], [ 122.503151053369876, 10.873834994154731 ], [ 122.503498976062772, 10.872763417159486 ], [ 122.503544882350923, 10.872744123692383 ], [ 122.503638871179987, 10.872733942894024 ], [ 122.5038298879184, 10.872701741046551 ], [ 122.503964038151608, 10.872680397242974 ], [ 122.504043746669154, 10.872643419435587 ], [ 122.50421620880428, 10.872523949391562 ], [ 122.504408356086884, 10.872395687876997 ], [ 122.504727333278453, 10.872154443863646 ], [ 122.505106379851412, 10.872575874129746 ], [ 122.505123542430013, 10.872598148299852 ], [ 122.505033083221633, 10.872833495484945 ], [ 122.504994902152532, 10.872882211588758 ], [ 122.504991673630698, 10.872946205984887 ], [ 122.505030835678014, 10.8733715020812 ], [ 122.505047782630953, 10.873403837838406 ], [ 122.505089434330003, 10.873453095055041 ], [ 122.505148980679863, 10.873533790257046 ], [ 122.505217788070368, 10.873615569412761 ], [ 122.50530916305317, 10.873684034468337 ], [ 122.505454875385652, 10.873729699333268 ], [ 122.505523885234751, 10.873715402188095 ], [ 122.505566268683921, 10.873643886493236 ], [ 122.505623494419766, 10.873529634283505 ], [ 122.50567849654449, 10.873341147788246 ] ] ] ] } },
{ "type": "Feature", "properties": { "psgc": "0603012041", "admin_type": "Barangay", "region": "Region VI (Western Visayas)", "province": "Iloilo", "municity": "Cabatuan", "barangay": "Pamul-Ogan", "population": "820" }, "geometry": { "type": "MultiPolygon", "coordinates": [ [ [ [ 122.480457265236865, 10.864364509150008 ], [ 122.484056680574383, 10.871861317318949 ], [ 122.484938683979948, 10.871730765989948 ], [ 122.485371848461554, 10.871548070405483 ], [ 122.485650318578067, 10.871426255697695 ], [ 122.485866900464842, 10.871334907461682 ], [ 122.486145317740466, 10.871243662757955 ], [ 122.486547458274728, 10.871122054550852 ], [ 122.48685674052507, 10.871061431458807 ], [ 122.487197097454853, 10.870909148351965 ], [ 122.487507007198673, 10.870481678825064 ], [ 122.487693402361728, 10.869962290785288 ], [ 122.487879535471606, 10.8695957550076 ], [ 122.488251695814711, 10.86892382400049 ], [ 122.488716711194499, 10.868190906178985 ], [ 122.489119524519651, 10.867671877930643 ], [ 122.489460449628126, 10.867183316596476 ], [ 122.489708413389152, 10.866816882438602 ], [ 122.489925146941985, 10.866633819607491 ], [ 122.490172745490383, 10.866481378527567 ], [ 122.490389270510406, 10.866420597352539 ], [ 122.490605691486223, 10.866420957028385 ], [ 122.491069346876515, 10.86648286826115 ], [ 122.491501462485829, 10.866911573611691 ], [ 122.491810117247596, 10.86721779137417 ], [ 122.492180555619228, 10.867554681800582 ], [ 122.492520388143078, 10.867708097565844 ], [ 122.493107767503659, 10.867739640029113 ], [ 122.493540611547331, 10.867740355486733 ], [ 122.493757653578413, 10.867373866788968 ], [ 122.493789035930135, 10.867098783190569 ], [ 122.493851232245689, 10.866884891666542 ], [ 122.493975108194931, 10.8667628137542 ], [ 122.494284591196333, 10.866579900815195 ], [ 122.494563001793352, 10.866488648141427 ], [ 122.49502717369549, 10.866244848198118 ], [ 122.495265651567877, 10.866100279487771 ], [ 122.495831846349105, 10.865757042749525 ], [ 122.49663646508742, 10.865299805596534 ], [ 122.497193436395534, 10.865025583929476 ], [ 122.497564903852378, 10.864751057275903 ], [ 122.497998256095585, 10.864446060839617 ], [ 122.498369619758975, 10.864232674228459 ], [ 122.498586295220463, 10.864080175485091 ], [ 122.49890736560036, 10.863851781563348 ], [ 122.49173430392382, 10.859881255961527 ], [ 122.488639295034901, 10.859708530820249 ], [ 122.484758633629426, 10.861957165937666 ], [ 122.484745612204776, 10.861964922724322 ], [ 122.480457265236865, 10.864364509150008 ] ] ] ] } },
{ "type": "Feature", "properties": { "psgc": "0603012017", "admin_type": "Barangay", "region": "Region VI (Western Visayas)", "province": "Iloilo", "municity": "Cabatuan", "barangay": "Gaub", "population": "1455" }, "geometry": { "type": "MultiPolygon", "coordinates": [ [ [ [ 122.484611493400166, 10.847751896184027 ], [ 122.484745411670673, 10.848044875625556 ], [ 122.485144292851615, 10.849212391937627 ], [ 122.488639295034901, 10.859708530820249 ], [ 122.49173430392382, 10.859881255961527 ], [ 122.497243244902421, 10.850854670317682 ], [ 122.498383585166053, 10.840264609806773 ], [ 122.498392081137354, 10.840183838895166 ], [ 122.505420777952565, 10.828387085960847 ], [ 122.501407018650738, 10.83205968397318 ], [ 122.500828947811996, 10.832571017723124 ], [ 122.499563785752045, 10.833714127670104 ], [ 122.497135534858529, 10.835908081309508 ], [ 122.496863344326357, 10.836154005407021 ], [ 122.493651955924108, 10.839055444108649 ], [ 122.487079559775282, 10.84499321185042 ], [ 122.487022034880056, 10.845057883951188 ], [ 122.486912818370669, 10.845180670002803 ], [ 122.484757580152788, 10.847603654971579 ], [ 122.484611493400166, 10.847751896184027 ] ] ] ] } },
{ "type": "Feature", "properties": { "psgc": "0603012005", "admin_type": "Barangay", "region": "Region VI (Western Visayas)", "province": "Iloilo", "municity": "Cabatuan", "barangay": "Ayaman", "population": "1952" }, "geometry": { "type": "MultiPolygon", "coordinates": [ [ [ [ 122.48128072960634, 10.896741829211365 ], [ 122.484751199408421, 10.895406338704547 ], [ 122.488059679547476, 10.894103971098923 ], [ 122.491360523096446, 10.893106170937678 ], [ 122.491494861883069, 10.893029971498553 ], [ 122.491492691297339, 10.892953408827911 ], [ 122.491436692947673, 10.892006020732923 ], [ 122.491436116565367, 10.89198686336252 ], [ 122.491449797065229, 10.891951535632151 ], [ 122.491564549901511, 10.891885098082698 ], [ 122.491605392635662, 10.891840201436866 ], [ 122.491629575321625, 10.891790463214512 ], [ 122.491612166891699, 10.891725430798299 ], [ 122.49123012528905, 10.891451795099172 ], [ 122.491122484007661, 10.891385231822964 ], [ 122.490707264934926, 10.89094326323648 ], [ 122.490709307421625, 10.890883119743901 ], [ 122.490779742374542, 10.890495892202296 ], [ 122.490840285063328, 10.890392063533527 ], [ 122.490934771094416, 10.890264192403976 ], [ 122.490983389166885, 10.890151043486682 ], [ 122.491058178514521, 10.890132252963118 ], [ 122.491075293426547, 10.890112483944458 ], [ 122.491422826283497, 10.890088290777404 ], [ 122.491470992692442, 10.890049900911849 ], [ 122.491515690904293, 10.889997775349777 ], [ 122.491545606481679, 10.889939928265997 ], [ 122.491526777240296, 10.889146351320457 ], [ 122.491528158895377, 10.889071607955701 ], [ 122.491407905933741, 10.88883159069294 ], [ 122.491373416583286, 10.888784504295009 ], [ 122.491365933498145, 10.888434249873635 ], [ 122.491360112748225, 10.888396767724785 ], [ 122.491171266217492, 10.888243118576511 ], [ 122.491183102953457, 10.888206847775795 ], [ 122.491736158702011, 10.887887073592413 ], [ 122.492444809275995, 10.887959271958058 ], [ 122.492601244656129, 10.887802361882033 ], [ 122.492607600922952, 10.887760527326137 ], [ 122.492628706363845, 10.887273077381247 ], [ 122.492903107488175, 10.887077137266267 ], [ 122.493046988610857, 10.886642829695855 ], [ 122.493184418087409, 10.886557628417647 ], [ 122.4932365067082, 10.886508363271336 ], [ 122.493249239654205, 10.886473931157225 ], [ 122.493235467117117, 10.885960359494602 ], [ 122.493241688496184, 10.885925816954581 ], [ 122.493278960847789, 10.885872653376348 ], [ 122.493342346713817, 10.885816285459919 ], [ 122.493373700852018, 10.885781257321542 ], [ 122.493373663321194, 10.885732931781538 ], [ 122.493199048624064, 10.885010567850987 ], [ 122.493209142443007, 10.884967884862769 ], [ 122.493387616102581, 10.884625342727215 ], [ 122.493416347884946, 10.884581152202401 ], [ 122.493425305464115, 10.884499242936426 ], [ 122.493422851672634, 10.884480965512219 ], [ 122.493419787678818, 10.884445353716984 ], [ 122.49342147581946, 10.8844043517614 ], [ 122.493433156664381, 10.884326135836536 ], [ 122.493446007382715, 10.884285323168337 ], [ 122.493455170922743, 10.884242624393352 ], [ 122.493456282536528, 10.884182465055213 ], [ 122.493397944630914, 10.884116738654797 ], [ 122.493329887382728, 10.884123790684241 ], [ 122.493075643243444, 10.88423618839153 ], [ 122.492974148761164, 10.884239937920338 ], [ 122.492928177034727, 10.884209980986324 ], [ 122.492820193454591, 10.884061351372193 ], [ 122.492861658131019, 10.883982728793786 ], [ 122.49313466719417, 10.883761234593495 ], [ 122.493188207672716, 10.883683728541538 ], [ 122.493275772380656, 10.883325967905195 ], [ 122.493271521706234, 10.883253864352529 ], [ 122.493203153804416, 10.883177026341338 ], [ 122.492793703357933, 10.882876485977249 ], [ 122.492866995071012, 10.882535807410415 ], [ 122.492929838574284, 10.882344214005327 ], [ 122.493240753515295, 10.882035614524971 ], [ 122.493256813321821, 10.881929589543176 ], [ 122.493223654369601, 10.88182715883368 ], [ 122.493203558275852, 10.881700061727901 ], [ 122.493711242424467, 10.881417308543964 ], [ 122.49369846230087, 10.881333187392668 ], [ 122.493681431737173, 10.881098220448077 ], [ 122.493656669360988, 10.880980259287627 ], [ 122.49364109909483, 10.88089796296477 ], [ 122.494156805395093, 10.880743204931729 ], [ 122.494715439168388, 10.880504395306769 ], [ 122.494771323027678, 10.880436816294729 ], [ 122.494812294388879, 10.880391158852809 ], [ 122.494817076680874, 10.88033722801268 ], [ 122.494819968823464, 10.880296093366242 ], [ 122.494666984490834, 10.880213623395484 ], [ 122.494478642414123, 10.880160362534605 ], [ 122.494411842317675, 10.880141080163845 ], [ 122.494394343744545, 10.880086206961138 ], [ 122.494412150797544, 10.8800222365776 ], [ 122.494440190001427, 10.8799509656599 ], [ 122.494491362652795, 10.879909892084521 ], [ 122.494570358559073, 10.879880738081299 ], [ 122.494949941708455, 10.879943382371348 ], [ 122.495020510218296, 10.879941643140482 ], [ 122.495105084023592, 10.879909753489221 ], [ 122.495228189697443, 10.87969873228279 ], [ 122.49516029365742, 10.879385995447301 ], [ 122.495216179570662, 10.879317502153894 ], [ 122.495267404154006, 10.879256316442536 ], [ 122.495591311999604, 10.878947730672266 ], [ 122.495641406609877, 10.878964249162726 ], [ 122.495891455828101, 10.879210480020884 ], [ 122.495936896316877, 10.879231563524284 ], [ 122.496008381292725, 10.879234396136916 ], [ 122.496391262292661, 10.878740304260042 ], [ 122.496378379722941, 10.878695492994385 ], [ 122.496333983722408, 10.878629615818339 ], [ 122.495969404131955, 10.878510312741286 ], [ 122.495918582397309, 10.878416087688054 ], [ 122.495893625117859, 10.878373089561389 ], [ 122.495903916390731, 10.878342934431503 ], [ 122.49595608570489, 10.878275350485037 ], [ 122.49600165865742, 10.878245239794813 ], [ 122.496051961531094, 10.878181310218062 ], [ 122.496087342650085, 10.878142959015079 ], [ 122.496113446211339, 10.878101853571014 ], [ 122.496523934273569, 10.878061231866592 ], [ 122.49661124074342, 10.878049457270443 ], [ 122.496647552608238, 10.878010192984418 ], [ 122.496620728859668, 10.877970849305063 ], [ 122.496527235492593, 10.877861943723463 ], [ 122.496289306532375, 10.877596530760425 ], [ 122.496208549140434, 10.877589115633519 ], [ 122.4961434856761, 10.877616459267939 ], [ 122.495953889676642, 10.877689355284382 ], [ 122.495837774866303, 10.877711149431418 ], [ 122.495702240464411, 10.877702750959592 ], [ 122.495681037393879, 10.877644216408937 ], [ 122.495679358118807, 10.877575650435846 ], [ 122.496012598012172, 10.877247877971463 ], [ 122.495998732634988, 10.877224091703807 ], [ 122.495852085314283, 10.877204709093336 ], [ 122.495271813006184, 10.877197578153725 ], [ 122.495197635576901, 10.877159088788929 ], [ 122.49521635175995, 10.87710243295658 ], [ 122.495234257971973, 10.877000066864138 ], [ 122.495284665053418, 10.876895913408866 ], [ 122.49601413646316, 10.876570443751307 ], [ 122.485065888068149, 10.878390261484718 ], [ 122.485805534088769, 10.882467382989285 ], [ 122.485718750238746, 10.882514705710086 ], [ 122.485571257370395, 10.882598833851738 ], [ 122.485403894121916, 10.882689858530915 ], [ 122.485263325172454, 10.882768541783005 ], [ 122.485124774054313, 10.882839045784342 ], [ 122.484937271367727, 10.882940892360624 ], [ 122.484740510336238, 10.883065279279936 ], [ 122.484603423284284, 10.883153651827854 ], [ 122.484481084468598, 10.883223905641053 ], [ 122.484347917355436, 10.883275089466261 ], [ 122.484217412865291, 10.883338261143416 ], [ 122.484122390541614, 10.883382036246145 ], [ 122.483987280825872, 10.883450556461643 ], [ 122.48383388958085, 10.88353081108442 ], [ 122.48370896592148, 10.883604478356315 ], [ 122.483668999842095, 10.883635428683133 ], [ 122.483642006858389, 10.883649754398363 ], [ 122.483486280463794, 10.883734906691346 ], [ 122.483203191348721, 10.883847370509239 ], [ 122.482937968867262, 10.88399485528211 ], [ 122.482668075678049, 10.884121080158781 ], [ 122.482615150632725, 10.884155045598249 ], [ 122.482382728136898, 10.884255403469357 ], [ 122.482128979321175, 10.8843797203441 ], [ 122.481914370638108, 10.884479179989304 ], [ 122.481775964212758, 10.884538017116018 ], [ 122.481686875148569, 10.884617508949145 ], [ 122.481643079038676, 10.884730212264683 ], [ 122.481619833189669, 10.884931897924503 ], [ 122.481615968093692, 10.884945472882629 ], [ 122.47929435167579, 10.888262372587793 ], [ 122.479049085217568, 10.888617615571297 ], [ 122.47910452027655, 10.888647121643293 ], [ 122.4790986956517, 10.888725740835103 ], [ 122.479107153503904, 10.888794794249561 ], [ 122.479117247718762, 10.888828713148968 ], [ 122.479456152364335, 10.888979756879419 ], [ 122.479467929096259, 10.889394499561044 ], [ 122.479030316044188, 10.889438235499757 ], [ 122.47897184530386, 10.889535114286542 ], [ 122.479500183157285, 10.890262798327688 ], [ 122.47934212225222, 10.890728222635785 ], [ 122.479039762188492, 10.890752106713935 ], [ 122.478885678857253, 10.890683280177678 ], [ 122.478745567380983, 10.890972444720884 ], [ 122.478526057245702, 10.890796753249765 ], [ 122.478447856570313, 10.89075633980714 ], [ 122.478101336973296, 10.890675044867843 ], [ 122.478069709791896, 10.890701398464985 ], [ 122.478282037344727, 10.891589967375236 ], [ 122.478273995356943, 10.891630007833713 ], [ 122.47805279704302, 10.891881403901328 ], [ 122.47801706487931, 10.891870027062899 ], [ 122.477151329112175, 10.891232784432539 ], [ 122.476469748690363, 10.891684747478413 ], [ 122.477170560114587, 10.892533260404571 ], [ 122.477162624226779, 10.892570554786138 ], [ 122.477131705284293, 10.892578601355416 ], [ 122.476278045418738, 10.892444106121463 ], [ 122.47622877957815, 10.89244690497782 ], [ 122.476219505049571, 10.892608380441267 ], [ 122.48128072960634, 10.896741829211365 ] ] ] ] } },
{ "type": "Feature", "properties": { "psgc": "0603012003", "admin_type": "Barangay", "region": "Region VI (Western Visayas)", "province": "Iloilo", "municity": "Cabatuan", "barangay": "Amurao", "population": "874" }, "geometry": { "type": "MultiPolygon", "coordinates": [ [ [ [ 122.462031735459931, 10.89822144878948 ], [ 122.468103824553111, 10.896108117372926 ], [ 122.47602572881182, 10.892445050669316 ], [ 122.476219505049571, 10.892608380441267 ], [ 122.47622877957815, 10.89244690497782 ], [ 122.476278045418738, 10.892444106121463 ], [ 122.477131705284293, 10.892578601355416 ], [ 122.477162624226779, 10.892570554786138 ], [ 122.477170560114587, 10.892533260404571 ], [ 122.476469748690363, 10.891684747478413 ], [ 122.477151329112175, 10.891232784432539 ], [ 122.47801706487931, 10.891870027062899 ], [ 122.47805279704302, 10.891881403901328 ], [ 122.478273995356943, 10.891630007833713 ], [ 122.478282037344727, 10.891589967375236 ], [ 122.478069709791896, 10.890701398464985 ], [ 122.478101336973296, 10.890675044867843 ], [ 122.478447856570313, 10.89075633980714 ], [ 122.478526057245702, 10.890796753249765 ], [ 122.478745567380983, 10.890972444720884 ], [ 122.478885678857253, 10.890683280177678 ], [ 122.479039762188492, 10.890752106713935 ], [ 122.47934212225222, 10.890728222635785 ], [ 122.479500183157285, 10.890262798327688 ], [ 122.47897184530386, 10.889535114286542 ], [ 122.479030316044188, 10.889438235499757 ], [ 122.479467929096259, 10.889394499561044 ], [ 122.479456152364335, 10.888979756879419 ], [ 122.479117247718762, 10.888828713148968 ], [ 122.479107153503904, 10.888794794249561 ], [ 122.4790986956517, 10.888725740835103 ], [ 122.47910452027655, 10.888647121643293 ], [ 122.479049085217568, 10.888617615571297 ], [ 122.470228099894697, 10.888428195679191 ], [ 122.468289437008465, 10.887805281704887 ], [ 122.468374900417203, 10.887228050792581 ], [ 122.468322830089846, 10.886644719752285 ], [ 122.468269442854549, 10.886732340313188 ], [ 122.468039263164286, 10.886930758925072 ], [ 122.46786674192083, 10.887015666983356 ], [ 122.46752144626538, 10.887327495619621 ], [ 122.467118591993867, 10.88769602891356 ], [ 122.466830954100487, 10.887894346483858 ], [ 122.466629602286176, 10.888036008866324 ], [ 122.466543214485284, 10.888149468881952 ], [ 122.466427794112533, 10.888433294129641 ], [ 122.466283746480471, 10.888660264101079 ], [ 122.465996107116624, 10.888858580806151 ], [ 122.465680094235239, 10.888858029185059 ], [ 122.465335454513095, 10.888800621941277 ], [ 122.465191964750744, 10.888715163282185 ], [ 122.464962391470692, 10.888572748784982 ], [ 122.464790427733163, 10.888345226966429 ], [ 122.464532330016951, 10.888089151724159 ], [ 122.464302910194846, 10.887861529118338 ], [ 122.464216928744051, 10.887747768051486 ], [ 122.463958526533247, 10.887662107652467 ], [ 122.463814935863937, 10.887633453482181 ], [ 122.463613837649618, 10.88763310109781 ], [ 122.463384011127388, 10.887632698211458 ], [ 122.463269097869642, 10.887632496703739 ], [ 122.463039220357288, 10.887660496102756 ], [ 122.462866697404479, 10.88774540125849 ], [ 122.462665446027202, 10.887830255873698 ], [ 122.462435313016798, 10.88800026751108 ], [ 122.4622913648316, 10.888170430402507 ], [ 122.462118432632082, 10.888482555413761 ], [ 122.461974381810236, 10.888709523204703 ], [ 122.461715212494852, 10.889049898940035 ], [ 122.461542228005271, 10.889390426088902 ], [ 122.461427007117535, 10.889560639054601 ], [ 122.461225447021903, 10.889815907824403 ], [ 122.460909433379925, 10.889815351241561 ], [ 122.460758299109457, 10.889815084939441 ], [ 122.460776464658338, 10.889941802859948 ], [ 122.460792029496645, 10.89005354650544 ], [ 122.460795728566296, 10.890104889524363 ], [ 122.46082324438153, 10.890149128768586 ], [ 122.460823107065124, 10.890225264793324 ], [ 122.460848643101528, 10.890301446056487 ], [ 122.460874224918641, 10.890352248642936 ], [ 122.460899760977441, 10.89042842990235 ], [ 122.460925342813198, 10.890479232485047 ], [ 122.460925205518507, 10.890555368509421 ], [ 122.460925068222707, 10.890631504533408 ], [ 122.460924930925955, 10.890707640557016 ], [ 122.460924747862009, 10.890809155254564 ], [ 122.460924610562827, 10.890885291277275 ], [ 122.460924473262651, 10.890961427299608 ], [ 122.460898708313607, 10.891012139412229 ], [ 122.460847315710197, 10.891037427608634 ], [ 122.460744530478323, 10.891088003974234 ], [ 122.460641836795986, 10.891087822958356 ], [ 122.460436082962985, 10.891290490196379 ], [ 122.460341974980494, 10.891341406254485 ], [ 122.460256351017406, 10.89136663396587 ], [ 122.460179330687836, 10.891366498081183 ], [ 122.460102310359261, 10.891366362177161 ], [ 122.460025290031723, 10.891366226253801 ], [ 122.459948269705151, 10.891366090311104 ], [ 122.459871249379631, 10.89136595434907 ], [ 122.459794213767069, 10.891374277924157 ], [ 122.459725720675181, 10.891391076148203 ], [ 122.459657212284256, 10.891416333912806 ], [ 122.459588703882474, 10.891441591661511 ], [ 122.459520195469779, 10.891466849394316 ], [ 122.459460229565337, 10.891500581786868 ], [ 122.459408821465829, 10.891534329288188 ], [ 122.459357413354994, 10.891568076780262 ], [ 122.459306005232804, 10.891601824263089 ], [ 122.459246023974558, 10.891644016166545 ], [ 122.459177484877671, 10.891686192929704 ], [ 122.459100387938818, 10.891728354546656 ], [ 122.459031833492958, 10.891778990830282 ], [ 122.458971836850097, 10.891829642231118 ], [ 122.458928940528295, 10.891888783444426 ], [ 122.458894617332689, 10.891939480231949 ], [ 122.458868836640406, 10.891998651706622 ], [ 122.458843055937464, 10.892057823178403 ], [ 122.458817244590335, 10.892133913756625 ], [ 122.458791433229237, 10.892210004331659 ], [ 122.45876562185417, 10.892286094903517 ], [ 122.458748383624922, 10.892353741058537 ], [ 122.458731145387276, 10.892421387211913 ], [ 122.458706754100234, 10.892558467983489 ], [ 122.459548036923223, 10.894018266650439 ], [ 122.459897378679713, 10.894609460392187 ], [ 122.462031735459931, 10.89822144878948 ] ] ] ] } },
{ "type": "Feature", "properties": { "psgc": "0603012024", "admin_type": "Barangay", "region": "Region VI (Western Visayas)", "province": "Iloilo", "municity": "Cabatuan", "barangay": "Ingas", "population": "246" }, "geometry": { "type": "MultiPolygon", "coordinates": [ [ [ [ 122.462031735459931, 10.89822144878948 ], [ 122.463140480497813, 10.900097786545897 ], [ 122.464575483643586, 10.904110630710962 ], [ 122.464799645240788, 10.9047374764151 ], [ 122.464872324707372, 10.904940717344738 ], [ 122.464999534727269, 10.905296447565679 ], [ 122.465450134299942, 10.905265537858476 ], [ 122.465873124519518, 10.905296146829306 ], [ 122.46611481037371, 10.905326438503719 ], [ 122.466205462613061, 10.90532659687535 ], [ 122.466386553524032, 10.905446390423442 ], [ 122.466507316467869, 10.905506339918221 ], [ 122.466779220016562, 10.90553668383496 ], [ 122.466990848748651, 10.905477314427284 ], [ 122.467051336940884, 10.905447550615563 ], [ 122.467081714341774, 10.905357995643216 ], [ 122.467112251682565, 10.905178832990885 ], [ 122.467203490297777, 10.904850429578707 ], [ 122.467294355606782, 10.904731110713664 ], [ 122.467445495685752, 10.9047015048278 ], [ 122.467657230234011, 10.904582396464347 ], [ 122.467808636442612, 10.904403444243611 ], [ 122.46786928405831, 10.904284072562266 ], [ 122.467990313006467, 10.904194675312215 ], [ 122.468352867521659, 10.904225175586761 ], [ 122.468503741382747, 10.904344915330107 ], [ 122.468745320534751, 10.904434943377087 ], [ 122.468956788757964, 10.9044651802592 ], [ 122.469138039686811, 10.904495364505893 ], [ 122.469258855961783, 10.904525443690732 ], [ 122.469319184464865, 10.904585287121598 ], [ 122.469500488591066, 10.904585601920735 ], [ 122.469621358011551, 10.90458581172723 ], [ 122.469712222305844, 10.904466492093794 ], [ 122.469712487586492, 10.904317145896181 ], [ 122.469622100922876, 10.904167642379681 ], [ 122.469591989743464, 10.904107851455713 ], [ 122.469561984714204, 10.903988322050072 ], [ 122.469592414272299, 10.903868897537867 ], [ 122.469652954957084, 10.903809263941501 ], [ 122.469743712889297, 10.903749682762921 ], [ 122.470015827407593, 10.903660546781873 ], [ 122.470166966736485, 10.903630939513299 ], [ 122.470408704835322, 10.903631358516591 ], [ 122.470559738184221, 10.903661489541927 ], [ 122.47080152926695, 10.903632038990246 ], [ 122.470892392799811, 10.903512718963629 ], [ 122.470922927636437, 10.903333555793495 ], [ 122.470953409505299, 10.903184261864457 ], [ 122.471134871555108, 10.903094967910105 ], [ 122.47125589909227, 10.90300556929467 ], [ 122.471256216460787, 10.90282635379509 ], [ 122.47125663961026, 10.902587399792353 ], [ 122.471287438553375, 10.902258890304251 ], [ 122.47131776145261, 10.90219920406995 ], [ 122.471469111416923, 10.902050119105489 ], [ 122.471681053960637, 10.901811530761206 ], [ 122.471741752334339, 10.901662288941075 ], [ 122.471742122211126, 10.901453204156365 ], [ 122.471621518267, 10.901303648972076 ], [ 122.471561348478943, 10.901154198226697 ], [ 122.471561665609471, 10.900974982696381 ], [ 122.47165268652715, 10.900766054603555 ], [ 122.471773712944653, 10.900676655718557 ], [ 122.471985284559551, 10.900647151892121 ], [ 122.472257131724064, 10.90070736003517 ], [ 122.472589518479737, 10.900707933696458 ], [ 122.472982602770927, 10.900559264881203 ], [ 122.473194384980332, 10.90041028315405 ], [ 122.473557567581608, 10.900082345893333 ], [ 122.473437068540292, 10.899873052860547 ], [ 122.473467548732444, 10.899723758572353 ], [ 122.473618791081535, 10.899634410949137 ], [ 122.473800144960961, 10.899604853795489 ], [ 122.473921222904011, 10.89948558473421 ], [ 122.474072727984705, 10.899246890520637 ], [ 122.474193647923244, 10.899217229151597 ], [ 122.474344994945213, 10.899068142600303 ], [ 122.474315146113881, 10.898859005737396 ], [ 122.474134318595688, 10.898589870499896 ], [ 122.474104312178994, 10.898470341436655 ], [ 122.474165218936946, 10.898201621923098 ], [ 122.474346624466421, 10.898142195126109 ], [ 122.474709225217609, 10.898142818303885 ], [ 122.474920584815195, 10.898232789457087 ], [ 122.475101885259647, 10.898233100762713 ], [ 122.475252968967595, 10.898233360102173 ], [ 122.47537420315885, 10.898024482565354 ], [ 122.475495437176349, 10.89781560496986 ], [ 122.475586506776096, 10.897576806211205 ], [ 122.475737799848929, 10.897457588167606 ], [ 122.475798495252945, 10.897308345365873 ], [ 122.475829078777068, 10.897099312183881 ], [ 122.475859714657361, 10.896860409709928 ], [ 122.476162299728358, 10.896621973216886 ], [ 122.476404241803422, 10.896502910078576 ], [ 122.47661601945876, 10.896353925734829 ], [ 122.476706878409999, 10.896234603716236 ], [ 122.476707087681049, 10.896115126558204 ], [ 122.476586326199524, 10.896055181127355 ], [ 122.476465617108914, 10.895965366362224 ], [ 122.476284632147696, 10.89578584019845 ], [ 122.476164080365848, 10.895606417458437 ], [ 122.476164237472474, 10.895516809594124 ], [ 122.476164499313825, 10.895367463152422 ], [ 122.476164604049288, 10.895307724575332 ], [ 122.476225141674988, 10.895248089505222 ], [ 122.476285679276572, 10.895188454421804 ], [ 122.476225455839753, 10.89506887377008 ], [ 122.476134806557937, 10.895068718507401 ], [ 122.475893075146445, 10.895068304342601 ], [ 122.475802583076472, 10.894978541119414 ], [ 122.475742412282642, 10.894829091094619 ], [ 122.475712405521804, 10.89470956214695 ], [ 122.475712615159466, 10.894590084996057 ], [ 122.475622018448078, 10.894560060301092 ], [ 122.475561900243207, 10.894380740957379 ], [ 122.475501782105766, 10.894201421603125 ], [ 122.475532260566453, 10.894052126979219 ], [ 122.475623224021518, 10.893873066673837 ], [ 122.47583494772546, 10.893753952065499 ], [ 122.47586526879779, 10.893694265265523 ], [ 122.475865373576454, 10.893634526684735 ], [ 122.475774934325443, 10.893514894175267 ], [ 122.475714816207557, 10.893335574854756 ], [ 122.475775563085662, 10.893156462687982 ], [ 122.475836257497704, 10.893007219795265 ], [ 122.476017869029391, 10.892828314656732 ], [ 122.476138995620659, 10.89267917520424 ], [ 122.476219505049571, 10.892608380441267 ], [ 122.47602572881182, 10.892445050669316 ], [ 122.468103824553111, 10.896108117372926 ], [ 122.462031735459931, 10.89822144878948 ] ] ] ] } },
{ "type": "Feature", "properties": { "psgc": "0603012007", "admin_type": "Barangay", "region": "Region VI (Western Visayas)", "province": "Iloilo", "municity": "Cabatuan", "barangay": "Bacan", "population": "1735" }, "geometry": { "type": "MultiPolygon", "coordinates": [ [ [ [ 122.453463077010767, 10.882696353544008 ], [ 122.455104665398608, 10.886171631088459 ], [ 122.45546209546643, 10.886928318146948 ], [ 122.456292319445382, 10.88836892744578 ], [ 122.457573170985782, 10.890591468213435 ], [ 122.457940455627039, 10.891228782580319 ], [ 122.458705282237702, 10.892564971495428 ], [ 122.458722464985399, 10.892489048505322 ], [ 122.458731145387276, 10.892421387211913 ], [ 122.458748383624922, 10.892353741058537 ], [ 122.45876562185417, 10.892286094903517 ], [ 122.458791433229237, 10.892210004331659 ], [ 122.458817244590335, 10.892133913756625 ], [ 122.458843055937464, 10.892057823178403 ], [ 122.458868836640406, 10.891998651706622 ], [ 122.458894617332689, 10.891939480231949 ], [ 122.458928940528295, 10.891888783444426 ], [ 122.458971836850097, 10.891829642231118 ], [ 122.459031833492958, 10.891778990830282 ], [ 122.459100387938818, 10.891728354546656 ], [ 122.459177484877671, 10.891686192929704 ], [ 122.459246023974558, 10.891644016166545 ], [ 122.459306005232804, 10.891601824263089 ], [ 122.459357413354994, 10.891568076780262 ], [ 122.459408821465829, 10.891534329288188 ], [ 122.459460229565337, 10.891500581786868 ], [ 122.459520195469779, 10.891466849394316 ], [ 122.459588703882474, 10.891441591661511 ], [ 122.459657212284256, 10.891416333912806 ], [ 122.459725720675181, 10.891391076148203 ], [ 122.459794213767069, 10.891374277924157 ], [ 122.459871249379631, 10.89136595434907 ], [ 122.459948269705151, 10.891366090311104 ], [ 122.460025290031723, 10.891366226253801 ], [ 122.460102310359261, 10.891366362177161 ], [ 122.460179330687836, 10.891366498081183 ], [ 122.460256351017406, 10.89136663396587 ], [ 122.460341974980494, 10.891341406254485 ], [ 122.460436082962985, 10.891290490196379 ], [ 122.460641836795986, 10.891087822958356 ], [ 122.460744530478323, 10.891088003974234 ], [ 122.460847315710197, 10.891037427608634 ], [ 122.460898708313607, 10.891012139412229 ], [ 122.460924473262651, 10.890961427299608 ], [ 122.460924610562827, 10.890885291277275 ], [ 122.460924747862009, 10.890809155254564 ], [ 122.460924930925955, 10.890707640557016 ], [ 122.460925068222707, 10.890631504533408 ], [ 122.460925205518507, 10.890555368509421 ], [ 122.460925342813198, 10.890479232485047 ], [ 122.460899760977441, 10.89042842990235 ], [ 122.460874224918641, 10.890352248642936 ], [ 122.460848643101528, 10.890301446056487 ], [ 122.460823107065124, 10.890225264793324 ], [ 122.46082324438153, 10.890149128768586 ], [ 122.460795728566296, 10.890104889524363 ], [ 122.460792029496645, 10.89005354650544 ], [ 122.460776464658338, 10.889941802859948 ], [ 122.460758299109457, 10.889815084939441 ], [ 122.460909433379925, 10.889815351241561 ], [ 122.461225447021903, 10.889815907824403 ], [ 122.461427007117535, 10.889560639054601 ], [ 122.461542228005271, 10.889390426088902 ], [ 122.461715212494852, 10.889049898940035 ], [ 122.461974381810236, 10.888709523204703 ], [ 122.462118432632082, 10.888482555413761 ], [ 122.4622913648316, 10.888170430402507 ], [ 122.462435313016798, 10.88800026751108 ], [ 122.462665446027202, 10.887830255873698 ], [ 122.462866697404479, 10.88774540125849 ], [ 122.463039220357288, 10.887660496102756 ], [ 122.463269097869642, 10.887632496703739 ], [ 122.463384011127388, 10.887632698211458 ], [ 122.463613837649618, 10.88763310109781 ], [ 122.463814935863937, 10.887633453482181 ], [ 122.463958526533247, 10.887662107652467 ], [ 122.464216928744051, 10.887747768051486 ], [ 122.464302910194846, 10.887861529118338 ], [ 122.464532330016951, 10.888089151724159 ], [ 122.464790427733163, 10.888345226966429 ], [ 122.464962391470692, 10.888572748784982 ], [ 122.465191964750744, 10.888715163282185 ], [ 122.465335454513095, 10.888800621941277 ], [ 122.465680094235239, 10.888858029185059 ], [ 122.465996107116624, 10.888858580806151 ], [ 122.466283746480471, 10.888660264101079 ], [ 122.466427794112533, 10.888433294129641 ], [ 122.466543214485284, 10.888149468881952 ], [ 122.466629602286176, 10.888036008866324 ], [ 122.466830954100487, 10.887894346483858 ], [ 122.467118591993867, 10.88769602891356 ], [ 122.46752144626538, 10.887327495619621 ], [ 122.46786674192083, 10.887015666983356 ], [ 122.468039263164286, 10.886930758925072 ], [ 122.468269442854549, 10.886732340313188 ], [ 122.468322830089846, 10.886644719752285 ], [ 122.468355880086406, 10.886590477180496 ], [ 122.468442721119047, 10.886221393448734 ], [ 122.468500833748791, 10.885852259790255 ], [ 122.468501136612858, 10.885681844355103 ], [ 122.468530419972666, 10.885369465933206 ], [ 122.468730480014727, 10.8851506971658 ], [ 122.469015770636062, 10.88498685956386 ], [ 122.469538351588497, 10.884940813419862 ], [ 122.47010822423951, 10.885012228704394 ], [ 122.470583180695058, 10.88503652661081 ], [ 122.47098701211479, 10.88499027259104 ], [ 122.471391092387606, 10.884803161886138 ], [ 122.471700131210937, 10.884639362712225 ], [ 122.472128043328865, 10.88440533991996 ], [ 122.472318456378787, 10.884170907203218 ], [ 122.472485284914555, 10.883842529305721 ], [ 122.472487566396367, 10.883825471493202 ], [ 122.472605480106296, 10.883516533381234 ], [ 122.472779519192727, 10.883162553466512 ], [ 122.472985901952015, 10.882849894065705 ], [ 122.473271394878921, 10.882568672086855 ], [ 122.473564597276081, 10.88240484361153 ], [ 122.473952633018214, 10.882335082229918 ], [ 122.474332449521512, 10.882437464386943 ], [ 122.474743657795628, 10.882696407357182 ], [ 122.475052061044281, 10.88289257057912 ], [ 122.475337181595279, 10.882822630983618 ], [ 122.47548800829162, 10.882588128270672 ], [ 122.475575639366298, 10.882275263512252 ], [ 122.475576064623695, 10.88203267770955 ], [ 122.47548966843577, 10.881641261116132 ], [ 122.475261035488771, 10.88110091870867 ], [ 122.47491817517674, 10.880455106250762 ], [ 122.474632331943752, 10.879947568115448 ], [ 122.474488991708768, 10.879656319126113 ], [ 122.47445103368193, 10.879340064679612 ], [ 122.474452003028446, 10.879025834153651 ], [ 122.474480017910906, 10.878737003499076 ], [ 122.47455173951171, 10.878351087333336 ], [ 122.47469438130473, 10.878035481727443 ], [ 122.47484882232196, 10.877743292584418 ], [ 122.475003160426908, 10.877509593967613 ], [ 122.475173282678682, 10.87734643538163 ], [ 122.475347216237765, 10.877230031271493 ], [ 122.469449988140255, 10.879975765010862 ], [ 122.466098735218466, 10.881617379530562 ], [ 122.464128271561592, 10.881609652469676 ], [ 122.460900899977005, 10.876940229180645 ], [ 122.45597951696169, 10.880730626506015 ], [ 122.455486422432102, 10.881111425520382 ], [ 122.455187655915111, 10.881334583464572 ], [ 122.454404532242322, 10.882007234587583 ], [ 122.453755922323211, 10.882521099979218 ], [ 122.453463077010767, 10.882696353544008 ] ] ] ] } },
{ "type": "Feature", "properties": { "psgc": "0603012060", "admin_type": "Barangay", "region": "Region VI (Western Visayas)", "province": "Iloilo", "municity": "Cabatuan", "barangay": "Tabucan", "population": "2014" }, "geometry": { "type": "MultiPolygon", "coordinates": [ [ [ [ 122.49890736560036, 10.863851781563348 ], [ 122.498586295220463, 10.864080175485091 ], [ 122.498369619758975, 10.864232674228459 ], [ 122.497998256095585, 10.864446060839617 ], [ 122.497564903852378, 10.864751057275903 ], [ 122.497193436395534, 10.865025583929476 ], [ 122.49663646508742, 10.865299805596534 ], [ 122.495831846349105, 10.865757042749525 ], [ 122.495265651567877, 10.866100279487771 ], [ 122.495405667224802, 10.867881320596076 ], [ 122.507186336779071, 10.865215964423609 ], [ 122.50715425086382, 10.865122184826765 ], [ 122.507292799700679, 10.864662964930647 ], [ 122.507571481583412, 10.864663030560912 ], [ 122.508002162858986, 10.865126206887918 ], [ 122.508150567863908, 10.865120291627813 ], [ 122.508864763631237, 10.864551616993333 ], [ 122.508840349048612, 10.864261436930848 ], [ 122.505133064177912, 10.860064131153443 ], [ 122.504823643510932, 10.859718335817593 ], [ 122.504398256122315, 10.859264685648039 ], [ 122.497243244902421, 10.850854670317682 ], [ 122.49173430392382, 10.859881255961527 ], [ 122.49890736560036, 10.863851781563348 ] ] ] ] } },
{ "type": "Feature", "properties": { "psgc": "0603012044", "admin_type": "Barangay", "region": "Region VI (Western Visayas)", "province": "Iloilo", "municity": "Cabatuan", "barangay": "Poblacion", "population": "4015" }, "geometry": { "type": "MultiPolygon", "coordinates": [ [ [ [ 122.477346175930009, 10.882355078609658 ], [ 122.477878510365628, 10.883056536032635 ], [ 122.481615968093692, 10.884945472882629 ], [ 122.481619833189669, 10.884931897924503 ], [ 122.481643079038676, 10.884730212264683 ], [ 122.481686875148569, 10.884617508949145 ], [ 122.481775964212758, 10.884538017116018 ], [ 122.481914370638108, 10.884479179989304 ], [ 122.482128979321175, 10.8843797203441 ], [ 122.482382728136898, 10.884255403469357 ], [ 122.482615150632725, 10.884155045598249 ], [ 122.482668075678049, 10.884121080158781 ], [ 122.482937968867262, 10.88399485528211 ], [ 122.483203191348721, 10.883847370509239 ], [ 122.483486280463794, 10.883734906691346 ], [ 122.483642006858389, 10.883649754398363 ], [ 122.483668999842095, 10.883635428683133 ], [ 122.48370896592148, 10.883604478356315 ], [ 122.48383388958085, 10.88353081108442 ], [ 122.483987280825872, 10.883450556461643 ], [ 122.484122390541614, 10.883382036246145 ], [ 122.484217412865291, 10.883338261143416 ], [ 122.484347917355436, 10.883275089466261 ], [ 122.484481084468598, 10.883223905641053 ], [ 122.484603423284284, 10.883153651827854 ], [ 122.484740510336238, 10.883065279279936 ], [ 122.484937271367727, 10.882940892360624 ], [ 122.485124774054313, 10.882839045784342 ], [ 122.485263325172454, 10.882768541783005 ], [ 122.485403894121916, 10.882689858530915 ], [ 122.485571257370395, 10.882598833851738 ], [ 122.485718750238746, 10.882514705710086 ], [ 122.485805534088769, 10.882467382989285 ], [ 122.485065888068149, 10.878390261484718 ], [ 122.488300878411493, 10.874890617802127 ], [ 122.484056680574383, 10.871861317318949 ], [ 122.483933650528243, 10.872442520185386 ], [ 122.483584899394017, 10.872921835097198 ], [ 122.483112464111201, 10.873342960665223 ], [ 122.482782112459688, 10.873568809538737 ], [ 122.482185693867805, 10.874021676851445 ], [ 122.481253947358098, 10.874497610436038 ], [ 122.48090480867738, 10.874808226848605 ], [ 122.48053869126187, 10.87522623950006 ], [ 122.480282632613978, 10.875555222095878 ], [ 122.479955441209825, 10.875961220200885 ], [ 122.479738635119119, 10.876274465376971 ], [ 122.479464827648073, 10.876606110416652 ], [ 122.479347834430669, 10.876758054230965 ], [ 122.478958294313742, 10.877616552303827 ], [ 122.478737654270958, 10.878233102128352 ], [ 122.478470234188293, 10.878864812560758 ], [ 122.47829679372137, 10.879245093630965 ], [ 122.478114823316346, 10.879549759191267 ], [ 122.477806260390537, 10.879915951265371 ], [ 122.477549163720965, 10.880083682577526 ], [ 122.477205654273419, 10.880113615861902 ], [ 122.477346175930009, 10.882355078609658 ] ] ] ] } },
{ "type": "Feature", "properties": { "psgc": "0603012062", "admin_type": "Barangay", "region": "Region VI (Western Visayas)", "province": "Iloilo", "municity": "Cabatuan", "barangay": "Talanghauan", "population": "1288" }, "geometry": { "type": "MultiPolygon", "coordinates": [ [ [ [ 122.521283582966049, 10.851806759820764 ], [ 122.521120754674712, 10.850512775440777 ], [ 122.520103076079891, 10.849861335201041 ], [ 122.519472756357445, 10.849457852575783 ], [ 122.519084763510165, 10.8487521623364 ], [ 122.516175196767932, 10.843460175988643 ], [ 122.513098992852974, 10.837865106150735 ], [ 122.511127515611463, 10.83427933838141 ], [ 122.510598049164329, 10.833316332732091 ], [ 122.510050918820355, 10.832321199584362 ], [ 122.509082069369924, 10.831631073718418 ], [ 122.507631512460009, 10.830597820468286 ], [ 122.50640466787074, 10.829370975879014 ], [ 122.505420777952565, 10.828387085960847 ], [ 122.498392081137354, 10.840183838895166 ], [ 122.507619697503699, 10.849661018472332 ], [ 122.507644779341632, 10.849677995574922 ], [ 122.507623149325397, 10.849665037854622 ], [ 122.512323972522452, 10.856291809564169 ], [ 122.51298418714876, 10.85642500512359 ], [ 122.513476526303435, 10.856425786262726 ], [ 122.514495640265721, 10.856879152893796 ], [ 122.515058314565294, 10.856880042832783 ], [ 122.515340044965654, 10.85663723681515 ], [ 122.515621774913754, 10.856394430516017 ], [ 122.515657896314536, 10.855803734522404 ], [ 122.516116020979581, 10.855213704301818 ], [ 122.516679140397713, 10.854936590369999 ], [ 122.517206644315962, 10.854937420827794 ], [ 122.518260758996007, 10.855495080702857 ], [ 122.518859434443428, 10.854974767182227 ], [ 122.519353052773269, 10.85417628625286 ], [ 122.519388832254009, 10.853794090091419 ], [ 122.519776390548174, 10.853342944204702 ], [ 122.520421317846569, 10.853137321293843 ], [ 122.521283582966049, 10.851806759820764 ] ] ] ] } },
{ "type": "Feature", "properties": { "psgc": "0603012010", "admin_type": "Barangay", "region": "Region VI (Western Visayas)", "province": "Iloilo", "municity": "Cabatuan", "barangay": "Banguit", "population": "1534" }, "geometry": { "type": "MultiPolygon", "coordinates": [ [ [ [ 122.49601413646316, 10.876570443751307 ], [ 122.496019311081866, 10.875731253738962 ], [ 122.495405667224802, 10.867881320596076 ], [ 122.495265651567877, 10.866100279487771 ], [ 122.49502717369549, 10.866244848198118 ], [ 122.494563001793352, 10.866488648141427 ], [ 122.494284591196333, 10.866579900815195 ], [ 122.493975108194931, 10.8667628137542 ], [ 122.493851232245689, 10.866884891666542 ], [ 122.493789035930135, 10.867098783190569 ], [ 122.493757653578413, 10.867373866788968 ], [ 122.493540611547331, 10.867740355486733 ], [ 122.493107767503659, 10.867739640029113 ], [ 122.492520388143078, 10.867708097565844 ], [ 122.492180555619228, 10.867554681800582 ], [ 122.491810117247596, 10.86721779137417 ], [ 122.491501462485829, 10.866911573611691 ], [ 122.491069346876515, 10.86648286826115 ], [ 122.490605691486223, 10.866420957028385 ], [ 122.490389270510406, 10.866420597352539 ], [ 122.490172745490383, 10.866481378527567 ], [ 122.489925146941985, 10.866633819607491 ], [ 122.489708413389152, 10.866816882438602 ], [ 122.489460449628126, 10.867183316596476 ], [ 122.489119524519651, 10.867671877930643 ], [ 122.488716711194499, 10.868190906178985 ], [ 122.488251695814711, 10.86892382400049 ], [ 122.487879535471606, 10.8695957550076 ], [ 122.487693402361728, 10.869962290785288 ], [ 122.487507007198673, 10.870481678825064 ], [ 122.487197097454853, 10.870909148351965 ], [ 122.48685674052507, 10.871061431458807 ], [ 122.486547458274728, 10.871122054550852 ], [ 122.486145317740466, 10.871243662757955 ], [ 122.485866900464842, 10.871334907461682 ], [ 122.485650318578067, 10.871426255697695 ], [ 122.485371848461554, 10.871548070405483 ], [ 122.484938683979948, 10.871730765989948 ], [ 122.484056680574383, 10.871861317318949 ], [ 122.488300878411493, 10.874890617802127 ], [ 122.485065888068149, 10.878390261484718 ], [ 122.49601413646316, 10.876570443751307 ] ] ] ] } },
{ "type": "Feature", "properties": { "psgc": "0603012043", "admin_type": "Barangay", "region": "Region VI (Western Visayas)", "province": "Iloilo", "municity": "Cabatuan", "barangay": "Pamuringao Garrido", "population": "547" }, "geometry": { "type": "MultiPolygon", "coordinates": [ [ [ [ 122.466932229456745, 10.874552504929005 ], [ 122.461006534212743, 10.876858868828295 ], [ 122.460900899977005, 10.876940229180645 ], [ 122.464128271561592, 10.881609652469676 ], [ 122.466098735218466, 10.881617379530562 ], [ 122.469449988140255, 10.879975765010862 ], [ 122.469262455668044, 10.879451598249705 ], [ 122.469439800893056, 10.879136299752458 ], [ 122.4693766785104, 10.878846713282542 ], [ 122.469137366203597, 10.878629158912942 ], [ 122.469436392701567, 10.876563913891571 ], [ 122.468275791017604, 10.876736990724748 ], [ 122.46831758876597, 10.877009897460301 ], [ 122.46806968175909, 10.877079941762037 ], [ 122.467708124782447, 10.87605140535875 ], [ 122.467558035360355, 10.875624390927358 ], [ 122.471099500872114, 10.873547818536975 ], [ 122.47022743066762, 10.872113392810276 ], [ 122.468345414159643, 10.87353332159414 ], [ 122.466932229456745, 10.874552504929005 ] ] ] ] } },
{ "type": "Feature", "properties": { "psgc": "0603012065", "admin_type": "Barangay", "region": "Region VI (Western Visayas)", "province": "Iloilo", "municity": "Cabatuan", "barangay": "Tiring", "population": "2623" }, "geometry": { "type": "MultiPolygon", "coordinates": [ [ [ [ 122.498392081137354, 10.840183838895166 ], [ 122.498383585166053, 10.840264609806773 ], [ 122.497243244902421, 10.850854670317682 ], [ 122.504398256122315, 10.859264685648039 ], [ 122.504823643510932, 10.859718335817593 ], [ 122.505133064177912, 10.860064131153443 ], [ 122.508840349048612, 10.864261436930848 ], [ 122.508809046309224, 10.863889386917654 ], [ 122.508746256381656, 10.863330020955539 ], [ 122.510116385931511, 10.861960776298227 ], [ 122.510097763893668, 10.861869831737826 ], [ 122.51004485423563, 10.861518691745889 ], [ 122.510414145328554, 10.861177445789346 ], [ 122.511012201067516, 10.860213448227825 ], [ 122.511034728756229, 10.860148997273527 ], [ 122.511311839286492, 10.85935619085452 ], [ 122.51163832624124, 10.858659801138204 ], [ 122.511584799872224, 10.858230848387739 ], [ 122.511558997517255, 10.857426680660268 ], [ 122.511858281941741, 10.856783855650667 ], [ 122.512323972522452, 10.856291809564169 ], [ 122.507623149325397, 10.849665037854622 ], [ 122.507644779341632, 10.849677995574922 ], [ 122.507619697503699, 10.849661018472332 ], [ 122.498392081137354, 10.840183838895166 ] ] ] ] } },
{ "type": "Feature", "properties": { "psgc": "0603012002", "admin_type": "Barangay", "region": "Region VI (Western Visayas)", "province": "Iloilo", "municity": "Cabatuan", "barangay": "Amerang", "population": "881" }, "geometry": { "type": "MultiPolygon", "coordinates": [ [ [ [ 122.477346175930009, 10.882355078609658 ], [ 122.477205654273419, 10.880113615861902 ], [ 122.477088315634234, 10.8800413756704 ], [ 122.476996323938508, 10.879841262284931 ], [ 122.476917835980188, 10.879583768667993 ], [ 122.4768631998909, 10.879228831093295 ], [ 122.476824269623464, 10.878920712985909 ], [ 122.476769701907429, 10.878526781631392 ], [ 122.476711153348504, 10.878152340400005 ], [ 122.476617062665809, 10.877789536586187 ], [ 122.476491192680896, 10.877543660059983 ], [ 122.476306031309122, 10.87734837415973 ], [ 122.47605364390931, 10.877227061533329 ], [ 122.475805107964817, 10.877160346720972 ], [ 122.475540648058185, 10.877171592190752 ], [ 122.475347216237765, 10.877230031271493 ], [ 122.475173282678682, 10.87734643538163 ], [ 122.475003160426908, 10.877509593967613 ], [ 122.47484882232196, 10.877743292584418 ], [ 122.47469438130473, 10.878035481727443 ], [ 122.47455173951171, 10.878351087333336 ], [ 122.474480017910906, 10.878737003499076 ], [ 122.474452003028446, 10.879025834153651 ], [ 122.47445103368193, 10.879340064679612 ], [ 122.474488991708768, 10.879656319126113 ], [ 122.474632331943752, 10.879947568115448 ], [ 122.47491817517674, 10.880455106250762 ], [ 122.475261035488771, 10.88110091870867 ], [ 122.47548966843577, 10.881641261116132 ], [ 122.475576064623695, 10.88203267770955 ], [ 122.475575639366298, 10.882275263512252 ], [ 122.47548800829162, 10.882588128270672 ], [ 122.475337181595279, 10.882822630983618 ], [ 122.475052061044281, 10.88289257057912 ], [ 122.474743657795628, 10.882696407357182 ], [ 122.474332449521512, 10.882437464386943 ], [ 122.473952633018214, 10.882335082229918 ], [ 122.473564597276081, 10.88240484361153 ], [ 122.473271394878921, 10.882568672086855 ], [ 122.472985901952015, 10.882849894065705 ], [ 122.472779519192727, 10.883162553466512 ], [ 122.472605480106296, 10.883516533381234 ], [ 122.472487566396367, 10.883825471493202 ], [ 122.472485284914555, 10.883842529305721 ], [ 122.472318456378787, 10.884170907203218 ], [ 122.472128043328865, 10.88440533991996 ], [ 122.471700131210937, 10.884639362712225 ], [ 122.471391092387606, 10.884803161886138 ], [ 122.47098701211479, 10.88499027259104 ], [ 122.470583180695058, 10.88503652661081 ], [ 122.47010822423951, 10.885012228704394 ], [ 122.469538351588497, 10.884940813419862 ], [ 122.469015770636062, 10.88498685956386 ], [ 122.468730480014727, 10.8851506971658 ], [ 122.468530419972666, 10.885369465933206 ], [ 122.468501136612858, 10.885681844355103 ], [ 122.468500833748791, 10.885852259790255 ], [ 122.468442721119047, 10.886221393448734 ], [ 122.468355880086406, 10.886590477180496 ], [ 122.468322830089846, 10.886644719752285 ], [ 122.468374900417203, 10.887228050792581 ], [ 122.468289437008465, 10.887805281704887 ], [ 122.470228099894697, 10.888428195679191 ], [ 122.479049085217568, 10.888617615571297 ], [ 122.47929435167579, 10.888262372587793 ], [ 122.481615968093692, 10.884945472882629 ], [ 122.477878510365628, 10.883056536032635 ], [ 122.477346175930009, 10.882355078609658 ] ] ] ] } },
{ "type": "Feature", "properties": { "psgc": "0603012057", "admin_type": "Barangay", "region": "Region VI (Western Visayas)", "province": "Iloilo", "municity": "Cabatuan", "barangay": "Salacay", "population": "2164" }, "geometry": { "type": "MultiPolygon", "coordinates": [ [ [ [ 122.480457265236865, 10.864364509150008 ], [ 122.478457733487033, 10.865903557146501 ], [ 122.473880777496078, 10.869356971353879 ], [ 122.472513023427751, 10.870388942407418 ], [ 122.471119363620389, 10.871440445363909 ], [ 122.47022743066762, 10.872113392810276 ], [ 122.471099500872114, 10.873547818536975 ], [ 122.467558035360355, 10.875624390927358 ], [ 122.467708124782447, 10.87605140535875 ], [ 122.46806968175909, 10.877079941762037 ], [ 122.46831758876597, 10.877009897460301 ], [ 122.468275791017604, 10.876736990724748 ], [ 122.469436392701567, 10.876563913891571 ], [ 122.469137366203597, 10.878629158912942 ], [ 122.4693766785104, 10.878846713282542 ], [ 122.469439800893056, 10.879136299752458 ], [ 122.469262455668044, 10.879451598249705 ], [ 122.469449988140255, 10.879975765010862 ], [ 122.475347216237765, 10.877230031271493 ], [ 122.475540648058185, 10.877171592190752 ], [ 122.475805107964817, 10.877160346720972 ], [ 122.47605364390931, 10.877227061533329 ], [ 122.476306031309122, 10.87734837415973 ], [ 122.476491192680896, 10.877543660059983 ], [ 122.476617062665809, 10.877789536586187 ], [ 122.476711153348504, 10.878152340400005 ], [ 122.476769701907429, 10.878526781631392 ], [ 122.476824269623464, 10.878920712985909 ], [ 122.4768631998909, 10.879228831093295 ], [ 122.476917835980188, 10.879583768667993 ], [ 122.476996323938508, 10.879841262284931 ], [ 122.477088315634234, 10.8800413756704 ], [ 122.477205654273419, 10.880113615861902 ], [ 122.477549163720965, 10.880083682577526 ], [ 122.477806260390537, 10.879915951265371 ], [ 122.478114823316346, 10.879549759191267 ], [ 122.47829679372137, 10.879245093630965 ], [ 122.478470234188293, 10.878864812560758 ], [ 122.478737654270958, 10.878233102128352 ], [ 122.478958294313742, 10.877616552303827 ], [ 122.479347834430669, 10.876758054230965 ], [ 122.479464827648073, 10.876606110416652 ], [ 122.479738635119119, 10.876274465376971 ], [ 122.479955441209825, 10.875961220200885 ], [ 122.480282632613978, 10.875555222095878 ], [ 122.48053869126187, 10.87522623950006 ], [ 122.48090480867738, 10.874808226848605 ], [ 122.481253947358098, 10.874497610436038 ], [ 122.482185693867805, 10.874021676851445 ], [ 122.482782112459688, 10.873568809538737 ], [ 122.483112464111201, 10.873342960665223 ], [ 122.483584899394017, 10.872921835097198 ], [ 122.483933650528243, 10.872442520185386 ], [ 122.484056680574383, 10.871861317318949 ], [ 122.480457265236865, 10.864364509150008 ] ] ] ] } },
{ "type": "Feature", "properties": { "psgc": "0603012028", "admin_type": "Barangay", "region": "Region VI (Western Visayas)", "province": "Iloilo", "municity": "Cabatuan", "barangay": "Janipaan Este", "population": "560" }, "geometry": { "type": "MultiPolygon", "coordinates": [ [ [ [ 122.541598829064426, 10.909916574411344 ], [ 122.541924609819034, 10.910056214763511 ], [ 122.542258431459686, 10.910323208115324 ], [ 122.542509716384998, 10.910535634151127 ], [ 122.542754376403735, 10.910736387783682 ], [ 122.543158420933167, 10.911165122001105 ], [ 122.543492375963197, 10.911525302415182 ], [ 122.543819493300887, 10.91182906877463 ], [ 122.544009512584324, 10.912051863970264 ], [ 122.544179951273705, 10.912235937236231 ], [ 122.544351570912468, 10.912405189293624 ], [ 122.544479601124038, 10.91255257685996 ], [ 122.544619193033498, 10.912697093592229 ], [ 122.544832845104153, 10.912955182990565 ], [ 122.54493142239194, 10.91309293451617 ], [ 122.544947347170464, 10.91341464842697 ], [ 122.545399579483473, 10.913712771394524 ], [ 122.546071457329262, 10.914999946093181 ], [ 122.5480810548585, 10.914906514942594 ], [ 122.548317202448288, 10.914502836355446 ], [ 122.54955533229122, 10.915293309112725 ], [ 122.549790959727503, 10.915037334871379 ], [ 122.550201654336391, 10.913942149247672 ], [ 122.549106468712679, 10.912162472609149 ], [ 122.549654061524535, 10.910930388782479 ], [ 122.551115472940182, 10.910443251643931 ], [ 122.552528923786767, 10.909972101361737 ], [ 122.55351150251218, 10.908611607741939 ], [ 122.554308600425287, 10.907507933708397 ], [ 122.555626364010877, 10.906660799974802 ], [ 122.556225175266775, 10.906275849881727 ], [ 122.555676176311465, 10.905208888445244 ], [ 122.555354359869895, 10.904590010672994 ], [ 122.554906882633617, 10.903729477526282 ], [ 122.554523105057399, 10.902991443725869 ], [ 122.554339728455702, 10.902638796414923 ], [ 122.553956468543518, 10.902173409378696 ], [ 122.552958097307027, 10.902866883676253 ], [ 122.541483862365325, 10.909890600187774 ], [ 122.541598829064426, 10.909916574411344 ] ] ] ] } },
{ "type": "Feature", "properties": { "psgc": "0603012063", "admin_type": "Barangay", "region": "Region VI (Western Visayas)", "province": "Iloilo", "municity": "Cabatuan", "barangay": "Tigbauan Road", "population": "1853" }, "geometry": { "type": "MultiPolygon", "coordinates": [ [ [ [ 122.492788245558927, 10.912305151376993 ], [ 122.4925771111823, 10.912161403756857 ], [ 122.490545031111921, 10.911593945011944 ], [ 122.484735314211335, 10.912202408260944 ], [ 122.477213867178861, 10.912998291118582 ], [ 122.47712045179567, 10.915924577321242 ], [ 122.476800858658663, 10.9247183487269 ], [ 122.47676610903703, 10.924874744699515 ], [ 122.476766468374194, 10.925050638641247 ], [ 122.47688635557148, 10.925090349265741 ], [ 122.476966257272082, 10.925129991283788 ], [ 122.477046158994625, 10.92516963328184 ], [ 122.477206031823755, 10.925209412335512 ], [ 122.477245878740391, 10.925288490630763 ], [ 122.477285725677348, 10.925367568921382 ], [ 122.477365627508291, 10.925407210840254 ], [ 122.477405474492059, 10.92548628911686 ], [ 122.477485376371376, 10.925525931006339 ], [ 122.477565347545408, 10.92552606799193 ], [ 122.477645318720477, 10.925526204956613 ], [ 122.477725289896625, 10.925526341900385 ], [ 122.477805261073811, 10.925526478823249 ], [ 122.477885232252078, 10.925526615725209 ], [ 122.477965341870359, 10.925447742833093 ], [ 122.478045382238093, 10.925408374804976 ], [ 122.478085506218491, 10.925329433451141 ], [ 122.478165615731001, 10.925250560500654 ], [ 122.478245656020775, 10.925211192415951 ], [ 122.478405667380244, 10.925171961070719 ], [ 122.478565609563461, 10.925172234530985 ], [ 122.478685566203609, 10.925172439571302 ], [ 122.47880552284623, 10.925172644564578 ], [ 122.478925479491181, 10.92517284951081 ], [ 122.479045505213008, 10.925133549515705 ], [ 122.47916553090522, 10.925094249471938 ], [ 122.479245709126943, 10.924975871325291 ], [ 122.479325749212421, 10.92493650294724 ], [ 122.479325956319258, 10.924817988256887 ], [ 122.479366079882539, 10.924739046712707 ], [ 122.479366217940807, 10.9246600369177 ], [ 122.479406341470479, 10.92458109536595 ], [ 122.479446533995286, 10.924462648908975 ], [ 122.4794867264863, 10.924344202444324 ], [ 122.479486864507535, 10.924265192645736 ], [ 122.479487002527705, 10.924186182846732 ], [ 122.479487140546865, 10.924107173047318 ], [ 122.479487278564946, 10.924028163247485 ], [ 122.479487416581932, 10.923949153447245 ], [ 122.479487554597924, 10.923870143646585 ], [ 122.479447707245541, 10.923791065617348 ], [ 122.479407859913479, 10.923711987583479 ], [ 122.479368012601839, 10.923632909544986 ], [ 122.479328165310491, 10.923553831501859 ], [ 122.479288318039551, 10.923474753454109 ], [ 122.479288456102012, 10.923395743653495 ], [ 122.479288594163393, 10.92331673385247 ], [ 122.479288732223722, 10.923237724051031 ], [ 122.479248885001624, 10.923158645998924 ], [ 122.479289008341226, 10.923079704446909 ], [ 122.479409033168068, 10.92304040426276 ], [ 122.47956897423596, 10.923040677145778 ], [ 122.479648944771483, 10.92304081355593 ], [ 122.479688792087686, 10.92311989156069 ], [ 122.479768693680086, 10.923159532844613 ], [ 122.479808541043084, 10.923238610835348 ], [ 122.479888511634655, 10.923238747185312 ], [ 122.480008467524016, 10.923238951671067 ], [ 122.480088438118187, 10.923239087968774 ], [ 122.480128630171208, 10.923120641390947 ], [ 122.480208669642693, 10.92308127274879 ], [ 122.480288777990182, 10.923002399176921 ], [ 122.480408871552399, 10.922923593684128 ], [ 122.480488842067345, 10.922923729873279 ], [ 122.480648851948331, 10.922884497278597 ], [ 122.480808861790976, 10.922845264598173 ], [ 122.48092895516055, 10.92276645889117 ], [ 122.481088964909375, 10.922727226059331 ], [ 122.481248905852581, 10.922727498056338 ], [ 122.481329013838987, 10.922648624193224 ], [ 122.481449038259399, 10.922609323187203 ], [ 122.481609185304791, 10.922491080241302 ], [ 122.481809248726279, 10.92241241003974 ], [ 122.482009312047552, 10.922333739702093 ], [ 122.482209306631106, 10.922294574150113 ], [ 122.482329262185843, 10.922294777708451 ], [ 122.482449217742925, 10.922294981219759 ], [ 122.482529188115635, 10.922295116867838 ], [ 122.48264914367671, 10.922295320300762 ], [ 122.48284906961706, 10.922295659251123 ], [ 122.482929039995042, 10.922295794794692 ], [ 122.483008941841916, 10.922335435244024 ], [ 122.483128760394948, 10.922414648344107 ], [ 122.483368329208815, 10.922612579339166 ], [ 122.483448231202118, 10.922652219679474 ], [ 122.483488079500077, 10.922731297235126 ], [ 122.483567981541697, 10.922770937546028 ], [ 122.483607829886438, 10.922850015087636 ], [ 122.483647678251543, 10.922929092624608 ], [ 122.483727511926489, 10.923008237826116 ], [ 122.483767291906176, 10.92312682027845 ], [ 122.483847125664681, 10.923205965451574 ], [ 122.483846988810015, 10.923284975310573 ], [ 122.483886837292488, 10.923364052819679 ], [ 122.48388670044632, 10.923443062678352 ], [ 122.483805497896142, 10.924154016071528 ], [ 122.483805224139488, 10.924312035778188 ], [ 122.483805018819226, 10.924430550557101 ], [ 122.48380474505521, 10.924588570260864 ], [ 122.483804608171653, 10.924667580112128 ], [ 122.483764348868092, 10.924825532143176 ], [ 122.48372422642727, 10.924904474316731 ], [ 122.48364391301385, 10.925101863567351 ], [ 122.483603722029372, 10.9252203106434 ], [ 122.483523476927033, 10.925378194928898 ], [ 122.483443231736942, 10.925536079187824 ], [ 122.483403040607641, 10.925654526227811 ], [ 122.483362849444518, 10.925772973260138 ], [ 122.483282741093532, 10.925851847625953 ], [ 122.483193883669799, 10.925997595895856 ], [ 122.485238745750181, 10.929258496044033 ], [ 122.49056478929829, 10.927639582075287 ], [ 122.496229821349459, 10.925457220740626 ], [ 122.491914975840317, 10.915891811554395 ], [ 122.491494076397288, 10.915012454932766 ], [ 122.49140527807684, 10.914945003479854 ], [ 122.49142667612027, 10.914507085345793 ], [ 122.490535537105785, 10.913707431905605 ], [ 122.49055391906208, 10.913691676533439 ], [ 122.490842371541476, 10.913697320368483 ], [ 122.491220009235661, 10.913629702028665 ], [ 122.491276082174721, 10.913582424549604 ], [ 122.491017954057952, 10.913194490183606 ], [ 122.490967888863665, 10.913106468288877 ], [ 122.490983882923672, 10.913039574994778 ], [ 122.491014022998698, 10.912995352704579 ], [ 122.491044201169245, 10.912954784721704 ], [ 122.491132611380493, 10.912896151303697 ], [ 122.491542839091451, 10.912663673017512 ], [ 122.491630626827387, 10.912634285166394 ], [ 122.49168762374039, 10.912675624643606 ], [ 122.491869328224595, 10.912848852667018 ], [ 122.49196785535915, 10.91296004338543 ], [ 122.492066966705352, 10.91303833404117 ], [ 122.492191305699151, 10.913045964659679 ], [ 122.492230660339999, 10.912996148447299 ], [ 122.492296245953426, 10.912882969600602 ], [ 122.492379057404477, 10.91273212061175 ], [ 122.492450024964825, 10.912601516345191 ], [ 122.492495155037886, 10.912483103116175 ], [ 122.492523726377925, 10.912466310467392 ], [ 122.492578709680387, 10.912403513136514 ], [ 122.492675511806326, 10.912349346033473 ], [ 122.492788245558927, 10.912305151376993 ] ] ] ] } }
]
}
