{
"type": "FeatureCollection",
"name": "BOUNDARIES_Iloilo_Province",
"crs": { "type": "name", "properties": { "name": "urn:ogc:def:crs:OGC:1.3:CRS84" } },
"features": [
{ "type": "Feature", "properties": { "psgc": "0603000000", "admin_type": "Province", "region": "Region VI (Western Visayas)", "province": "Iloilo", "municity": null, "barangay": null, "district": null, "population": "847,061" }, "geometry": { "type": "MultiPolygon", "coordinates": [ [ [ [ 122.433890115000054, 10.683675996000034 ], [ 122.433875669000031, 10.683675994000055 ], [ 122.433863630000019, 10.683678358000066 ], [ 122.433841961000098, 10.683678354000051 ], [ 122.433786582000039, 10.683690174000049 ], [ 122.433776951000027, 10.683694904000049 ], [ 122.433740834000105, 10.683697264000045 ], [ 122.433716756000081, 10.683704358000057 ], [ 122.433692680000036, 10.683704354000042 ], [ 122.433683047000045, 10.683709084000043 ], [ 122.433538586000054, 10.683709059000023 ], [ 122.433512102, 10.683706688000029 ], [ 122.433500066000079, 10.683701954000071 ], [ 122.433463951000022, 10.683699582000031 ], [ 122.43345191200001, 10.683694848000073 ], [ 122.433415797000066, 10.683692476000033 ], [ 122.433379683000112, 10.683685371000024 ], [ 122.433358014000078, 10.683685368000056 ], [ 122.433350793000045, 10.683680634000041 ], [ 122.433338754000033, 10.683675900000026 ], [ 122.43332430800001, 10.683675898000047 ], [ 122.433302640000079, 10.683671162000053 ], [ 122.433259305000092, 10.683656959000075 ], [ 122.43324726600008, 10.68365459100005 ], [ 122.433249702000012, 10.683507902000031 ], [ 122.433134131000088, 10.683510248000061 ], [ 122.433126907000087, 10.683514979000051 ], [ 122.43309320000003, 10.683517339000048 ], [ 122.433078753000018, 10.683522068000059 ], [ 122.432958368000072, 10.683522047000054 ], [ 122.432939108000028, 10.68351731100006 ], [ 122.432931884000027, 10.68351731000007 ], [ 122.432905401000085, 10.68351257300003 ], [ 122.432890956000051, 10.683512571000051 ], [ 122.432866879000017, 10.683505469000067 ], [ 122.432827473000089, 10.683484168000064 ], [ 122.432788928000036, 10.683604825000032 ], [ 122.43274318400006, 10.683592987000054 ], [ 122.432707072000085, 10.683576419000076 ], [ 122.43268781200004, 10.683564586000045 ], [ 122.432675775, 10.68355985200003 ], [ 122.432668552000109, 10.683559851000041 ], [ 122.432654108000065, 10.683555116000036 ], [ 122.432591508000087, 10.683555105000039 ], [ 122.432579468000085, 10.68355746900005 ], [ 122.432536129000027, 10.683557461000021 ], [ 122.432521682000015, 10.683562190000032 ], [ 122.432512052000106, 10.683562189000043 ], [ 122.432490382000083, 10.683566917000064 ], [ 122.432355382000082, 10.683540867000033 ], [ 122.432290374000104, 10.683540856000036 ], [ 122.43226870500007, 10.683538486000032 ], [ 122.432254260000036, 10.683533751000027 ], [ 122.431977377000067, 10.683533702000034 ], [ 122.431967746000055, 10.683528968000076 ], [ 122.43194366900002, 10.683528964000061 ], [ 122.431902740000055, 10.683519492000073 ], [ 122.431871441000112, 10.683519487000069 ], [ 122.431835327000044, 10.68351238300005 ], [ 122.431753465000043, 10.683512368000038 ], [ 122.431345606000036, 10.683474439000065 ], [ 122.430984790000025, 10.68344834800007 ], [ 122.430715131000056, 10.683438835000061 ], [ 122.430332027000077, 10.683384347000072 ], [ 122.430168310000113, 10.683353559000068 ], [ 122.429842713000085, 10.683263593000049 ], [ 122.429214117000015, 10.683083477000025 ], [ 122.428986415000054, 10.682974474000048 ], [ 122.428979274000085, 10.68296745300006 ], [ 122.42896736900002, 10.682962771000064 ], [ 122.428953084000113, 10.682953410000039 ], [ 122.42892689700011, 10.682932347000076 ], [ 122.428919756000028, 10.682920646000071 ], [ 122.428907854000045, 10.682906605000028 ], [ 122.42890309500001, 10.682894906000058 ], [ 122.428895467000075, 10.682866531000059 ], [ 122.428914738000117, 10.682787436000069 ], [ 122.428761695000048, 10.682739534000063 ], [ 122.428741856000102, 10.682828097000026 ], [ 122.428472139000064, 10.682829310000045 ], [ 122.428457852000065, 10.682824627000059 ], [ 122.428443566000055, 10.682824625000023 ], [ 122.428355470000042, 10.682808229000045 ], [ 122.428319757000054, 10.682796523000036 ], [ 122.428298328000096, 10.68279184000005 ], [ 122.42822051600001, 10.682741873000055 ], [ 122.428206232000093, 10.682739530000049 ], [ 122.428196707000097, 10.682734849000042 ], [ 122.428172898000071, 10.682727825000029 ], [ 122.428137186000072, 10.682709100000068 ], [ 122.428127663000055, 10.682706758000052 ], [ 122.428118139000048, 10.682702077000044 ], [ 122.428108616000031, 10.682699735000028 ], [ 122.428094329000032, 10.682699733000049 ], [ 122.428056235000099, 10.682688026000051 ], [ 122.428041950000079, 10.682685684000035 ], [ 122.42803956900002, 10.682683344000054 ], [ 122.428022902000066, 10.682678661000068 ], [ 122.428003854000053, 10.682676317000073 ], [ 122.427987189000078, 10.682669295000039 ], [ 122.427949092000063, 10.682669288000056 ], [ 122.427937188000101, 10.68266460600006 ], [ 122.427922901000102, 10.682664603000035 ], [ 122.427908616000082, 10.682659920000049 ], [ 122.427630333000025, 10.682606931000066 ], [ 122.427601762000108, 10.682595226000046 ], [ 122.427589857000044, 10.682595224000067 ], [ 122.427580333000037, 10.68259054300006 ], [ 122.427575571000034, 10.682590542000071 ], [ 122.427544620000049, 10.682578837000051 ], [ 122.427530334000039, 10.682578834000026 ], [ 122.427518429000088, 10.682576492000067 ], [ 122.427466050000021, 10.682557764000023 ], [ 122.427442240000119, 10.682555419000039 ], [ 122.427430336000043, 10.682550736000053 ], [ 122.427404144000093, 10.682550732000038 ], [ 122.427382716000011, 10.682546048000063 ], [ 122.427370813000039, 10.682541367000056 ], [ 122.42735652500005, 10.682541364000031 ], [ 122.427335098000071, 10.682532001000027 ], [ 122.42732319400011, 10.682531998000059 ], [ 122.427304148000076, 10.682520296000064 ], [ 122.427285100000063, 10.68251327300004 ], [ 122.427254148000088, 10.682506247000049 ], [ 122.427244624000082, 10.682501566000042 ], [ 122.427223196000114, 10.682496881000077 ], [ 122.427211293000028, 10.682489860000032 ], [ 122.427201769000021, 10.682487519000063 ], [ 122.427189865000059, 10.682480497000029 ], [ 122.427158914000074, 10.682466453000075 ], [ 122.427151771000013, 10.682466451000039 ], [ 122.42713986800004, 10.682459430000051 ], [ 122.427123201000086, 10.682457086000056 ], [ 122.427087489000087, 10.682438361000038 ], [ 122.427080346000025, 10.682436020000068 ], [ 122.427061300000105, 10.682421978000036 ], [ 122.427051778000077, 10.682412617000068 ], [ 122.42704225500006, 10.682407935000072 ], [ 122.426972501000023, 10.682361126000046 ], [ 122.426965360000054, 10.682354105000059 ], [ 122.426927265000018, 10.682342399000049 ], [ 122.426917742000114, 10.682337718000042 ], [ 122.426896313000043, 10.682333034000067 ], [ 122.426862983000092, 10.682318989000066 ], [ 122.426841554000021, 10.682311965000054 ], [ 122.426824888000056, 10.682302603000039 ], [ 122.426791557000115, 10.682290898000076 ], [ 122.426774889000058, 10.682288554000024 ], [ 122.42675108100002, 10.682279191000021 ], [ 122.426741557000014, 10.682279189000042 ], [ 122.426732033, 10.682274507000045 ], [ 122.426708225000084, 10.682267483000032 ], [ 122.426698701000078, 10.682267482000043 ], [ 122.426653462000104, 10.682258114000035 ], [ 122.426390359000038, 10.682193621000067 ], [ 122.426107030000026, 10.682128051000063 ], [ 122.425609418000022, 10.681996924000032 ], [ 122.425185960000022, 10.681840480000062 ], [ 122.425171675000115, 10.681835797000076 ], [ 122.425147866000088, 10.681831113000044 ], [ 122.425126437000017, 10.681831109000029 ], [ 122.425114531000077, 10.68182876700007 ], [ 122.425102627000115, 10.681824085000073 ], [ 122.42509072200005, 10.681824082000048 ], [ 122.42507643600004, 10.681821740000032 ], [ 122.425047866000114, 10.681810035000069 ], [ 122.425019295000084, 10.681803010000067 ], [ 122.424997869000094, 10.681793646000074 ], [ 122.424971681000102, 10.681772583000054 ], [ 122.424947874000054, 10.681756200000052 ], [ 122.4249097820001, 10.681735134000064 ], [ 122.424881212000059, 10.681723430000034 ], [ 122.424859783000102, 10.681718746000058 ], [ 122.424845498000082, 10.681711723000035 ], [ 122.424833593000017, 10.681711721000056 ], [ 122.424812166000038, 10.681700018000072 ], [ 122.424800263000066, 10.681690656000058 ], [ 122.424766933000114, 10.681671931000039 ], [ 122.424726459000112, 10.681655545000069 ], [ 122.424714553000058, 10.681653202000064 ], [ 122.424707412000089, 10.681646182000065 ], [ 122.42470503200002, 10.681641502000048 ], [ 122.424693976000071, 10.681608192000056 ], [ 122.424667789000068, 10.681591808000064 ], [ 122.424655884000117, 10.681589466000048 ], [ 122.424639219000028, 10.681580103000044 ], [ 122.424629695000021, 10.681577762000074 ], [ 122.424603504000061, 10.681573077000053 ], [ 122.424593980000054, 10.681573074000028 ], [ 122.424543981000056, 10.681563706000077 ], [ 122.42451303200005, 10.681544981000059 ], [ 122.42449874600004, 10.681537959000025 ], [ 122.424489223000023, 10.681535617000065 ], [ 122.424453511000024, 10.681516892000047 ], [ 122.424439229000086, 10.681502850000072 ], [ 122.424413041000093, 10.681481787000052 ], [ 122.424391615000104, 10.681467744000031 ], [ 122.424367807000067, 10.681456040000057 ], [ 122.424353522000047, 10.681453698000041 ], [ 122.424324949000038, 10.681453692000048 ], [ 122.424310664000018, 10.681449009000062 ], [ 122.424296378, 10.681449006000037 ], [ 122.424246378000021, 10.68143963700004 ], [ 122.424232092000011, 10.681439634000071 ], [ 122.424208284000088, 10.681430270000021 ], [ 122.424186856, 10.681418567000037 ], [ 122.424177334000092, 10.681416225000021 ], [ 122.424167811000075, 10.681411544000071 ], [ 122.424141620000114, 10.681406859000049 ], [ 122.424129715000049, 10.681402177000052 ], [ 122.424110669000015, 10.681397493000077 ], [ 122.424089240000058, 10.681388130000073 ], [ 122.424067812000089, 10.681383446000041 ], [ 122.424048766000055, 10.681371743000057 ], [ 122.424036865000062, 10.681353022000053 ], [ 122.424032106000027, 10.681341323000026 ], [ 122.424029731000019, 10.681308565000052 ], [ 122.424015451000059, 10.681278145000022 ], [ 122.423998788000063, 10.681264103000046 ], [ 122.423970216000043, 10.681257078000044 ], [ 122.423922595000022, 10.681257068000036 ], [ 122.423882119000041, 10.681250040000066 ], [ 122.42387021400009, 10.68125003800003 ], [ 122.42385592800008, 10.681247695000025 ], [ 122.423736667000071, 10.681224066000027 ], [ 122.423708096000041, 10.681214702000034 ], [ 122.423684288000118, 10.68120299800006 ], [ 122.423665243000073, 10.681188955000039 ], [ 122.42363191600009, 10.681151512000042 ], [ 122.423620013000118, 10.681142151000074 ], [ 122.423608109000043, 10.681137469000021 ], [ 122.423598587000015, 10.681130447000044 ], [ 122.423584300000016, 10.681130444000075 ], [ 122.423570014, 10.681128102000059 ], [ 122.423448582000105, 10.681128077000039 ], [ 122.423424774000068, 10.681123392000075 ], [ 122.423339057000021, 10.681123374000038 ], [ 122.423329532000025, 10.681121033000068 ], [ 122.423317628000063, 10.681121030000043 ], [ 122.423310484000012, 10.681118689000073 ], [ 122.42330096, 10.681118687000037 ], [ 122.423277151000093, 10.681114002000072 ], [ 122.423253340000088, 10.681113997000068 ], [ 122.423241436000012, 10.681111655000052 ], [ 122.423203339000111, 10.681111647000023 ], [ 122.423178014000086, 10.681076349000023 ], [ 122.423137538000105, 10.681069321000052 ], [ 122.423097061000021, 10.681069313000023 ], [ 122.42308515600007, 10.681064631000027 ], [ 122.423075633000053, 10.681064629000048 ], [ 122.423063727000113, 10.681062287000032 ], [ 122.422997060000057, 10.681062273000066 ], [ 122.422987536000051, 10.681057591000069 ], [ 122.422928011000067, 10.681057579000026 ], [ 122.422916105000013, 10.681059916000038 ], [ 122.422908960000086, 10.681064594000077 ], [ 122.422894674000077, 10.681066931000032 ], [ 122.422887529000036, 10.681071609000071 ], [ 122.422873243000026, 10.681073946000026 ], [ 122.422866100000078, 10.681078624000065 ], [ 122.422739904000082, 10.681078598000056 ], [ 122.422716094000066, 10.681076253000072 ], [ 122.422699428000101, 10.681071570000029 ], [ 122.422685142000091, 10.68107156700006 ], [ 122.422628, 10.681059856000047 ], [ 122.422611332000088, 10.681059853000022 ], [ 122.422594666, 10.681055170000036 ], [ 122.422558951000042, 10.681052822000026 ], [ 122.422544667000011, 10.68104814000003 ], [ 122.422525618, 10.681045796000035 ], [ 122.422499432000109, 10.681029412000044 ], [ 122.42248514500011, 10.681024730000047 ], [ 122.422478003000037, 10.68102004900004 ], [ 122.42246848000002, 10.681017707000024 ], [ 122.422458955000025, 10.681017705000045 ], [ 122.422451813000066, 10.681013023000048 ], [ 122.422444670000118, 10.681013022000059 ], [ 122.422432767000032, 10.681008340000062 ], [ 122.42241371800003, 10.681005996000067 ], [ 122.42239943300001, 10.681001314000071 ], [ 122.422382768000034, 10.68098961100003 ], [ 122.422368485000106, 10.680975570000044 ], [ 122.422354204000044, 10.68095684900004 ], [ 122.422332778000055, 10.680935786000077 ], [ 122.42231611200009, 10.680933442000025 ], [ 122.422292303000063, 10.68092641800007 ], [ 122.422275635000119, 10.680926415000044 ], [ 122.422128064000049, 10.680912345000024 ], [ 122.422092348000092, 10.680912338000041 ], [ 122.422066157000017, 10.680907653000077 ], [ 122.422056633000011, 10.680907651000041 ], [ 122.421935206000057, 10.680884227000035 ], [ 122.421830441000111, 10.680884205000041 ], [ 122.421816155000101, 10.680881862000035 ], [ 122.421773297000072, 10.680881853000074 ], [ 122.42173996300005, 10.680877166000073 ], [ 122.421718535000082, 10.680872482000041 ], [ 122.421668534000105, 10.680872472000033 ], [ 122.421663772000102, 10.680874811000024 ], [ 122.421647104000044, 10.680877147000047 ], [ 122.421628052000074, 10.68089118100005 ], [ 122.421611383000027, 10.680898197000033 ], [ 122.421599476000097, 10.680905214000063 ], [ 122.421592332000046, 10.680912232000026 ], [ 122.421573281000065, 10.680921587000057 ], [ 122.421556611000028, 10.68093796200003 ], [ 122.421544700000027, 10.680963697000038 ], [ 122.421537817000058, 10.680972711000038 ], [ 122.421580373000097, 10.68110888800004 ], [ 122.421645400000102, 10.681283435000068 ], [ 122.421703583000067, 10.681440869000028 ], [ 122.421744652000029, 10.681553812000061 ], [ 122.421778877000065, 10.681670177000058 ], [ 122.421823370000084, 10.681766006000032 ], [ 122.421908932000065, 10.681865258000073 ], [ 122.421977381000033, 10.681882371000029 ], [ 122.422206689000063, 10.681878948000076 ], [ 122.422412038000061, 10.681896060000042 ], [ 122.422596852000083, 10.68197820000006 ], [ 122.422660196000038, 10.682105898000032 ], [ 122.422637869000027, 10.682197643000052 ], [ 122.422530107000057, 10.682254370000067 ], [ 122.422416805000012, 10.682285427000068 ], [ 122.422329656000102, 10.682342084000027 ], [ 122.422281769000051, 10.682437009000068 ], [ 122.422270442000013, 10.682610170000032 ], [ 122.42224029800002, 10.682682470000032 ], [ 122.422242680000068, 10.682823754000026 ], [ 122.422295862000055, 10.683055301000024 ], [ 122.422401543000092, 10.683170033000067 ], [ 122.422490175, 10.683191230000034 ], [ 122.422585284000093, 10.683191147000059 ], [ 122.42270623200011, 10.683220805000076 ], [ 122.422803419000047, 10.683322815000054 ], [ 122.422820801000057, 10.683508225000026 ], [ 122.422829571000079, 10.68367498300006 ], [ 122.422850655000047, 10.683747932000074 ], [ 122.42293974100005, 10.683850493000023 ], [ 122.423325089000059, 10.684102370000062 ], [ 122.423444879000044, 10.684164123000073 ], [ 122.423490740000034, 10.684212919000061 ], [ 122.423492647000103, 10.684348278000073 ], [ 122.423494530000085, 10.68448190600003 ], [ 122.423505335000073, 10.684621870000058 ], [ 122.423551524000118, 10.684756193000055 ], [ 122.423564777000024, 10.68489977400003 ], [ 122.423539625000103, 10.685099770000022 ], [ 122.423458706000019, 10.68535130600003 ], [ 122.423396320000052, 10.685517981000032 ], [ 122.42328743500002, 10.685700973000053 ], [ 122.423156592000055, 10.685983890000045 ], [ 122.423045228000092, 10.686190542000077 ], [ 122.422843932000092, 10.686455291000073 ], [ 122.422516113000029, 10.686675060000027 ], [ 122.422216889000083, 10.686910821000026 ], [ 122.422041637, 10.687124895000068 ], [ 122.422014485000091, 10.687345374000074 ], [ 122.42198734100009, 10.687555029000066 ], [ 122.421895763000066, 10.68775551400006 ], [ 122.421742725000058, 10.687922209000021 ], [ 122.421500436000088, 10.688088434000065 ], [ 122.421189707000053, 10.688156100000072 ], [ 122.420946030000096, 10.688213939000036 ], [ 122.420566617000077, 10.688528646000066 ], [ 122.420227905000047, 10.68879439400007 ], [ 122.420116461000021, 10.688978935000023 ], [ 122.420088496000062, 10.689206928000033 ], [ 122.420077827000114, 10.689414902000067 ], [ 122.420060606000106, 10.689587990000064 ], [ 122.420020901000044, 10.689751521000062 ], [ 122.419837572, 10.690310621000037 ], [ 122.419722577000016, 10.691221558000052 ], [ 122.420432589000029, 10.694174350000026 ], [ 122.420624191000115, 10.695518108000044 ], [ 122.421285983000075, 10.697629538000058 ], [ 122.421317497000018, 10.699677941000061 ], [ 122.421569608000027, 10.701789372000064 ], [ 122.422231399000111, 10.703995345000067 ], [ 122.421412039000074, 10.706579484000031 ], [ 122.421790655000109, 10.708691341000076 ], [ 122.421727177000093, 10.708911512000043 ], [ 122.421467926000105, 10.710786079000059 ], [ 122.421349011000075, 10.711653220000073 ], [ 122.421927675, 10.713067038000077 ], [ 122.422461678000104, 10.713859981000041 ], [ 122.422803459000079, 10.714532066000061 ], [ 122.422927485000059, 10.714993765000031 ], [ 122.423050262000061, 10.715426726000032 ], [ 122.422926860000075, 10.716105434000042 ], [ 122.423327915000073, 10.716814992000025 ], [ 122.423873692000029, 10.717293738000023 ], [ 122.424681777000046, 10.72060612100006 ], [ 122.426840740000102, 10.728154973000073 ], [ 122.426970742000094, 10.728861924000057 ], [ 122.425414756, 10.731327761000045 ], [ 122.421995773000049, 10.733881603000043 ], [ 122.422063038000033, 10.734184294000045 ], [ 122.422197568000115, 10.734344047000036 ], [ 122.422475034000058, 10.734234743000059 ], [ 122.422794540000041, 10.734209518000057 ], [ 122.423240168, 10.734217926000042 ], [ 122.423475594000024, 10.734512209000059 ], [ 122.423576491000063, 10.734831715000041 ], [ 122.423593307000033, 10.735260527000037 ], [ 122.423845549000021, 10.735437097000045 ], [ 122.424434114000064, 10.735302568000066 ], [ 122.424921782000069, 10.735807052000041 ], [ 122.425140392000117, 10.736429249000025 ], [ 122.425115168000048, 10.736572187000036 ], [ 122.424930191000044, 10.737127120000025 ], [ 122.424703173000012, 10.738052008000068 ], [ 122.42463504300008, 10.738341696000077 ], [ 122.424518195000019, 10.738791918000061 ], [ 122.424392075000014, 10.73982611100007 ], [ 122.424484564000068, 10.740666918000045 ], [ 122.424560236000048, 10.741457277000052 ], [ 122.424711115000036, 10.741633321000052 ], [ 122.424952720000078, 10.74213319200004 ], [ 122.425385941000059, 10.742666388000032 ], [ 122.425794170000017, 10.742999635000047 ], [ 122.426002449000066, 10.743574487000046 ], [ 122.426285710000116, 10.744107683000038 ], [ 122.426485658000047, 10.744607554000027 ], [ 122.426402346000032, 10.745074100000068 ], [ 122.426202397000111, 10.745548978000045 ], [ 122.426052436000077, 10.745990530000029 ], [ 122.426002449000066, 10.746540388000028 ], [ 122.425902475000044, 10.74721521400005 ], [ 122.425719189, 10.747648436000077 ], [ 122.425494247000074, 10.747823391000054 ], [ 122.425444260000063, 10.748306600000035 ], [ 122.425352617000044, 10.748723159000065 ], [ 122.425277636000033, 10.749139719000027 ], [ 122.425144337, 10.749756226000045 ], [ 122.42474444100003, 10.750039487000038 ], [ 122.424227907000045, 10.750097804000063 ], [ 122.423869666000087, 10.749764557000049 ], [ 122.423369794000109, 10.749306342000068 ], [ 122.42296989700003, 10.748973095000053 ], [ 122.422270078000111, 10.748864790000027 ], [ 122.421361979000039, 10.749364661000072 ], [ 122.421037063000085, 10.750022824000041 ], [ 122.420995407000078, 10.750639332000048 ], [ 122.421212018, 10.75084761100004 ], [ 122.421445291000055, 10.751197521000051 ], [ 122.421578590000081, 10.751522437000062 ], [ 122.421403635000047, 10.751764042000048 ], [ 122.421753545000115, 10.752113951000069 ], [ 122.421861850000028, 10.752780446000031 ], [ 122.421353648000036, 10.753030382000077 ], [ 122.420637166, 10.753388622000045 ], [ 122.425344078214763, 10.759463236647491 ], [ 122.420350174467174, 10.753728551892236 ], [ 122.419404717243509, 10.759590560881973 ], [ 122.41921356335952, 10.759934769580262 ], [ 122.418734893982247, 10.759183485047929 ], [ 122.418455403501952, 10.759558155244855 ], [ 122.418110411292361, 10.759766162414364 ], [ 122.41772317639402, 10.759798858998735 ], [ 122.417428802579536, 10.760229713224881 ], [ 122.417023615027276, 10.760020149410181 ], [ 122.416964108999281, 10.760267125314515 ], [ 122.416688195390947, 10.76029053559644 ], [ 122.416339546019529, 10.760385592372828 ], [ 122.41675469181844, 10.760946292329159 ], [ 122.416787926769118, 10.761281350007833 ], [ 122.416400374070875, 10.761472046843194 ], [ 122.416158357607031, 10.761484991658575 ], [ 122.415910798996961, 10.761862590696154 ], [ 122.416009617523741, 10.762069693066969 ], [ 122.4156779813204, 10.762125362194462 ], [ 122.415473887713077, 10.76255090013831 ], [ 122.416276793230537, 10.762815621466336 ], [ 122.416309513932859, 10.7634177161982 ], [ 122.416207360779822, 10.763685519748055 ], [ 122.415973337814933, 10.764154670076026 ], [ 122.415621632851227, 10.764577153675543 ], [ 122.415702179003731, 10.764973556188894 ], [ 122.415846966388855, 10.765186310690218 ], [ 122.415486260102767, 10.765507226247907 ], [ 122.415247628506279, 10.76577094307059 ], [ 122.415561031612398, 10.765886389641803 ], [ 122.415496702594496, 10.766115978491559 ], [ 122.415275771789538, 10.766236159877989 ], [ 122.415159363550458, 10.766365727495337 ], [ 122.415095111645016, 10.766555117123541 ], [ 122.414769892871462, 10.76654301818256 ], [ 122.414555512127109, 10.766278447104389 ], [ 122.414468316735338, 10.766318481771552 ], [ 122.414514058894284, 10.766691846887605 ], [ 122.41430496394139, 10.766697194877581 ], [ 122.414182765922092, 10.766817562761812 ], [ 122.41416507607785, 10.766955355347338 ], [ 122.414025487589214, 10.767058461158568 ], [ 122.413711328958144, 10.767333520348185 ], [ 122.413745803137118, 10.76752654188831 ], [ 122.413832699237147, 10.767641562019646 ], [ 122.413594154254085, 10.767859335548341 ], [ 122.413715786647373, 10.768031847974916 ], [ 122.41388979007327, 10.768152775500223 ], [ 122.414034710716919, 10.768296618078333 ], [ 122.413952778667621, 10.768618058116548 ], [ 122.4140107355406, 10.768681337874439 ], [ 122.414370970298833, 10.768607362609602 ], [ 122.414801175826753, 10.768389949307196 ], [ 122.415219212113598, 10.768459650849952 ], [ 122.415312549074301, 10.768247345068982 ], [ 122.415477636101031, 10.768474782500547 ], [ 122.415497576260123, 10.768675816351561 ], [ 122.41557599949806, 10.768667350025474 ], [ 122.415608269464059, 10.768497999693428 ], [ 122.415721811149965, 10.768348902107871 ], [ 122.415925171283575, 10.768306213632883 ], [ 122.416084622894061, 10.768444340823921 ], [ 122.416173304835482, 10.768506517741164 ], [ 122.416197595799176, 10.768590993669001 ], [ 122.415962231220689, 10.76866520626886 ], [ 122.415947390663916, 10.768831719000044 ], [ 122.415946992412955, 10.769038457279731 ], [ 122.415946771158886, 10.769153311878354 ], [ 122.415868215026535, 10.769230691954016 ], [ 122.415769281368341, 10.769333875089767 ], [ 122.415399813370058, 10.769426977344809 ], [ 122.414824146841227, 10.769277536892464 ], [ 122.414756064873714, 10.769444904971335 ], [ 122.414726580941746, 10.769674560206749 ], [ 122.415060186226057, 10.769857044023759 ], [ 122.41521434468801, 10.770230613518049 ], [ 122.415534058457723, 10.770087647565139 ], [ 122.415652380176255, 10.769970144187637 ], [ 122.415799507173944, 10.769974249610156 ], [ 122.415826130985323, 10.770223152582373 ], [ 122.41608570727621, 10.770143242999898 ], [ 122.416174968912202, 10.770036213366984 ], [ 122.41631410113429, 10.770170473114371 ], [ 122.41638730677262, 10.770358207130284 ], [ 122.416499439010423, 10.770438817578864 ], [ 122.416646514698058, 10.770469721717737 ], [ 122.416840215925305, 10.770416486767417 ], [ 122.417198700702812, 10.770582297886465 ], [ 122.421961520075129, 10.774393498987969 ], [ 122.426235362288423, 10.771897200611701 ], [ 122.428759064670729, 10.774351935424779 ], [ 122.431411807447745, 10.776719199288435 ], [ 122.435391598686508, 10.780278490279912 ], [ 122.439243902049512, 10.783640789991487 ], [ 122.443705562735317, 10.787612424915629 ], [ 122.447945189234716, 10.791380340785466 ], [ 122.453313111266098, 10.796243598450015 ], [ 122.453533743297612, 10.796431143251288 ], [ 122.453562655549959, 10.79645568381348 ], [ 122.45361524534411, 10.796500963763544 ], [ 122.456070428645972, 10.798735161962501 ], [ 122.463000023665558, 10.804981954647594 ], [ 122.464316823570528, 10.806169792804724 ], [ 122.470191376068513, 10.81347842289515 ], [ 122.471478576513661, 10.816548802694575 ], [ 122.473502749963927, 10.821378625579475 ], [ 122.473809511875615, 10.821292057822074 ], [ 122.473672033897429, 10.821443695527423 ], [ 122.472828572508561, 10.82128146202156 ], [ 122.471883183012949, 10.82122000304634 ], [ 122.471456350551094, 10.821334889007861 ], [ 122.47097199740891, 10.821465257200131 ], [ 122.470449339857581, 10.821605935383486 ], [ 122.470170340334334, 10.821749050659305 ], [ 122.469806177840454, 10.821935851034985 ], [ 122.469660313620125, 10.822032902834806 ], [ 122.469489191693214, 10.822135726399008 ], [ 122.46917110063616, 10.82238888706302 ], [ 122.468996826611402, 10.82246639431661 ], [ 122.468910621411339, 10.822484527751877 ], [ 122.468755146238223, 10.822371647119654 ], [ 122.468679124450034, 10.822316452535587 ], [ 122.468597601370192, 10.822321809030083 ], [ 122.468230367850197, 10.822700325011017 ], [ 122.467776829464825, 10.822701749287916 ], [ 122.467548237651627, 10.822909677333783 ], [ 122.467491157608222, 10.823235381944292 ], [ 122.467078927107082, 10.823551871473663 ], [ 122.46661965913718, 10.823121316704812 ], [ 122.466205473482816, 10.823108579917797 ], [ 122.46584092418432, 10.822980032110259 ], [ 122.465408058982121, 10.822943740395473 ], [ 122.465003395299831, 10.822909813115418 ], [ 122.464997530242655, 10.82290659726841 ], [ 122.464994091457058, 10.822909033074874 ], [ 122.464895407617306, 10.822900759354214 ], [ 122.464751111208557, 10.822948394516782 ], [ 122.46392570445245, 10.823567598305415 ], [ 122.462711222533116, 10.823373853462282 ], [ 122.46265244567364, 10.823623174835992 ], [ 122.462043994532436, 10.823209255925182 ], [ 122.461380673138251, 10.822925198791419 ], [ 122.461195868889675, 10.822846059228581 ], [ 122.460858088051324, 10.82283968326246 ], [ 122.460439190474162, 10.822831776133171 ], [ 122.46020798554062, 10.822827411898567 ], [ 122.460088718626778, 10.822825160610998 ], [ 122.459777149782838, 10.82281927942365 ], [ 122.459507238593318, 10.823334072636614 ], [ 122.459363142851885, 10.823608901960435 ], [ 122.45921048025987, 10.824099570541719 ], [ 122.459033529098193, 10.824668304337647 ], [ 122.458563791275694, 10.824472448720654 ], [ 122.45811706625399, 10.824286188214131 ], [ 122.457908980247836, 10.824690139332501 ], [ 122.457736703555085, 10.825024574905534 ], [ 122.457376983773329, 10.825559980708073 ], [ 122.457804750423492, 10.826093471517035 ], [ 122.457862543680406, 10.826190786013775 ], [ 122.457751089305333, 10.826554301505258 ], [ 122.457395022217881, 10.826652350970399 ], [ 122.457201120751037, 10.826993687787702 ], [ 122.457224849052281, 10.827074216065055 ], [ 122.457277394551738, 10.827330287741018 ], [ 122.457390600108241, 10.82788197602793 ], [ 122.457474432091075, 10.828006860629179 ], [ 122.457474432091075, 10.82802617926988 ], [ 122.45749893537716, 10.828043363202637 ], [ 122.457935217497379, 10.828693293178929 ], [ 122.458016779581783, 10.828860334095586 ], [ 122.45739555640067, 10.829148403136834 ], [ 122.457387411183888, 10.829229693699205 ], [ 122.457373810507235, 10.829233638275838 ], [ 122.457373810507235, 10.829365430621046 ], [ 122.45733664579916, 10.829736340334154 ], [ 122.457380720990116, 10.829887302635392 ], [ 122.457750909134816, 10.830072787589398 ], [ 122.45781371332356, 10.830163473300491 ], [ 122.457742860955108, 10.830382638286183 ], [ 122.457509362058943, 10.831104911702861 ], [ 122.457362201841306, 10.830929677391534 ], [ 122.457261896661166, 10.830756889403927 ], [ 122.4571712683925, 10.830690331899149 ], [ 122.457093765340446, 10.830633413568558 ], [ 122.457022902228687, 10.83058137161775 ], [ 122.456901095823355, 10.830651304617763 ], [ 122.456766193380147, 10.830831105079856 ], [ 122.456633138448751, 10.830885302111717 ], [ 122.456591952897043, 10.831104841114652 ], [ 122.456332483171281, 10.831089877136042 ], [ 122.456212434333906, 10.831114551458077 ], [ 122.456168064909221, 10.831195759160519 ], [ 122.456166351501281, 10.831195759160519 ], [ 122.456166351501281, 10.831198895147141 ], [ 122.45615147096629, 10.831226130435097 ], [ 122.456107913606516, 10.83130585184545 ], [ 122.456118429919059, 10.831375714859469 ], [ 122.456132811353385, 10.831398929814611 ], [ 122.456202133517792, 10.831505786375685 ], [ 122.456217299700697, 10.831535432144063 ], [ 122.456238198179221, 10.831640336295953 ], [ 122.456049244717065, 10.83183237919472 ], [ 122.455187760394082, 10.832360053006839 ], [ 122.454808241398553, 10.832369762291764 ], [ 122.454703719673191, 10.832561075400287 ], [ 122.454548042059756, 10.832710129082011 ], [ 122.454260895607305, 10.832956879185028 ], [ 122.454083287613329, 10.833141833321484 ], [ 122.454083329730338, 10.833337659272335 ], [ 122.453822007341458, 10.833453973655796 ], [ 122.45380797150726, 10.833685713859429 ], [ 122.453861576408229, 10.833868286495042 ], [ 122.454017386959279, 10.834027665388199 ], [ 122.454099107592597, 10.83411893613834 ], [ 122.454178824537607, 10.834219601598956 ], [ 122.45441985681822, 10.834398855389821 ], [ 122.454461171778959, 10.834426312027645 ], [ 122.454698818515908, 10.834509282789034 ], [ 122.454707970227076, 10.834638675419761 ], [ 122.454680918811064, 10.834680245766409 ], [ 122.454563073765073, 10.834819748436656 ], [ 122.454507934259425, 10.834907448356889 ], [ 122.454477853468433, 10.835365865375925 ], [ 122.454409928973433, 10.83568602905614 ], [ 122.454195502522808, 10.835891269805821 ], [ 122.453898041586427, 10.836140547530817 ], [ 122.453724003088482, 10.836291675079764 ], [ 122.453558401051453, 10.836451091436533 ], [ 122.453432147028863, 10.836621705724784 ], [ 122.453523453618203, 10.836867393089006 ], [ 122.453525177856406, 10.836914160731784 ], [ 122.453514173972607, 10.836946911583347 ], [ 122.453502091481923, 10.83698605336796 ], [ 122.453385856314114, 10.837136585456111 ], [ 122.453361171642428, 10.837156215400023 ], [ 122.453060794203097, 10.837277528579168 ], [ 122.452727408567327, 10.837430388683877 ], [ 122.452616323540184, 10.837487960757649 ], [ 122.452446031339022, 10.83755731293728 ], [ 122.452432087901371, 10.837593103516495 ], [ 122.452419041338914, 10.837642676918087 ], [ 122.452387375647675, 10.837753751367051 ], [ 122.452367659056137, 10.837900687603719 ], [ 122.452349052910535, 10.837955757850773 ], [ 122.45229984503662, 10.838053003677439 ], [ 122.452268283276695, 10.838112631731544 ], [ 122.452165375619174, 10.838241883968264 ], [ 122.451990448058098, 10.838316735257216 ], [ 122.451702821530517, 10.838332480049759 ], [ 122.451634182311082, 10.838353200245507 ], [ 122.451588069437022, 10.838339891612433 ], [ 122.451587910903768, 10.838367168245508 ], [ 122.451363930768309, 10.838547439183937 ], [ 122.451395484122571, 10.838644294781826 ], [ 122.451582379323128, 10.838900817748923 ], [ 122.451545961142813, 10.839075268623237 ], [ 122.451472763543791, 10.839145806219967 ], [ 122.451383809994965, 10.839233755520725 ], [ 122.45115312929326, 10.839440744130131 ], [ 122.450915556237959, 10.839413131822614 ], [ 122.450833256830791, 10.839396684370863 ], [ 122.45078143043753, 10.839416752728239 ], [ 122.450736992643641, 10.839441434890585 ], [ 122.450499866120978, 10.839634624864056 ], [ 122.450255128871916, 10.83993252431058 ], [ 122.450018718725715, 10.840224556238459 ], [ 122.449909331260159, 10.84035968001789 ], [ 122.449886151145662, 10.840389932832826 ], [ 122.449877502511924, 10.840410121034544 ], [ 122.449875930480644, 10.840413790571901 ], [ 122.44987032606646, 10.840441335806609 ], [ 122.449869306194131, 10.840488186178209 ], [ 122.44986783118334, 10.840759195629548 ], [ 122.449855656742642, 10.840766880671536 ], [ 122.449424888296591, 10.840753379742122 ], [ 122.449287826460903, 10.840851301158141 ], [ 122.449107253001202, 10.840972988284394 ], [ 122.448933118982112, 10.841111229499349 ], [ 122.448554014192666, 10.84154472232659 ], [ 122.448515055210294, 10.841603410799765 ], [ 122.448422505806761, 10.84163990260071 ], [ 122.448396639093119, 10.841626969451259 ], [ 122.44810943031149, 10.841436006725079 ], [ 122.447972547394215, 10.841445733812064 ], [ 122.448023002371059, 10.841645228973794 ], [ 122.447884071481795, 10.841752331446759 ], [ 122.447656555777243, 10.841765482469091 ], [ 122.447556640092913, 10.841786335902357 ], [ 122.447473352978832, 10.841815503520102 ], [ 122.447423367966962, 10.841839251132781 ], [ 122.447343751715451, 10.841882209214138 ], [ 122.447290969961955, 10.841916973337883 ], [ 122.447221529636124, 10.841958122169844 ], [ 122.447115958567878, 10.842031325099649 ], [ 122.447071475125497, 10.842078055116964 ], [ 122.446666287858591, 10.842602423447978 ], [ 122.446618896927902, 10.843167286107143 ], [ 122.446583347489749, 10.843367461896078 ], [ 122.446562858523308, 10.843438144211564 ], [ 122.44653223292174, 10.843491343347189 ], [ 122.44652569212559, 10.843524398040193 ], [ 122.446507095786046, 10.84357395574064 ], [ 122.446477464329064, 10.843593166121371 ], [ 122.446434882588775, 10.843614177996757 ], [ 122.446413603912688, 10.843618712485888 ], [ 122.446387697723438, 10.843625071529953 ], [ 122.446346087638531, 10.84362311885417 ], [ 122.446278576993421, 10.843624769155506 ], [ 122.446217543365705, 10.843624600013962 ], [ 122.445713476569594, 10.843660868893679 ], [ 122.445698622303908, 10.843689307065128 ], [ 122.445675817702693, 10.843987817788825 ], [ 122.445382988676428, 10.844283742142737 ], [ 122.445162429081975, 10.844511883752498 ], [ 122.445105932556785, 10.844553986666304 ], [ 122.445067042087302, 10.844578683340178 ], [ 122.444992050440746, 10.844620734902131 ], [ 122.444922611065408, 10.84466096447856 ], [ 122.444853175434645, 10.84469935667085 ], [ 122.444785224048303, 10.844709651029774 ], [ 122.444757895564138, 10.844713791184082 ], [ 122.444721783075678, 10.844736658146427 ], [ 122.444681054333245, 10.844755837531334 ], [ 122.444642180742022, 10.844772265994997 ], [ 122.44460331279295, 10.844785938402485 ], [ 122.444549607347398, 10.844819780757609 ], [ 122.444347216118828, 10.845206905352798 ], [ 122.44431567648229, 10.845254589563309 ], [ 122.444194997630603, 10.845479956900908 ], [ 122.443738275227588, 10.84587585607648 ], [ 122.443434516957353, 10.846088147316692 ], [ 122.443104742349149, 10.846360080619693 ], [ 122.442984306537909, 10.846465394740934 ], [ 122.442910159627843, 10.846546033025245 ], [ 122.442853618995443, 10.846609265201698 ], [ 122.442858191831093, 10.846634082517747 ], [ 122.442865538949505, 10.84665890755385 ], [ 122.442871955645344, 10.84668648606633 ], [ 122.442878366679381, 10.846716820628588 ], [ 122.442884783377394, 10.846744399140823 ], [ 122.442892085198011, 10.846791272575459 ], [ 122.442893813914154, 10.846850073452885 ], [ 122.442883522618672, 10.846907922193481 ], [ 122.442786307499489, 10.846963691655706 ], [ 122.442766900721153, 10.846957206825529 ], [ 122.44268274930316, 10.846956053923209 ], [ 122.442530176862832, 10.846949198399045 ], [ 122.442425665585176, 10.846955338254427 ], [ 122.442120490501111, 10.84695632580733 ], [ 122.441398837870452, 10.847118760220246 ], [ 122.441326647778212, 10.847147038313942 ], [ 122.441282211889757, 10.84716988163917 ], [ 122.441236834198321, 10.847200990526362 ], [ 122.441184968019215, 10.847239430820885 ], [ 122.441157115360241, 10.847292637078132 ], [ 122.441088588284813, 10.84733838040346 ], [ 122.44103393262867, 10.847384162397358 ], [ 122.440536831066353, 10.847627146731551 ], [ 122.440477604522357, 10.847647192596289 ], [ 122.440107337005259, 10.847821628512778 ], [ 122.440019345993733, 10.847888447069309 ], [ 122.439650040353214, 10.848255766549546 ], [ 122.439622744019601, 10.848287057762489 ], [ 122.439440870415041, 10.848694143816095 ], [ 122.439380600690669, 10.848755411230274 ], [ 122.439356481131384, 10.848798768058378 ], [ 122.439312236209787, 10.848813688447521 ], [ 122.438763942557202, 10.848998585478993 ], [ 122.438735499853166, 10.849008177002656 ], [ 122.43864733624217, 10.848964207344281 ], [ 122.438613305275069, 10.848947235149279 ], [ 122.438556938427737, 10.848977121317771 ], [ 122.438448234864396, 10.849034756845812 ], [ 122.438519586351646, 10.849312796718074 ], [ 122.438686447662491, 10.849963015786221 ], [ 122.438758288206017, 10.850242961395068 ], [ 122.438793419896555, 10.850379861284983 ], [ 122.43895088802725, 10.85099347735142 ], [ 122.439892009594828, 10.854660805538984 ], [ 122.440395515714073, 10.856390239600755 ], [ 122.440666546108034, 10.857117192766559 ], [ 122.441150208823075, 10.858834057289554 ], [ 122.441719752984611, 10.860676700165115 ], [ 122.442203071248898, 10.862240376902514 ], [ 122.442715601056634, 10.86389856157459 ], [ 122.442849992012611, 10.864333355843913 ], [ 122.44319891932092, 10.865462238311986 ], [ 122.443612679441003, 10.866800873994595 ], [ 122.443790054736468, 10.867374735244645 ], [ 122.444231445964306, 10.868802765687679 ], [ 122.44446081377076, 10.869544838002664 ], [ 122.445003334330323, 10.870248648458313 ], [ 122.447276760340003, 10.873197957876272 ], [ 122.450871500674268, 10.8778614047964 ], [ 122.451152043853455, 10.878225352704529 ], [ 122.451666248068676, 10.878892428443196 ], [ 122.452508368622304, 10.880675215572689 ], [ 122.453463077010767, 10.882696353544008 ], [ 122.455104665398608, 10.886171631088459 ], [ 122.45546209546643, 10.886928318146948 ], [ 122.456292319445382, 10.88836892744578 ], [ 122.457573170985782, 10.890591468213435 ], [ 122.457940455627039, 10.891228782580319 ], [ 122.458705282237702, 10.892564971495428 ], [ 122.458706754100234, 10.892558467983495 ], [ 122.459548036923223, 10.894018266650439 ], [ 122.459897378679713, 10.894609460392187 ], [ 122.462031735459931, 10.89822144878948 ], [ 122.463140480497813, 10.900097786545897 ], [ 122.464575483643586, 10.904110630710962 ], [ 122.464799645240788, 10.9047374764151 ], [ 122.464872324707372, 10.904940717344738 ], [ 122.464999534727269, 10.905296447565679 ], [ 122.465164437586452, 10.905757582078309 ], [ 122.465390009131809, 10.906388370562834 ], [ 122.466082020363231, 10.908323511430178 ], [ 122.466316668583872, 10.908979681938117 ], [ 122.467682618256035, 10.912799424903701 ], [ 122.468250844598288, 10.914002372160171 ], [ 122.469146420147538, 10.915898324652728 ], [ 122.469588477225486, 10.916834168892205 ], [ 122.469971946014709, 10.917645980477905 ], [ 122.470525011782442, 10.918421051518596 ], [ 122.47111896003814, 10.92125856454529 ], [ 122.471497485597297, 10.923066922756215 ], [ 122.471696437107482, 10.923585175814228 ], [ 122.471771357174518, 10.923780336704501 ], [ 122.471598301788291, 10.924489567334254 ], [ 122.471957269252016, 10.925329604017055 ], [ 122.472104855067172, 10.926559485810085 ], [ 122.472121142184491, 10.926695211787717 ], [ 122.472145260792132, 10.926896200184679 ], [ 122.475299551752343, 10.931362176494671 ], [ 122.475794563752686, 10.932063035069405 ], [ 122.476149363165504, 10.932565374832105 ], [ 122.476466589810116, 10.933014517507154 ], [ 122.476574581617569, 10.933167416798904 ], [ 122.477945544824436, 10.935108483517542 ], [ 122.478281357346944, 10.935583940851389 ], [ 122.481599965616581, 10.94028256444107 ], [ 122.482691626661151, 10.941828183543787 ], [ 122.483663987914895, 10.943204893041656 ], [ 122.483862923026479, 10.943524101848322 ], [ 122.484627415116975, 10.944750796351698 ], [ 122.485050344913972, 10.94455559798385 ], [ 122.485899778619299, 10.944163551658315 ], [ 122.487017603245633, 10.943647632600008 ], [ 122.487474897738608, 10.94343657360325 ], [ 122.488789047021839, 10.942759208464164 ], [ 122.490411451500322, 10.941922956259614 ], [ 122.49043351306311, 10.941911037576556 ], [ 122.490651495079987, 10.941798640599099 ], [ 122.49082365744998, 10.941709869377078 ], [ 122.49139895273683, 10.941413232744793 ], [ 122.491916319219072, 10.941146465652386 ], [ 122.492264122036033, 10.941004182681812 ], [ 122.492602891013604, 10.940792452070836 ], [ 122.494484085730335, 10.939822461045019 ], [ 122.494922159979808, 10.938836793983683 ], [ 122.495701025016416, 10.938526451495735 ], [ 122.496438372796959, 10.938232651756445 ], [ 122.497036311118038, 10.938462297569178 ], [ 122.497441086914336, 10.938617756858941 ], [ 122.498755309662783, 10.937851126922347 ], [ 122.499740976724127, 10.937084496985753 ], [ 122.500945680910206, 10.938289201171829 ], [ 122.501383755159679, 10.936427385611529 ], [ 122.502040866533903, 10.935551237112563 ], [ 122.502609385558685, 10.935201379251158 ], [ 122.502972980850544, 10.934977628302324 ], [ 122.502980917342342, 10.934696068470492 ], [ 122.50346460784472, 10.934675088613597 ], [ 122.504559793468431, 10.934784607175969 ], [ 122.505654979092142, 10.935551237112563 ], [ 122.506749345374971, 10.935786661054616 ], [ 122.507674185390727, 10.935832903055404 ], [ 122.507901932510123, 10.935844290411374 ], [ 122.508339512053439, 10.93586616938854 ], [ 122.508727472355417, 10.935733502832587 ], [ 122.509083099382636, 10.935283041931452 ], [ 122.509591249451816, 10.934639385177162 ], [ 122.50984119789284, 10.93432278381853 ], [ 122.51025475871171, 10.933798940114633 ], [ 122.511033085523991, 10.933831370398478 ], [ 122.512883204208606, 10.933908458677003 ], [ 122.51354031558283, 10.932046643116703 ], [ 122.514306945519422, 10.931718087429591 ], [ 122.514207273865651, 10.932635321305781 ], [ 122.515292612580751, 10.932375198803815 ], [ 122.515511649705502, 10.931499050304849 ], [ 122.516387798204462, 10.931389531742479 ], [ 122.516982760850595, 10.930667077100752 ], [ 122.517274137055566, 10.930313263137563 ], [ 122.517523535132597, 10.930004387084171 ], [ 122.517778431380947, 10.929700905742452 ], [ 122.517921058077647, 10.929527716182177 ], [ 122.519044377875204, 10.928928612290148 ], [ 122.519243358529593, 10.928822489274475 ], [ 122.519552379975948, 10.928657677836421 ], [ 122.519560315450263, 10.928670933529444 ], [ 122.519344799388463, 10.929856271869289 ], [ 122.520549503574543, 10.930294346118771 ], [ 122.52076625219064, 10.930204034195398 ], [ 122.522079556611502, 10.929656824020038 ], [ 122.522732978473769, 10.929384564910762 ], [ 122.523496672362057, 10.929066359123974 ], [ 122.523663668979651, 10.928996777199975 ], [ 122.524136802295388, 10.928799638318416 ], [ 122.524492171819887, 10.928651567683211 ], [ 122.525164218208573, 10.928627566026472 ], [ 122.525881561310598, 10.928601946629971 ], [ 122.526737151131144, 10.928571389850667 ], [ 122.52755869156627, 10.928542049120841 ], [ 122.527969864733635, 10.928130875953473 ], [ 122.528156816542449, 10.927943924144666 ], [ 122.528677983426434, 10.927422757260679 ], [ 122.528982432877086, 10.927118307810023 ], [ 122.529892931979319, 10.927118307810023 ], [ 122.530296655625534, 10.927118307810023 ], [ 122.530740635101807, 10.927248890008926 ], [ 122.531108474397243, 10.927357078036994 ], [ 122.531401066492961, 10.927443134535734 ], [ 122.532158471185838, 10.927665900621875 ], [ 122.532442505492995, 10.927325059453288 ], [ 122.532706063997693, 10.927008789247651 ], [ 122.532892444639003, 10.926769156994537 ], [ 122.533216029658391, 10.926353119112468 ], [ 122.533472693934286, 10.926023122186315 ], [ 122.533722792966188, 10.926139835067874 ], [ 122.534326698006751, 10.926421657420134 ], [ 122.534647839017822, 10.9265715232253 ], [ 122.534852495314823, 10.926667029497235 ], [ 122.535115472369839, 10.926789752122911 ], [ 122.536101139431182, 10.926680233560539 ], [ 122.537524880741998, 10.926461196435799 ], [ 122.538388982029602, 10.925501258697469 ], [ 122.53880577380265, 10.925026654184768 ], [ 122.539129322453022, 10.924658226448246 ], [ 122.539277177739933, 10.924489862313127 ], [ 122.539466075179249, 10.924489862313127 ], [ 122.540481881926013, 10.924489862313127 ], [ 122.541153710015266, 10.925422842381852 ], [ 122.541796104674461, 10.925256492249721 ], [ 122.542163971763785, 10.925038551227077 ], [ 122.542379418612569, 10.92506535354835 ], [ 122.543329364547645, 10.924818418000239 ], [ 122.543885660972037, 10.923863912980218 ], [ 122.544755157929714, 10.923621060962114 ], [ 122.545957810044541, 10.923285158127049 ], [ 122.546173536992157, 10.923177294653243 ], [ 122.546833958543502, 10.922847083877567 ], [ 122.548476736979069, 10.922956602439937 ], [ 122.548836468022714, 10.92290264278339 ], [ 122.549172385837139, 10.922852255111227 ], [ 122.549487856705639, 10.922804934480951 ], [ 122.550335436157496, 10.922677797563171 ], [ 122.550201654336391, 10.921875106636527 ], [ 122.550048997259026, 10.920958014788821 ], [ 122.5508861453512, 10.920643022809857 ], [ 122.551023043554167, 10.919547837186151 ], [ 122.55170753456899, 10.918863346171335 ], [ 122.551459776311205, 10.916964328020452 ], [ 122.55055918904101, 10.916767836252408 ], [ 122.550536706359964, 10.916826510566334 ], [ 122.549876371520313, 10.916637207328355 ], [ 122.550612348945279, 10.915577789300215 ], [ 122.550137530203344, 10.915261243472253 ], [ 122.549793101242415, 10.915031624164964 ], [ 122.550201654336391, 10.913942149247672 ], [ 122.549106468712679, 10.912162472609149 ], [ 122.549654061524535, 10.910930388782479 ], [ 122.551115472940182, 10.910443251643931 ], [ 122.552528923786767, 10.909972101361737 ], [ 122.55351150251218, 10.908611607741939 ], [ 122.554308600425287, 10.907507933708397 ], [ 122.555626364010877, 10.906660799974802 ], [ 122.556225175266775, 10.906275849881727 ], [ 122.555676176311465, 10.905208888445244 ], [ 122.555354359869895, 10.904590010672994 ], [ 122.554906882633617, 10.903729477526282 ], [ 122.554523105057399, 10.902991443725869 ], [ 122.554339728455702, 10.902638796414923 ], [ 122.553956468543518, 10.902173409378696 ], [ 122.553956468543518, 10.902166270995679 ], [ 122.550773462625685, 10.898301192381171 ], [ 122.548582722307771, 10.895641007709433 ], [ 122.547803188855909, 10.894590332187345 ], [ 122.547400479973831, 10.894047550650631 ], [ 122.546835059727158, 10.892762504635471 ], [ 122.54669985037026, 10.89243592564805 ], [ 122.546435375822966, 10.891797124962645 ], [ 122.545307873840443, 10.889073804149488 ], [ 122.544557928071455, 10.887262416716823 ], [ 122.544221652878576, 10.88677173815779 ], [ 122.542695856008891, 10.884545359806868 ], [ 122.541590964587115, 10.882933148908762 ], [ 122.541233704931159, 10.88241185070749 ], [ 122.541064099888473, 10.882164370192388 ], [ 122.540718240695, 10.881659707064482 ], [ 122.540441137826875, 10.881131290715686 ], [ 122.539739968793157, 10.879794208991475 ], [ 122.538870120444514, 10.878135467270345 ], [ 122.538306417229947, 10.877060523526669 ], [ 122.537503893941036, 10.87553016612177 ], [ 122.53626264060108, 10.874476433979845 ], [ 122.539882180589629, 10.871863533243532 ], [ 122.540462493056722, 10.8714626042027 ], [ 122.540968909025807, 10.871082952035879 ], [ 122.541025217070299, 10.871043068737904 ], [ 122.541829185394477, 10.870482900592695 ], [ 122.541829187114089, 10.87048290200787 ], [ 122.545960224295257, 10.86761485213674 ], [ 122.547911041190645, 10.866321347844677 ], [ 122.547911053933063, 10.866321336354062 ], [ 122.549901574512035, 10.865363573983226 ], [ 122.550459537215829, 10.865124564301581 ], [ 122.551997789989471, 10.864617128680127 ], [ 122.554918059602869, 10.863565071270818 ], [ 122.554918064324042, 10.863565076471613 ], [ 122.557500824152029, 10.862345539293818 ], [ 122.55750082475052, 10.862345544486393 ], [ 122.557500837048153, 10.862345533204474 ], [ 122.55750083750037, 10.862345532990947 ], [ 122.557500837479381, 10.862345532808865 ], [ 122.558072405324978, 10.861821173448442 ], [ 122.561044987423244, 10.858953178373181 ], [ 122.566252803545822, 10.853952940727906 ], [ 122.56687277904642, 10.853447342899582 ], [ 122.567039073945054, 10.853285360124641 ], [ 122.567562923412368, 10.852684180623587 ], [ 122.568638053089046, 10.851494455732938 ], [ 122.569803515705303, 10.850319631120948 ], [ 122.569820241065472, 10.850302249092644 ], [ 122.569820239860405, 10.850302248145816 ], [ 122.569841802947451, 10.850279025172863 ], [ 122.569841790184626, 10.850279036673474 ], [ 122.570609096709148, 10.849504238502799 ], [ 122.570609083945499, 10.849504250003722 ], [ 122.574700989604068, 10.844793736488839 ], [ 122.574834145081169, 10.844635278279585 ], [ 122.575203801924289, 10.844210721956628 ], [ 122.575203789155438, 10.844210733459349 ], [ 122.580325091309135, 10.838252316041826 ], [ 122.588753669432037, 10.838347764164133 ], [ 122.588817657818467, 10.838341544409003 ], [ 122.58912336042809, 10.838340913315999 ], [ 122.589957523948215, 10.838357881550168 ], [ 122.589957521042791, 10.83835789326119 ], [ 122.591098013870749, 10.837890586037574 ], [ 122.595601989656956, 10.835766327675328 ], [ 122.595602002441595, 10.83576631616239 ], [ 122.598416778604275, 10.834765445575083 ], [ 122.59851563025056, 10.834587725549444 ], [ 122.598674200326968, 10.834308700209137 ], [ 122.598791106501722, 10.83405581280763 ], [ 122.599259977957416, 10.832642389046013 ], [ 122.598910932423138, 10.831801516028468 ], [ 122.598013370689813, 10.831357742260675 ], [ 122.597605553491476, 10.830904565248565 ], [ 122.597444687382833, 10.830395289371191 ], [ 122.597377144626932, 10.82963268346796 ], [ 122.597645509481509, 10.829427886787011 ], [ 122.598122867027868, 10.829591784062384 ], [ 122.598635284044249, 10.829617269052228 ], [ 122.599852565024193, 10.828519803080825 ], [ 122.599882896217537, 10.828118542398521 ], [ 122.599036167026838, 10.827760337412061 ], [ 122.598608751749524, 10.827844633484451 ], [ 122.598101829019271, 10.82809266851992 ], [ 122.597697982710415, 10.828086248209665 ], [ 122.597680552005585, 10.82807655329615 ], [ 122.597262658562286, 10.827842442137523 ], [ 122.597161923269098, 10.827725131438404 ], [ 122.597121416893287, 10.827636250642307 ], [ 122.59705911768593, 10.827508218985571 ], [ 122.596855333770378, 10.827067875232121 ], [ 122.596831904334536, 10.826926027289449 ], [ 122.596817149741241, 10.826695714449608 ], [ 122.596785819151819, 10.826248773872562 ], [ 122.596976392542715, 10.825897810951853 ], [ 122.597228649769747, 10.825622648461655 ], [ 122.597295779609084, 10.825601359388038 ], [ 122.598522458333491, 10.8259363993332 ], [ 122.59957327718503, 10.825814283301243 ], [ 122.600370307009726, 10.825571969023049 ], [ 122.600721094652627, 10.825194593350989 ], [ 122.6006787560231, 10.824810196910946 ], [ 122.600353016069917, 10.824608086599254 ], [ 122.599632695343701, 10.824419568421691 ], [ 122.599111875873206, 10.823977042456791 ], [ 122.598715922132328, 10.823405628867157 ], [ 122.598740981470129, 10.822739625937887 ], [ 122.599271491493965, 10.822371274563999 ], [ 122.60093990042941, 10.821731041651953 ], [ 122.601278123460915, 10.821946218284799 ], [ 122.601671845510509, 10.821841173556969 ], [ 122.601788042475775, 10.821403378615532 ], [ 122.601631305861119, 10.821034063682854 ], [ 122.60105558315081, 10.820799693583096 ], [ 122.600872861063777, 10.820427326733887 ], [ 122.600352316187696, 10.820101801914491 ], [ 122.599781129218059, 10.819604542841214 ], [ 122.599615563247568, 10.8190408539124 ], [ 122.59896875637962, 10.818432244888704 ], [ 122.598227798054239, 10.818415306198901 ], [ 122.598286206073766, 10.818053859034576 ], [ 122.600437342875708, 10.818275086406992 ], [ 122.600920140626812, 10.81861744500986 ], [ 122.601416910900056, 10.818692706193771 ], [ 122.602008896060298, 10.818903852458114 ], [ 122.602511198094035, 10.81886617783484 ], [ 122.603351197267472, 10.818636643664279 ], [ 122.603500123840647, 10.818788503873568 ], [ 122.603492220618008, 10.819263184719004 ], [ 122.603348537088905, 10.82006460842889 ], [ 122.603348524292144, 10.820064619943807 ], [ 122.603552285369545, 10.820613931397492 ], [ 122.60414516419543, 10.820656979417228 ], [ 122.604845501336385, 10.820472426856581 ], [ 122.605078386215609, 10.82026342399444 ], [ 122.605120531784522, 10.819925200665702 ], [ 122.605121746634623, 10.819528035781552 ], [ 122.604906443885071, 10.818537997410814 ], [ 122.604922571515019, 10.817359569082045 ], [ 122.605067537305516, 10.816738582738328 ], [ 122.605255723742644, 10.816420411533031 ], [ 122.605177069194838, 10.816205269870009 ], [ 122.604581935385156, 10.815658797430025 ], [ 122.603860469697167, 10.815348342460785 ], [ 122.603286178192732, 10.815266393350372 ], [ 122.602766994635559, 10.815612391194939 ], [ 122.60273927759232, 10.816609654957308 ], [ 122.602769693975873, 10.817128470413806 ], [ 122.602686903928671, 10.817438236384154 ], [ 122.602161639424537, 10.817663167749515 ], [ 122.601634154879051, 10.817125123856455 ], [ 122.601444986547037, 10.816110121029448 ], [ 122.602055179162235, 10.815062164933863 ], [ 122.60181674635021, 10.814423845569262 ], [ 122.601942866216532, 10.814547099075002 ], [ 122.602160471148849, 10.81486487135713 ], [ 122.602188103521272, 10.814959857637113 ], [ 122.602220916963446, 10.815110108661816 ], [ 122.602248549335798, 10.815158465313445 ], [ 122.602319357289971, 10.815179189592714 ], [ 122.602402254407053, 10.815103200568727 ], [ 122.602602589106652, 10.814816514705502 ], [ 122.602612951246314, 10.814788882333138 ], [ 122.60263712957213, 10.814735344611693 ], [ 122.602895319551379, 10.81411966081507 ], [ 122.602941949179751, 10.81384333709148 ], [ 122.602962673459018, 10.813610188949701 ], [ 122.602967854528828, 10.813378767831193 ], [ 122.603206183740411, 10.81267586935931 ], [ 122.603264902531677, 10.81255497773024 ], [ 122.60334434560221, 10.812454810380439 ], [ 122.603606853139624, 10.812195756889572 ], [ 122.603917717328656, 10.811929795305614 ], [ 122.604176770819535, 10.81175018488528 ], [ 122.604297662448602, 10.811694920140562 ], [ 122.6048089856953, 10.811587412971393 ], [ 122.604871913621849, 10.811589140881239 ], [ 122.604932174454461, 10.811589139758414 ], [ 122.604994346350111, 10.811586982981643 ], [ 122.60499477876364, 10.811587908362018 ], [ 122.606510739892173, 10.811967423851101 ], [ 122.607256813946151, 10.812347368971183 ], [ 122.607678207624787, 10.812699681718895 ], [ 122.607781829021178, 10.812982913535684 ], [ 122.607781829021164, 10.813134891583717 ], [ 122.607726564276433, 10.813369766748858 ], [ 122.607595310507676, 10.813507928610706 ], [ 122.606983944269004, 10.813734168659483 ], [ 122.606621269381648, 10.813920687172978 ], [ 122.606403664449246, 10.814062303081371 ], [ 122.60618605951683, 10.814299768781423 ], [ 122.606092800260086, 10.814503557527647 ], [ 122.60604098956189, 10.814845508135722 ], [ 122.606061713841171, 10.815027709091034 ], [ 122.606172243330647, 10.815293670675091 ], [ 122.606275864727024, 10.815407654211116 ], [ 122.606600545102367, 10.815490551328224 ], [ 122.606859598593346, 10.815538907979871 ], [ 122.607218819434138, 10.815535453933325 ], [ 122.607557315995678, 10.815456010862762 ], [ 122.608013250139763, 10.81540420016457 ], [ 122.609225620477488, 10.81498626053248 ], [ 122.610047683555479, 10.814589908691303 ], [ 122.610900833052384, 10.814085617895557 ], [ 122.611173702729545, 10.813926731754433 ], [ 122.611912868690425, 10.813530379913256 ], [ 122.612303175950146, 10.81329205070157 ], [ 122.612427521625804, 10.813184975258636 ], [ 122.612458608044719, 10.812992412163686 ], [ 122.612458608044719, 10.812933693372401 ], [ 122.612379164974158, 10.812757536998545 ], [ 122.612189192414121, 10.812613330555241 ], [ 122.611805793247498, 10.812375001343554 ], [ 122.611681447571826, 10.812285196133352 ], [ 122.611550193803069, 10.812116811364225 ], [ 122.61134640505685, 10.811778314802698 ], [ 122.611108075845166, 10.811122045958919 ], [ 122.610804119749091, 10.80989585943502 ], [ 122.610697044306164, 10.80976287864299 ], [ 122.610624509328687, 10.809666165339697 ], [ 122.610441444861749, 10.809548727757127 ], [ 122.610213477789699, 10.809431290174556 ], [ 122.609653922249208, 10.809382933522908 ], [ 122.609294701408402, 10.809376025429817 ], [ 122.608838767264302, 10.809286220219615 ], [ 122.608248125304911, 10.80907984093848 ], [ 122.608033974419044, 10.808955495262817 ], [ 122.60791653683647, 10.808827695540607 ], [ 122.607792191160812, 10.808562597468187 ], [ 122.60771274809025, 10.80831390611686 ], [ 122.607664391438604, 10.807683542622179 ], [ 122.607643667159323, 10.807459029596677 ], [ 122.607664391438604, 10.807193931524255 ], [ 122.607747288555714, 10.806917607800559 ], [ 122.607878542324471, 10.806690504240146 ], [ 122.608030520372495, 10.806517801912838 ], [ 122.608179044373983, 10.806338191492435 ], [ 122.608334476468571, 10.806265656514965 ], [ 122.608434643818399, 10.806241478189142 ], [ 122.608565897587155, 10.806162035118579 ], [ 122.608945842707243, 10.806179305351309 ], [ 122.609543392759733, 10.806345099585528 ], [ 122.609729911273234, 10.806365823864803 ], [ 122.609878435274709, 10.806424542656091 ], [ 122.610652141701095, 10.806808805334354 ], [ 122.6108559304473, 10.80690724566092 ], [ 122.610952643750593, 10.806950421242746 ], [ 122.611218605334642, 10.807143847849334 ], [ 122.611256599846655, 10.807140393802788 ], [ 122.611277324125922, 10.807064404778771 ], [ 122.61131704566121, 10.806826075567084 ], [ 122.611334315893941, 10.806762607461797 ], [ 122.611374037429215, 10.806715977833424 ], [ 122.611431029197234, 10.806648623925772 ], [ 122.611475931802332, 10.806582997041396 ], [ 122.611515653337605, 10.806493191831194 ], [ 122.611510472267796, 10.806421088609541 ], [ 122.611413758964503, 10.806277745677875 ], [ 122.611348132080124, 10.806157717560394 ], [ 122.611272143056098, 10.806050642117462 ], [ 122.611216878311367, 10.80591593430216 ], [ 122.611192699985537, 10.80578813457995 ], [ 122.611196154032086, 10.805710850288479 ], [ 122.611208243194994, 10.805657312567014 ], [ 122.611394761708496, 10.805312339668212 ], [ 122.61152946952383, 10.805166406201636 ], [ 122.611804066224252, 10.804991976851053 ], [ 122.61204412245921, 10.804862450105571 ], [ 122.612123565529771, 10.804826182616834 ], [ 122.612206462646881, 10.804765736802276 ], [ 122.612253092275253, 10.804731196336814 ], [ 122.61226863548471, 10.804703995720264 ], [ 122.612456881021473, 10.804621098603153 ], [ 122.612519053859316, 10.804562811567687 ], [ 122.612664123814255, 10.804531725148772 ], [ 122.612779834373555, 10.804493730636763 ], [ 122.612854096374292, 10.804433284822204 ], [ 122.612900726002664, 10.804359454577279 ], [ 122.613076882376518, 10.804283465553263 ], [ 122.613132147121263, 10.804285192576536 ], [ 122.613208136145275, 10.804242016994708 ], [ 122.61335147907694, 10.804167754993966 ], [ 122.613470643682788, 10.804148757737961 ], [ 122.61353281652066, 10.804078813295401 ], [ 122.613658889219593, 10.804080540318674 ], [ 122.613871313082186, 10.804014913434296 ], [ 122.614118277410228, 10.803982099992107 ], [ 122.614427414576113, 10.804002824271384 ], [ 122.614971426907161, 10.804123715900502 ], [ 122.615113042815551, 10.804189342784879 ], [ 122.615492987935639, 10.804460053682938 ], [ 122.615981735521942, 10.80485985957066 ], [ 122.616220064733611, 10.805054581444702 ], [ 122.616318505060178, 10.805149567724722 ], [ 122.61641867241002, 10.805223397969648 ], [ 122.616498115480582, 10.805270027598022 ], [ 122.616581012597692, 10.805318384249668 ], [ 122.616707085296625, 10.805366740901315 ], [ 122.616997225206532, 10.805390919227138 ], [ 122.617163019440753, 10.805397827320231 ], [ 122.617404802698985, 10.805390919227138 ], [ 122.6176604021434, 10.805363286854769 ], [ 122.617881461122366, 10.805299818749482 ], [ 122.618166419962421, 10.805178927120366 ], [ 122.618441016662842, 10.805082213817071 ], [ 122.618653440525435, 10.805007951816329 ], [ 122.618689708014173, 10.804987227537051 ], [ 122.6187967834571, 10.804959595164682 ], [ 122.619021296482615, 10.804918146606127 ], [ 122.61907828825062, 10.804916419582854 ], [ 122.619169820484089, 10.804926781722493 ], [ 122.619347703881246, 10.804952687071589 ], [ 122.619475503603468, 10.804990681583597 ], [ 122.619670657233328, 10.805096030003256 ], [ 122.619757008396974, 10.805146113678177 ], [ 122.619858902770076, 10.805266573551474 ], [ 122.619998791655206, 10.805542897275171 ], [ 122.620022969981022, 10.805757479916853 ], [ 122.620026424027571, 10.805914639034706 ], [ 122.620050602353402, 10.806083023803833 ], [ 122.620055783423211, 10.806333442178433 ], [ 122.620104140074858, 10.80667668805396 ], [ 122.620171493982511, 10.806976758347661 ], [ 122.62040291510111, 10.807435714782487 ], [ 122.620404642124385, 10.807528110527599 ], [ 122.620509990544036, 10.807747442483283 ], [ 122.620610157893879, 10.807935256264232 ], [ 122.620782860221183, 10.808154156464097 ], [ 122.620997011107079, 10.808361831012688 ], [ 122.621280242923874, 10.80860879534074 ], [ 122.621584199019935, 10.808817765156785 ], [ 122.621710271718868, 10.808850578598975 ], [ 122.622138573490602, 10.808817765156785 ], [ 122.622354451399744, 10.808771135528412 ], [ 122.622610050844159, 10.808632973666564 ], [ 122.622696402007804, 10.808532806316723 ], [ 122.622748212706, 10.808436524769249 ], [ 122.622763755915457, 10.808360535745232 ], [ 122.622781026148189, 10.808155451731551 ], [ 122.622784480194738, 10.807994838567154 ], [ 122.622838017916209, 10.807779824169653 ], [ 122.622846653032582, 10.807693473005997 ], [ 122.622827655776575, 10.807315686665007 ], [ 122.622670496658728, 10.80650916679647 ], [ 122.622582418471794, 10.806198302607312 ], [ 122.622458072796135, 10.805949179500168 ], [ 122.622414897214298, 10.80582828787105 ], [ 122.622302640701548, 10.805576142473178 ], [ 122.622022862931303, 10.805074442212343 ], [ 122.621815620138534, 10.804840430558837 ], [ 122.621591107113034, 10.804659093115163 ], [ 122.6213873183668, 10.804533883927862 ], [ 122.621114448689653, 10.804412992298746 ], [ 122.620658514545553, 10.804297281739448 ], [ 122.620054056399994, 10.804191933319792 ], [ 122.619922802631237, 10.804167754993969 ], [ 122.619674111279906, 10.804098674063045 ], [ 122.619456506347504, 10.804043409318306 ], [ 122.619176728577258, 10.803922517689188 ], [ 122.619024750529221, 10.803860344851357 ], [ 122.618648259455682, 10.803604745406936 ], [ 122.618617173036753, 10.803557252266927 ], [ 122.61852045973346, 10.803363825660337 ], [ 122.618492827361095, 10.803225663798489 ], [ 122.618592994710937, 10.803049507424632 ], [ 122.618803691550255, 10.802824994399128 ], [ 122.618972939831025, 10.802783545840573 ], [ 122.619035112668854, 10.80272137300274 ], [ 122.619259625694369, 10.802577166559436 ], [ 122.619656841047174, 10.802242124044453 ], [ 122.6199262566778, 10.802035744763316 ], [ 122.620164585889498, 10.801798279063261 ], [ 122.620389098914998, 10.801501231060286 ], [ 122.620603249800865, 10.801109196777292 ], [ 122.620661968592159, 10.800926132310341 ], [ 122.620703417150708, 10.800677440959014 ], [ 122.620713779290355, 10.800161061000351 ], [ 122.620682692871441, 10.799836380625006 ], [ 122.620617065987062, 10.799540196133668 ], [ 122.620544531009585, 10.799398580225272 ], [ 122.620537622916487, 10.799362312736536 ], [ 122.620399461054632, 10.799224150874686 ], [ 122.620216396587693, 10.799075626873199 ], [ 122.619591214162824, 10.798833843614963 ], [ 122.619231993322018, 10.798747492451307 ], [ 122.618479011174912, 10.7984236755876 ], [ 122.618168146985752, 10.79814044377081 ], [ 122.617978174425716, 10.79788484432639 ], [ 122.61792636372752, 10.797743228417994 ], [ 122.617833104470762, 10.797616292207419 ], [ 122.617791655912214, 10.797201806621873 ], [ 122.617916001587872, 10.796898714037441 ], [ 122.618036893216996, 10.796715649570491 ], [ 122.618226865777032, 10.796560217475911 ], [ 122.618423746430167, 10.796477320358802 ], [ 122.61852045973346, 10.796446233939886 ], [ 122.618841686062268, 10.796453142032979 ], [ 122.619066199087769, 10.796504952731171 ], [ 122.619332160671831, 10.796667292918844 ], [ 122.619908986445068, 10.797074870411299 ], [ 122.620313109890986, 10.797371918414273 ], [ 122.62061015789395, 10.797627517858693 ], [ 122.621231886272284, 10.798112811398441 ], [ 122.621711998742214, 10.798461670099609 ], [ 122.621860522743702, 10.79856183744945 ], [ 122.62238208377218, 10.798796712614593 ], [ 122.622675677728594, 10.798910696150617 ], [ 122.622813839590449, 10.798941782569534 ], [ 122.622972725731572, 10.798945236616079 ], [ 122.623093617360695, 10.798938328522988 ], [ 122.62320760089672, 10.798896879964433 ], [ 122.623352670851659, 10.7988347071266 ], [ 122.623494286760049, 10.798737993823307 ], [ 122.62360136220299, 10.798651642659651 ], [ 122.623663535040819, 10.798568745542543 ], [ 122.623725707878648, 10.798468578192702 ], [ 122.623736070018296, 10.798361502749769 ], [ 122.623732615971747, 10.798288967772297 ], [ 122.623701529552832, 10.798202616608643 ], [ 122.623694621459734, 10.79809554116571 ], [ 122.623670443133918, 10.798023006188238 ], [ 122.623646264808087, 10.797909022652213 ], [ 122.623615178389173, 10.797795902627822 ], [ 122.623508102946246, 10.797509216764487 ], [ 122.623470108434233, 10.797443589880109 ], [ 122.623397573456771, 10.797179355319322 ], [ 122.62337339513094, 10.797061917736752 ], [ 122.623380303224039, 10.796778685919961 ], [ 122.623394119410221, 10.796751053547592 ], [ 122.623394119410221, 10.796709604989037 ], [ 122.623487378666965, 10.7964229191257 ], [ 122.623487378653437, 10.796422919119768 ], [ 122.623487378665359, 10.796422919124911 ], [ 122.623699208863712, 10.796215838240705 ], [ 122.625596559806837, 10.795819918155399 ], [ 122.62670185470148, 10.79566448606084 ], [ 122.627247594055731, 10.795547048478285 ], [ 122.627769155084138, 10.795571226804107 ], [ 122.628352888950374, 10.795861366713948 ], [ 122.628667207186027, 10.796282760392529 ], [ 122.62883127439693, 10.796584125953649 ], [ 122.628810550117635, 10.797393236356989 ], [ 122.628665480162709, 10.797878529896666 ], [ 122.628668934209259, 10.798967418070212 ], [ 122.628836455466725, 10.799355998306607 ], [ 122.629377877262769, 10.799703129984453 ], [ 122.629947794942822, 10.799865470172103 ], [ 122.630439996575589, 10.799865470172103 ], [ 122.630910610417416, 10.799656500356084 ], [ 122.631029775023237, 10.799519202005889 ], [ 122.631123897791582, 10.79914616497895 ], [ 122.631121307256663, 10.798910426302204 ], [ 122.63107467762832, 10.798634102578545 ], [ 122.63086398078903, 10.798293878993789 ], [ 122.630723228392299, 10.797900117687572 ], [ 122.630726682438805, 10.796988249399497 ], [ 122.630840665974816, 10.79671883376893 ], [ 122.631186070629411, 10.794929637658234 ], [ 122.631241335374142, 10.794245736442177 ], [ 122.631144622070863, 10.794017769370157 ], [ 122.631006460209036, 10.793202614385361 ], [ 122.631172254443229, 10.792601610286402 ], [ 122.631434761980699, 10.792449632238389 ], [ 122.631597102168399, 10.792242389445649 ], [ 122.632488246177203, 10.791769185068881 ], [ 122.633134152881283, 10.791458320879764 ], [ 122.633583178932227, 10.79129943473866 ], [ 122.635013154202184, 10.790228680309484 ], [ 122.636063184352096, 10.78955859527961 ], [ 122.636078727561568, 10.789543915581788 ], [ 122.637937868114818, 10.789336672789046 ], [ 122.639454194548364, 10.789915225585458 ], [ 122.64181330833911, 10.791469546531044 ], [ 122.643481612820707, 10.791662973137605 ], [ 122.644673258879038, 10.791251941598663 ], [ 122.645668024284191, 10.790391884008777 ], [ 122.646117050335164, 10.789756339444356 ], [ 122.646393374058817, 10.789279681021041 ], [ 122.646465909036309, 10.789005084320653 ], [ 122.646485769803945, 10.788435382518514 ], [ 122.646170588056648, 10.785439213017993 ], [ 122.645617940609327, 10.782420376337015 ], [ 122.644706072321242, 10.779353183004394 ], [ 122.644706072321242, 10.77891106504654 ], [ 122.643918549708829, 10.77657526606998 ], [ 122.643849468777915, 10.776444012301242 ], [ 122.643732031195356, 10.776304123416139 ], [ 122.643752755474623, 10.776126240019034 ], [ 122.642668184859204, 10.772470563506182 ], [ 122.641756316571147, 10.771629503172294 ], [ 122.637442212435474, 10.771848835127949 ], [ 122.636190120562674, 10.773991639253765 ], [ 122.636191847585934, 10.774060720184691 ], [ 122.636193574609209, 10.774159160511244 ], [ 122.636104632910659, 10.774158296999607 ], [ 122.635604659673177, 10.774691083679292 ], [ 122.633651396351596, 10.778958558186554 ], [ 122.633521869606156, 10.779110536234571 ], [ 122.633345713232316, 10.779405857214233 ], [ 122.633247272905734, 10.779835886009176 ], [ 122.633309445743564, 10.780001680243371 ], [ 122.632943316809715, 10.781317671977304 ], [ 122.633081478671542, 10.781241682953297 ], [ 122.633098748904274, 10.781214050580934 ], [ 122.63752338252938, 10.781535276909686 ], [ 122.637606279646477, 10.781920403099539 ], [ 122.637861879090863, 10.782286532033389 ], [ 122.638152019000714, 10.782459234360676 ], [ 122.638262548490175, 10.782714833805061 ], [ 122.638469791282915, 10.782818455201433 ], [ 122.638435250817466, 10.783087870832002 ], [ 122.638386894165819, 10.783212216507648 ], [ 122.638373077979637, 10.783004973714904 ], [ 122.638006949045788, 10.782701017618878 ], [ 122.637696084856671, 10.782507591012317 ], [ 122.637323047829724, 10.782334888685028 ], [ 122.637074356478436, 10.78215527826465 ], [ 122.636652962799857, 10.781941127378813 ], [ 122.635753183674694, 10.781963578681365 ], [ 122.63552176255611, 10.782079289240649 ], [ 122.635338698089186, 10.78210346756647 ], [ 122.634938028689874, 10.781944581425364 ], [ 122.634855131572778, 10.782120737799199 ], [ 122.634672067105839, 10.782148370171564 ], [ 122.634506272871647, 10.782120737799199 ], [ 122.634126327751616, 10.781892770727177 ], [ 122.633273178254797, 10.781958397611547 ], [ 122.632837968390035, 10.782075835194103 ], [ 122.632713622714391, 10.782262353707576 ], [ 122.632357855920176, 10.782507591012326 ], [ 122.632278412849615, 10.78279341336399 ], [ 122.631121307256777, 10.783605977813883 ], [ 122.630779356648745, 10.783941020328825 ], [ 122.629898574779574, 10.784620603986708 ], [ 122.629843310034843, 10.784833891360909 ], [ 122.629197403330778, 10.786157654699581 ], [ 122.62919049523768, 10.786541053866163 ], [ 122.628931441746744, 10.786902001730198 ], [ 122.628858906769295, 10.787164509267678 ], [ 122.628603307324894, 10.78741665466552 ], [ 122.628510048068165, 10.787760332296825 ], [ 122.627563639314616, 10.788752507167102 ], [ 122.627314947963328, 10.78905646326313 ], [ 122.627290769637497, 10.789218803450781 ], [ 122.627207872520401, 10.789374235545342 ], [ 122.627128429449854, 10.789329332940248 ], [ 122.626285642092682, 10.790133262273779 ], [ 122.625947145531185, 10.790823208071298 ], [ 122.626061129067196, 10.790908695723306 ], [ 122.6262718259065, 10.791231649075339 ], [ 122.626040404787929, 10.791639226567742 ], [ 122.625812437715894, 10.791421621635354 ], [ 122.625543022085324, 10.791573599683369 ], [ 122.62553611399224, 10.791822291034666 ], [ 122.625577562550788, 10.79210552285142 ], [ 122.625473941154411, 10.792133155223786 ], [ 122.624451543376864, 10.791318000238981 ], [ 122.625370319758034, 10.790813709443297 ], [ 122.625394498083836, 10.790697998884017 ], [ 122.625584470643858, 10.790121173110871 ], [ 122.626282188046105, 10.789565935128635 ], [ 122.62624592055738, 10.789424319220259 ], [ 122.626548149630125, 10.789234778416057 ], [ 122.627183694194557, 10.788468843594529 ], [ 122.62716296991529, 10.78778407886683 ], [ 122.627415115313113, 10.787665777772634 ], [ 122.627584363593854, 10.787660596702816 ], [ 122.627957400620801, 10.787779761308645 ], [ 122.628004030249173, 10.787781488331918 ], [ 122.628004030249173, 10.787779761308645 ], [ 122.628007484295722, 10.787712407401003 ], [ 122.627841690061516, 10.787437810700613 ], [ 122.62784428059642, 10.787434356654066 ], [ 122.627840826549871, 10.787337643350783 ], [ 122.628051523389175, 10.787199481488949 ], [ 122.628269128321563, 10.787154578883854 ], [ 122.628624895115777, 10.786686987332704 ], [ 122.628659867337063, 10.786516012028686 ], [ 122.628686204441976, 10.786403539638037 ], [ 122.628702179407242, 10.786334134890257 ], [ 122.628735424605253, 10.786229973799108 ], [ 122.628791121105806, 10.786055760326452 ], [ 122.628829115617805, 10.785932062284528 ], [ 122.628864951350721, 10.785821748672971 ], [ 122.628911149223271, 10.785678837497136 ], [ 122.629025996270911, 10.785461448442655 ], [ 122.629187472946938, 10.785152095398892 ], [ 122.629253963342947, 10.785025590944151 ], [ 122.629450843996054, 10.784678243388385 ], [ 122.629479339880049, 10.784614559405199 ], [ 122.629700398858986, 10.78424324940152 ], [ 122.629838560720827, 10.784056730888043 ], [ 122.630170149189226, 10.783745866698917 ], [ 122.630529370030004, 10.783372829671965 ], [ 122.630563910495454, 10.783250211019588 ], [ 122.630612267147086, 10.783201854367945 ], [ 122.630805693753658, 10.783201854367945 ], [ 122.63117182268752, 10.782821909247902 ], [ 122.631213271246068, 10.782711379758435 ], [ 122.631337616921712, 10.782656115013701 ], [ 122.631634664924661, 10.782360794034032 ], [ 122.63181427534505, 10.782146643148188 ], [ 122.631855723903598, 10.782084470310362 ], [ 122.631917896741427, 10.78198775700708 ], [ 122.631904080555287, 10.781967032727803 ], [ 122.631807367252009, 10.781815054679784 ], [ 122.63170029180904, 10.781591405165941 ], [ 122.631341070968276, 10.781315081442271 ], [ 122.631271990037362, 10.781148423696433 ], [ 122.631130374128972, 10.781056891462967 ], [ 122.631033660825693, 10.780961905182956 ], [ 122.631011209523137, 10.780802587286026 ], [ 122.630914496219845, 10.780709328029285 ], [ 122.630776334358018, 10.780686876726739 ], [ 122.630373937935417, 10.780709328029287 ], [ 122.630116611467741, 10.780368240932878 ], [ 122.629954271280084, 10.780202446698675 ], [ 122.629691763742628, 10.780104869883752 ], [ 122.629574326160068, 10.780085872627749 ], [ 122.629550147834252, 10.779904535184091 ], [ 122.629263461970936, 10.779901081137545 ], [ 122.628962959921452, 10.780087599651022 ], [ 122.628823071036337, 10.780087599651022 ], [ 122.628819616989787, 10.779859632578994 ], [ 122.627863047216209, 10.780340552644232 ], [ 122.628819616989901, 10.779856826166315 ], [ 122.62879371164081, 10.779851645096496 ], [ 122.628745354989164, 10.779817104631039 ], [ 122.628564017545514, 10.779849918073223 ], [ 122.628334323450218, 10.77986028021286 ], [ 122.628284239775311, 10.779932815190321 ], [ 122.62826696954258, 10.7800105312376 ], [ 122.628222066937482, 10.78008824728488 ], [ 122.628133988750562, 10.780105517517608 ], [ 122.627676327583231, 10.780083066215061 ], [ 122.62759688451267, 10.780041617656511 ], [ 122.627244571765004, 10.779969082679051 ], [ 122.627083958600664, 10.779906909841225 ], [ 122.626926799482831, 10.779824012724127 ], [ 122.626735099899506, 10.779801561421584 ], [ 122.62661938934022, 10.779846464026679 ], [ 122.626526130083491, 10.779767020956127 ], [ 122.626391422268199, 10.779734207513943 ], [ 122.626299890034744, 10.779631449629205 ], [ 122.626139276870376, 10.779558914651744 ], [ 122.625590946981234, 10.779436295999368 ], [ 122.625546907887767, 10.779460474325187 ], [ 122.62552186605032, 10.779563232209924 ], [ 122.625483871538307, 10.779603385501016 ], [ 122.625436810154127, 10.77960468076847 ], [ 122.625459261456683, 10.779345195521726 ], [ 122.625412631828311, 10.779333106358814 ], [ 122.625394498083949, 10.779338287428633 ], [ 122.625310737455209, 10.779291657800266 ], [ 122.624348785492188, 10.779036921867519 ], [ 122.624022378093599, 10.779181128310801 ], [ 122.623843631184855, 10.779117228449705 ], [ 122.623686472067064, 10.779093913635522 ], [ 122.623531903484121, 10.778837450679502 ], [ 122.623498226530302, 10.778796002120952 ], [ 122.623478365762665, 10.778795138609315 ], [ 122.622911902129189, 10.779181991822442 ], [ 122.622912765640791, 10.779378008963915 ], [ 122.622901971745335, 10.779384053545371 ], [ 122.622839367151698, 10.779373691405734 ], [ 122.622778489581364, 10.779395279196644 ], [ 122.622742222092626, 10.779460042569376 ], [ 122.622747834918272, 10.779494151279012 ], [ 122.622678753987358, 10.779539485639924 ], [ 122.622643350010264, 10.779517466093196 ], [ 122.62266666482445, 10.779477744557919 ], [ 122.622613127102994, 10.779437591266825 ], [ 122.622572110300254, 10.779458747301918 ], [ 122.622495257764584, 10.779447521650644 ], [ 122.622398544461305, 10.779436295999371 ], [ 122.622280675122965, 10.779477312802099 ], [ 122.622246134657502, 10.779504945174464 ], [ 122.62213560516804, 10.779486811430099 ], [ 122.622101928214221, 10.77949890059301 ], [ 122.621888640839984, 10.779496310058105 ], [ 122.621769476234164, 10.779473858755559 ], [ 122.621740116838524, 10.779477312802104 ], [ 122.621663264302853, 10.779442340580827 ], [ 122.621634336663021, 10.779460042569374 ], [ 122.621628292081567, 10.779488538453377 ], [ 122.621622679255935, 10.779482493871921 ], [ 122.62145213570777, 10.779419025766645 ], [ 122.621317212014574, 10.779453782110011 ], [ 122.621275547578122, 10.779376497818552 ], [ 122.621276411089767, 10.779314324980728 ], [ 122.621211647717033, 10.77931173444582 ], [ 122.621200422065755, 10.77928237505018 ], [ 122.621281592159576, 10.779237472445086 ], [ 122.621342037974131, 10.779212430607629 ], [ 122.621329085299578, 10.779192569839992 ], [ 122.620969000947184, 10.778963739256335 ], [ 122.620602872013308, 10.778653738578853 ], [ 122.620492342523832, 10.778520757786842 ], [ 122.620345545545661, 10.778417136390468 ], [ 122.620007048984178, 10.778057915549711 ], [ 122.619962146379081, 10.778054461503165 ], [ 122.619841254749971, 10.778126996480626 ], [ 122.61978944405179, 10.778216801690816 ], [ 122.61967200646923, 10.778316969040642 ], [ 122.619485487955757, 10.778538028019566 ], [ 122.619419861071393, 10.778531119926475 ], [ 122.619447493443758, 10.778489671367927 ], [ 122.619506212235038, 10.778458584949014 ], [ 122.619502758188489, 10.778430952576649 ], [ 122.619426769164491, 10.778417136390466 ], [ 122.619388774652478, 10.778403320204283 ], [ 122.61931278562848, 10.778417136390466 ], [ 122.619260974930285, 10.778372233785371 ], [ 122.619212618278652, 10.778351509506097 ], [ 122.619084818556459, 10.778234071923542 ], [ 122.619057186184094, 10.778244434063179 ], [ 122.619039915951333, 10.778246161086454 ], [ 122.618929386461872, 10.7781477207599 ], [ 122.618767046274229, 10.77806309661953 ], [ 122.618630611435663, 10.777952567130066 ], [ 122.618178131338169, 10.777489724892938 ], [ 122.618136682779621, 10.777486270846392 ], [ 122.618005429010879, 10.777710783871864 ], [ 122.617739467426858, 10.777562259870397 ], [ 122.617684202682128, 10.777576076056581 ], [ 122.617475232866141, 10.777926661780977 ], [ 122.6174527815636, 10.777918026664613 ], [ 122.61738974521414, 10.777917163152978 ], [ 122.617343115585768, 10.777943932013708 ], [ 122.61730512107377, 10.777922344222796 ], [ 122.617236040142856, 10.777924071246069 ], [ 122.617100468815892, 10.777848082222063 ], [ 122.61708233507153, 10.77781958633806 ], [ 122.617059020257344, 10.777747051360599 ], [ 122.616994256884624, 10.777663722487683 ], [ 122.616823281580608, 10.777566145672765 ], [ 122.616669576509295, 10.777519516044402 ], [ 122.616565955112918, 10.777526424137493 ], [ 122.616521052507807, 10.777476340462581 ], [ 122.616334533994333, 10.777381354182571 ], [ 122.616267180086695, 10.777272551716385 ], [ 122.6161773748765, 10.777051492737456 ], [ 122.616091023712855, 10.777020406318545 ], [ 122.615980494223393, 10.777010044178908 ], [ 122.61549347366045, 10.777048038690911 ], [ 122.615220603983332, 10.777151660087283 ], [ 122.615120436633504, 10.777227649111289 ], [ 122.615099712354237, 10.777265643623293 ], [ 122.615099712354237, 10.777338178600754 ], [ 122.615085896168054, 10.777376173112756 ], [ 122.615078988074956, 10.777393443345485 ], [ 122.61505135570259, 10.777421075717852 ], [ 122.614681772722179, 10.777308819205114 ], [ 122.614642051186905, 10.777136116877827 ], [ 122.614619599884364, 10.777106757482191 ], [ 122.614628235000737, 10.776953052410907 ], [ 122.614617872861089, 10.77682352566544 ], [ 122.614597148581822, 10.776759625804344 ], [ 122.614540156813817, 10.77669745296652 ], [ 122.614407176021786, 10.776643051733419 ], [ 122.614353638300315, 10.776588650500324 ], [ 122.614257788508695, 10.776527341174138 ], [ 122.613845029946475, 10.776314917311575 ], [ 122.613506533385006, 10.776062771913736 ], [ 122.613478901012627, 10.775997145029367 ], [ 122.612984972356585, 10.775662102514429 ], [ 122.61295733998422, 10.775675918700612 ], [ 122.612915891425672, 10.775675918700612 ], [ 122.612912437379137, 10.775624108002425 ], [ 122.612794999796577, 10.775544664931873 ], [ 122.612795048704712, 10.775543573734309 ], [ 122.612021342278638, 10.775067347066928 ], [ 122.611456605668579, 10.774785842273522 ], [ 122.610713985661448, 10.775127792881465 ], [ 122.610240349528951, 10.774331635152869 ], [ 122.609663523755941, 10.77408898838309 ], [ 122.609769735687138, 10.773880882078759 ], [ 122.609616570310664, 10.773811477331002 ], [ 122.609852039139909, 10.773325590127195 ], [ 122.609616462371619, 10.773024872199885 ], [ 122.609616450691405, 10.773024879867094 ], [ 122.609328540270724, 10.77265799949995 ], [ 122.608858789940555, 10.772147232367059 ], [ 122.608563468960909, 10.771878680248159 ], [ 122.608580739193627, 10.771792329084526 ], [ 122.607983189141294, 10.771022076704922 ], [ 122.607579065695518, 10.770493607583489 ], [ 122.607013465573743, 10.770029038323141 ], [ 122.607036780387929, 10.769990180299507 ], [ 122.607054050620647, 10.7699495952526 ], [ 122.607019510155197, 10.769837770495696 ], [ 122.607001808166657, 10.769826544844424 ], [ 122.606995547707314, 10.769676509697616 ], [ 122.606948162506271, 10.769624267243616 ], [ 122.606877786307905, 10.76958967280869 ], [ 122.606777187202283, 10.769606889071936 ], [ 122.60666018137556, 10.769791248806298 ], [ 122.606601894340102, 10.769792112317933 ], [ 122.6064542338503, 10.769682662218026 ], [ 122.606436100105938, 10.769664096717845 ], [ 122.606418398117384, 10.769595447542754 ], [ 122.6064425764432, 10.769533058827028 ], [ 122.60648359324594, 10.769456206291391 ], [ 122.60637781307048, 10.769386693604666 ], [ 122.606281099767202, 10.769255439835945 ], [ 122.606210291813028, 10.769245077696308 ], [ 122.606153300045037, 10.769163907602493 ], [ 122.606098035300306, 10.769037834903589 ], [ 122.60600823009014, 10.768797832638164 ], [ 122.605976711915403, 10.768723138881622 ], [ 122.60594173969416, 10.768573157704292 ], [ 122.605918101063111, 10.768497735359805 ], [ 122.605876760443522, 10.768428573474685 ], [ 122.605865103036436, 10.768330402995527 ], [ 122.605871039678959, 10.768278322449968 ], [ 122.605817933713325, 10.768203156460498 ], [ 122.605800285694286, 10.768138986752025 ], [ 122.605776539124292, 10.768030346194278 ], [ 122.605765313473057, 10.767977240228644 ], [ 122.605711775751615, 10.767855485087921 ], [ 122.605636650239248, 10.767839510122649 ], [ 122.605581817250339, 10.767820944622468 ], [ 122.605512196624687, 10.767734701397794 ], [ 122.60538817476592, 10.767653585273456 ], [ 122.605300096579015, 10.767613270073939 ], [ 122.605235117328391, 10.767509108982807 ], [ 122.605152759906062, 10.767405001861151 ], [ 122.605129121275027, 10.767318003063803 ], [ 122.605157617159023, 10.767251944423631 ], [ 122.60515157257754, 10.76720574655109 ], [ 122.605057449809195, 10.767177250667096 ], [ 122.604911516342668, 10.767147027759828 ], [ 122.604692184387062, 10.766997640246762 ], [ 122.604536752292546, 10.766853865559332 ], [ 122.604455582198753, 10.766663892999363 ], [ 122.604443493035845, 10.766651803836456 ], [ 122.604291514987864, 10.76676060630262 ], [ 122.603987558891916, 10.766620717417553 ], [ 122.603965107589374, 10.766568906719376 ], [ 122.603880483449018, 10.766532639230656 ], [ 122.603780316099218, 10.766532639230656 ], [ 122.603583435446168, 10.766456650206667 ], [ 122.603286387443305, 10.766363390949955 ], [ 122.603097278395026, 10.7662571790187 ], [ 122.602860244450881, 10.766089226005452 ], [ 122.602860244449957, 10.766089185528218 ], [ 122.602659316085877, 10.765792002601554 ], [ 122.602606641876051, 10.765735010833554 ], [ 122.602511655596032, 10.765702197391375 ], [ 122.602455527339671, 10.765661612344463 ], [ 122.602274189896036, 10.765538993692106 ], [ 122.602203813697713, 10.765410330458296 ], [ 122.602197337360479, 10.765301527992118 ], [ 122.602220652174665, 10.765290302340846 ], [ 122.602209426523387, 10.76526612401503 ], [ 122.602180067127748, 10.765266987526665 ], [ 122.602003478998114, 10.765353122812391 ], [ 122.601944760206891, 10.765353338690298 ], [ 122.601920797758979, 10.765336068457572 ], [ 122.601886473171447, 10.765261158823124 ], [ 122.601827754380182, 10.765191214380582 ], [ 122.601761695740009, 10.765132927345133 ], [ 122.601722405960572, 10.765077878478316 ], [ 122.601709237408116, 10.765058881222316 ], [ 122.601550351267065, 10.764977279372687 ], [ 122.601491632475799, 10.764988936779776 ], [ 122.601479327435001, 10.765012251593957 ], [ 122.601432266050821, 10.765034702896502 ], [ 122.601412837038978, 10.765054995419954 ], [ 122.601385204666613, 10.765068811606135 ], [ 122.601354118247713, 10.765065357559591 ], [ 122.601317850758974, 10.765060176489772 ], [ 122.601297126479707, 10.765023909001046 ], [ 122.601298853502982, 10.764996276628684 ], [ 122.6011615551528, 10.76474067718433 ], [ 122.601050162151722, 10.76477349062651 ], [ 122.601005259546625, 10.764715635346876 ], [ 122.600995760918636, 10.764694047555968 ], [ 122.600947404267032, 10.764612877462149 ], [ 122.600859326080126, 10.764560203252334 ], [ 122.600683169706315, 10.764544228287061 ], [ 122.60047139347752, 10.764543364775427 ], [ 122.600377378648147, 10.764566787528564 ], [ 122.600294697408998, 10.764567111345428 ], [ 122.600200358762734, 10.764613093340063 ], [ 122.600194314181266, 10.764653678386976 ], [ 122.600153189439581, 10.764734632602879 ], [ 122.600094470648287, 10.764728803899338 ], [ 122.600041364682667, 10.764757947417067 ], [ 122.600017510173743, 10.764804253228565 ], [ 122.599999808185188, 10.764821091705473 ], [ 122.599930295498467, 10.7648098660542 ], [ 122.599853227084921, 10.764804037350661 ], [ 122.599853227084921, 10.764711425727665 ], [ 122.599882802358465, 10.764647525866579 ], [ 122.599876541899135, 10.764583626005491 ], [ 122.599804438677495, 10.764578660813584 ], [ 122.599753059735136, 10.764583841883402 ], [ 122.599639507954961, 10.764648173500309 ], [ 122.599569995268226, 10.764693507861216 ], [ 122.59954095968952, 10.764734740541847 ], [ 122.599441062187111, 10.764751956805103 ], [ 122.599427731726237, 10.764711317788715 ], [ 122.599397724696885, 10.764681742515171 ], [ 122.599357139649968, 10.764618922043629 ], [ 122.599321519795012, 10.764601435933001 ], [ 122.59930511307391, 10.764578984630456 ], [ 122.599251143596675, 10.764543634622845 ], [ 122.599192640683313, 10.764555507907843 ], [ 122.599157020828315, 10.764555292029934 ], [ 122.599139534717679, 10.764520751564481 ], [ 122.599050593019129, 10.764491608046757 ], [ 122.598997918809317, 10.764497652628211 ], [ 122.598945244599506, 10.764479734761759 ], [ 122.598924304442349, 10.764412866579423 ], [ 122.598903688101998, 10.764341249083081 ], [ 122.59883881679032, 10.764271871320052 ], [ 122.598762719827405, 10.764260429790868 ], [ 122.59865639995725, 10.764086243302978 ], [ 122.598610417962618, 10.763982406028711 ], [ 122.598561197799341, 10.763934912888713 ], [ 122.598525793822262, 10.763918937923441 ], [ 122.598503342519706, 10.763919369679259 ], [ 122.598450289657237, 10.763844028964712 ], [ 122.598450290522507, 10.763844028288657 ], [ 122.598401933870861, 10.763788763543925 ], [ 122.598336738742304, 10.763783582474106 ], [ 122.598271543613805, 10.763701980624461 ], [ 122.598288813846537, 10.763662259089186 ], [ 122.598289245602359, 10.763615629460817 ], [ 122.598241968340275, 10.763557342425356 ], [ 122.598170728630279, 10.763545685018263 ], [ 122.598101108004627, 10.763540396009494 ], [ 122.59802436340793, 10.763517135164786 ], [ 122.597960463546841, 10.763430460184283 ], [ 122.597866124900577, 10.7634356412541 ], [ 122.597810860155846, 10.763419234533007 ], [ 122.597794453434759, 10.763395919718823 ], [ 122.5977337917423, 10.763373900172091 ], [ 122.597693422573286, 10.763316476648269 ], [ 122.597665574323017, 10.763256894345359 ], [ 122.597629306834278, 10.763241351135903 ], [ 122.597578359647727, 10.763192994484262 ], [ 122.597540581013646, 10.76310210988453 ], [ 122.597499132455113, 10.76307275048889 ], [ 122.597463728478019, 10.763033028953615 ], [ 122.597500643600512, 10.762898105260419 ], [ 122.597564543461601, 10.762807436538594 ], [ 122.597556771856873, 10.762778077142951 ], [ 122.59748337336778, 10.762628689629848 ], [ 122.59751186925179, 10.762588104582935 ], [ 122.597517050321599, 10.762554427629114 ], [ 122.597498916577209, 10.762463758907293 ], [ 122.597441061297545, 10.762398563778738 ], [ 122.597403066785574, 10.762304441010372 ], [ 122.597378024948114, 10.762222407404911 ], [ 122.597345211505925, 10.762130875171447 ], [ 122.597381478994649, 10.762039342937985 ], [ 122.597343484482707, 10.761992713309617 ], [ 122.597281311644878, 10.76197026200707 ], [ 122.59723640903978, 10.761930540471793 ], [ 122.597196687504507, 10.761877002750335 ], [ 122.59717596322524, 10.761801013726329 ], [ 122.59717596322524, 10.761738840888505 ], [ 122.597156965969234, 10.761662851864498 ], [ 122.597103428247777, 10.761597224980129 ], [ 122.59705852564268, 10.76151001030485 ], [ 122.596998079828126, 10.761478923885939 ], [ 122.596920363780853, 10.761494467095394 ], [ 122.596872007129207, 10.761503102211758 ], [ 122.59679256405866, 10.7614685617463 ], [ 122.596726937174282, 10.761484104955757 ], [ 122.59670448587174, 10.761525553514305 ], [ 122.596644040057186, 10.761515191374668 ], [ 122.596635404940827, 10.761478923885939 ], [ 122.596671672429551, 10.761363213326655 ], [ 122.596682034569199, 10.761320469500651 ], [ 122.596721756104472, 10.761266931779193 ], [ 122.596842647733567, 10.76116849145264 ], [ 122.596668218383016, 10.761071778149358 ], [ 122.596561142940089, 10.76097161079953 ], [ 122.596486880939352, 10.760867989403158 ], [ 122.59643852428772, 10.760726373494782 ], [ 122.59642643512484, 10.760334339211845 ], [ 122.596324540751723, 10.76017545307074 ], [ 122.596151838424447, 10.760049380371822 ], [ 122.59598949823679, 10.760056288464913 ], [ 122.59563027739604, 10.760279074467112 ], [ 122.595567241046581, 10.760154728791466 ], [ 122.595442031859292, 10.760067514116187 ], [ 122.59540058330073, 10.760016566929636 ], [ 122.595315959160359, 10.760014839906363 ], [ 122.595221825077004, 10.759933689834511 ], [ 122.595222478980787, 10.759926266131565 ], [ 122.595212935537319, 10.759919715903582 ], [ 122.595191613484715, 10.759854226741986 ], [ 122.594925651900681, 10.759643529902696 ], [ 122.594878140966429, 10.759697570117392 ], [ 122.594823472369669, 10.759665131074375 ], [ 122.594775156336155, 10.759565230737371 ], [ 122.59477095423135, 10.759381882580881 ], [ 122.594735290487463, 10.759196036650827 ], [ 122.594691463401176, 10.759027188497679 ], [ 122.594619091992328, 10.758867141798504 ], [ 122.594401882658005, 10.75868976647873 ], [ 122.594215158762253, 10.758643980536217 ], [ 122.594059188562113, 10.758565971357735 ], [ 122.594033121428822, 10.758470016014909 ], [ 122.594094999916535, 10.758290869789574 ], [ 122.594049093035892, 10.758110500969373 ], [ 122.593902643716476, 10.758051796845875 ], [ 122.59383081876112, 10.757940099928735 ], [ 122.593752475814654, 10.75775936851282 ], [ 122.593798600375706, 10.757573352527594 ], [ 122.593663543437188, 10.757381063443251 ], [ 122.593475142963953, 10.757387381835741 ], [ 122.593396009208902, 10.757231815744356 ], [ 122.59333639063378, 10.757050015488456 ], [ 122.593226771982216, 10.756849000341093 ], [ 122.593122739516048, 10.756663673133463 ], [ 122.593005094430069, 10.756612284955212 ], [ 122.592952407383635, 10.756498736660358 ], [ 122.592949052906334, 10.756319008622029 ], [ 122.59275370540584, 10.756131652411172 ], [ 122.592571788663435, 10.75595717721917 ], [ 122.592391806136419, 10.75578455682391 ], [ 122.592294244278705, 10.755575212861364 ], [ 122.592107673764602, 10.754772437050587 ], [ 122.592273920638974, 10.754709224007454 ], [ 122.592215404021545, 10.754497691565044 ], [ 122.592043780444982, 10.754487056678313 ], [ 122.591959922744167, 10.754387204587564 ], [ 122.591854567695378, 10.75431624105267 ], [ 122.591828311272124, 10.754124238932022 ], [ 122.591814202088983, 10.754021280080268 ], [ 122.591846391173547, 10.753969317256598 ], [ 122.591847119676871, 10.753769231309736 ], [ 122.591886132537468, 10.753669888585762 ], [ 122.591970268778866, 10.753577486667943 ], [ 122.592045816037228, 10.753416111065425 ], [ 122.59217080719894, 10.753380976368419 ], [ 122.592261102518805, 10.753308543212853 ], [ 122.592311674871908, 10.753133923564047 ], [ 122.592292352701591, 10.752964753849893 ], [ 122.592176655114201, 10.75290056344091 ], [ 122.592041226403907, 10.752863976212142 ], [ 122.591859509834165, 10.752821771034105 ], [ 122.591703350967748, 10.752790119837726 ], [ 122.591488204932446, 10.752774402843489 ], [ 122.591347050739941, 10.752691996184767 ], [ 122.591287643056646, 10.75250863598251 ], [ 122.591271780012889, 10.752313203949964 ], [ 122.591267479800109, 10.752128687599637 ], [ 122.59124706692198, 10.751948842982509 ], [ 122.591163203895434, 10.751791149350645 ], [ 122.591135809386145, 10.751599016122793 ], [ 122.591111160693117, 10.751466391017523 ], [ 122.591016764685392, 10.7514247126191 ], [ 122.590834007686865, 10.751239097226861 ], [ 122.590755297461826, 10.751070175368648 ], [ 122.590656040370916, 10.750881429843856 ], [ 122.590563343483637, 10.750705158853021 ], [ 122.59051533965129, 10.750525244348296 ], [ 122.590474155049421, 10.750340125715661 ], [ 122.590371637645433, 10.750160406723044 ], [ 122.590303112232618, 10.749972686837101 ], [ 122.59021176060871, 10.749795433226012 ], [ 122.590164487791313, 10.749612762772349 ], [ 122.5900983981102, 10.749439982898906 ], [ 122.59006935718746, 10.749245160799378 ], [ 122.590025642481947, 10.749076238930561 ], [ 122.589929670114529, 10.748891087307959 ], [ 122.589855074448764, 10.748711250843543 ], [ 122.589748505895471, 10.748526656371578 ], [ 122.589599022473195, 10.748309142859288 ], [ 122.589495484658741, 10.74801223869728 ], [ 122.589428623253312, 10.747822568768784 ], [ 122.589357568251472, 10.74760989678769 ], [ 122.58924223053252, 10.747304254894926 ], [ 122.589140957054852, 10.747087377793243 ], [ 122.588949014698201, 10.746717074013196 ], [ 122.588805156909984, 10.746367980534664 ], [ 122.588746629500761, 10.746167020151752 ], [ 122.588634926714221, 10.746019897769319 ], [ 122.588597012563881, 10.745819182979153 ], [ 122.58864040566506, 10.745664673379121 ], [ 122.588706275535628, 10.745571813915184 ], [ 122.58870760328729, 10.745459008914615 ], [ 122.588560728857658, 10.74529452119733 ], [ 122.588459288249908, 10.745199229681178 ], [ 122.588419164388611, 10.745077710636906 ], [ 122.588421039845045, 10.744903131080598 ], [ 122.588422459440821, 10.744770985599626 ], [ 122.58848768004961, 10.744755286609346 ], [ 122.588556568474942, 10.74487865857065 ], [ 122.588646026435299, 10.744827543556227 ], [ 122.588577567756673, 10.744715375182205 ], [ 122.588543277106865, 10.744549079315025 ], [ 122.588492741197015, 10.744385173490539 ], [ 122.58837230107477, 10.744214910900567 ], [ 122.588483749107183, 10.744031006662629 ], [ 122.588375581885501, 10.743878116567659 ], [ 122.588755388985248, 10.743698307031906 ], [ 122.58874485801671, 10.743581993108013 ], [ 122.588666212243069, 10.743522911466545 ], [ 122.588573846182058, 10.743541056971164 ], [ 122.588579786484132, 10.743111284799848 ], [ 122.588574718444676, 10.74291039666487 ], [ 122.588575186359122, 10.742572070924265 ], [ 122.58875694564891, 10.74257231667902 ], [ 122.588746524321877, 10.742376707649449 ], [ 122.588933629356958, 10.742376960523082 ], [ 122.58892852455412, 10.742202504076877 ], [ 122.589115629486272, 10.742202756836994 ], [ 122.589110531879328, 10.74202301404779 ], [ 122.589495447829876, 10.742012960974092 ], [ 122.58949033540776, 10.741843790861992 ], [ 122.589666741142125, 10.741849315195878 ], [ 122.589666996344647, 10.741664293269384 ], [ 122.589854093674731, 10.741669831913653 ], [ 122.589854319606673, 10.741505955344552 ], [ 122.590052130388429, 10.741495649256644 ], [ 122.590057731188153, 10.741310634520369 ], [ 122.590405218088279, 10.741305816201011 ], [ 122.590410818665461, 10.741120801448087 ], [ 122.590592591679354, 10.741110473414251 ], [ 122.590587507741887, 10.740920157921913 ], [ 122.590774604652054, 10.740925695996093 ], [ 122.590773141997531, 10.74077007718895 ], [ 122.59114369242296, 10.740762315335521 ], [ 122.591139094891119, 10.740217814908458 ], [ 122.590973384446272, 10.740210298965311 ], [ 122.590973606985088, 10.740048429210022 ], [ 122.590588622527747, 10.740043211307604 ], [ 122.590594323014955, 10.739852324065044 ], [ 122.590038343714966, 10.739862148163171 ], [ 122.59004296114523, 10.740390789521596 ], [ 122.589668753472424, 10.740390285087473 ], [ 122.589664657665537, 10.739483867228554 ], [ 122.589498938135094, 10.739483273783879 ], [ 122.589504775958304, 10.739126625975185 ], [ 122.589296289705118, 10.739126344659967 ], [ 122.589291191974084, 10.738946601836485 ], [ 122.589130818031947, 10.738946385345914 ], [ 122.589125734995562, 10.73875606983858 ], [ 122.588313693020737, 10.738760690644831 ], [ 122.588531390161322, 10.738590331668172 ], [ 122.588672786979402, 10.738409269965084 ], [ 122.588725622793277, 10.738219525660762 ], [ 122.588816133093118, 10.738044114611711 ], [ 122.588934542315428, 10.737846559215287 ], [ 122.588977549469178, 10.737672167701151 ], [ 122.589052638504185, 10.73749253314598 ], [ 122.589133058620945, 10.737323478467813 ], [ 122.589293694323828, 10.737133386612305 ], [ 122.589507765581843, 10.736959225794996 ], [ 122.589876382867132, 10.737134172365495 ], [ 122.590031140664564, 10.737329975908665 ], [ 122.590201957818607, 10.737509941947691 ], [ 122.590308611298411, 10.737700394230009 ], [ 122.590463413306779, 10.737864479516338 ], [ 122.590703733466455, 10.738039252468676 ], [ 122.590944039371863, 10.738224597929106 ], [ 122.591136226199779, 10.738415164912857 ], [ 122.591333780843215, 10.738589879935255 ], [ 122.591584779166922, 10.738775239283409 ], [ 122.59168074959922, 10.738960390433627 ], [ 122.591883715974689, 10.73908753521097 ], [ 122.592070710340323, 10.73916708127039 ], [ 122.592231048232293, 10.73919372796543 ], [ 122.592434015003505, 10.739320872395785 ], [ 122.592599648150184, 10.739384530470291 ], [ 122.592781391154418, 10.739395346489014 ], [ 122.592963148640777, 10.739395589714478 ], [ 122.593128839786715, 10.739416956761646 ], [ 122.593331893815858, 10.739480664495968 ], [ 122.593519018844944, 10.739465055511898 ], [ 122.593557594084771, 10.739399681169195 ], [ 122.593604761227752, 10.739311865801183 ], [ 122.593839998410516, 10.739296320884995 ], [ 122.593918215736494, 10.739369999708757 ], [ 122.593946777464339, 10.739396904150023 ], [ 122.594107122890136, 10.739418263543078 ], [ 122.594337072003853, 10.739360420363283 ], [ 122.5943452762546, 10.739334849355897 ], [ 122.594369283809954, 10.739260022583318 ], [ 122.594417446523735, 10.739223082317109 ], [ 122.594529629201702, 10.739281381757088 ], [ 122.594748800111688, 10.739286960154681 ], [ 122.594807726404113, 10.739197170618912 ], [ 122.594759808579511, 10.739054375217263 ], [ 122.594791941005923, 10.739012127181178 ], [ 122.594936205706944, 10.739065182851055 ], [ 122.595134014846224, 10.739054873463198 ], [ 122.595251687266654, 10.739007452853439 ], [ 122.595347832624967, 10.739065730663802 ], [ 122.595460144837972, 10.739028875554201 ], [ 122.595470980219204, 10.738923162861301 ], [ 122.595540590642187, 10.738838673736938 ], [ 122.595631541107522, 10.738785931093442 ], [ 122.595727751131662, 10.738796631675481 ], [ 122.595759926499753, 10.73872266545796 ], [ 122.59581344912803, 10.738675159376793 ], [ 122.595947101252236, 10.738670050568556 ], [ 122.596038166456921, 10.73853272626455 ], [ 122.596107683328825, 10.738516959501615 ], [ 122.596262639642717, 10.738570028752349 ], [ 122.596396241513872, 10.738601924172917 ], [ 122.596449764024811, 10.738554417977458 ], [ 122.596647442755554, 10.73862623259353 ], [ 122.596668834150293, 10.738634003854107 ], [ 122.596759734207453, 10.738618265296052 ], [ 122.596780113966858, 10.738576757524948 ], [ 122.596840143270285, 10.738454494837105 ], [ 122.596968571260547, 10.738359510606687 ], [ 122.597070220091837, 10.738301495344647 ], [ 122.597193166149935, 10.738306944525869 ], [ 122.597251277080332, 10.738354089715763 ], [ 122.597310644765059, 10.738402254480059 ], [ 122.597444382615492, 10.738333708858493 ], [ 122.597471226034727, 10.738249162676196 ], [ 122.597463627499522, 10.738221465237661 ], [ 122.597439308673628, 10.738132820595371 ], [ 122.597482175131617, 10.738058868327268 ], [ 122.597573024921715, 10.738080133953584 ], [ 122.597621215675161, 10.738022047778331 ], [ 122.597792380942039, 10.737948265145 ], [ 122.597839478712146, 10.737986724897356 ], [ 122.597883159263461, 10.738022394154831 ], [ 122.597995420803997, 10.738022542534342 ], [ 122.598145209983457, 10.737943445096423 ], [ 122.598134596969061, 10.737885281148086 ], [ 122.598083315757307, 10.737834434424704 ], [ 122.598033162772097, 10.737784706344558 ], [ 122.598086720600989, 10.737710768112031 ], [ 122.598177613181505, 10.737700315473591 ], [ 122.598252524922728, 10.737728753214016 ], [ 122.598408888637252, 10.737631094602719 ], [ 122.598450526377988, 10.737494507915095 ], [ 122.598643224050576, 10.737309739707184 ], [ 122.5987449934442, 10.73716185594896 ], [ 122.598793262254659, 10.737045619743519 ], [ 122.598894924567006, 10.736977031154719 ], [ 122.598914682362377, 10.736950054149126 ], [ 122.5989917233385, 10.736248066102222 ], [ 122.598991723338827, 10.736248066102203 ], [ 122.598997962086841, 10.735888177230652 ], [ 122.599120907233512, 10.735893625616445 ], [ 122.599220415114161, 10.735836664049932 ], [ 122.599238748751759, 10.735719331043764 ], [ 122.599329746486788, 10.735664487651134 ], [ 122.59939394173611, 10.735518656873722 ], [ 122.599389697499461, 10.735417958667435 ], [ 122.599404993673716, 10.735328359452616 ], [ 122.599474566593258, 10.735270301105828 ], [ 122.59950172844411, 10.735180478373911 ], [ 122.599500199085796, 10.735091706293458 ], [ 122.599555754205852, 10.734990232018024 ], [ 122.599582946008084, 10.734872805468635 ], [ 122.599640110402277, 10.734745089878862 ], [ 122.599630411139614, 10.734662574952317 ], [ 122.59956102337415, 10.734583188251134 ], [ 122.599555867553647, 10.734442076342596 ], [ 122.599556353530673, 10.734080977987793 ], [ 122.599556623875372, 10.733880096692207 ], [ 122.599519388850766, 10.733742602345286 ], [ 122.599526101094611, 10.733637107061163 ], [ 122.599557079180912, 10.733541770293808 ], [ 122.599503871103039, 10.733356677687809 ], [ 122.599434497888922, 10.733266718263641 ], [ 122.599375809005309, 10.733182059251051 ], [ 122.599378770287174, 10.732997002825556 ], [ 122.599376228898677, 10.732870164595836 ], [ 122.599296114609714, 10.732817195518699 ], [ 122.599194546366519, 10.732817061759878 ], [ 122.599119288435077, 10.732721961495988 ], [ 122.599138601191029, 10.732621205089691 ], [ 122.599141516637161, 10.73249981034359 ], [ 122.599120105328026, 10.732448942621431 ], [ 122.599082892070797, 10.732367574128871 ], [ 122.59904561468997, 10.732261797827253 ], [ 122.599003041507743, 10.732119010026718 ], [ 122.598933531552802, 10.73206288560662 ], [ 122.598821359492518, 10.73206590698881 ], [ 122.598749576516596, 10.731907179123775 ], [ 122.598715307439534, 10.731791043708906 ], [ 122.598768424506943, 10.731678742085492 ], [ 122.598717750736981, 10.731624511128448 ], [ 122.598640297749839, 10.731552891394417 ], [ 122.598619245104501, 10.731463112453618 ], [ 122.598746843592352, 10.731367224736843 ], [ 122.598773194331244, 10.73119840793327 ], [ 122.598669913127509, 10.731139033930852 ], [ 122.59866403818657, 10.730986433494456 ], [ 122.598712443619604, 10.730807264726113 ], [ 122.598744281655726, 10.730685683117301 ], [ 122.598663849245384, 10.730557479441602 ], [ 122.598649321252694, 10.730511932976636 ], [ 122.598721979507914, 10.730442863554387 ], [ 122.598712313515321, 10.730357662859074 ], [ 122.598642015646448, 10.730278880966898 ], [ 122.598460139784763, 10.730151978935909 ], [ 122.598472586757481, 10.730006244937556 ], [ 122.598631702118581, 10.729998690288719 ], [ 122.598818799768893, 10.729998936936736 ], [ 122.599027251529492, 10.730020357044106 ], [ 122.599182310906144, 10.729994129466025 ], [ 122.599185810487413, 10.729854667663753 ], [ 122.599749091713917, 10.729889148081204 ], [ 122.599917788810572, 10.729188826884723 ], [ 122.599934389489789, 10.729019591524967 ], [ 122.599986726025193, 10.728837721866958 ], [ 122.600106984342844, 10.728294922774907 ], [ 122.600125887480147, 10.728113267762408 ], [ 122.600217337822741, 10.727755247671391 ], [ 122.600243372003504, 10.727563669188061 ], [ 122.600134639040988, 10.727179124085277 ], [ 122.599947333845677, 10.726671391911044 ], [ 122.599727486740377, 10.725934295553817 ], [ 122.599580936681903, 10.7257489211435 ], [ 122.599395811786337, 10.72584894811099 ], [ 122.599220454284563, 10.725948700981631 ], [ 122.599027153063403, 10.726124308924874 ], [ 122.598834733575956, 10.726108196389264 ], [ 122.598465617773002, 10.726308591590076 ], [ 122.598328666574957, 10.726125454167988 ], [ 122.598273668883934, 10.725943579492231 ], [ 122.598068046684062, 10.725780268135109 ], [ 122.597936839536402, 10.725578546009723 ], [ 122.597917010977966, 10.725402864158566 ], [ 122.597761815934589, 10.725202687159761 ], [ 122.597729626921861, 10.725049466270869 ], [ 122.597922869804563, 10.724844036053637 ], [ 122.598077587678986, 10.724679880405139 ], [ 122.59810202106253, 10.724489487076704 ], [ 122.598083411184888, 10.724325701867942 ], [ 122.598189407190389, 10.724129613053252 ], [ 122.598281688395616, 10.723961204508363 ], [ 122.5983403282317, 10.723768866326923 ], [ 122.598408634474268, 10.723584079256637 ], [ 122.59846489601766, 10.72339691486656 ], [ 122.598485802342395, 10.723231955704433 ], [ 122.598353743366474, 10.723041550320543 ], [ 122.598288995645603, 10.72286875529686 ], [ 122.599171406448775, 10.722209947567933 ], [ 122.597665950049944, 10.720743640451039 ], [ 122.597285297439612, 10.721031569326831 ], [ 122.595965751537747, 10.718928963302208 ], [ 122.595967624605464, 10.718694144833567 ], [ 122.596006421472538, 10.71858989511939 ], [ 122.595883813122398, 10.718341273527937 ], [ 122.595673178571801, 10.718435087586194 ], [ 122.595557755599302, 10.718330268256731 ], [ 122.595374905926889, 10.718281394732404 ], [ 122.595184870043838, 10.718341453648513 ], [ 122.595010791352436, 10.71835391164981 ], [ 122.59491990092188, 10.718163959800133 ], [ 122.594831947259408, 10.717980145257965 ], [ 122.594836818217274, 10.717816533566189 ], [ 122.594459355315038, 10.717612604381301 ], [ 122.594275680439495, 10.717430377255411 ], [ 122.59409458798811, 10.717239332582583 ], [ 122.593914040517475, 10.717438042714946 ], [ 122.593714803805085, 10.717429135601702 ], [ 122.593531259505255, 10.717433749200447 ], [ 122.592951849946772, 10.71701530689765 ], [ 122.593384562831474, 10.716567018364975 ], [ 122.593817853296599, 10.716175460777489 ], [ 122.593850171451791, 10.716157946058598 ], [ 122.595246505426303, 10.715287553482023 ], [ 122.594276047047657, 10.712930837113674 ], [ 122.594282198433504, 10.712928553849389 ], [ 122.593920447676922, 10.712033197241521 ], [ 122.593744327638376, 10.711452942418971 ], [ 122.593324079864615, 10.709961627867488 ], [ 122.592339144785711, 10.710985867445855 ], [ 122.591907312567173, 10.711126256371958 ], [ 122.591326976839824, 10.711339881348303 ], [ 122.591200173849955, 10.71129095200115 ], [ 122.591339419952888, 10.711095543211005 ], [ 122.591164943723712, 10.710918052042654 ], [ 122.591026776591022, 10.710881723620284 ], [ 122.590896062952197, 10.710745251671055 ], [ 122.590976670871115, 10.71056113444291 ], [ 122.590811205808336, 10.710386462584442 ], [ 122.590811459566723, 10.710201440260288 ], [ 122.590619021715668, 10.710206468424632 ], [ 122.590563502721977, 10.710139859137792 ], [ 122.59053908896469, 10.710026624843417 ], [ 122.590621674842708, 10.709837733434959 ], [ 122.590648930474046, 10.709955181802915 ], [ 122.590795720948847, 10.709984678309997 ], [ 122.590977636049701, 10.709890369876479 ], [ 122.591115400413528, 10.709660356753778 ], [ 122.591187505241635, 10.70944399762266 ], [ 122.593919533427595, 10.708212266591829 ], [ 122.594474108207422, 10.709381659029255 ], [ 122.595501026148639, 10.708923108926857 ], [ 122.593497086674176, 10.704560539762191 ], [ 122.592541672363183, 10.704974692507022 ], [ 122.591910921448473, 10.703605531307101 ], [ 122.591188945799303, 10.70387945604922 ], [ 122.591172519302759, 10.704164897711065 ], [ 122.591008165980497, 10.704171493116137 ], [ 122.590824057209048, 10.704145006781459 ], [ 122.590591865975739, 10.704126990812952 ], [ 122.590450181813864, 10.704129681558056 ], [ 122.590269356565699, 10.704036813847919 ], [ 122.590082640584654, 10.704190887206641 ], [ 122.589886640290274, 10.704430626024109 ], [ 122.589807934370569, 10.704466153064542 ], [ 122.589718933103867, 10.7044151677384 ], [ 122.589627636339614, 10.704252692614071 ], [ 122.589713297407684, 10.704152366873744 ], [ 122.589654660197183, 10.704035988056138 ], [ 122.589529767539858, 10.704097156701113 ], [ 122.589346750954292, 10.704126444756271 ], [ 122.589214148691624, 10.704137117495 ], [ 122.589136097186099, 10.704093440460927 ], [ 122.589072908704907, 10.70387386880746 ], [ 122.589061904884076, 10.703628140647675 ], [ 122.589168997573296, 10.703490839362972 ], [ 122.589226349552575, 10.703305761932443 ], [ 122.589199687061893, 10.70314329362126 ], [ 122.589224860085309, 10.703028387005382 ], [ 122.590886675333692, 10.702123978065329 ], [ 122.590924207287642, 10.702039446529788 ], [ 122.589891845265882, 10.702582556843957 ], [ 122.589878032536092, 10.702495960140212 ], [ 122.589731577142501, 10.702545676666954 ], [ 122.589555053423581, 10.702582842490823 ], [ 122.589347091903292, 10.702548813534239 ], [ 122.589169928182571, 10.702537839388835 ], [ 122.58898152549078, 10.702492834615269 ], [ 122.588791419189505, 10.702421257853736 ], [ 122.58863603853213, 10.702321493709684 ], [ 122.588449888311402, 10.702418170538042 ], [ 122.588302121411829, 10.702422315172706 ], [ 122.588076773767156, 10.702103365975274 ], [ 122.587896485589624, 10.701956523338733 ], [ 122.588001631522019, 10.701730943638001 ], [ 122.588266216176976, 10.701870597473507 ], [ 122.588240031680328, 10.701930126815515 ], [ 122.588434703519454, 10.702038540779602 ], [ 122.588623238562931, 10.702084578797798 ], [ 122.588798181225073, 10.702136645449251 ], [ 122.588987216797491, 10.702055138283551 ], [ 122.589229239452251, 10.701931770435786 ], [ 122.589155246011302, 10.701830902755271 ], [ 122.589267632244287, 10.701730613066955 ], [ 122.589322772312059, 10.70180518954702 ], [ 122.589809824304851, 10.701442392641981 ], [ 122.589773898064777, 10.701368969076945 ], [ 122.590512302937853, 10.700804319374384 ], [ 122.590459540366737, 10.700302043936823 ], [ 122.589488406896265, 10.69907958954737 ], [ 122.588752064242939, 10.698148198626528 ], [ 122.587729637137983, 10.696806750992321 ], [ 122.585720462418791, 10.694335788 ], [ 122.585869585414528, 10.694240585440989 ], [ 122.585821641476585, 10.694124220444131 ], [ 122.585655916872398, 10.694145141213394 ], [ 122.585148933380168, 10.693573526012623 ], [ 122.585202500748963, 10.693489016908178 ], [ 122.585383903876007, 10.693431461938401 ], [ 122.58536305601389, 10.693341216614218 ], [ 122.585159858152409, 10.693404377197574 ], [ 122.584936074387429, 10.693542514913778 ], [ 122.584413964124366, 10.692921527858847 ], [ 122.583860594137875, 10.692344333777164 ], [ 122.58338747756676, 10.691251030434383 ], [ 122.583427315178255, 10.691229942855788 ], [ 122.583935673953789, 10.692164699633883 ], [ 122.584026612063099, 10.692111959780416 ], [ 122.581851492116812, 10.688238714902981 ], [ 122.580948866734573, 10.687609061202071 ], [ 122.581023835902926, 10.687508723023948 ], [ 122.580842294812996, 10.68737631516044 ], [ 122.580584978101328, 10.687708821658653 ], [ 122.580582848626818, 10.687705752919721 ], [ 122.580584823189838, 10.687700751800278 ], [ 122.580356782083101, 10.687670057901174 ], [ 122.580052826350794, 10.687529099672131 ], [ 122.579885749911455, 10.687389222994527 ], [ 122.580019783238825, 10.686946991300468 ], [ 122.579980039939556, 10.686931989657358 ], [ 122.579842875081297, 10.687322080065096 ], [ 122.579778669616147, 10.687369569112782 ], [ 122.579505188718628, 10.688003556690196 ], [ 122.57907736630824, 10.688166845351649 ], [ 122.579062412931918, 10.688073111325371 ], [ 122.579211762140687, 10.687617248651355 ], [ 122.579179744847252, 10.687580200061609 ], [ 122.578932934942429, 10.688251228309918 ], [ 122.57813117475277, 10.68863084681106 ], [ 122.578361350836033, 10.688023127239783 ], [ 122.578318614009746, 10.688007209231785 ], [ 122.578045092227427, 10.688667627121768 ], [ 122.577952291141003, 10.688713359343971 ], [ 122.577638595569965, 10.688867947692112 ], [ 122.577588813808077, 10.688713330378162 ], [ 122.577485941182331, 10.688683988746734 ], [ 122.577420598972353, 10.688631694261986 ], [ 122.577413839397465, 10.688617571367415 ], [ 122.577478882849022, 10.688418386410707 ], [ 122.577452195662588, 10.688391917735721 ], [ 122.577406078376228, 10.688480074933766 ], [ 122.577291123787504, 10.688699820349969 ], [ 122.577184554522759, 10.688671724946795 ], [ 122.577162979426433, 10.688753481798484 ], [ 122.577146960837013, 10.688798545621404 ], [ 122.577061590958195, 10.688774670966675 ], [ 122.577022691694609, 10.68876379233758 ], [ 122.577037906845035, 10.688673475487693 ], [ 122.576906093052045, 10.688591307071043 ], [ 122.576874557338158, 10.688666009851326 ], [ 122.576698332458903, 10.688554752425299 ], [ 122.576737481425681, 10.688490783678841 ], [ 122.576597311079766, 10.688366803279026 ], [ 122.576742161908498, 10.687986385824543 ], [ 122.576684073919864, 10.687957478123824 ], [ 122.57608249230168, 10.689383857924149 ], [ 122.57567513270115, 10.689519883088224 ], [ 122.575670851012759, 10.68944143700946 ], [ 122.57528586665218, 10.689546629797301 ], [ 122.575294494891097, 10.689577825184285 ], [ 122.574963849346858, 10.689691977758738 ], [ 122.574970208332587, 10.689762931986882 ], [ 122.574360668726754, 10.689915388672079 ], [ 122.57428606540735, 10.689756694087503 ], [ 122.573938437683893, 10.68986161321209 ], [ 122.573908572580294, 10.689806680923571 ], [ 122.57319533126018, 10.690014205459772 ], [ 122.572869475449266, 10.690088279824604 ], [ 122.572863581889408, 10.689931970822247 ], [ 122.572799957504444, 10.689907926331523 ], [ 122.572879877096057, 10.689690100268161 ], [ 122.572414468363348, 10.689446845649968 ], [ 122.572356842391372, 10.689547834827037 ], [ 122.572260716960344, 10.68948955049154 ], [ 122.5723151140363, 10.689396599320881 ], [ 122.572132703482296, 10.689304348955087 ], [ 122.572416739428419, 10.68877611039801 ], [ 122.572374025504004, 10.688744332544591 ], [ 122.571522043217371, 10.690239179277539 ], [ 122.57054976266879, 10.690363010473424 ], [ 122.570431464761839, 10.69038566758643 ], [ 122.570426028753829, 10.690449096219307 ], [ 122.569126920539205, 10.690648150537525 ], [ 122.569120752425192, 10.690588164217614 ], [ 122.568927510181624, 10.69060948003197 ], [ 122.568950316776025, 10.690801206008782 ], [ 122.568741879374102, 10.690790339508357 ], [ 122.568736312799786, 10.690725962521782 ], [ 122.56841236548722, 10.690797295728874 ], [ 122.56841051602396, 10.690774013104575 ], [ 122.568335686882534, 10.690773907520086 ], [ 122.568339428154061, 10.690813356480209 ], [ 122.568267463193166, 10.690829203097307 ], [ 122.5682500730275, 10.690840529608408 ], [ 122.56826348016827, 10.690991867741927 ], [ 122.568171708937086, 10.690992928212136 ], [ 122.56814993704684, 10.690828735977833 ], [ 122.568142798647983, 10.69078120599932 ], [ 122.568127933801321, 10.690672609472719 ], [ 122.568051258006207, 10.690697381290896 ], [ 122.568075171612477, 10.690851663012614 ], [ 122.568026794210269, 10.69085637873202 ], [ 122.568045949041448, 10.690990358638819 ], [ 122.568013044011863, 10.690996985980314 ], [ 122.568019272738809, 10.691040553289969 ], [ 122.567975735812254, 10.691042883820522 ], [ 122.567975791246553, 10.691004488986696 ], [ 122.567951598902084, 10.691009361516731 ], [ 122.567944743480737, 10.690965442709636 ], [ 122.567910539225096, 10.690971031277455 ], [ 122.567896142058444, 10.690892074436629 ], [ 122.567932149370961, 10.690884759342403 ], [ 122.567922842544448, 10.690825135722827 ], [ 122.567869909452511, 10.690828095651941 ], [ 122.567864835953614, 10.690798741617487 ], [ 122.567787425900889, 10.690810592331815 ], [ 122.56778559646331, 10.690832810273223 ], [ 122.567755950531605, 10.690834468011634 ], [ 122.567760690834959, 10.690901451136648 ], [ 122.567695387201795, 10.690903750872009 ], [ 122.567695519305204, 10.690812310274383 ], [ 122.567695573810056, 10.690774582312937 ], [ 122.5676205891953, 10.690781652383036 ], [ 122.56762050988138, 10.690836543606794 ], [ 122.567535386270009, 10.690864044508041 ], [ 122.567528370104711, 10.690783535168839 ], [ 122.567525625186747, 10.690761937537326 ], [ 122.56747065453203, 10.690771872365859 ], [ 122.567458617232703, 10.690733583103244 ], [ 122.567502181773619, 10.690712116560706 ], [ 122.567480959105239, 10.690638251938642 ], [ 122.56738057778972, 10.690645458553012 ], [ 122.567031207385909, 10.690730252795094 ], [ 122.567047032771384, 10.690816661606293 ], [ 122.566421406923396, 10.691000797904925 ], [ 122.5663964641642, 10.69091151639568 ], [ 122.566302288136214, 10.690623549555847 ], [ 122.566084805880237, 10.690296345356799 ], [ 122.566032792921462, 10.690236727728543 ], [ 122.566198776855003, 10.690036081710781 ], [ 122.566166799265446, 10.689972600133318 ], [ 122.565545813624865, 10.690643085734415 ], [ 122.564965597472764, 10.690772303025643 ], [ 122.564814238036774, 10.6908081407864 ], [ 122.562975643480399, 10.691153623279652 ], [ 122.562923053340668, 10.690857281823257 ], [ 122.562890290593785, 10.690863633913178 ], [ 122.562942082268236, 10.691152153460857 ], [ 122.561491647960793, 10.69130011990209 ], [ 122.561087406732696, 10.691110169173198 ], [ 122.561039473309179, 10.691019914328104 ], [ 122.560895967268976, 10.691027952828541 ], [ 122.560764627490087, 10.690765752968623 ], [ 122.560762880944935, 10.689470348899151 ], [ 122.559803036309944, 10.689433218399655 ], [ 122.559820020998444, 10.688428168250683 ], [ 122.557741435747928, 10.688444677571907 ], [ 122.55773464334581, 10.688519999972321 ], [ 122.556215803653203, 10.688555830919926 ], [ 122.555926068898629, 10.688421590618624 ], [ 122.555293040925164, 10.687834524130972 ], [ 122.555273184223466, 10.686808944042379 ], [ 122.557131329040203, 10.684459212345114 ], [ 122.557056595357068, 10.684395668069765 ], [ 122.555166404790924, 10.686729493730089 ], [ 122.554632036871254, 10.686649421751088 ], [ 122.554573149114688, 10.686712772250136 ], [ 122.554564910188915, 10.686864006984536 ], [ 122.554620773345192, 10.687035308651598 ], [ 122.554540553223063, 10.687066910032184 ], [ 122.554383680372212, 10.686996999815145 ], [ 122.554120146507969, 10.686922970028032 ], [ 122.553920783003136, 10.686907416278249 ], [ 122.553752417501428, 10.686838579665507 ], [ 122.553347938207821, 10.686792560642159 ], [ 122.553074766256742, 10.68673968455689 ], [ 122.552353327103646, 10.686674367750829 ], [ 122.551893958688069, 10.686623126591376 ], [ 122.551581158098401, 10.686602157414919 ], [ 122.551403862944468, 10.686565414548422 ], [ 122.551233708734401, 10.686549636929033 ], [ 122.551061042283592, 10.6865068476414 ], [ 122.550777128412861, 10.686516336682658 ], [ 122.550441535708558, 10.686474086657466 ], [ 122.550363838190165, 10.686422253865411 ], [ 122.550215848791652, 10.686438689509396 ], [ 122.549542831464152, 10.686343431492507 ], [ 122.549307321160271, 10.686317493974226 ], [ 122.549249324356396, 10.68628631249195 ], [ 122.549162258986954, 10.686286184347436 ], [ 122.548940893087504, 10.686233841641773 ], [ 122.548908616340469, 10.686232445143983 ], [ 122.548836074488548, 10.686223966262675 ], [ 122.548660959803655, 10.686164295264616 ], [ 122.54862095212512, 10.686142320968131 ], [ 122.548586538949976, 10.686144942361073 ], [ 122.548515842148817, 10.686117116587079 ], [ 122.548443476380001, 10.686122297678661 ], [ 122.548338085705083, 10.686088402231276 ], [ 122.548187131178054, 10.685984474760753 ], [ 122.548067457921178, 10.686000810609492 ], [ 122.547877024953422, 10.685942206885819 ], [ 122.547615371833814, 10.685877894147598 ], [ 122.547305607946555, 10.685734715172496 ], [ 122.547261478425796, 10.685684369992371 ], [ 122.547242106255808, 10.685676524973813 ], [ 122.547036670548223, 10.68562348350471 ], [ 122.546834940406626, 10.685540071518977 ], [ 122.546692596689198, 10.685448259162085 ], [ 122.546605999110469, 10.685358345857075 ], [ 122.546631840383711, 10.685244925343946 ], [ 122.546542405590515, 10.685194841164421 ], [ 122.546426572337325, 10.685152096253063 ], [ 122.546349738774055, 10.685167662587688 ], [ 122.54581551270104, 10.684997708128421 ], [ 122.545568553203793, 10.684925964227023 ], [ 122.545364197564936, 10.684776638981143 ], [ 122.545292249581308, 10.684648033463889 ], [ 122.545228927172474, 10.684594374661943 ], [ 122.545169383021985, 10.684605560363678 ], [ 122.544850639480899, 10.684406155779946 ], [ 122.544813280604117, 10.684300807147862 ], [ 122.544730109782506, 10.684214263459419 ], [ 122.544579745190632, 10.684097327873648 ], [ 122.544427460548121, 10.684031847505471 ], [ 122.544213855792876, 10.683904654379893 ], [ 122.544187277875679, 10.683804165594868 ], [ 122.544053738297791, 10.683751110104408 ], [ 122.543984199627502, 10.683788011005204 ], [ 122.543845333610676, 10.683724372624123 ], [ 122.543779443193131, 10.683592983150465 ], [ 122.543677013354937, 10.683600615277561 ], [ 122.543595755688372, 10.683549529050353 ], [ 122.543505944489866, 10.683523441139686 ], [ 122.543324328747886, 10.683427996650817 ], [ 122.543301749378671, 10.683365860194808 ], [ 122.543265652719867, 10.683343310196014 ], [ 122.543140719424741, 10.683314136480089 ], [ 122.542987706196286, 10.683316458617574 ], [ 122.542861792481133, 10.683283256819688 ], [ 122.542667161928136, 10.683178507037933 ], [ 122.542572038053791, 10.683104485890237 ], [ 122.542523000212014, 10.683061968241672 ], [ 122.54235203649867, 10.682992976295779 ], [ 122.542314450992222, 10.68297253370122 ], [ 122.542239756582575, 10.683003383478976 ], [ 122.54215602872253, 10.682981019000628 ], [ 122.542031436339613, 10.682892036062851 ], [ 122.54195417990627, 10.682810364103164 ], [ 122.541823188976622, 10.682733101688402 ], [ 122.54166294972589, 10.682642975662352 ], [ 122.541540261132852, 10.682468306739285 ], [ 122.541465092454402, 10.682416612690858 ], [ 122.541460242688416, 10.68235715085682 ], [ 122.541336062105572, 10.682369314827215 ], [ 122.541203375983272, 10.682319887035744 ], [ 122.541112857474133, 10.682293181698919 ], [ 122.540936759133359, 10.682086707964375 ], [ 122.540758602555982, 10.681989305544491 ], [ 122.540660912906475, 10.681947463253605 ], [ 122.540541504538496, 10.6818640433938 ], [ 122.540498842891239, 10.681795242767917 ], [ 122.540241171432754, 10.681655691060779 ], [ 122.540140920882649, 10.681630795475842 ], [ 122.540014699203724, 10.681552297589016 ], [ 122.539825806764412, 10.681439974873758 ], [ 122.539821561812843, 10.681358141458263 ], [ 122.539660279762117, 10.681312827873706 ], [ 122.539576714939344, 10.681280339919637 ], [ 122.53947869907924, 10.681196231545522 ], [ 122.539404068183458, 10.681058646084749 ], [ 122.539288466324834, 10.680992152784725 ], [ 122.539126237974301, 10.680957767237787 ], [ 122.538942155223481, 10.680954087630479 ], [ 122.538720042405686, 10.680898994513088 ], [ 122.53854371870365, 10.680840567362734 ], [ 122.538382960068446, 10.680803553476888 ], [ 122.5381804286624, 10.680691972127944 ], [ 122.538020264910529, 10.680554257505598 ], [ 122.537849108771084, 10.680527525208518 ], [ 122.537646210435824, 10.680453232364945 ], [ 122.537461902484708, 10.680379724790102 ], [ 122.537273387101479, 10.680292653750319 ], [ 122.53709793640823, 10.680221927058279 ], [ 122.536914311237581, 10.680140169126805 ], [ 122.536726870551391, 10.680086156303478 ], [ 122.536556287029669, 10.680044454359273 ], [ 122.536369280778487, 10.679980722434545 ], [ 122.536173608705724, 10.679925481132658 ], [ 122.536171623818788, 10.679890537119133 ], [ 122.536358134475293, 10.679917234378939 ], [ 122.536538555579426, 10.679960955246901 ], [ 122.536726575216633, 10.680024263411495 ], [ 122.536919787688859, 10.68005557844535 ], [ 122.537112107313973, 10.680140467807309 ], [ 122.537281074813208, 10.680213176934231 ], [ 122.537468589707558, 10.680258708269793 ], [ 122.537657114045331, 10.6803157754988 ], [ 122.537845510855291, 10.680363916682262 ], [ 122.537977766919141, 10.680379708103036 ], [ 122.538218150837864, 10.680496393843793 ], [ 122.538391738536262, 10.680595620092944 ], [ 122.538592270660331, 10.680555118923182 ], [ 122.538593645162535, 10.680504368783799 ], [ 122.538383937203676, 10.680454344029293 ], [ 122.538305458901732, 10.680440082388348 ], [ 122.538207719661685, 10.680327180200756 ], [ 122.538010183279624, 10.680253893013466 ], [ 122.537833589235788, 10.680192508386265 ], [ 122.537657407465289, 10.68012542828034 ], [ 122.537482242074063, 10.680050657091217 ], [ 122.537379813643682, 10.679960876091281 ], [ 122.537272784326888, 10.679945075256086 ], [ 122.537091066682578, 10.679918363783862 ], [ 122.536940966883833, 10.679835584167494 ], [ 122.536830724141936, 10.679755885159773 ], [ 122.536741819408078, 10.679728791380814 ], [ 122.536555594862548, 10.679680338203397 ], [ 122.536359128502767, 10.679631736422369 ], [ 122.536198851692845, 10.67956804482125 ], [ 122.536015465560155, 10.679525707387782 ], [ 122.535822961266831, 10.679484146987004 ], [ 122.535650883471334, 10.679459299580035 ], [ 122.535457133777243, 10.679433510931046 ], [ 122.535261400793317, 10.679389245626338 ], [ 122.535108605787656, 10.679370758804447 ], [ 122.534915552282101, 10.679339424318616 ], [ 122.534718193110422, 10.679320674158907 ], [ 122.534547376222648, 10.679317033125615 ], [ 122.53434986093761, 10.679299409163924 ], [ 122.53415533549537, 10.679255702756253 ], [ 122.533991364348637, 10.679274931220627 ], [ 122.533815105236371, 10.67924718418541 ], [ 122.533616022253, 10.679201989481822 ], [ 122.533456710048796, 10.679158742557544 ], [ 122.533267981616049, 10.679144533023587 ], [ 122.533077579356174, 10.679119163788311 ], [ 122.532911095376633, 10.679121446826956 ], [ 122.53271406367071, 10.679118610124402 ], [ 122.532516293095298, 10.679102446430822 ], [ 122.532360179468014, 10.679115909962494 ], [ 122.532173142010066, 10.679102270024876 ], [ 122.531981727779623, 10.679091056276542 ], [ 122.531809161967274, 10.67908189734105 ], [ 122.531602191241248, 10.679079902010255 ], [ 122.531447219232035, 10.679092478023707 ], [ 122.531259121797362, 10.67908768795435 ], [ 122.531149986053833, 10.679084700532579 ], [ 122.53107207304798, 10.679084526290291 ], [ 122.530864460236913, 10.679084061896448 ], [ 122.530714164559996, 10.679081519751785 ], [ 122.53053224626376, 10.679087330428953 ], [ 122.530313824582436, 10.679093794032909 ], [ 122.530143138256847, 10.67906597928356 ], [ 122.529977046071735, 10.679055731042631 ], [ 122.529784958640406, 10.679066525811521 ], [ 122.529597607861959, 10.67909131099794 ], [ 122.529420281706166, 10.679097244601925 ], [ 122.529249760028321, 10.679092605742857 ], [ 122.529041487186035, 10.679112992780869 ], [ 122.528874277703167, 10.679111705759444 ], [ 122.528699097948873, 10.67909809583753 ], [ 122.528506846224715, 10.679116741940463 ], [ 122.528329428623351, 10.67912945148568 ], [ 122.528154081816297, 10.679111628988013 ], [ 122.528009806355755, 10.679091578483128 ], [ 122.527779896954769, 10.679073507307027 ], [ 122.527598566350846, 10.679071258470401 ], [ 122.527411005228373, 10.679115772494308 ], [ 122.527249562947134, 10.679124588289222 ], [ 122.527082397167064, 10.67911208630243 ], [ 122.526859211055154, 10.679088117203218 ], [ 122.526687461120986, 10.679085671420179 ], [ 122.526517288178354, 10.679075220573466 ], [ 122.526309850966314, 10.679061199810146 ], [ 122.526143835702783, 10.679082882093926 ], [ 122.525959140435774, 10.679092530631454 ], [ 122.52577513214294, 10.679090710659901 ], [ 122.525569438431191, 10.679104555737357 ], [ 122.525392944309289, 10.679110090373063 ], [ 122.525213867416568, 10.679117667223558 ], [ 122.525005380714873, 10.679117344487617 ], [ 122.524860434416183, 10.679120031971586 ], [ 122.524667486502651, 10.679123609360509 ], [ 122.524502857578284, 10.67912714086596 ], [ 122.524320208220473, 10.679142719995687 ], [ 122.524123304897415, 10.679126552353297 ], [ 122.523946072644719, 10.679154567283348 ], [ 122.523765085146493, 10.67915772104876 ], [ 122.523551261042883, 10.679152101631034 ], [ 122.523389926046661, 10.679170401575483 ], [ 122.523215161264119, 10.679182261261825 ], [ 122.523034573418542, 10.679200489498074 ], [ 122.52285656341202, 10.679206233295689 ], [ 122.522684310034194, 10.679185800958001 ], [ 122.522459750925108, 10.679211946524189 ], [ 122.52230531912744, 10.679211693819068 ], [ 122.522304722366044, 10.679211705186258 ], [ 122.522112264706749, 10.679216692898597 ], [ 122.521935844483053, 10.67922170548148 ], [ 122.521754086870573, 10.679221422220893 ], [ 122.521572312407287, 10.679231713676206 ], [ 122.521406575372794, 10.679242030041793 ], [ 122.521219438214175, 10.67926288777309 ], [ 122.521032309472218, 10.679278457980846 ], [ 122.520855863901005, 10.679299332182447 ], [ 122.520647419428315, 10.67927256948405 ], [ 122.520476328103129, 10.679288164412165 ], [ 122.520299907852205, 10.679293176068649 ], [ 122.520112770616052, 10.67931403313262 ], [ 122.519936392634776, 10.679292607535503 ], [ 122.519743934950554, 10.679297593785579 ], [ 122.519556831539902, 10.679297300878096 ], [ 122.519369702736341, 10.679312870085775 ], [ 122.519203965635327, 10.679323185278168 ], [ 122.519000824788918, 10.679322866907437 ], [ 122.518819092621641, 10.67930671971167 ], [ 122.518642663895818, 10.679317017839532 ], [ 122.518471580973852, 10.679327324256294 ], [ 122.518273794442848, 10.67932172639367 ], [ 122.51810274546682, 10.679310882975622 ], [ 122.517915633602158, 10.679315876493281 ], [ 122.517723141947428, 10.679342011127956 ], [ 122.517505333989632, 10.679387211756984 ], [ 122.517370403022866, 10.679414977960544 ], [ 122.517177919777836, 10.679435824847202 ], [ 122.516996136643925, 10.679451401035786 ], [ 122.51681437051694, 10.679456402303796 ], [ 122.516637950200959, 10.679461411886317 ], [ 122.516456209621225, 10.679450550725333 ], [ 122.516269089168347, 10.679460830658861 ], [ 122.516087331565743, 10.679460544096841 ], [ 122.51590020257801, 10.679476111214981 ], [ 122.515718410858838, 10.679496974062587 ], [ 122.515520556084113, 10.679533673702885 ], [ 122.515349490083324, 10.679533403588916 ], [ 122.515167732462444, 10.679533116490248 ], [ 122.514991295032829, 10.679548699951219 ], [ 122.514797629367933, 10.679539814114987 ], [ 122.514627728507591, 10.679579849662309 ], [ 122.514440599411472, 10.679595415899939 ], [ 122.514253530184732, 10.679573970190052 ], [ 122.514082498424543, 10.679552549762358 ], [ 122.513900749387403, 10.679546974521733 ], [ 122.513713611729941, 10.679567827727904 ], [ 122.513531879834559, 10.679551677463886 ], [ 122.51334472501803, 10.679583105256418 ], [ 122.513162967421906, 10.679582816990647 ], [ 122.512981192677316, 10.679593103427083 ], [ 122.512794132173696, 10.679566369444425 ], [ 122.512617703247216, 10.679576664155556 ], [ 122.512419882482618, 10.679592212200109 ], [ 122.512248790759827, 10.679607802597754 ], [ 122.512061678774998, 10.679612792598473 ], [ 122.511895984415972, 10.67959666688194 ], [ 122.511703604020752, 10.679554061540173 ], [ 122.511521906700338, 10.679516760501187 ], [ 122.511334837804995, 10.679495313055357 ], [ 122.511153106140625, 10.67947916141552 ], [ 122.51097135727737, 10.679473584475632 ], [ 122.510784297076484, 10.679446849300847 ], [ 122.510602625808787, 10.679393685528575 ], [ 122.51043357475038, 10.679354223910435 ], [ 122.510292620794118, 10.679361466594509 ], [ 122.510056894686912, 10.679345917471119 ], [ 122.509871359113163, 10.679368897131905 ], [ 122.509693838815721, 10.679392235194939 ], [ 122.509517431081449, 10.679408187204178 ], [ 122.509313865062452, 10.679424130002925 ], [ 122.509125921476823, 10.679438849170802 ], [ 122.509016087028002, 10.679435630445226 ], [ 122.508950841069648, 10.679348748163987 ], [ 122.50877024153769, 10.679336342626177 ], [ 122.508674673972493, 10.679367612784459 ], [ 122.508588014069218, 10.679450178728043 ], [ 122.508410741764592, 10.679453631971514 ], [ 122.50822295601337, 10.679376776884384 ], [ 122.508052763366479, 10.679336735367981 ], [ 122.507850064082817, 10.679321858245823 ], [ 122.507670529333666, 10.679349253877918 ], [ 122.507486099583829, 10.679341114134038 ], [ 122.507298853047175, 10.67939837676926 ], [ 122.507164577812887, 10.679406220833711 ], [ 122.506951415156706, 10.679403704781119 ], [ 122.506758843867743, 10.679399388890324 ], [ 122.50658239847418, 10.679395819200252 ], [ 122.506400814805673, 10.679392245134604 ], [ 122.50621902273862, 10.679413102430413 ], [ 122.50603719586455, 10.679455109213199 ], [ 122.50586082784676, 10.679428388314552 ], [ 122.505755897689014, 10.679356214892291 ], [ 122.505677262792304, 10.679361654567911 ], [ 122.505481380320731, 10.679364328371852 ], [ 122.505301117402297, 10.679399326731975 ], [ 122.505091023548061, 10.679432435683264 ], [ 122.504931123403935, 10.679438632688758 ], [ 122.504743099234844, 10.679519722583702 ], [ 122.504562945561617, 10.679512648186279 ], [ 122.504482947748556, 10.679448207726598 ], [ 122.504358540245647, 10.67944299676634 ], [ 122.504198311878753, 10.679458263045875 ], [ 122.50401643876171, 10.679478288210252 ], [ 122.503845105443958, 10.679473823150936 ], [ 122.503650176005195, 10.679501182856379 ], [ 122.503532835271912, 10.679483183126017 ], [ 122.503449976047278, 10.679361049526635 ], [ 122.503292272336523, 10.679425143161328 ], [ 122.503102159657701, 10.679432300331298 ], [ 122.502916296602791, 10.679466088053763 ], [ 122.502729337307329, 10.679507494609858 ], [ 122.502546683991923, 10.679515947324729 ], [ 122.502380822173706, 10.679523622880211 ], [ 122.502193883799137, 10.679532273685236 ], [ 122.502016986260031, 10.679549075367694 ], [ 122.50182412919159, 10.679593826003309 ], [ 122.501641911226159, 10.679617640690619 ], [ 122.501443016725389, 10.679646641052409 ], [ 122.501329183843012, 10.679643055670235 ], [ 122.501226262280042, 10.679568602934975 ], [ 122.501028067657813, 10.679596726746245 ], [ 122.50079893170107, 10.679560712020962 ], [ 122.500737844800241, 10.679461577604732 ], [ 122.500546994630469, 10.679509667030668 ], [ 122.500384504306211, 10.679541972827165 ], [ 122.50020512321332, 10.679559595926422 ], [ 122.500019177199377, 10.679620623451608 ], [ 122.499844385361811, 10.679663075406038 ], [ 122.499632914144527, 10.679768436042256 ], [ 122.499387325233101, 10.679859416630302 ], [ 122.49930717697606, 10.679811713515578 ], [ 122.499127090681299, 10.679853054401537 ], [ 122.49889694131393, 10.679889518629302 ], [ 122.498714040346272, 10.679947874430798 ], [ 122.498546830599892, 10.679992344556915 ], [ 122.498389873300098, 10.680038723049108 ], [ 122.498138770068877, 10.680143025492395 ], [ 122.4979874391979, 10.680168672092037 ], [ 122.497796610547169, 10.68022528390355 ], [ 122.496893235854515, 10.680455653612912 ], [ 122.496682157448632, 10.680531773460373 ], [ 122.496554656800953, 10.680566419220479 ], [ 122.496351152584552, 10.680659454299333 ], [ 122.496157071884824, 10.680766371779482 ], [ 122.49596101417265, 10.680846987329049 ], [ 122.495778329214829, 10.680921014613618 ], [ 122.495613425418441, 10.681023114127569 ], [ 122.495403331385006, 10.681107262024016 ], [ 122.495236993569392, 10.681187092398483 ], [ 122.495054462451179, 10.681285498903954 ], [ 122.494877020192078, 10.681371164356296 ], [ 122.494695399205767, 10.681432648619165 ], [ 122.494567778994735, 10.681514722946744 ], [ 122.49471030254459, 10.681781331226292 ], [ 122.494407403000082, 10.681925757000045 ], [ 122.494177635000028, 10.682007497000029 ], [ 122.493357545000094, 10.682481418000066 ], [ 122.49287107300006, 10.682760294000047 ], [ 122.492580211000018, 10.682905633000075 ], [ 122.49218, 10.683092011000042 ], [ 122.49171332800006, 10.683360148000077 ], [ 122.491367712000056, 10.68356041800007 ], [ 122.491332606000014, 10.683604764000052 ], [ 122.491330097000059, 10.683614619000025 ], [ 122.491312544000039, 10.683636792000073 ], [ 122.49130251400004, 10.683641718000047 ], [ 122.491292484000041, 10.683644181000034 ], [ 122.490736595000044, 10.683957790000022 ], [ 122.490696476000039, 10.683987352000031 ], [ 122.490688952000028, 10.683997207000061 ], [ 122.490666384000065, 10.684011988000066 ], [ 122.490643818000081, 10.68401691300005 ], [ 122.490633788000082, 10.684021840000071 ], [ 122.490589370000066, 10.684034134000058 ], [ 122.490579341000057, 10.684039060000032 ], [ 122.490569311000058, 10.684039059000042 ], [ 122.49055928100006, 10.684046450000039 ], [ 122.490546744000085, 10.684048912000037 ], [ 122.490524177000111, 10.684058765000032 ], [ 122.490494089000094, 10.684076009000023 ], [ 122.490486565000083, 10.684083400000077 ], [ 122.490476536000074, 10.684088326000051 ], [ 122.490458983000053, 10.684103107000055 ], [ 122.490446445000089, 10.684110498000052 ], [ 122.490411340000037, 10.684137596000028 ], [ 122.490401309000049, 10.684147451000058 ], [ 122.490388772000074, 10.684164696000039 ], [ 122.490371217000074, 10.684184405000053 ], [ 122.490346142000021, 10.684209041000031 ], [ 122.490328589000114, 10.684221358000059 ], [ 122.490150039000014, 10.684314401000051 ], [ 122.490102397000101, 10.684334106000051 ], [ 122.490079831000116, 10.684341496000059 ], [ 122.490069801000118, 10.684346423000022 ], [ 122.490067913000075, 10.684348278000073 ], [ 122.490064786000062, 10.684351350000043 ], [ 122.49004974200011, 10.684356276000074 ], [ 122.490042220000078, 10.684363667000071 ], [ 122.490032190000079, 10.684366129000068 ], [ 122.490012129000093, 10.684380910000073 ], [ 122.489982039000097, 10.684398154000064 ], [ 122.489916844000049, 10.684447424000041 ], [ 122.489906813000061, 10.684457278000025 ], [ 122.489894276000086, 10.684464668000032 ], [ 122.489886753000064, 10.684472059000029 ], [ 122.489876723000066, 10.68447698600005 ], [ 122.489869201000033, 10.684484377000047 ], [ 122.489859170000045, 10.68449915900004 ], [ 122.489364093000063, 10.684739147000073 ], [ 122.488846514000102, 10.68498676400003 ], [ 122.488338668000097, 10.685223237000059 ], [ 122.488026195000089, 10.685348859000044 ], [ 122.48786446400004, 10.685420875000034 ], [ 122.487172443000077, 10.68580528800004 ], [ 122.486963020000076, 10.685929136000027 ], [ 122.486650333000057, 10.68606214700003 ], [ 122.48597261000009, 10.686365681000041 ], [ 122.4856595870001, 10.686505877000059 ], [ 122.485069133000025, 10.686741575000042 ], [ 122.484611702000052, 10.686911675000033 ], [ 122.484162996, 10.687081611000053 ], [ 122.483847060000016, 10.687162878000038 ], [ 122.483637204000047, 10.687220660000037 ], [ 122.483449146000112, 10.687279769000043 ], [ 122.483321266000075, 10.687324100000069 ], [ 122.483228489000112, 10.687358583000048 ], [ 122.482922056, 10.687463136000076 ], [ 122.482703906000097, 10.687554270000021 ], [ 122.482571007000047, 10.687615849000053 ], [ 122.482558469000082, 10.687623239000061 ], [ 122.48252587200011, 10.687635554000053 ], [ 122.482485753000105, 10.687655259000053 ], [ 122.482475722000117, 10.68765772200004 ], [ 122.482458170000086, 10.687665111000058 ], [ 122.482445632, 10.687672501000065 ], [ 122.482423065000035, 10.687679890000027 ], [ 122.48241052700007, 10.687687280000034 ], [ 122.482392974000049, 10.687694669000052 ], [ 122.482360378000067, 10.687702056000035 ], [ 122.482327780000105, 10.68771190700005 ], [ 122.482172324000089, 10.687711887000034 ], [ 122.48202900800004, 10.68772636500006 ], [ 122.482013965000078, 10.687726363000024 ], [ 122.482006441000067, 10.687731290000045 ], [ 122.481993904000092, 10.687731288000066 ], [ 122.481981367000117, 10.687733750000064 ], [ 122.481956293000053, 10.687743602000069 ], [ 122.481926203000057, 10.68775099000004 ], [ 122.481903637000073, 10.687758379000059 ], [ 122.48188106900011, 10.687768231000064 ], [ 122.481843458000071, 10.687780545000066 ], [ 122.481785786000046, 10.687795321000067 ], [ 122.481775757000037, 10.687800247000041 ], [ 122.48175569700004, 10.687805172000026 ], [ 122.481725607000044, 10.687817487000075 ], [ 122.481713070000069, 10.687819950000062 ], [ 122.481700533000094, 10.687827339000023 ], [ 122.481685488000039, 10.687832265000054 ], [ 122.481665428000042, 10.687842118000049 ], [ 122.481640353000103, 10.687849506000077 ], [ 122.481630324000093, 10.687856896000028 ], [ 122.481617786000015, 10.687859358000026 ], [ 122.481607756000017, 10.687864285000046 ], [ 122.481597727, 10.687864283000067 ], [ 122.481522502000075, 10.687893840000072 ], [ 122.481315684000037, 10.68792337800005 ], [ 122.481278072, 10.687935693000043 ], [ 122.48124296900005, 10.687943079000036 ], [ 122.481220401000087, 10.68795293200003 ], [ 122.481205356000032, 10.687955394000028 ], [ 122.481195326000034, 10.687960320000059 ], [ 122.481182790000048, 10.687960318000023 ], [ 122.48117275900006, 10.687965245000044 ], [ 122.48114517800002, 10.687972632000026 ], [ 122.481122611000046, 10.687982485000077 ], [ 122.481110073000082, 10.687984947000075 ], [ 122.481100043000083, 10.687989873000049 ], [ 122.481074969000019, 10.687994798000034 ], [ 122.481072462000043, 10.687997261000021 ], [ 122.480692070000032, 10.688051414000029 ], [ 122.480361920000064, 10.688149923000026 ], [ 122.480244074000097, 10.688159763000044 ], [ 122.480226522000066, 10.688159760000076 ], [ 122.480216492000068, 10.68816468700004 ], [ 122.480201448000116, 10.688167148000048 ], [ 122.480186404000051, 10.688167146000069 ], [ 122.480148792000023, 10.688174533000051 ], [ 122.480126226000039, 10.688174530000026 ], [ 122.480111182000087, 10.688179455000068 ], [ 122.480096137000032, 10.688181917000065 ], [ 122.48005351300003, 10.688184375000048 ], [ 122.480045989000018, 10.688189302000069 ], [ 122.480008379000083, 10.688191760000052 ], [ 122.479998348000095, 10.688196687000072 ], [ 122.479990826000062, 10.688196686000026 ], [ 122.479978289000087, 10.688201612000057 ], [ 122.479963245000022, 10.688204073000065 ], [ 122.479656153000064, 10.688301801000023 ], [ 122.479448036, 10.688346121000052 ], [ 122.479342726000027, 10.68835596200006 ], [ 122.479269183000042, 10.688353488000075 ], [ 122.47924411200006, 10.688336237000044 ], [ 122.479231576000075, 10.688333772000021 ], [ 122.479186444000106, 10.688333765000039 ], [ 122.478883050000036, 10.688370680000048 ], [ 122.478850459000114, 10.688338646000034 ], [ 122.478837923000015, 10.688333716000045 ], [ 122.478800314000068, 10.688333711000041 ], [ 122.47879028400007, 10.688336174000028 ], [ 122.478770223000083, 10.688346026000033 ], [ 122.478745147000041, 10.688363269000035 ], [ 122.478669925000077, 10.688382969000031 ], [ 122.478657387000112, 10.688385432000075 ], [ 122.478644851000013, 10.688385430000039 ], [ 122.478637329000094, 10.688387893000026 ], [ 122.478622284000039, 10.688387890000058 ], [ 122.478609746000075, 10.688392816000032 ], [ 122.4785972090001, 10.68839527800003 ], [ 122.478587179000101, 10.68840020500005 ], [ 122.478569628000059, 10.688405130000035 ], [ 122.478544552000017, 10.68841498200004 ], [ 122.478233633000059, 10.688459287000057 ], [ 122.478114899000047, 10.688471589000073 ], [ 122.477906785000073, 10.688501125000073 ], [ 122.47785413500003, 10.688474015000054 ], [ 122.47784410600002, 10.688471550000031 ], [ 122.477834078000114, 10.688466621000032 ], [ 122.477811511000027, 10.688466617000074 ], [ 122.477788946000032, 10.688461687000029 ], [ 122.477776409000057, 10.68846168500005 ], [ 122.477761366000095, 10.688459218000048 ], [ 122.477728771000102, 10.688459214000034 ], [ 122.477483048000067, 10.688473961000057 ], [ 122.477432901000043, 10.688473954000074 ], [ 122.477417858000081, 10.688466560000052 ], [ 122.477397800000062, 10.688464094000039 ], [ 122.477372728000091, 10.688454235000052 ], [ 122.477362699000082, 10.688446842000076 ], [ 122.477357686000119, 10.688436986000056 ], [ 122.477355937000084, 10.688380317000053 ], [ 122.477283225000065, 10.688377843000069 ], [ 122.477275691000045, 10.688454221000029 ], [ 122.477256430000011, 10.68845593900005 ], [ 122.477165367000111, 10.688464060000058 ], [ 122.47715534200006, 10.688434492000056 ], [ 122.47706507700002, 10.688436943000056 ], [ 122.477060057000017, 10.688473900000076 ], [ 122.476997374, 10.688468963000048 ], [ 122.476974810000115, 10.688461568000037 ], [ 122.476962272000037, 10.688461566000058 ], [ 122.476952243000028, 10.688456637000058 ], [ 122.476942215, 10.688454171000046 ], [ 122.476929678000033, 10.688454170000057 ], [ 122.476914634000082, 10.688449240000068 ], [ 122.476005231000045, 10.688449105000075 ], [ 122.475962606000053, 10.688444171000071 ], [ 122.475967627000045, 10.688404750000075 ], [ 122.475864828000113, 10.688392416000056 ], [ 122.475867332, 10.688412127000049 ], [ 122.475819686000023, 10.68844907700003 ], [ 122.475761167000087, 10.688465730000075 ], [ 122.475736093000023, 10.688465726000061 ], [ 122.475721049000072, 10.688468188000058 ], [ 122.475638306000064, 10.688468175000025 ], [ 122.475625770000079, 10.68846571000006 ], [ 122.475595684000041, 10.688453386000049 ], [ 122.475585655000032, 10.68845338400007 ], [ 122.475573118000057, 10.688450919000047 ], [ 122.475558075000095, 10.688445989000058 ], [ 122.475525480000101, 10.688438592000068 ], [ 122.475450260000116, 10.688438581000071 ], [ 122.474824929000079, 10.688411383000073 ], [ 122.47459170400009, 10.688406419000046 ], [ 122.474571647000062, 10.688399025000024 ], [ 122.47454657500009, 10.688384237000037 ], [ 122.474531534000107, 10.688369452000074 ], [ 122.47452652000004, 10.688359596000055 ], [ 122.474526522000019, 10.688347277000048 ], [ 122.474521512000024, 10.688317710000035 ], [ 122.474521514000116, 10.688305391000029 ], [ 122.474516501000039, 10.688295535000066 ], [ 122.474516505000111, 10.688275824000073 ], [ 122.47451399900001, 10.688261041000032 ], [ 122.474498962000098, 10.688216689000058 ], [ 122.474491442000044, 10.688204369000061 ], [ 122.474463865000075, 10.688187117000041 ], [ 122.4744513280001, 10.688182188000042 ], [ 122.474438792000115, 10.688179722000029 ], [ 122.474428762000116, 10.688179720000051 ], [ 122.474421241000073, 10.688172327000075 ], [ 122.474398677000067, 10.688160005000043 ], [ 122.474368592000019, 10.688140289000046 ], [ 122.474338506000095, 10.688127965000035 ], [ 122.474325969, 10.688125499000023 ], [ 122.4743159410001, 10.688120570000024 ], [ 122.474305912000091, 10.688118105000058 ], [ 122.474283346000107, 10.688118101000043 ], [ 122.474273317000097, 10.688113172000044 ], [ 122.474225426000089, 10.688115347000064 ], [ 122.474300683000024, 10.687888686000065 ], [ 122.474270598000089, 10.687866506000034 ], [ 122.474232970000116, 10.687974909000047 ], [ 122.474205386000108, 10.687992152000049 ], [ 122.474167776000058, 10.687992146000056 ], [ 122.47415774600006, 10.687994608000054 ], [ 122.474145210000074, 10.687994606000075 ], [ 122.474135180000076, 10.687999533000038 ], [ 122.47412013600001, 10.68799953000007 ], [ 122.474110106000012, 10.688001992000068 ], [ 122.474100076000013, 10.688001991000021 ], [ 122.474072494000097, 10.688009378000061 ], [ 122.474062464000099, 10.688016768000068 ], [ 122.474052433000111, 10.688021694000042 ], [ 122.474042405000091, 10.68802415600004 ], [ 122.474034883000058, 10.688024155000051 ], [ 122.47402485200007, 10.688029081000025 ], [ 122.474009807000016, 10.688029079000046 ], [ 122.473994763000064, 10.688031540000054 ], [ 122.473972196000091, 10.688038928000026 ], [ 122.473954644000059, 10.688038926000047 ], [ 122.473939599000119, 10.688043851000032 ], [ 122.473904497000035, 10.688043846000028 ], [ 122.473849334000079, 10.68805369200004 ], [ 122.473831782000047, 10.688053689000071 ], [ 122.47381172200005, 10.688061078000032 ], [ 122.473801692000052, 10.688061076000054 ], [ 122.47376909400009, 10.688075854000033 ], [ 122.473746528000106, 10.688083242000062 ], [ 122.473718945000087, 10.68809802100003 ], [ 122.473619523000025, 10.688133871000048 ], [ 122.473599463000028, 10.688133868000023 ], [ 122.473586925000063, 10.688138793000064 ], [ 122.473574388000088, 10.688141255000062 ], [ 122.473564359000079, 10.688141254000072 ], [ 122.473509196, 10.688156028000037 ], [ 122.473506687000054, 10.688158491000024 ], [ 122.473045319000107, 10.688249580000047 ], [ 122.472723252000037, 10.688325908000024 ], [ 122.472466362000091, 10.688362824000023 ], [ 122.472072016000084, 10.688446531000068 ], [ 122.471653685000092, 10.688520378000021 ], [ 122.471460609000019, 10.688572087000068 ], [ 122.471423, 10.688574545000051 ], [ 122.471335245000091, 10.688559746000067 ], [ 122.471325215000093, 10.688554818000057 ], [ 122.471292620000099, 10.688552349000076 ], [ 122.471257519000119, 10.68854495100004 ], [ 122.471242474000064, 10.688544949000061 ], [ 122.471227431000102, 10.688542483000049 ], [ 122.471154717000104, 10.688542471000062 ], [ 122.470623599000078, 10.688645864000023 ], [ 122.47056843900009, 10.688645854000072 ], [ 122.470558409000091, 10.688643389000049 ], [ 122.470535843000107, 10.688643385000034 ], [ 122.470503249000103, 10.688635988000044 ], [ 122.470435551000037, 10.688631049000037 ], [ 122.470423015000051, 10.688628583000025 ], [ 122.470400448000078, 10.688628580000056 ], [ 122.470360332000041, 10.68862118100003 ], [ 122.47034528800009, 10.688621179000052 ], [ 122.470305171000064, 10.688611317000039 ], [ 122.470292635000078, 10.68861131500006 ], [ 122.470280098000103, 10.688608849000047 ], [ 122.470270071000073, 10.688603918000069 ], [ 122.470255027, 10.688603917000023 ], [ 122.470232461000023, 10.688594058000035 ], [ 122.470209896000028, 10.688586662000034 ], [ 122.470199868, 10.688586661000045 ], [ 122.470194852000077, 10.688584196000022 ], [ 122.470169562000024, 10.688547838000034 ], [ 122.470164339, 10.688527296000075 ], [ 122.470159114000012, 10.688517026000056 ], [ 122.470151279000106, 10.68849134900006 ], [ 122.470147663000034, 10.688233222000065 ], [ 122.470134341000062, 10.68823509200007 ], [ 122.470130535000067, 10.688381580000055 ], [ 122.470122923000076, 10.688394671000026 ], [ 122.470105161000106, 10.688398411000037 ], [ 122.47008320000009, 10.688396340000054 ], [ 122.47006490800004, 10.688398906000032 ], [ 122.469989133000013, 10.68839889700007 ], [ 122.469981295000025, 10.688404031000061 ], [ 122.46969648400011, 10.688419404000058 ], [ 122.46945005300006, 10.688442483000074 ], [ 122.469186147000073, 10.688447588000031 ], [ 122.469055505000028, 10.688429599000074 ], [ 122.46900585800006, 10.688429593000023 ], [ 122.468983460000118, 10.687899963000064 ], [ 122.46884710900008, 10.687961569000038 ], [ 122.4688366580001, 10.687961568000048 ], [ 122.468797463000101, 10.687974401000076 ], [ 122.468395089000069, 10.688059083000041 ], [ 122.468141633000073, 10.688089864000062 ], [ 122.468089375000091, 10.688100127000041 ], [ 122.46807109100007, 10.688041071000043 ], [ 122.467764837000118, 10.688118061000068 ], [ 122.467670772000019, 10.688128320000033 ], [ 122.467314602000101, 10.688146249000056 ], [ 122.467212698000026, 10.688156506000041 ], [ 122.467236213000092, 10.687976779000053 ], [ 122.466815526000119, 10.688040916000034 ], [ 122.466427689000056, 10.688102489000073 ], [ 122.466338850000056, 10.688110180000024 ], [ 122.465916989000107, 10.688120397000034 ], [ 122.465786343000104, 10.688120380000043 ], [ 122.465371896000079, 10.68812802900004 ], [ 122.465280709000012, 10.688111974000037 ], [ 122.465289118000101, 10.687999820000073 ], [ 122.465271097000027, 10.688003363000064 ], [ 122.465262689000042, 10.688182807000032 ], [ 122.465135808000014, 10.688187955000046 ], [ 122.464653349000059, 10.688207529000067 ], [ 122.464209154000059, 10.68821517300006 ], [ 122.464183025000011, 10.688220305000073 ], [ 122.464175186000034, 10.688220303000037 ], [ 122.46415950800008, 10.688225437000028 ], [ 122.464143830000012, 10.68822543400006 ], [ 122.464128152000058, 10.688233135000075 ], [ 122.464112475000093, 10.68823313300004 ], [ 122.464102023, 10.688238267000031 ], [ 122.464088957000058, 10.688238265000052 ], [ 122.464078505000089, 10.68824083100003 ], [ 122.464054987000054, 10.688251098000023 ], [ 122.463997503000087, 10.688263929000072 ], [ 122.463904263000018, 10.688248510000051 ], [ 122.463710907000063, 10.688248484000042 ], [ 122.463658646000113, 10.688256180000053 ], [ 122.463645583000016, 10.688256178000074 ], [ 122.463196155000105, 10.688292063000063 ], [ 122.462829431000046, 10.68831255300006 ], [ 122.462543825000012, 10.688335622000068 ], [ 122.462530761000039, 10.688333052000075 ], [ 122.462465438000095, 10.688333043000057 ], [ 122.462449761000016, 10.688330473000065 ], [ 122.462439309000047, 10.688330472000075 ], [ 122.462300828000025, 10.688309912000022 ], [ 122.462240731000065, 10.68830990400005 ], [ 122.46220676400003, 10.688302196000052 ], [ 122.46218586100008, 10.688302193000027 ], [ 122.4621754100001, 10.688297057000057 ], [ 122.462164958000017, 10.688297055000021 ], [ 122.462141443000064, 10.688291917000072 ], [ 122.462130991000095, 10.688291915000036 ], [ 122.462107477000018, 10.68828677700003 ], [ 122.462094411000066, 10.688286775000051 ], [ 122.462086574000068, 10.688281639000024 ], [ 122.462073509000106, 10.688279069000032 ], [ 122.46206044600001, 10.688273932000072 ], [ 122.462031704000083, 10.688266225000064 ], [ 122.462000350000039, 10.688261086000068 ], [ 122.461966382000014, 10.688261081000064 ], [ 122.461935026000106, 10.68826621200003 ], [ 122.461919349000027, 10.688266210000052 ], [ 122.461906285000055, 10.688271343000054 ], [ 122.46183312200003, 10.688271333000046 ], [ 122.46182267000006, 10.688273899000023 ], [ 122.461786089000043, 10.688273892000041 ], [ 122.46176257400009, 10.688268755000024 ], [ 122.461715542000093, 10.688263613000061 ], [ 122.461694639000029, 10.688263610000035 ], [ 122.461541891000024, 10.688291832000061 ], [ 122.461502699000107, 10.688291826000068 ], [ 122.46148702000005, 10.688294392000046 ], [ 122.461453052000024, 10.688294387000042 ], [ 122.461398179000071, 10.688304649000031 ], [ 122.461385115000098, 10.688304647000052 ], [ 122.46136943700003, 10.688309780000054 ], [ 122.461332855000023, 10.688312343000064 ], [ 122.461319790000061, 10.688317476000066 ], [ 122.460768618000088, 10.688325099000053 ], [ 122.460528229000033, 10.688325064000026 ], [ 122.460499489000085, 10.68831992500003 ], [ 122.460483810000028, 10.688319922000062 ], [ 122.46042632800004, 10.688309644000071 ], [ 122.460413263000078, 10.688309642000036 ], [ 122.460402812000098, 10.688307073000033 ], [ 122.460368844000072, 10.688307068000029 ], [ 122.459932410000079, 10.688359046000073 ], [ 122.459877565000056, 10.68837165900004 ], [ 122.459717695000109, 10.688375099000041 ], [ 122.459685021000041, 10.688369365000028 ], [ 122.459647681000092, 10.688354458000049 ], [ 122.459604503000037, 10.688345284000036 ], [ 122.459599837000042, 10.68834299100007 ], [ 122.459588166000117, 10.688340697000058 ], [ 122.459578831000044, 10.688340697000058 ], [ 122.459554326000102, 10.688332671000069 ], [ 122.459540322000066, 10.688330377000057 ], [ 122.459509983000089, 10.688320056000066 ], [ 122.459473808000098, 10.688305150000076 ], [ 122.459417795000036, 10.688291389000028 ], [ 122.45939445800002, 10.688279922000049 ], [ 122.459383954000032, 10.688273042000048 ], [ 122.459357115000103, 10.688262722000047 ], [ 122.459346614000083, 10.68826157500007 ], [ 122.459341945, 10.688259282000047 ], [ 122.45925541500003, 10.688258119000068 ], [ 122.45924496300006, 10.688260685000046 ], [ 122.459229286000095, 10.688260683000067 ], [ 122.459192705000078, 10.688268380000068 ], [ 122.45916657600003, 10.688268376000053 ], [ 122.459077836, 10.688242211000045 ], [ 122.458999960000028, 10.688243912000075 ], [ 122.458922083000061, 10.688242211000045 ], [ 122.458518857000058, 10.688269419000051 ], [ 122.458376949000012, 10.688266017000046 ], [ 122.45824196500007, 10.688254112000038 ], [ 122.457880272000011, 10.688274517000025 ], [ 122.457788742000048, 10.688293685000076 ], [ 122.457749548000038, 10.68829624600005 ], [ 122.457718192000016, 10.68830394400004 ], [ 122.457618902000036, 10.688303929000028 ], [ 122.457514582000044, 10.688301344000024 ], [ 122.457480616000112, 10.688293636000026 ], [ 122.457457098000077, 10.688293632000068 ], [ 122.457441421000112, 10.688291062000076 ], [ 122.457297711000024, 10.688291040000024 ], [ 122.457284646000062, 10.688288470000032 ], [ 122.45722193600011, 10.68828846100007 ], [ 122.457211484000027, 10.688291027000048 ], [ 122.457195807000062, 10.688291025000069 ], [ 122.457187967000095, 10.688293591000047 ], [ 122.457172289000027, 10.688293589000068 ], [ 122.457161837000058, 10.688296155000046 ], [ 122.457135709000113, 10.688296151000031 ], [ 122.457117416000074, 10.688301283000044 ], [ 122.457093900000018, 10.688301279000029 ], [ 122.457078222000064, 10.688306412000031 ], [ 122.457052092000026, 10.688308975000041 ], [ 122.457041640000057, 10.688314109000032 ], [ 122.457028574000105, 10.688316675000067 ], [ 122.457012897000027, 10.688316672000042 ], [ 122.456997219000073, 10.68831923700003 ], [ 122.456879638000032, 10.68831921900005 ], [ 122.456845669000018, 10.688324349000027 ], [ 122.456782959000066, 10.688324339000076 ], [ 122.45673854100005, 10.688314062000075 ], [ 122.456725477000077, 10.688308924000069 ], [ 122.456712413000105, 10.688306355000066 ], [ 122.456688898000039, 10.688298648000057 ], [ 122.456675835000055, 10.688290944000073 ], [ 122.456665384000075, 10.688288374000024 ], [ 122.456641870000112, 10.688275533000024 ], [ 122.456626193000034, 10.688270395000075 ], [ 122.456592227000101, 10.688265254000044 ], [ 122.45657393700003, 10.68825754900007 ], [ 122.456563485000061, 10.688257547000035 ], [ 122.456526906000022, 10.688247271000023 ], [ 122.456508617000054, 10.688247268000055 ], [ 122.456498166000074, 10.688242131000038 ], [ 122.456479875000014, 10.688239561000046 ], [ 122.456469424000034, 10.688234424000029 ], [ 122.456443296000089, 10.688229285000034 ], [ 122.456432845000109, 10.688224148000074 ], [ 122.456375363, 10.688213869000037 ], [ 122.456249943000103, 10.688213849000022 ], [ 122.456244717000118, 10.688216415000056 ], [ 122.456110793000107, 10.688240638000025 ], [ 122.455983648000029, 10.688240618000066 ], [ 122.455975028000012, 10.688244851000036 ], [ 122.455955633000031, 10.688246966000065 ], [ 122.455947013000014, 10.688251200000025 ], [ 122.455934082000113, 10.688253315000054 ], [ 122.455901755000014, 10.688263898000059 ], [ 122.455852189000097, 10.688272360000042 ], [ 122.455822020000028, 10.688272355000038 ], [ 122.45581986500008, 10.688274473000035 ], [ 122.455161444000055, 10.688235755000051 ], [ 122.454958882000028, 10.688206076000029 ], [ 122.454870532000086, 10.688178533000041 ], [ 122.454743396000026, 10.688134043000048 ], [ 122.454606123000076, 10.688079619000064 ], [ 122.454593967000051, 10.688062246000072 ], [ 122.454635639000116, 10.687863091000054 ], [ 122.454614409000101, 10.687857568000027 ], [ 122.45456230700006, 10.688027009000052 ], [ 122.454551977000051, 10.68803781500003 ], [ 122.454539614000055, 10.688038519000031 ], [ 122.454515912000033, 10.688027927000064 ], [ 122.454485742000088, 10.688021569000057 ], [ 122.45447496700001, 10.688021567000021 ], [ 122.454464193000035, 10.688019448000034 ], [ 122.454380149000031, 10.688019434000068 ], [ 122.454055686000061, 10.687941030000047 ], [ 122.453647603000036, 10.687827151000022 ], [ 122.453590279000082, 10.687801730000047 ], [ 122.453577350000046, 10.68779961000007 ], [ 122.453553648000025, 10.687791136000044 ], [ 122.453551493000077, 10.687782665000043 ], [ 122.453534258000104, 10.68775725100005 ], [ 122.453506248000053, 10.687725483000065 ], [ 122.453493322000099, 10.687708540000074 ], [ 122.453476087000013, 10.687676773000021 ], [ 122.453469624000036, 10.687668302000077 ], [ 122.453435150000018, 10.687634414000058 ], [ 122.453424376000044, 10.687632295000071 ], [ 122.453417912000077, 10.687628059000076 ], [ 122.453404983000041, 10.687625939000043 ], [ 122.453398518000085, 10.687621703000048 ], [ 122.453392053000016, 10.687621702000058 ], [ 122.453368350000119, 10.68761534500004 ], [ 122.45335757600003, 10.687615343000061 ], [ 122.453338181000049, 10.68761110500003 ], [ 122.453327406000085, 10.687611103000052 ], [ 122.453308012000093, 10.687606864000031 ], [ 122.453297238000118, 10.687602627000047 ], [ 122.453267069000049, 10.687598387000037 ], [ 122.453256294000084, 10.687598385000058 ], [ 122.45324552000011, 10.687594148000073 ], [ 122.453217505000111, 10.687592026000061 ], [ 122.453206732000012, 10.687587789000077 ], [ 122.453195958000038, 10.687587787000041 ], [ 122.453155013000014, 10.687581427000055 ], [ 122.453086054000096, 10.687581416000057 ], [ 122.452938431, 10.687587743000051 ], [ 122.452850077000107, 10.68758772800004 ], [ 122.452815598000029, 10.687581370000032 ], [ 122.452804824000054, 10.687581368000053 ], [ 122.452772500000037, 10.687575010000046 ], [ 122.452731555000014, 10.687575003000063 ], [ 122.452705698000045, 10.687570763000053 ], [ 122.452600103, 10.687570745000073 ], [ 122.452213339000082, 10.687557973000025 ], [ 122.452152999000077, 10.687557963000074 ], [ 122.452129295000077, 10.687553723000065 ], [ 122.451987066000015, 10.687553699000034 ], [ 122.451980601000059, 10.687557933000051 ], [ 122.451971981000042, 10.687560049000069 ], [ 122.451916028000028, 10.687570627000071 ], [ 122.451903099000106, 10.687570625000035 ], [ 122.451879394000116, 10.687566386000071 ], [ 122.451868620000027, 10.68756214900003 ], [ 122.451853535000055, 10.687562146000062 ], [ 122.451844916000027, 10.687557910000066 ], [ 122.451834141000063, 10.687557908000031 ], [ 122.451812594000103, 10.68755155100007 ], [ 122.451801818000035, 10.687551549000034 ], [ 122.451791043000071, 10.687549430000047 ], [ 122.451597096000114, 10.687549396000065 ], [ 122.45157770000003, 10.687553628000046 ], [ 122.451566926000055, 10.687553626000067 ], [ 122.451543220000076, 10.687557857000058 ], [ 122.451143104000039, 10.687447673000065 ], [ 122.451133506000019, 10.687360774000069 ], [ 122.450824972000078, 10.687331073000053 ], [ 122.450796960000048, 10.687320480000039 ], [ 122.450792652000018, 10.687316245000034 ], [ 122.450784034000094, 10.687299302000042 ], [ 122.450771108000026, 10.687284477000048 ], [ 122.450751712000056, 10.687284473000034 ], [ 122.450734470000043, 10.687297176000072 ], [ 122.450652581000099, 10.68729716200005 ], [ 122.450301330000116, 10.687250512000048 ], [ 122.450275472000044, 10.687237802000027 ], [ 122.450262545000101, 10.687227212000039 ], [ 122.450247460000014, 10.687225091000073 ], [ 122.45023884200009, 10.687218737000023 ], [ 122.450217292000048, 10.687218733000066 ], [ 122.450061442000106, 10.687203774000068 ], [ 122.450035584000034, 10.687195299000052 ], [ 122.450024810000059, 10.687186827000062 ], [ 122.449759757000038, 10.687140193000062 ], [ 122.449619696000013, 10.687080875000049 ], [ 122.4496110770001, 10.687076638000065 ], [ 122.44958306500007, 10.68705757500004 ], [ 122.449567981000087, 10.687051220000058 ], [ 122.44955074500001, 10.687036393000028 ], [ 122.449520579000023, 10.687019447000068 ], [ 122.449511961000098, 10.687006740000072 ], [ 122.449483952000037, 10.686977089000038 ], [ 122.44947748900006, 10.68696650000004 ], [ 122.449471025000094, 10.686960146000047 ], [ 122.449468872000011, 10.686949557000048 ], [ 122.44945379100011, 10.686926261000053 ], [ 122.449443021000093, 10.686905083000056 ], [ 122.449436558000116, 10.686898729000063 ], [ 122.449434406000023, 10.686881788000051 ], [ 122.449430097000118, 10.686871199000052 ], [ 122.449427947000117, 10.686852141000031 ], [ 122.449427952000065, 10.686818259000063 ], [ 122.449464620000072, 10.686639160000027 ], [ 122.449087445000032, 10.686687526000071 ], [ 122.449083173000076, 10.68649270700007 ], [ 122.448992661000034, 10.686501161000024 ], [ 122.448990476000063, 10.686662098000056 ], [ 122.448418263, 10.68673399100004 ], [ 122.448079500000063, 10.686772045000055 ], [ 122.447586569, 10.686793129000023 ], [ 122.447539160000019, 10.686793120000061 ], [ 122.447422789000029, 10.686816392000026 ], [ 122.447401239000101, 10.686812152000073 ], [ 122.447390465000012, 10.686807915000031 ], [ 122.447360299000024, 10.686786734000066 ], [ 122.447353837000037, 10.686780380000073 ], [ 122.44734521700002, 10.686780378000037 ], [ 122.447336597000117, 10.68677825900005 ], [ 122.447315047000075, 10.686778255000036 ], [ 122.447302118000039, 10.686776135000059 ], [ 122.44728056800011, 10.686776131000045 ], [ 122.44725470700007, 10.686782479000044 ], [ 122.447246086000064, 10.686788830000069 ], [ 122.447205139000062, 10.686801528000046 ], [ 122.447192210000026, 10.686803643000076 ], [ 122.446733347000077, 10.686924257000044 ], [ 122.446705328, 10.686941192000063 ], [ 122.446683777000089, 10.686949659000049 ], [ 122.44667731100003, 10.686956010000074 ], [ 122.446666535000077, 10.686962361000042 ], [ 122.446655759, 10.686966594000069 ], [ 122.446565250000049, 10.686966577000021 ], [ 122.446548009000026, 10.686975044000064 ], [ 122.446507063000013, 10.686985624000044 ], [ 122.446485513000084, 10.686987738000028 ], [ 122.446472582000069, 10.686991970000065 ], [ 122.446431639000025, 10.686991963000025 ], [ 122.446423019, 10.686987726000041 ], [ 122.446416555000042, 10.686981372000048 ], [ 122.446403628000098, 10.686964429000056 ], [ 122.446399322000048, 10.686947487000054 ], [ 122.446399330000077, 10.686905135000075 ], [ 122.446405801000083, 10.686877608000032 ], [ 122.446403647000011, 10.686869137000031 ], [ 122.446399339000095, 10.68686066600003 ], [ 122.446395030000076, 10.686854312000037 ], [ 122.446386413000027, 10.686847958000044 ], [ 122.446373566000034, 10.686843221000061 ], [ 122.446369173000107, 10.686841602000072 ], [ 122.4463584, 10.686839482000039 ], [ 122.446347624000055, 10.68683948000006 ], [ 122.446321767000086, 10.686833123000042 ], [ 122.446313147000069, 10.686833121000063 ], [ 122.446304527000052, 10.686828884000022 ], [ 122.446295907000035, 10.686828882000043 ], [ 122.446287288, 10.686826763000056 ], [ 122.446274360000075, 10.686820408000074 ], [ 122.4462398820001, 10.686807696000074 ], [ 122.446231263000072, 10.686801341000034 ], [ 122.446214025000018, 10.686794985000063 ], [ 122.446100201000036, 10.686739087000035 ], [ 122.446091582, 10.686732731000063 ], [ 122.446059262000063, 10.686715786000036 ], [ 122.446050643000035, 10.686709431000054 ], [ 122.446022633000098, 10.686681897000028 ], [ 122.445998932000066, 10.686667069000066 ], [ 122.445986002000041, 10.686662832000025 ], [ 122.445979539000064, 10.686662830000046 ], [ 122.445973073000118, 10.68665859400005 ], [ 122.445957989000021, 10.686658590000036 ], [ 122.445949369000118, 10.686656472000038 ], [ 122.44589118600004, 10.686656461000041 ], [ 122.445871792000048, 10.686654338000039 ], [ 122.445815764000031, 10.686643741000069 ], [ 122.44579852600009, 10.68663738500004 ], [ 122.445753274000026, 10.686626788000069 ], [ 122.445744655000112, 10.686622551000028 ], [ 122.445690783000032, 10.686607718000062 ], [ 122.445669236000072, 10.686597126000038 ], [ 122.445660616000055, 10.686595006000061 ], [ 122.445651997000027, 10.686588652000069 ], [ 122.445611055000086, 10.686580174000028 ], [ 122.445589505000044, 10.68658017000007 ], [ 122.445578731000069, 10.686578050000037 ], [ 122.445544252000104, 10.686575926000046 ], [ 122.445535633000077, 10.686571689000061 ], [ 122.445524858000113, 10.686571687000026 ], [ 122.445475299, 10.686550501000056 ], [ 122.445445130000053, 10.686539907000054 ], [ 122.445412809000118, 10.686522960000048 ], [ 122.44540419000009, 10.68652084100006 ], [ 122.445395571000063, 10.686514487000068 ], [ 122.445384797000088, 10.686510250000026 ], [ 122.445361096000056, 10.686495422000064 ], [ 122.445350322000081, 10.686493302000031 ], [ 122.445341703000054, 10.686486948000038 ], [ 122.445333083000037, 10.686486946000059 ], [ 122.44529861, 10.686461528000052 ], [ 122.445281373000057, 10.686442467000063 ], [ 122.445226914000045, 10.686343388000068 ], [ 122.445209678000083, 10.686324327000023 ], [ 122.445183822000104, 10.686303146000057 ], [ 122.445170893000068, 10.686296790000029 ], [ 122.445155810000074, 10.686286199000051 ], [ 122.445145036000099, 10.686281962000066 ], [ 122.445121333000088, 10.686277722000057 ], [ 122.445093321000058, 10.686267129000043 ], [ 122.445076081000025, 10.686262890000023 ], [ 122.445065308000039, 10.686256535000041 ], [ 122.445030829000075, 10.686245941000038 ], [ 122.444992042000081, 10.686239580000063 ], [ 122.444979111000066, 10.686239578000027 ], [ 122.444961873000011, 10.686233222000055 ], [ 122.444940323000083, 10.686231100000043 ], [ 122.444933859000116, 10.686226863000059 ], [ 122.444890760000021, 10.686224737000032 ], [ 122.444877831000099, 10.686222617000055 ], [ 122.444819650000113, 10.686209900000051 ], [ 122.444806720000088, 10.686207780000075 ], [ 122.444793791000052, 10.68620777700005 ], [ 122.444778707000069, 10.686201422000067 ], [ 122.444767933000094, 10.686195067000028 ], [ 122.444744233000051, 10.686173886000063 ], [ 122.444731304000015, 10.686167531000024 ], [ 122.444711913000106, 10.686154822000049 ], [ 122.444707603000097, 10.686148468000056 ], [ 122.444698985000059, 10.686142114000063 ], [ 122.444688212000074, 10.686131524000075 ], [ 122.444683903000055, 10.686125170000025 ], [ 122.444662358000073, 10.686106107000057 ], [ 122.444584792000114, 10.686048917000051 ], [ 122.444550316000118, 10.686025617000041 ], [ 122.444530924000105, 10.686015025000074 ], [ 122.444515842000101, 10.686002317000032 ], [ 122.444489985000018, 10.685987488000023 ], [ 122.444472748000067, 10.68597266200004 ], [ 122.444276679000041, 10.685822275000021 ], [ 122.443622972000071, 10.685839085000055 ], [ 122.443444109000097, 10.68584540300003 ], [ 122.443347132000099, 10.685858089000021 ], [ 122.443127331000028, 10.685834751000073 ], [ 122.443120872, 10.685811457000057 ], [ 122.443036834000054, 10.685783911000044 ], [ 122.442991567000036, 10.685845312000026 ], [ 122.442203443000039, 10.685796448000076 ], [ 122.44170319300008, 10.685726465000073 ], [ 122.441153016000044, 10.685638838000045 ], [ 122.440542648000019, 10.685478144000058 ], [ 122.440408345000037, 10.685460441000032 ], [ 122.440376022, 10.685454081000046 ], [ 122.440328616000102, 10.685441366000077 ], [ 122.440300604000072, 10.685430772000075 ], [ 122.440291984000055, 10.685430770000039 ], [ 122.440266127000086, 10.685426530000029 ], [ 122.440207949000069, 10.685398989000021 ], [ 122.440199329000052, 10.685396869000044 ], [ 122.439853362, 10.685194086000024 ], [ 122.439676385000098, 10.685055634000037 ], [ 122.439637600000083, 10.685038685000052 ], [ 122.439616050000041, 10.685038681000037 ], [ 122.439607433000106, 10.685034444000053 ], [ 122.439445810000052, 10.685034410000071 ], [ 122.439437191000025, 10.685032290000038 ], [ 122.439415641000096, 10.685032286000023 ], [ 122.439361770000119, 10.685021686000027 ], [ 122.439342375000024, 10.68502168200007 ], [ 122.439307897000049, 10.685015322000027 ], [ 122.439299278000021, 10.685015320000048 ], [ 122.438967436000098, 10.684905789000027 ], [ 122.438791321000053, 10.684872161000044 ], [ 122.438778391000028, 10.684872158000076 ], [ 122.438765462000106, 10.684870038000042 ], [ 122.438754688000017, 10.684865800000068 ], [ 122.438720209000053, 10.684863675000031 ], [ 122.438692196000034, 10.684859434000032 ], [ 122.438662028000067, 10.684857310000041 ], [ 122.438634015000048, 10.684850951000044 ], [ 122.438610309000069, 10.68485094600004 ], [ 122.438567212000066, 10.684842467000067 ], [ 122.438556437000102, 10.684842464000042 ], [ 122.438549974000011, 10.684838228000046 ], [ 122.438534890000028, 10.684836107000024 ], [ 122.438502568000104, 10.684823394000034 ], [ 122.438481019000051, 10.684819155000071 ], [ 122.438461627000038, 10.684810680000055 ], [ 122.438453007000021, 10.684810678000076 ], [ 122.438433614000019, 10.68480220400005 ], [ 122.438414221000016, 10.68479796400004 ], [ 122.438403447000042, 10.684793727000056 ], [ 122.438392673000067, 10.684793724000031 ], [ 122.438381900000081, 10.684787369000048 ], [ 122.438371126000106, 10.684785249000072 ], [ 122.438360351000028, 10.68478101200003 ], [ 122.438351731000012, 10.684781010000052 ], [ 122.438343113000087, 10.684776773000067 ], [ 122.438306481000041, 10.684768295000026 ], [ 122.438300015000095, 10.684768293000047 ], [ 122.438252609000074, 10.684753460000024 ], [ 122.438230725000039, 10.684753604000036 ], [ 122.438280320000104, 10.684615971000028 ], [ 122.438263081000059, 10.684609615000056 ], [ 122.43820486300001, 10.68476630400005 ], [ 122.438140236000095, 10.68466888100005 ], [ 122.438088517000097, 10.684670987000061 ], [ 122.438082050000048, 10.684677338000029 ], [ 122.43807773900005, 10.68468580800004 ], [ 122.438064805000067, 10.684702746000028 ], [ 122.438028166000095, 10.684728149000023 ], [ 122.43800877000001, 10.684732380000071 ], [ 122.438000149000118, 10.684736613000041 ], [ 122.437926881000067, 10.68473659700004 ], [ 122.43786870100007, 10.684723879000046 ], [ 122.437816982000072, 10.684721750000051 ], [ 122.437808362000055, 10.684719631000064 ], [ 122.43774802400003, 10.684719617000042 ], [ 122.437735095000107, 10.684717497000065 ], [ 122.437713545000065, 10.684717492000061 ], [ 122.437704926000038, 10.684715373000074 ], [ 122.437691996000012, 10.684715370000049 ], [ 122.437657519000027, 10.684706892000065 ], [ 122.437646745000052, 10.684702655000024 ], [ 122.437635970000088, 10.684702652000055 ], [ 122.437625196000113, 10.684698415000071 ], [ 122.437477329000103, 10.684671838000042 ], [ 122.437469519000047, 10.684671836000064 ], [ 122.437461711000083, 10.684667997000076 ], [ 122.4374480460001, 10.684656483000026 ], [ 122.437420717, 10.684643047000066 ], [ 122.437410955000018, 10.684641126000031 ], [ 122.437391432000027, 10.684633448000056 ], [ 122.437364099000092, 10.684627686000056 ], [ 122.437342624000053, 10.684620007000035 ], [ 122.437305533000085, 10.68460273200003 ], [ 122.437227448000044, 10.684550914000056 ], [ 122.437192310000114, 10.684531720000052 ], [ 122.43718254700002, 10.684529800000064 ], [ 122.43724506600006, 10.68434946900004 ], [ 122.437239417000114, 10.684348278000073 ], [ 122.437217733000011, 10.684343707000039 ], [ 122.437216016000093, 10.684348278000073 ], [ 122.43714349600009, 10.68454130300006 ], [ 122.437108354000088, 10.684535539000024 ], [ 122.437094693000063, 10.684516350000024 ], [ 122.437069314000041, 10.684500995000064 ], [ 122.437057600000117, 10.684499075000076 ], [ 122.436987314000021, 10.684499060000064 ], [ 122.43697755200003, 10.684495220000031 ], [ 122.436958028000049, 10.684493298000064 ], [ 122.436950219000096, 10.684489459000076 ], [ 122.43693655300001, 10.684487537000052 ], [ 122.436924840000074, 10.684481779000066 ], [ 122.436915078000084, 10.68448177700003 ], [ 122.436889699000062, 10.684474097000077 ], [ 122.436846750000086, 10.684456820000037 ], [ 122.436840892000077, 10.684452982000039 ], [ 122.436829179000028, 10.684451061000061 ], [ 122.436819417000038, 10.684445303000075 ], [ 122.436815513000056, 10.684445302000029 ], [ 122.436774518000107, 10.684418433000076 ], [ 122.436756949000028, 10.684410755000044 ], [ 122.436743284000045, 10.68440115900006 ], [ 122.436735475000091, 10.684399239000072 ], [ 122.436719857000071, 10.684387724000032 ], [ 122.436704239000051, 10.684380046000058 ], [ 122.436686670000086, 10.684368531000075 ], [ 122.436678861000019, 10.684364692000031 ], [ 122.436674957000037, 10.684364691000042 ], [ 122.436678113000085, 10.684348278000073 ], [ 122.43669008400002, 10.684286034000024 ], [ 122.436529995000114, 10.684247627000047 ], [ 122.436520227000074, 10.684270647000062 ], [ 122.436435786000061, 10.684239932000025 ], [ 122.436390889000108, 10.684209225000075 ], [ 122.436361608000084, 10.684186195000052 ], [ 122.436351846000093, 10.684182356000065 ], [ 122.436320612000031, 10.684161245000041 ], [ 122.436194116000024, 10.684120322000069 ], [ 122.436186306000081, 10.684120320000034 ], [ 122.43617654500008, 10.684116481000046 ], [ 122.43616678300009, 10.684116479000068 ], [ 122.436158974000023, 10.684114559000022 ], [ 122.436137497000118, 10.684114554000075 ], [ 122.43612969000003, 10.684110715000031 ], [ 122.436059402000069, 10.68411069900003 ], [ 122.436057450000021, 10.684112617000039 ], [ 122.436034020000079, 10.684116449000044 ], [ 122.436008638000089, 10.68411644400004 ], [ 122.435973495000098, 10.684112599000059 ], [ 122.435963734000097, 10.684108759000026 ], [ 122.435946165000018, 10.684097244000043 ], [ 122.435938356000065, 10.684095324000054 ], [ 122.435932501000025, 10.684091485000067 ], [ 122.435920786000111, 10.684089564000033 ], [ 122.435911026000099, 10.684085725000045 ], [ 122.435870025000099, 10.684083797000028 ], [ 122.435836835000032, 10.684078034000038 ], [ 122.435819266000067, 10.684062681000057 ], [ 122.435801697000102, 10.684053085000073 ], [ 122.43579193700009, 10.684045408000031 ], [ 122.435784127000034, 10.684043488000043 ], [ 122.435778271000117, 10.684039649000056 ], [ 122.435768509000013, 10.684037729000067 ], [ 122.435725557000069, 10.684037719000059 ], [ 122.435711891000096, 10.684035797000035 ], [ 122.43570408100004, 10.684031958000048 ], [ 122.435692367000115, 10.68403003700007 ], [ 122.435676751000074, 10.68402044100003 ], [ 122.43566894300011, 10.684012765000034 ], [ 122.435663085000101, 10.684010845000046 ], [ 122.43564746900006, 10.684001249000062 ], [ 122.435631851000039, 10.683989734000022 ], [ 122.435604523000052, 10.683964786000047 ], [ 122.43557914500002, 10.683949432000077 ], [ 122.435569385, 10.683941755000035 ], [ 122.435540102000118, 10.683926400000075 ], [ 122.435532294000041, 10.683920643000022 ], [ 122.435504963000085, 10.683907206000072 ], [ 122.435479584000063, 10.683895689000053 ], [ 122.435462013, 10.683889930000021 ], [ 122.435444444000041, 10.683880333000047 ], [ 122.435502583000016, 10.683694726000056 ], [ 122.435485014000051, 10.683687048000024 ], [ 122.435442032000083, 10.683807908000063 ], [ 122.435397128000091, 10.683804060000057 ], [ 122.435393224000109, 10.683800222000059 ], [ 122.435381509000081, 10.683800220000023 ], [ 122.43537174800008, 10.683796380000047 ], [ 122.435360034000041, 10.683794459000069 ], [ 122.435346369000058, 10.683788700000036 ], [ 122.435317085000065, 10.683782938000036 ], [ 122.435235084000055, 10.683782920000056 ], [ 122.435196031000032, 10.683796341000061 ], [ 122.435178459000099, 10.683804011000063 ], [ 122.435160885000073, 10.683807844000057 ], [ 122.435158933000025, 10.683809762000067 ], [ 122.435145265000074, 10.68381359600005 ], [ 122.435137455000017, 10.683813594000071 ], [ 122.435119882000095, 10.683817428000054 ], [ 122.435100358000113, 10.68381742300005 ], [ 122.43509059500002, 10.683821258000023 ], [ 122.435078880000106, 10.683821255000055 ], [ 122.435045688000059, 10.683827004000022 ], [ 122.434957829000041, 10.683826984000063 ], [ 122.434946113000024, 10.683830818000047 ], [ 122.434926589000042, 10.683830813000043 ], [ 122.434914875000118, 10.683832730000063 ], [ 122.434856302000071, 10.68383271600004 ], [ 122.43477701200004, 10.683828861000052 ], [ 122.434749679000106, 10.68382501800005 ], [ 122.434571602, 10.683824353000034 ], [ 122.434558144000107, 10.683833794000066 ], [ 122.434552374000077, 10.683850792000044 ], [ 122.434502874000032, 10.683859526000049 ], [ 122.434484526, 10.683859523000024 ], [ 122.434469847000059, 10.683855914000048 ], [ 122.434455168000113, 10.683855911000023 ], [ 122.434440491000032, 10.68384869700003 ], [ 122.434392784000011, 10.683848689000058 ], [ 122.434282697000071, 10.68382342700005 ], [ 122.434246005000091, 10.683805390000032 ], [ 122.434223987000109, 10.683801780000067 ], [ 122.434201969000014, 10.683794564000038 ], [ 122.434190962000116, 10.683787350000046 ], [ 122.43417261500008, 10.683780135000063 ], [ 122.434157938000112, 10.683769314000074 ], [ 122.434143259000052, 10.683762099000035 ], [ 122.434106566000082, 10.683747668000024 ], [ 122.434043659000054, 10.683711439000035 ], [ 122.434027349000075, 10.683702046000064 ], [ 122.433998459, 10.683687845000065 ], [ 122.433969568000066, 10.683678376000046 ], [ 122.433955123000032, 10.683678374000067 ], [ 122.433947899000032, 10.683676006000042 ], [ 122.433890115000054, 10.683675996000034 ] ] ] ] } }
]
}
