{
"type": "FeatureCollection",
"name": "BOUNDARIES_IloiloCity_Barangay",
"crs": { "type": "name", "properties": { "name": "urn:ogc:def:crs:OGC:1.3:CRS84" } },
"features": [
{ "type": "Feature", "properties": { "psgc": "0603022200", "admin_type": "Barangay", "region": "Region VI (Western Visayas)", "province": "Iloilo", "municity": "Iloilo City", "district": "City Proper", "barangay": "San Jose (City Proper)", "population": "382" }, "geometry": { "type": "MultiPolygon", "coordinates": [ [ [ [ 122.563234324144034, 10.694676272034018 ], [ 122.564772526731247, 10.695151381919368 ], [ 122.564731278717488, 10.693279045271932 ], [ 122.563213816946956, 10.693159697949532 ], [ 122.563234324144034, 10.694676272034018 ] ] ] ] } },
{ "type": "Feature", "properties": { "psgc": "0603022090", "admin_type": "Barangay", "region": "Region VI (Western Visayas)", "province": "Iloilo", "municity": "Iloilo City", "district": "City Proper", "barangay": "Liberation", "population": "315" }, "geometry": { "type": "MultiPolygon", "coordinates": [ [ [ [ 122.563249848717277, 10.697438609357846 ], [ 122.564782295488101, 10.697661006856622 ], [ 122.565246705628468, 10.697716367336664 ], [ 122.565237199171833, 10.697209502031557 ], [ 122.565058102959682, 10.697209978463642 ], [ 122.565054367951845, 10.695517757663135 ], [ 122.565129241966943, 10.695260921195018 ], [ 122.564772526731247, 10.695151381919368 ], [ 122.563234324144034, 10.694676272034018 ], [ 122.56322759838568, 10.695375354506258 ], [ 122.563249848717277, 10.697438609357846 ] ] ] ] } },
{ "type": "Feature", "properties": { "psgc": "0603022081", "admin_type": "Barangay", "region": "Region VI (Western Visayas)", "province": "Iloilo", "municity": "Iloilo City", "district": "City Proper", "barangay": "Kauswagan", "population": "354" }, "geometry": { "type": "MultiPolygon", "coordinates": [ [ [ [ 122.566313161888715, 10.693402354199877 ], [ 122.566356742926629, 10.695637187743243 ], [ 122.567821659881048, 10.696096468741924 ], [ 122.567832623315354, 10.694809962669837 ], [ 122.567886275611883, 10.693544986894128 ], [ 122.566313161888715, 10.693402354199877 ] ] ] ] } },
{ "type": "Feature", "properties": { "psgc": "0603022140", "admin_type": "Barangay", "region": "Region VI (Western Visayas)", "province": "Iloilo", "municity": "Iloilo City", "district": "City Proper", "barangay": "Roxas Village", "population": "43" }, "geometry": { "type": "MultiPolygon", "coordinates": [ [ [ [ 122.564731278717488, 10.693279045271932 ], [ 122.564772526731247, 10.695151381919368 ], [ 122.565129241966943, 10.695260921195018 ], [ 122.566356742926629, 10.695637187743243 ], [ 122.566313161888715, 10.693402354199877 ], [ 122.564731278717488, 10.693279045271932 ] ] ] ] } },
{ "type": "Feature", "properties": { "psgc": "0603022057", "admin_type": "Barangay", "region": "Region VI (Western Visayas)", "province": "Iloilo", "municity": "Iloilo City", "district": "City Proper", "barangay": "Flores", "population": "143" }, "geometry": { "type": "MultiPolygon", "coordinates": [ [ [ [ 122.561677015268671, 10.692523513995354 ], [ 122.561695014411981, 10.693223221977032 ], [ 122.563213816946956, 10.693159697949532 ], [ 122.564731278717488, 10.693279045271932 ], [ 122.564709526908402, 10.691806712842155 ], [ 122.563140473158512, 10.692146517212667 ], [ 122.561677015268671, 10.692523513995354 ] ] ] ] } },
{ "type": "Feature", "properties": { "psgc": "0603022123", "admin_type": "Barangay", "region": "Region VI (Western Visayas)", "province": "Iloilo", "municity": "Iloilo City", "district": "City Proper", "barangay": "Osmeña", "population": "111" }, "geometry": { "type": "MultiPolygon", "coordinates": [ [ [ [ 122.564709526908402, 10.691806712842155 ], [ 122.564731278717488, 10.693279045271932 ], [ 122.566313161888715, 10.693402354199877 ], [ 122.566321496618954, 10.692724550473729 ], [ 122.566283140447609, 10.691772650897516 ], [ 122.565208272238579, 10.691701409188985 ], [ 122.564994401775877, 10.691751107052461 ], [ 122.564709526908402, 10.691806712842155 ] ] ] ] } },
{ "type": "Feature", "properties": { "psgc": "0603022069", "admin_type": "Barangay", "region": "Region VI (Western Visayas)", "province": "Iloilo", "municity": "Iloilo City", "district": "City Proper", "barangay": "Hipodromo", "population": "683" }, "geometry": { "type": "MultiPolygon", "coordinates": [ [ [ [ 122.561705555750777, 10.694214133362507 ], [ 122.561701457100284, 10.695548237021583 ], [ 122.561728458746586, 10.697245513713277 ], [ 122.562853865996203, 10.697394981942844 ], [ 122.563249848717277, 10.697438609357846 ], [ 122.56322759838568, 10.695375354506258 ], [ 122.563234324144034, 10.694676272034018 ], [ 122.561705555750777, 10.694214133362507 ] ] ] ] } },
{ "type": "Feature", "properties": { "psgc": "0603022062", "admin_type": "Barangay", "region": "Region VI (Western Visayas)", "province": "Iloilo", "municity": "Iloilo City", "district": "City Proper", "barangay": "Gloria", "population": "149" }, "geometry": { "type": "MultiPolygon", "coordinates": [ [ [ [ 122.561695014411981, 10.693223221977032 ], [ 122.561705555750777, 10.694214133362507 ], [ 122.563234324144034, 10.694676272034018 ], [ 122.563213816946956, 10.693159697949532 ], [ 122.561695014411981, 10.693223221977032 ] ] ] ] } },
{ "type": "Feature", "properties": { "psgc": "0603022197", "admin_type": "Barangay", "region": "Region VI (Western Visayas)", "province": "Iloilo", "municity": "Iloilo City", "district": "City Proper", "barangay": "Kahirupan", "population": "456" }, "geometry": { "type": "MultiPolygon", "coordinates": [ [ [ [ 122.559591044617179, 10.693009741933889 ], [ 122.559118041354139, 10.693137847175096 ], [ 122.558666975048936, 10.693279133815533 ], [ 122.558936649612008, 10.693357972641373 ], [ 122.559839569830984, 10.693618303978585 ], [ 122.561705555750777, 10.694214133362507 ], [ 122.561695014411981, 10.693223221977032 ], [ 122.561677015268671, 10.692523513995354 ], [ 122.561615405876211, 10.692537798471957 ], [ 122.560124129736494, 10.692883554892058 ], [ 122.559591044617179, 10.693009741933889 ] ] ] ] } },
{ "type": "Feature", "properties": { "psgc": "0603022075", "admin_type": "Barangay", "region": "Region VI (Western Visayas)", "province": "Iloilo", "municity": "Iloilo City", "district": "City Proper", "barangay": "Delgado-Jalandoni-Bagumbayan", "population": "209" }, "geometry": { "type": "MultiPolygon", "coordinates": [ [ [ [ 122.561728458746586, 10.697245513713277 ], [ 122.561701457100284, 10.695548237021583 ], [ 122.559950543459763, 10.696374606171018 ], [ 122.560308721858036, 10.697069098674364 ], [ 122.561728458746586, 10.697245513713277 ] ] ] ] } },
{ "type": "Feature", "properties": { "psgc": "0603022074", "admin_type": "Barangay", "region": "Region VI (Western Visayas)", "province": "Iloilo", "municity": "Iloilo City", "district": "City Proper", "barangay": "Jalandoni-Wilson", "population": "799" }, "geometry": { "type": "MultiPolygon", "coordinates": [ [ [ [ 122.561705555750777, 10.694214133362507 ], [ 122.559839569830984, 10.693618303978585 ], [ 122.559445761129894, 10.694916248464462 ], [ 122.559950543459763, 10.696374606171018 ], [ 122.561701457100284, 10.695548237021583 ], [ 122.561705555750777, 10.694214133362507 ] ] ] ] } },
{ "type": "Feature", "properties": { "psgc": "0603022071", "admin_type": "Barangay", "region": "Region VI (Western Visayas)", "province": "Iloilo", "municity": "Iloilo City", "district": "Molo", "barangay": "Infante", "population": "1726" }, "geometry": { "type": "MultiPolygon", "coordinates": [ [ [ [ 122.555245267044555, 10.692951160528221 ], [ 122.555315768437495, 10.692807025781381 ], [ 122.555213707712028, 10.692715261451095 ], [ 122.55474410686783, 10.692541271827292 ], [ 122.554543408888705, 10.692479257364552 ], [ 122.554163703641478, 10.692426023972567 ], [ 122.553266698908672, 10.692390439868644 ], [ 122.55316269350098, 10.692384410711956 ], [ 122.552707076255729, 10.692340635964978 ], [ 122.55252238991433, 10.692348777376374 ], [ 122.552505295382886, 10.692681756334723 ], [ 122.552753661403372, 10.692941342707176 ], [ 122.553176889784652, 10.693433308808634 ], [ 122.55335991450734, 10.693675983960365 ], [ 122.553725739145136, 10.694122511277786 ], [ 122.55357031001104, 10.694272349927626 ], [ 122.553924163762034, 10.694788316333833 ], [ 122.554205852548492, 10.694996503516951 ], [ 122.553870283882645, 10.695434888841696 ], [ 122.554290364095806, 10.695737772608362 ], [ 122.554593333014083, 10.695904823935487 ], [ 122.554897534341137, 10.695895860610126 ], [ 122.555032114240973, 10.694714359105983 ], [ 122.555057025444654, 10.694447143333036 ], [ 122.555101221035244, 10.694011392646365 ], [ 122.555245267044555, 10.692951160528221 ] ] ] ] } },
{ "type": "Feature", "properties": { "psgc": "0603022043", "admin_type": "Barangay", "region": "Region VI (Western Visayas)", "province": "Iloilo", "municity": "Iloilo City", "district": "City Proper", "barangay": "Mabolo-Delgado", "population": "1130" }, "geometry": { "type": "MultiPolygon", "coordinates": [ [ [ [ 122.556447257622523, 10.69669074134652 ], [ 122.557284955486267, 10.697502030589202 ], [ 122.557357870063527, 10.697548400440491 ], [ 122.557600794622232, 10.697632257459643 ], [ 122.557670573148172, 10.697667038953179 ], [ 122.557654995333564, 10.697690939856981 ], [ 122.55777090344462, 10.69783180326189 ], [ 122.557959837856089, 10.697639522774489 ], [ 122.558066924887314, 10.697699129936337 ], [ 122.557943153422499, 10.698060686217969 ], [ 122.558235966557319, 10.698114448210978 ], [ 122.55833303560388, 10.698161382916371 ], [ 122.55867863767898, 10.698494391837736 ], [ 122.558777586874527, 10.6981364585024 ], [ 122.55819860760289, 10.697655970355783 ], [ 122.55856319200673, 10.697308337164353 ], [ 122.558175147479133, 10.69685665474103 ], [ 122.557637593372206, 10.696455687133248 ], [ 122.557560732895197, 10.696368579190842 ], [ 122.557354175311545, 10.696558738885232 ], [ 122.557245372569625, 10.696552792758284 ], [ 122.556895229714513, 10.696221137999601 ], [ 122.556370790135233, 10.6966641630589 ], [ 122.556447257622523, 10.69669074134652 ] ] ] ] } },
{ "type": "Feature", "properties": { "psgc": "0603022186", "admin_type": "Barangay", "region": "Region VI (Western Visayas)", "province": "Iloilo", "municity": "Iloilo City", "district": "City Proper", "barangay": "Timawa Tanza II", "population": "1564" }, "geometry": { "type": "MultiPolygon", "coordinates": [ [ [ [ 122.555340423641894, 10.694684375038442 ], [ 122.555209395298078, 10.695169339109954 ], [ 122.555416650407153, 10.695386230312298 ], [ 122.555307421247264, 10.69548498885578 ], [ 122.555946260938143, 10.696389927418206 ], [ 122.555663086464108, 10.696583761151494 ], [ 122.556063711767521, 10.696631045136218 ], [ 122.556370790135233, 10.6966641630589 ], [ 122.556895229714513, 10.696221137999601 ], [ 122.557245372569625, 10.696552792758284 ], [ 122.557354175311545, 10.696558738885232 ], [ 122.557560732895197, 10.696368579190842 ], [ 122.557637593372206, 10.696455687133248 ], [ 122.55797241346697, 10.696185739045553 ], [ 122.557787027116987, 10.695987201239845 ], [ 122.558304012643546, 10.695672140745522 ], [ 122.558221440966278, 10.695530365245363 ], [ 122.558233818361984, 10.695519535360509 ], [ 122.558120971235766, 10.695344876754541 ], [ 122.558003508699571, 10.695155094057309 ], [ 122.557989681621564, 10.695162508292535 ], [ 122.557720764605421, 10.694848609248947 ], [ 122.558148331918858, 10.694527769287214 ], [ 122.557880622377013, 10.694185285806098 ], [ 122.557826059624645, 10.694105638054808 ], [ 122.557517597362335, 10.693703849788038 ], [ 122.557261083231566, 10.693780486168588 ], [ 122.557280343130998, 10.693840314328529 ], [ 122.557185945558345, 10.693890409972704 ], [ 122.557049884636825, 10.693602777561747 ], [ 122.556639866748355, 10.693695137676789 ], [ 122.556547464997223, 10.693709230421033 ], [ 122.556585611934636, 10.693861952807104 ], [ 122.555889165677755, 10.694461955423524 ], [ 122.55576057975918, 10.694315479955566 ], [ 122.555340423641894, 10.694684375038442 ] ] ] ] } },
{ "type": "Feature", "properties": { "psgc": "0603022185", "admin_type": "Barangay", "region": "Region VI (Western Visayas)", "province": "Iloilo", "municity": "Iloilo City", "district": "City Proper", "barangay": "Timawa Tanza I", "population": "461" }, "geometry": { "type": "MultiPolygon", "coordinates": [ [ [ [ 122.554829208064405, 10.696495705268049 ], [ 122.555663086464108, 10.696583761151494 ], [ 122.555946260938143, 10.696389927418206 ], [ 122.555307421247264, 10.69548498885578 ], [ 122.555416650407153, 10.695386230312298 ], [ 122.555209395298078, 10.695169339109954 ], [ 122.555340423641894, 10.694684375038442 ], [ 122.55576057975918, 10.694315479955566 ], [ 122.555889165677755, 10.694461955423524 ], [ 122.556585611934636, 10.693861952807104 ], [ 122.556547464997223, 10.693709230421033 ], [ 122.556480988804992, 10.693691495028158 ], [ 122.555534436427834, 10.692913717543998 ], [ 122.555315768437495, 10.692807025781381 ], [ 122.555245267044555, 10.692951160528221 ], [ 122.555101221035244, 10.694011392646365 ], [ 122.555057025444654, 10.694447143333036 ], [ 122.555032114240973, 10.694714359105983 ], [ 122.554897534341137, 10.695895860610126 ], [ 122.554829208064405, 10.696495705268049 ] ] ] ] } },
{ "type": "Feature", "properties": { "psgc": "0603022055", "admin_type": "Barangay", "region": "Region VI (Western Visayas)", "province": "Iloilo", "municity": "Iloilo City", "district": "City Proper", "barangay": "Tanza-Esperanza", "population": "1733" }, "geometry": { "type": "MultiPolygon", "coordinates": [ [ [ [ 122.557202837334003, 10.693560864504866 ], [ 122.557049884636825, 10.693602777561747 ], [ 122.557185945558345, 10.693890409972704 ], [ 122.557280343130998, 10.693840314328529 ], [ 122.557261083231566, 10.693780486168588 ], [ 122.557517597362335, 10.693703849788038 ], [ 122.557826059624645, 10.694105638054808 ], [ 122.557880622377013, 10.694185285806098 ], [ 122.558148331918858, 10.694527769287214 ], [ 122.557720764605421, 10.694848609248947 ], [ 122.557989681621564, 10.695162508292535 ], [ 122.558003508699571, 10.695155094057309 ], [ 122.558120971235766, 10.695344876754541 ], [ 122.558233818361984, 10.695519535360509 ], [ 122.558221440966278, 10.695530365245363 ], [ 122.558304012643546, 10.695672140745522 ], [ 122.558420863817659, 10.695603304304077 ], [ 122.558725510267664, 10.696134647190807 ], [ 122.558974374494454, 10.696321565112406 ], [ 122.559162325189888, 10.696213369031074 ], [ 122.559410078604444, 10.696642115740483 ], [ 122.559950543459763, 10.696374606171018 ], [ 122.559445761129894, 10.694916248464462 ], [ 122.559839569830984, 10.693618303978585 ], [ 122.558936649612008, 10.693357972641373 ], [ 122.558666975048936, 10.693279133815533 ], [ 122.558343603866973, 10.693325971009168 ], [ 122.557972778896044, 10.693406920499251 ], [ 122.557311793092367, 10.693535722178664 ], [ 122.557202837334003, 10.693560864504866 ] ] ] ] } },
{ "type": "Feature", "properties": { "psgc": "0603022104", "admin_type": "Barangay", "region": "Region VI (Western Visayas)", "province": "Iloilo", "municity": "Iloilo City", "district": "City Proper", "barangay": "Malipayon-Delgado", "population": "785" }, "geometry": { "type": "MultiPolygon", "coordinates": [ [ [ [ 122.559162325189888, 10.696213369031074 ], [ 122.558974374494454, 10.696321565112406 ], [ 122.558725510267664, 10.696134647190807 ], [ 122.558420863817659, 10.695603304304077 ], [ 122.558304012643546, 10.695672140745522 ], [ 122.557787027116987, 10.695987201239845 ], [ 122.55797241346697, 10.696185739045553 ], [ 122.557637593372206, 10.696455687133248 ], [ 122.558175147479133, 10.69685665474103 ], [ 122.560308721858036, 10.697069098674364 ], [ 122.559950543459763, 10.696374606171018 ], [ 122.559410078604444, 10.696642115740483 ], [ 122.559162325189888, 10.696213369031074 ] ] ] ] } },
{ "type": "Feature", "properties": { "psgc": "0603022116", "admin_type": "Barangay", "region": "Region VI (Western Visayas)", "province": "Iloilo", "municity": "Iloilo City", "district": "City Proper", "barangay": "Nonoy", "population": "404" }, "geometry": { "type": "MultiPolygon", "coordinates": [ [ [ [ 122.567894296215371, 10.692207772758346 ], [ 122.567648770943038, 10.692207264362438 ], [ 122.567516732397664, 10.692530345973683 ], [ 122.567443117154767, 10.692633688454698 ], [ 122.566864874724928, 10.692325186262117 ], [ 122.566321496618954, 10.692724550473729 ], [ 122.566313161888715, 10.693402354199877 ], [ 122.567886275611883, 10.693544986894128 ], [ 122.569042243003707, 10.693643420734535 ], [ 122.569045120410763, 10.693014712515563 ], [ 122.569244244842707, 10.693186755231919 ], [ 122.56965615302687, 10.693667220037574 ], [ 122.570194841945607, 10.694330692880996 ], [ 122.570523306913842, 10.694789044426754 ], [ 122.571017149576079, 10.693919428846625 ], [ 122.569681013046278, 10.692042112950132 ], [ 122.569061200701256, 10.691989467656613 ], [ 122.56885674477391, 10.691966276350884 ], [ 122.568701758135731, 10.692447095707641 ], [ 122.568210318862668, 10.692259578720023 ], [ 122.568127874565192, 10.692407767260121 ], [ 122.568072306916477, 10.69236702453704 ], [ 122.568088448342877, 10.692146323857891 ], [ 122.567895255752376, 10.692144188866539 ], [ 122.567894296215371, 10.692207772758346 ] ] ] ] } },
{ "type": "Feature", "properties": { "psgc": "0603022054", "admin_type": "Barangay", "region": "Region VI (Western Visayas)", "province": "Iloilo", "municity": "Iloilo City", "district": "City Proper", "barangay": "Edganzon", "population": "383" }, "geometry": { "type": "MultiPolygon", "coordinates": [ [ [ [ 122.566356742926629, 10.695637187743243 ], [ 122.565129241966943, 10.695260921195018 ], [ 122.565054367951845, 10.695517757663135 ], [ 122.565058102959682, 10.697209978463642 ], [ 122.565237199171833, 10.697209502031557 ], [ 122.565246705628468, 10.697716367336664 ], [ 122.566396373125585, 10.697860241374787 ], [ 122.566685058736866, 10.697865938108295 ], [ 122.567770935254131, 10.697838301791686 ], [ 122.569094041092981, 10.697804180580658 ], [ 122.569065891578944, 10.696616195811783 ], [ 122.569154583242806, 10.696470441711146 ], [ 122.569062044789916, 10.696453850906867 ], [ 122.567821659881048, 10.696096468741924 ], [ 122.566356742926629, 10.695637187743243 ] ] ] ] } },
{ "type": "Feature", "properties": { "psgc": "0603022102", "admin_type": "Barangay", "region": "Region VI (Western Visayas)", "province": "Iloilo", "municity": "Iloilo City", "district": "City Proper", "barangay": "Magsaysay", "population": "630" }, "geometry": { "type": "MultiPolygon", "coordinates": [ [ [ [ 122.567886275611883, 10.693544986894128 ], [ 122.567832623315354, 10.694809962669837 ], [ 122.567821659881048, 10.696096468741924 ], [ 122.569062044789916, 10.696453850906867 ], [ 122.569154583242806, 10.696470441711146 ], [ 122.569507274136299, 10.696065789155329 ], [ 122.570523306913842, 10.694789044426754 ], [ 122.570194841945607, 10.694330692880996 ], [ 122.56965615302687, 10.693667220037574 ], [ 122.569244244842707, 10.693186755231919 ], [ 122.569045120410763, 10.693014712515563 ], [ 122.569042243003707, 10.693643420734535 ], [ 122.567886275611883, 10.693544986894128 ] ] ] ] } },
{ "type": "Feature", "properties": { "psgc": "0603022042", "admin_type": "Barangay", "region": "Region VI (Western Visayas)", "province": "Iloilo", "municity": "Iloilo City", "district": "City Proper", "barangay": "Danao", "population": "305" }, "geometry": { "type": "MultiPolygon", "coordinates": [ [ [ [ 122.567770935254131, 10.697838301791686 ], [ 122.566685058736866, 10.697865938108295 ], [ 122.566687988021258, 10.699684312181395 ], [ 122.566402619623759, 10.699691686127208 ], [ 122.566407843426163, 10.701306949180234 ], [ 122.566474903042206, 10.701317190010135 ], [ 122.566123353106889, 10.703764960702228 ], [ 122.565736642366033, 10.704492198791479 ], [ 122.565832551325997, 10.70454801844223 ], [ 122.566132813637296, 10.704722772780562 ], [ 122.566346302448196, 10.704838653822057 ], [ 122.566632890279749, 10.705015347156195 ], [ 122.566944225534954, 10.705221262510529 ], [ 122.567016157383932, 10.705272733107893 ], [ 122.567077472227282, 10.705319518885226 ], [ 122.567116242168481, 10.705354631041205 ], [ 122.567277745863663, 10.705504297272876 ], [ 122.567383851693251, 10.705596678278317 ], [ 122.567492331648282, 10.70567972241243 ], [ 122.567642125953626, 10.705762823797018 ], [ 122.56784341953778, 10.705192320321908 ], [ 122.568180305745869, 10.702112455175183 ], [ 122.568319345828641, 10.701810859782491 ], [ 122.568550178737297, 10.701752769012579 ], [ 122.569091728225658, 10.701531769826454 ], [ 122.569088697136124, 10.701297651504349 ], [ 122.569107215527097, 10.700088126084577 ], [ 122.569105812056861, 10.699132477329364 ], [ 122.569094041092981, 10.697804180580658 ], [ 122.567770935254131, 10.697838301791686 ] ] ] ] } },
{ "type": "Feature", "properties": { "psgc": "0603022146", "admin_type": "Barangay", "region": "Region VI (Western Visayas)", "province": "Iloilo", "municity": "Iloilo City", "district": "City Proper", "barangay": "Sampaguita", "population": "410" }, "geometry": { "type": "MultiPolygon", "coordinates": [ [ [ [ 122.564782295488101, 10.697661006856622 ], [ 122.564822430795203, 10.699711161322877 ], [ 122.564833616410766, 10.701091348977243 ], [ 122.564632095139402, 10.70294104296803 ], [ 122.564416272537926, 10.703760036891618 ], [ 122.564547878337223, 10.70384953113987 ], [ 122.564807231148521, 10.703991184479275 ], [ 122.565287248224223, 10.704253399421802 ], [ 122.565736642366033, 10.704492198791479 ], [ 122.566123353106889, 10.703764960702228 ], [ 122.566474903042206, 10.701317190010135 ], [ 122.566407843426163, 10.701306949180234 ], [ 122.566402619623759, 10.699691686127208 ], [ 122.566687988021258, 10.699684312181395 ], [ 122.566685058736866, 10.697865938108295 ], [ 122.566396373125585, 10.697860241374787 ], [ 122.565246705628468, 10.697716367336664 ], [ 122.564782295488101, 10.697661006856622 ] ] ] ] } },
{ "type": "Feature", "properties": { "psgc": "0603022148", "admin_type": "Barangay", "region": "Region VI (Western Visayas)", "province": "Iloilo", "municity": "Iloilo City", "district": "City Proper", "barangay": "San Agustin", "population": "687" }, "geometry": { "type": "MultiPolygon", "coordinates": [ [ [ [ 122.561728458746586, 10.697245513713277 ], [ 122.561736416790524, 10.698922223068367 ], [ 122.561737682406005, 10.699476219240795 ], [ 122.561715493286059, 10.700611279445775 ], [ 122.56137293384721, 10.700543617498761 ], [ 122.561146624042706, 10.701430026919274 ], [ 122.561291368986701, 10.701477152680052 ], [ 122.561495388911325, 10.701561506143911 ], [ 122.561625151416237, 10.701617729280525 ], [ 122.56170291139675, 10.701659584051823 ], [ 122.561890501494602, 10.70176055541082 ], [ 122.562115829344009, 10.701889587263894 ], [ 122.562284367241404, 10.702006286651828 ], [ 122.562456438451221, 10.702157159498103 ], [ 122.562531876500046, 10.702231986317727 ], [ 122.56272048684427, 10.702408545670657 ], [ 122.562938480198952, 10.702615523399217 ], [ 122.563079950413837, 10.70273947827754 ], [ 122.563250908926008, 10.702878652093622 ], [ 122.563362504943385, 10.702965111601044 ], [ 122.563412444468739, 10.70300380244065 ], [ 122.563707137856213, 10.703229572740748 ], [ 122.564011361823702, 10.703452993693649 ], [ 122.564296696511775, 10.703678723007613 ], [ 122.564416272537926, 10.703760036891618 ], [ 122.564632095139402, 10.70294104296803 ], [ 122.564833616410766, 10.701091348977243 ], [ 122.564822430795203, 10.699711161322877 ], [ 122.564782295488101, 10.697661006856622 ], [ 122.563249848717277, 10.697438609357846 ], [ 122.562853865996203, 10.697394981942844 ], [ 122.561728458746586, 10.697245513713277 ] ] ] ] } },
{ "type": "Feature", "properties": { "psgc": "0603022189", "admin_type": "Barangay", "region": "Region VI (Western Visayas)", "province": "Iloilo", "municity": "Iloilo City", "district": "City Proper", "barangay": "Villa Anita", "population": "906" }, "geometry": { "type": "MultiPolygon", "coordinates": [ [ [ [ 122.561728458746586, 10.697245513713277 ], [ 122.560308721858036, 10.697069098674364 ], [ 122.558175147479133, 10.69685665474103 ], [ 122.55856319200673, 10.697308337164353 ], [ 122.55819860760289, 10.697655970355783 ], [ 122.558777586874527, 10.6981364585024 ], [ 122.55867863767898, 10.698494391837736 ], [ 122.558650227619466, 10.69873130782724 ], [ 122.558596037480115, 10.698929802144852 ], [ 122.558536194903809, 10.699307824215804 ], [ 122.558342707390167, 10.699281577954725 ], [ 122.558206016933113, 10.699805932754915 ], [ 122.557802615080334, 10.699762815668954 ], [ 122.557679480374787, 10.700148834499624 ], [ 122.558334821988112, 10.700206906153474 ], [ 122.559062410566312, 10.700268666078633 ], [ 122.55987364208724, 10.700338935292841 ], [ 122.561023979359561, 10.700488942281549 ], [ 122.56137293384721, 10.700543617498761 ], [ 122.561715493286059, 10.700611279445775 ], [ 122.561737682406005, 10.699476219240795 ], [ 122.561736416790524, 10.698922223068367 ], [ 122.561728458746586, 10.697245513713277 ] ] ] ] } },
{ "type": "Feature", "properties": { "psgc": "0603022150", "admin_type": "Barangay", "region": "Region VI (Western Visayas)", "province": "Iloilo", "municity": "Iloilo City", "district": "City Proper", "barangay": "San Felix", "population": "1033" }, "geometry": { "type": "MultiPolygon", "coordinates": [ [ [ [ 122.556063711767521, 10.696631045136218 ], [ 122.555896482202868, 10.698164746875824 ], [ 122.556940652953983, 10.698475136316533 ], [ 122.557593891126245, 10.698580306866637 ], [ 122.557530646760512, 10.698930643277489 ], [ 122.5572695842435, 10.699314970937504 ], [ 122.557455912549102, 10.699428798445226 ], [ 122.557179787883314, 10.700101242467117 ], [ 122.557679480374787, 10.700148834499624 ], [ 122.557802615080334, 10.699762815668954 ], [ 122.558206016933113, 10.699805932754915 ], [ 122.558342707390167, 10.699281577954725 ], [ 122.558536194903809, 10.699307824215804 ], [ 122.558596037480115, 10.698929802144852 ], [ 122.558650227619466, 10.69873130782724 ], [ 122.55867863767898, 10.698494391837736 ], [ 122.55833303560388, 10.698161382916371 ], [ 122.558235966557319, 10.698114448210978 ], [ 122.557943153422499, 10.698060686217969 ], [ 122.558066924887314, 10.697699129936337 ], [ 122.557959837856089, 10.697639522774489 ], [ 122.55777090344462, 10.69783180326189 ], [ 122.557654995333564, 10.697690939856981 ], [ 122.557670573148172, 10.697667038953179 ], [ 122.557600794622232, 10.697632257459643 ], [ 122.557357870063527, 10.697548400440491 ], [ 122.557284955486267, 10.697502030589202 ], [ 122.556447257622523, 10.69669074134652 ], [ 122.556370790135233, 10.6966641630589 ], [ 122.556063711767521, 10.696631045136218 ] ] ] ] } },
{ "type": "Feature", "properties": { "psgc": "0603022198", "admin_type": "Barangay", "region": "Region VI (Western Visayas)", "province": "Iloilo", "municity": "Iloilo City", "district": "La Paz", "barangay": "Luna (La Paz)", "population": "578" }, "geometry": { "type": "MultiPolygon", "coordinates": [ [ [ [ 122.560892970329448, 10.70303480277992 ], [ 122.561940398115524, 10.703722209656693 ], [ 122.562061910727977, 10.703869320513933 ], [ 122.562692949290863, 10.704534919935877 ], [ 122.563084807655031, 10.705002938680792 ], [ 122.563208124083999, 10.705380898513223 ], [ 122.563996329906104, 10.706644878770909 ], [ 122.564561041240196, 10.70746913524729 ], [ 122.565392786669676, 10.708144548975351 ], [ 122.566687688815648, 10.709124081895178 ], [ 122.567055813545394, 10.707713272056315 ], [ 122.567342049609337, 10.706573608409439 ], [ 122.567451432517686, 10.70629523810234 ], [ 122.567642125953626, 10.705762823797018 ], [ 122.567492331648282, 10.70567972241243 ], [ 122.567383851693251, 10.705596678278317 ], [ 122.567277745863663, 10.705504297272876 ], [ 122.567116242168481, 10.705354631041205 ], [ 122.567077472227282, 10.705319518885226 ], [ 122.567016157383932, 10.705272733107893 ], [ 122.566944225534954, 10.705221262510529 ], [ 122.566632890279749, 10.705015347156195 ], [ 122.566346302448196, 10.704838653822057 ], [ 122.566132813637296, 10.704722772780562 ], [ 122.565832551325997, 10.70454801844223 ], [ 122.565736642366033, 10.704492198791479 ], [ 122.565287248224223, 10.704253399421802 ], [ 122.564807231148521, 10.703991184479275 ], [ 122.564547878337223, 10.70384953113987 ], [ 122.564416272537926, 10.703760036891618 ], [ 122.564296696511775, 10.703678723007613 ], [ 122.564011361823702, 10.703452993693649 ], [ 122.563707137856213, 10.703229572740748 ], [ 122.563412444468739, 10.70300380244065 ], [ 122.563362504943385, 10.702965111601044 ], [ 122.563250908926008, 10.702878652093622 ], [ 122.563079950413837, 10.70273947827754 ], [ 122.562938480198952, 10.702615523399217 ], [ 122.56272048684427, 10.702408545670657 ], [ 122.562531876500046, 10.702231986317727 ], [ 122.562456438451221, 10.702157159498103 ], [ 122.562284367241404, 10.702006286651828 ], [ 122.562115829344009, 10.701889587263894 ], [ 122.561890501494602, 10.70176055541082 ], [ 122.56170291139675, 10.701659584051823 ], [ 122.561625151416237, 10.701617729280525 ], [ 122.561495388911325, 10.701561506143911 ], [ 122.561291368986701, 10.701477152680052 ], [ 122.561146624042706, 10.701430026919274 ], [ 122.560810336094818, 10.702712950444425 ], [ 122.560794099024832, 10.702872859550521 ], [ 122.560892970329448, 10.70303480277992 ] ] ] ] } },
{ "type": "Feature", "properties": { "psgc": "0603022015", "admin_type": "Barangay", "region": "Region VI (Western Visayas)", "province": "Iloilo", "municity": "Iloilo City", "district": "La Paz", "barangay": "Bantud", "population": "575" }, "geometry": { "type": "MultiPolygon", "coordinates": [ [ [ [ 122.563076162084556, 10.708528780332225 ], [ 122.5632464263835, 10.708654163191929 ], [ 122.563258310342079, 10.709032497767625 ], [ 122.563110949205466, 10.709387477932349 ], [ 122.563037268644308, 10.709730780706588 ], [ 122.563336744498045, 10.709915276605079 ], [ 122.563628423945175, 10.710260413182334 ], [ 122.56370039376057, 10.710251572631568 ], [ 122.564391249370743, 10.711038899685231 ], [ 122.564487112077188, 10.711230098514843 ], [ 122.565015249415779, 10.711722177755881 ], [ 122.56508739608249, 10.711773909974522 ], [ 122.56667532387921, 10.709256126424197 ], [ 122.566687688815648, 10.709124081895178 ], [ 122.565392786669676, 10.708144548975351 ], [ 122.564561041240196, 10.70746913524729 ], [ 122.563996329906104, 10.706644878770909 ], [ 122.56354414611377, 10.706943540663145 ], [ 122.563206807495646, 10.707140512453821 ], [ 122.562967664101762, 10.707542112979347 ], [ 122.562546351798886, 10.708260309260153 ], [ 122.562583687718075, 10.708290081081483 ], [ 122.563076162084556, 10.708528780332225 ] ] ] ] } },
{ "type": "Feature", "properties": { "psgc": "0603022114", "admin_type": "Barangay", "region": "Region VI (Western Visayas)", "province": "Iloilo", "municity": "Iloilo City", "district": "La Paz", "barangay": "Nabitasan", "population": "3574" }, "geometry": { "type": "MultiPolygon", "coordinates": [ [ [ [ 122.556281789935198, 10.709778876177383 ], [ 122.556349879654022, 10.709953961456154 ], [ 122.556446983105886, 10.710122728107542 ], [ 122.556628494811321, 10.710276295403462 ], [ 122.556810116459204, 10.71035585399942 ], [ 122.556980570469761, 10.710393012478242 ], [ 122.557164956751677, 10.710381426712448 ], [ 122.557350067395873, 10.710303773336296 ], [ 122.557542732033241, 10.710145462190146 ], [ 122.557721870986299, 10.710061286892579 ], [ 122.557890417054622, 10.709982088928506 ], [ 122.558086174613976, 10.709936253939585 ], [ 122.558113281800175, 10.709785421982211 ], [ 122.558098118291369, 10.709610998458409 ], [ 122.558071709677719, 10.709426915277055 ], [ 122.5580702460108, 10.709256873498045 ], [ 122.558151851187887, 10.70906719495936 ], [ 122.558257876906595, 10.70888710092372 ], [ 122.558374510215188, 10.708715236199206 ], [ 122.558625332365153, 10.708535354531664 ], [ 122.558830536467738, 10.708401584830931 ], [ 122.558830747157927, 10.708258853901476 ], [ 122.55876709618498, 10.708148317932176 ], [ 122.559027031921218, 10.707724786974506 ], [ 122.559136111944184, 10.707794096506738 ], [ 122.559537237936468, 10.707636084686104 ], [ 122.559675738771276, 10.707958751200316 ], [ 122.560068633589779, 10.707732754361068 ], [ 122.56089485559815, 10.708593081229303 ], [ 122.561591227556917, 10.709279402796005 ], [ 122.561674517391708, 10.70930298499041 ], [ 122.561871144443643, 10.709411334950532 ], [ 122.562546351798858, 10.708260309260185 ], [ 122.562967664101762, 10.707542112979347 ], [ 122.563206807495646, 10.707140512453821 ], [ 122.56354414611377, 10.706943540663145 ], [ 122.563996329906104, 10.706644878770909 ], [ 122.563208124083999, 10.705380898513223 ], [ 122.563084807655031, 10.705002938680792 ], [ 122.562692949290863, 10.704534919935877 ], [ 122.562061910727977, 10.703869320513933 ], [ 122.561940398115524, 10.703722209656693 ], [ 122.560892970329448, 10.70303480277992 ], [ 122.560794099024832, 10.702872859550521 ], [ 122.560810336094818, 10.702712950444425 ], [ 122.561146624042706, 10.701430026919274 ], [ 122.5609622175525, 10.701373991091385 ], [ 122.560765215212697, 10.70131412760535 ], [ 122.560425343525949, 10.701269283279823 ], [ 122.559955065335828, 10.701230817955382 ], [ 122.559697404022771, 10.701222733532683 ], [ 122.559531430190205, 10.70122249922621 ], [ 122.559362225303403, 10.701240275595179 ], [ 122.558976910145574, 10.701314366017636 ], [ 122.55883149423633, 10.701350951180292 ], [ 122.558607380761856, 10.70141394781036 ], [ 122.558334585772329, 10.701502200816728 ], [ 122.558107877001873, 10.701589252593239 ], [ 122.557897835436307, 10.701658599999123 ], [ 122.557699311247319, 10.701730496136447 ], [ 122.55737567305502, 10.701847841304831 ], [ 122.557082342016216, 10.701972785958116 ], [ 122.556997940705173, 10.702005589198521 ], [ 122.556874394931171, 10.702061129720784 ], [ 122.556737347679928, 10.702111585914981 ], [ 122.556620804516911, 10.702146875919004 ], [ 122.556538981773784, 10.702167019968408 ], [ 122.556430845261914, 10.702189659123432 ], [ 122.556353448385181, 10.70220094550757 ], [ 122.55625045078034, 10.702210929180563 ], [ 122.556131389644108, 10.702217091143108 ], [ 122.55595984324691, 10.702223178349049 ], [ 122.555796698034811, 10.702220413515711 ], [ 122.555610519744164, 10.702211284420283 ], [ 122.555442268797179, 10.702198381946982 ], [ 122.555256105305887, 10.702179122481317 ], [ 122.555130106004015, 10.702161214990083 ], [ 122.555042505011016, 10.702147161042957 ], [ 122.554883250129663, 10.70211021192484 ], [ 122.554713769055425, 10.70206311794877 ], [ 122.554595483879368, 10.702022428351675 ], [ 122.554520004447639, 10.701989397481061 ], [ 122.554417662710875, 10.701942399224997 ], [ 122.554392754727914, 10.702043726702943 ], [ 122.554374718279675, 10.702122209828426 ], [ 122.554363106504724, 10.702184240589178 ], [ 122.554356650378764, 10.70222221953866 ], [ 122.554351452183766, 10.702275395554253 ], [ 122.554346213294636, 10.702356429504743 ], [ 122.554343473620506, 10.702479254015175 ], [ 122.554348418418769, 10.70259955695912 ], [ 122.554358483739108, 10.702719867218187 ], [ 122.554364778811191, 10.702792155842131 ], [ 122.554374873735171, 10.702892205783829 ], [ 122.554395226359858, 10.70298087392835 ], [ 122.55441685172903, 10.70307460897928 ], [ 122.554437226568865, 10.703148081884223 ], [ 122.554457614363116, 10.703212690899752 ], [ 122.554477994768476, 10.703282364992953 ], [ 122.554506070772135, 10.703341919898048 ], [ 122.554531588369571, 10.703400204874329 ], [ 122.554576291185015, 10.703470015803235 ], [ 122.554628530784342, 10.703546107588576 ], [ 122.554712814433969, 10.703686784167617 ], [ 122.55479713512014, 10.703802135330903 ], [ 122.554886559780741, 10.703928890208964 ], [ 122.554987457707171, 10.704088584516835 ], [ 122.555096023628607, 10.704257153640366 ], [ 122.555185420755507, 10.704402963747761 ], [ 122.555269695657742, 10.704549971537327 ], [ 122.555327109882242, 10.704681745737865 ], [ 122.555355003176501, 10.704774305077111 ], [ 122.555376612335579, 10.704879436495608 ], [ 122.555400663660606, 10.705065612826681 ], [ 122.555415811241389, 10.705212522017719 ], [ 122.555433485805395, 10.705382288974242 ], [ 122.555441026385424, 10.705478536423293 ], [ 122.555446002993179, 10.705577312761212 ], [ 122.555444604729075, 10.705658352197606 ], [ 122.555441933554278, 10.705734426832873 ], [ 122.555432878421868, 10.705798993811916 ], [ 122.555418654720313, 10.705896476501469 ], [ 122.555403174861013, 10.705977495858409 ], [ 122.555383841638104, 10.706067373625499 ], [ 122.555367109216235, 10.706129458370762 ], [ 122.555340115410019, 10.706205396214695 ], [ 122.555310531758067, 10.706301590718157 ], [ 122.555288660349646, 10.706376269588734 ], [ 122.55524497280841, 10.70648770049668 ], [ 122.555217969703008, 10.706569969673794 ], [ 122.55519868809327, 10.706624391873957 ], [ 122.555183219212708, 10.706697813594936 ], [ 122.555165167865383, 10.706786426896638 ], [ 122.555156092316508, 10.706864922824892 ], [ 122.555148276591737, 10.706957349543806 ], [ 122.555143032240707, 10.707042182297558 ], [ 122.555142445219531, 10.70711822969783 ], [ 122.555154658423604, 10.707250168257373 ], [ 122.555169993186922, 10.707368305569455 ], [ 122.555189973368272, 10.707491051407928 ], [ 122.55522392335574, 10.707604613374436 ], [ 122.555268701477345, 10.707736598383271 ], [ 122.555330519537804, 10.707880879423465 ], [ 122.555381518473538, 10.708000601556728 ], [ 122.555420158732744, 10.708088092759311 ], [ 122.555478951540408, 10.708180214592513 ], [ 122.555567174354024, 10.708295387871285 ], [ 122.555655193675179, 10.708405159987823 ], [ 122.555831653036023, 10.708626302648858 ], [ 122.555888910994781, 10.708707684456897 ], [ 122.555969340333476, 10.708850457927236 ], [ 122.556025016384581, 10.708953312992385 ], [ 122.556068282284997, 10.709059218309063 ], [ 122.556130087573933, 10.709212702985459 ], [ 122.556165611127568, 10.709310927431961 ], [ 122.556174857368916, 10.709350823729809 ], [ 122.556207149813844, 10.709493331716999 ], [ 122.556240896973009, 10.709616327622863 ], [ 122.556281789935198, 10.709778876177383 ] ] ] ] } },
{ "type": "Feature", "properties": { "psgc": "0603022070", "admin_type": "Barangay", "region": "Region VI (Western Visayas)", "province": "Iloilo", "municity": "Iloilo City", "district": "City Proper", "barangay": "Inday", "population": "308" }, "geometry": { "type": "MultiPolygon", "coordinates": [ [ [ [ 122.553691827200879, 10.701652428672356 ], [ 122.553843804982449, 10.701681993125735 ], [ 122.553939769974008, 10.701712520904255 ], [ 122.553990947239015, 10.701731588167839 ], [ 122.554022928174433, 10.701746829161602 ], [ 122.55409583798351, 10.701786187837556 ], [ 122.554205847421713, 10.701842061061008 ], [ 122.554417662710875, 10.701942399224997 ], [ 122.554520004447639, 10.701989397481061 ], [ 122.554595483879368, 10.702022428351675 ], [ 122.554713769055425, 10.70206311794877 ], [ 122.554883250129663, 10.70211021192484 ], [ 122.555042505011016, 10.702147161042957 ], [ 122.555130106004015, 10.702161214990083 ], [ 122.555256105305887, 10.702179122481317 ], [ 122.555442268797179, 10.702198381946982 ], [ 122.555610519744164, 10.702211284420283 ], [ 122.555796698034811, 10.702220413515711 ], [ 122.55595984324691, 10.702223178349049 ], [ 122.556131389644108, 10.702217091143108 ], [ 122.55625045078034, 10.702210929180563 ], [ 122.556353448385181, 10.70220094550757 ], [ 122.556430845261914, 10.702189659123432 ], [ 122.556538981773784, 10.702167019968408 ], [ 122.556620804516911, 10.702146875919004 ], [ 122.556737347679928, 10.702111585914981 ], [ 122.556874394931171, 10.702061129720784 ], [ 122.556997940705173, 10.702005589198521 ], [ 122.557082342016216, 10.701972785958116 ], [ 122.55737567305502, 10.701847841304831 ], [ 122.557699311247319, 10.701730496136447 ], [ 122.557897835436307, 10.701658599999123 ], [ 122.558107877001873, 10.701589252593239 ], [ 122.558334585772329, 10.701502200816728 ], [ 122.558607380761856, 10.70141394781036 ], [ 122.55883149423633, 10.701350951180292 ], [ 122.558976910145574, 10.701314366017636 ], [ 122.559362225303403, 10.701240275595179 ], [ 122.559531430190205, 10.70122249922621 ], [ 122.559697404022771, 10.701222733532683 ], [ 122.559955065335828, 10.701230817955382 ], [ 122.560425343525949, 10.701269283279823 ], [ 122.560765215212697, 10.70131412760535 ], [ 122.561146624042706, 10.701430026919274 ], [ 122.56137293384721, 10.700543617498761 ], [ 122.561023979359561, 10.700488942281549 ], [ 122.55987364208724, 10.700338935292841 ], [ 122.559062410566312, 10.700268666078633 ], [ 122.558334821988112, 10.700206906153474 ], [ 122.557679480374787, 10.700148834499624 ], [ 122.557179787883314, 10.700101242467117 ], [ 122.557455912549102, 10.699428798445226 ], [ 122.5572695842435, 10.699314970937504 ], [ 122.557530646760512, 10.698930643277489 ], [ 122.557593891126245, 10.698580306866637 ], [ 122.556940652953983, 10.698475136316533 ], [ 122.555896482202868, 10.698164746875824 ], [ 122.556063711767521, 10.696631045136218 ], [ 122.555663086464108, 10.696583761151494 ], [ 122.554829208064405, 10.696495705268049 ], [ 122.554668989957847, 10.697838923748215 ], [ 122.554607292169706, 10.698356174944362 ], [ 122.554573774871997, 10.698678767805426 ], [ 122.554541911826888, 10.698821121351854 ], [ 122.554279486581166, 10.699471088382687 ], [ 122.554204372513396, 10.699724750586054 ], [ 122.553691827200879, 10.701652428672356 ] ] ] ] } },
{ "type": "Feature", "properties": { "psgc": "0603022193", "admin_type": "Barangay", "region": "Region VI (Western Visayas)", "province": "Iloilo", "municity": "Iloilo City", "district": "City Proper", "barangay": "Yulo-Arroyo", "population": "158" }, "geometry": { "type": "MultiPolygon", "coordinates": [ [ [ [ 122.569154583242806, 10.696470441711146 ], [ 122.569065891578944, 10.696616195811783 ], [ 122.569094041092981, 10.697804180580658 ], [ 122.569500752188702, 10.697802988906215 ], [ 122.570841076700148, 10.697899677323674 ], [ 122.571418503053621, 10.698007379928528 ], [ 122.571463330461739, 10.697803107120302 ], [ 122.571510976376416, 10.697582558451678 ], [ 122.571596360173729, 10.697170034797416 ], [ 122.570971802195743, 10.697031907196667 ], [ 122.570837986958793, 10.696995233241569 ], [ 122.570178139864126, 10.696270508212432 ], [ 122.569932089709525, 10.696445637303617 ], [ 122.569507274136299, 10.696065789155329 ], [ 122.569154583242806, 10.696470441711146 ] ] ] ] } },
{ "type": "Feature", "properties": { "psgc": "0603022007", "admin_type": "Barangay", "region": "Region VI (Western Visayas)", "province": "Iloilo", "municity": "Iloilo City", "district": "City Proper", "barangay": "Arsenal Aduana", "population": "177" }, "geometry": { "type": "MultiPolygon", "coordinates": [ [ [ [ 122.571017149576079, 10.693919428846625 ], [ 122.570523306913842, 10.694789044426754 ], [ 122.569507274136299, 10.696065789155329 ], [ 122.569932089709525, 10.696445637303617 ], [ 122.570178139864126, 10.696270508212432 ], [ 122.570837986958793, 10.696995233241569 ], [ 122.570971802195743, 10.697031907196667 ], [ 122.571596360173729, 10.697170034797416 ], [ 122.571648351008292, 10.696918845433085 ], [ 122.571703425932753, 10.696680237815972 ], [ 122.571751136036156, 10.69648788619088 ], [ 122.57177154517818, 10.696400017728811 ], [ 122.571824484870746, 10.696237218137506 ], [ 122.571890637019308, 10.696049680078355 ], [ 122.571950136245079, 10.695907737101175 ], [ 122.572012241743991, 10.69578664532966 ], [ 122.572104397667374, 10.695650523826913 ], [ 122.572145327307183, 10.695594551887227 ], [ 122.572198135188074, 10.695525566443367 ], [ 122.572256210502573, 10.695459194164236 ], [ 122.572315588966347, 10.695403247482576 ], [ 122.572384200970745, 10.695340798549221 ], [ 122.57244883954597, 10.69529267691464 ], [ 122.572521384759156, 10.695244566094791 ], [ 122.57260314708688, 10.695201679790692 ], [ 122.572698087152361, 10.69515881150512 ], [ 122.57279433220549, 10.695125065822248 ], [ 122.572928792735482, 10.695091372400533 ], [ 122.573039509588568, 10.695074585156716 ], [ 122.573104954061051, 10.695072513419309 ], [ 122.57263961570375, 10.69426575056286 ], [ 122.572066867133188, 10.69331344371008 ], [ 122.571719517542135, 10.693510208674667 ], [ 122.571017149576079, 10.693919428846625 ] ] ] ] } },
{ "type": "Feature", "properties": { "psgc": "0603022195", "admin_type": "Barangay", "region": "Region VI (Western Visayas)", "province": "Iloilo", "municity": "Iloilo City", "district": "City Proper", "barangay": "Zamora-Melliza", "population": "2777" }, "geometry": { "type": "MultiPolygon", "coordinates": [ [ [ [ 122.574458969050951, 10.692404420113457 ], [ 122.574086704948272, 10.692081772751271 ], [ 122.573869924219125, 10.691883533035289 ], [ 122.573850977378441, 10.691743932855893 ], [ 122.57295108991687, 10.692624472430373 ], [ 122.572872955109574, 10.692695271658621 ], [ 122.574165075083528, 10.693977391072645 ], [ 122.574826596872512, 10.694597278051296 ], [ 122.575768749060032, 10.695471552079164 ], [ 122.576398306005558, 10.696122793768588 ], [ 122.576489876631499, 10.696205279573347 ], [ 122.57704725689797, 10.695604906808747 ], [ 122.577340145082346, 10.69585833274988 ], [ 122.577782740171202, 10.695375858329292 ], [ 122.578058924221523, 10.695040079111809 ], [ 122.578763432342626, 10.694096502226913 ], [ 122.579067043909987, 10.693709390181773 ], [ 122.579200284781066, 10.693593962459971 ], [ 122.578955409951661, 10.693254241168022 ], [ 122.578480103943733, 10.692604420883676 ], [ 122.577749917235622, 10.691628507645291 ], [ 122.577349762405831, 10.691928053606853 ], [ 122.577024983203003, 10.691535615703947 ], [ 122.576881127285233, 10.69166811752911 ], [ 122.577035175203434, 10.691829525240189 ], [ 122.576604813115239, 10.692300701756645 ], [ 122.576476610916203, 10.692148393616534 ], [ 122.575423184851786, 10.693278159807042 ], [ 122.574985981250634, 10.692889519162643 ], [ 122.574458969050951, 10.692404420113457 ] ] ] ] } },
{ "type": "Feature", "properties": { "psgc": "0603022113", "admin_type": "Barangay", "region": "Region VI (Western Visayas)", "province": "Iloilo", "municity": "Iloilo City", "district": "City Proper", "barangay": "Muelle Loney-Montes", "population": "1109" }, "geometry": { "type": "MultiPolygon", "coordinates": [ [ [ [ 122.572872955109574, 10.692695271658621 ], [ 122.572537882049303, 10.692934116141839 ], [ 122.572066867133188, 10.69331344371008 ], [ 122.57263961570375, 10.69426575056286 ], [ 122.573104954061051, 10.695072513419309 ], [ 122.573118420017607, 10.69507208713368 ], [ 122.573214614002566, 10.695074824636544 ], [ 122.573321333808124, 10.695089303302412 ], [ 122.573422771598501, 10.695111592582354 ], [ 122.573507076496142, 10.69513516139761 ], [ 122.573596632494628, 10.695173070124532 ], [ 122.573691443247284, 10.695222712807631 ], [ 122.573755150145644, 10.69526970703099 ], [ 122.573845976705954, 10.695341494857663 ], [ 122.573955194006302, 10.695455003067039 ], [ 122.574057808348527, 10.695578643645764 ], [ 122.574174868873882, 10.695737766725021 ], [ 122.57424062334394, 10.695834276821561 ], [ 122.57430032118657, 10.695921375386957 ], [ 122.574360790081172, 10.696028302076433 ], [ 122.574450188434099, 10.696179569463148 ], [ 122.574522464795805, 10.696324298592513 ], [ 122.57462100971297, 10.69653160646817 ], [ 122.574685895811527, 10.69667836662682 ], [ 122.574758128833068, 10.696854367124384 ], [ 122.574763417947182, 10.696867837251393 ], [ 122.574834290273671, 10.697048332244416 ], [ 122.574886796603579, 10.697195640316458 ], [ 122.574928800810213, 10.697314127349156 ], [ 122.574966838792193, 10.697441871026729 ], [ 122.574982067962495, 10.697490546682134 ], [ 122.575589115577898, 10.697317772543254 ], [ 122.576314687813053, 10.69715237096916 ], [ 122.577263880692698, 10.69692112798038 ], [ 122.576489876631499, 10.696205279573347 ], [ 122.576398306005558, 10.696122793768588 ], [ 122.575768749060032, 10.695471552079164 ], [ 122.574826596872512, 10.694597278051296 ], [ 122.574165075083528, 10.693977391072645 ], [ 122.572872955109574, 10.692695271658621 ] ] ] ] } },
{ "type": "Feature", "properties": { "psgc": "0603022089", "admin_type": "Barangay", "region": "Region VI (Western Visayas)", "province": "Iloilo", "municity": "Iloilo City", "district": "City Proper", "barangay": "Legaspi dela Rama", "population": "635" }, "geometry": { "type": "MultiPolygon", "coordinates": [ [ [ [ 122.575589115577898, 10.697317772543254 ], [ 122.574982067962495, 10.697490546682134 ], [ 122.575024167052732, 10.697625104215948 ], [ 122.575073999895778, 10.697799771159733 ], [ 122.575115933315885, 10.697969215427012 ], [ 122.575173624816031, 10.698178508648258 ], [ 122.575226029935365, 10.698398783306999 ], [ 122.575250937789576, 10.698492349233792 ], [ 122.575299862085629, 10.698672110188673 ], [ 122.575353294612313, 10.698798365940148 ], [ 122.57540736834909, 10.698945177803097 ], [ 122.575465970274863, 10.699088416836172 ], [ 122.575537202265949, 10.69925672591757 ], [ 122.575594929537374, 10.699378489844387 ], [ 122.575629458409054, 10.699459263498934 ], [ 122.575682635215657, 10.699600705623887 ], [ 122.575747526289959, 10.699775269255776 ], [ 122.575790778339112, 10.699897908210517 ], [ 122.575835853094048, 10.700010907023048 ], [ 122.575875546357707, 10.700090593341271 ], [ 122.575906223130033, 10.700148793504813 ], [ 122.575943246039543, 10.700197160090312 ], [ 122.575955221368915, 10.700207578740759 ], [ 122.575994748104264, 10.700241967368054 ], [ 122.57603631410737, 10.700276024188449 ], [ 122.576100607422518, 10.700325322559824 ], [ 122.576178335279195, 10.700376428660904 ], [ 122.57623373285071, 10.700412725043556 ], [ 122.576309665145402, 10.700453986472791 ], [ 122.576367527090596, 10.700479117926044 ], [ 122.576409118009124, 10.700495279820835 ], [ 122.576499782466911, 10.700532084306833 ], [ 122.576577600454357, 10.700562602313061 ], [ 122.576691927009819, 10.700606475256173 ], [ 122.57676783574415, 10.700627486757083 ], [ 122.576852389035608, 10.700653261899557 ], [ 122.576911003427682, 10.700668547587073 ], [ 122.576946558669007, 10.700676198899673 ], [ 122.577090677001195, 10.700702054747898 ], [ 122.577299262904901, 10.700704238215135 ], [ 122.577501894934343, 10.70065034065102 ], [ 122.577696167476816, 10.700576473510555 ], [ 122.577863548959726, 10.700485462894049 ], [ 122.578024238486847, 10.700367832295992 ], [ 122.578165703167727, 10.700250175616041 ], [ 122.578281171984557, 10.700140208096359 ], [ 122.57840345322974, 10.699992502167801 ], [ 122.578531563993536, 10.699799746681252 ], [ 122.578632794152256, 10.699582244766328 ], [ 122.57888965040361, 10.699029875089529 ], [ 122.579072329970955, 10.698644370936728 ], [ 122.578526328092522, 10.698138507737864 ], [ 122.577263880692698, 10.69692112798038 ], [ 122.576314687813053, 10.69715237096916 ], [ 122.575589115577898, 10.697317772543254 ] ] ] ] } },
{ "type": "Feature", "properties": { "psgc": "0603022020", "admin_type": "Barangay", "region": "Region VI (Western Visayas)", "province": "Iloilo", "municity": "Iloilo City", "district": "City Proper", "barangay": "Monica Blumentritt", "population": "1380" }, "geometry": { "type": "MultiPolygon", "coordinates": [ [ [ [ 122.577782740171202, 10.695375858329292 ], [ 122.577340145082346, 10.69585833274988 ], [ 122.57704725689797, 10.695604906808747 ], [ 122.576489876631499, 10.696205279573347 ], [ 122.577263880692698, 10.69692112798038 ], [ 122.578526328092522, 10.698138507737864 ], [ 122.579072329970955, 10.698644370936728 ], [ 122.579546277320745, 10.697726125982996 ], [ 122.579728290561846, 10.697388658704922 ], [ 122.57986150927718, 10.697098703003107 ], [ 122.579117562988685, 10.696500297179623 ], [ 122.578984069529582, 10.696402093365982 ], [ 122.577782740171202, 10.695375858329292 ] ] ] ] } },
{ "type": "Feature", "properties": { "psgc": "0603022131", "admin_type": "Barangay", "region": "Region VI (Western Visayas)", "province": "Iloilo", "municity": "Iloilo City", "district": "City Proper", "barangay": "President Roxas", "population": "179" }, "geometry": { "type": "MultiPolygon", "coordinates": [ [ [ [ 122.569107215527097, 10.700088126084577 ], [ 122.569088697136124, 10.701297651504349 ], [ 122.569091728225658, 10.701531769826454 ], [ 122.568550178737297, 10.701752769012579 ], [ 122.568319345828641, 10.701810859782491 ], [ 122.568180305745869, 10.702112455175183 ], [ 122.56784341953778, 10.705192320321908 ], [ 122.567642125953626, 10.705762823797018 ], [ 122.567704654498201, 10.705786260814191 ], [ 122.567770732551125, 10.705803865157803 ], [ 122.567847430980805, 10.705823819239036 ], [ 122.567939483003457, 10.705837956994353 ], [ 122.568028005384605, 10.705843917218944 ], [ 122.568066962178122, 10.705841636150893 ], [ 122.568109097441365, 10.705833278878494 ], [ 122.568156375597098, 10.705816208484451 ], [ 122.56818948640344, 10.705792887238157 ], [ 122.568239934655168, 10.705761800961112 ], [ 122.568307720343284, 10.705722949644516 ], [ 122.568370771809072, 10.705690322986104 ], [ 122.568405448897337, 10.705673235110297 ], [ 122.568498536408555, 10.705602499123978 ], [ 122.568801458036489, 10.705426522567707 ], [ 122.568928432373681, 10.705382449150534 ], [ 122.569001106129036, 10.705361600995843 ], [ 122.569088914072012, 10.705340773737214 ], [ 122.569163593019084, 10.705328906289523 ], [ 122.56923322863787, 10.705316034304255 ], [ 122.569293787960063, 10.705300157109006 ], [ 122.569327310216153, 10.705287358719962 ], [ 122.569343253092498, 10.705281271922297 ], [ 122.569394744561336, 10.705256404208809 ], [ 122.569453316950558, 10.7052185780764 ], [ 122.5695149246108, 10.705174770805522 ], [ 122.569594219470474, 10.705103561045295 ], [ 122.569656864181795, 10.70503980411892 ], [ 122.56970133237094, 10.704986995180091 ], [ 122.569747847984203, 10.704913240448862 ], [ 122.569771131108666, 10.704858407163538 ], [ 122.569818769862323, 10.704703655001019 ], [ 122.569848219300312, 10.70456892739014 ], [ 122.569861455140398, 10.70448415364976 ], [ 122.569880818193084, 10.704347219829947 ], [ 122.569894121664859, 10.704214465046888 ], [ 122.569895320627012, 10.704079698462753 ], [ 122.569894484823834, 10.703956899706576 ], [ 122.569890626414164, 10.703831104122235 ], [ 122.569885763283906, 10.703702314492492 ], [ 122.569886966597124, 10.703564456658736 ], [ 122.569889133701849, 10.703458620440356 ], [ 122.569896346909843, 10.703351793626906 ], [ 122.569906578492109, 10.703250956292505 ], [ 122.569916825535728, 10.703139145895269 ], [ 122.569935201876206, 10.702986348440117 ], [ 122.569950482339422, 10.702882525403457 ], [ 122.569970828572579, 10.702763746053829 ], [ 122.569993198287435, 10.702640979278852 ], [ 122.570047571307867, 10.70235516250612 ], [ 122.570096298259088, 10.702143748416365 ], [ 122.570130797444307, 10.702005136082764 ], [ 122.570170368666894, 10.701847084260597 ], [ 122.570206850519696, 10.701733413473409 ], [ 122.570238234280055, 10.701657642675363 ], [ 122.570263553179245, 10.701589843943324 ], [ 122.570332405546296, 10.701416068762558 ], [ 122.570409337584067, 10.701236417961825 ], [ 122.570499439006866, 10.701018878246972 ], [ 122.570616373099782, 10.700727359307646 ], [ 122.570656343464577, 10.700638139118617 ], [ 122.570736297404906, 10.700461682217515 ], [ 122.570781852219412, 10.700353011589167 ], [ 122.570816265279404, 10.700275249776789 ], [ 122.570852443199911, 10.700200253110568 ], [ 122.570864835601583, 10.700174563707639 ], [ 122.570908344412402, 10.700085841307427 ], [ 122.570940722287034, 10.700020354724177 ], [ 122.570973101247191, 10.699950274741651 ], [ 122.571012557450643, 10.699873517390392 ], [ 122.571024703857304, 10.699845602598096 ], [ 122.571050009798569, 10.699786781744571 ], [ 122.571070261274244, 10.699734936812998 ], [ 122.571090514144799, 10.699682094328271 ], [ 122.57110775003818, 10.699622264820928 ], [ 122.571131117994284, 10.699506580752574 ], [ 122.571152458264478, 10.699397876767572 ], [ 122.571174832675013, 10.699271218240114 ], [ 122.571192138606321, 10.699161511151376 ], [ 122.571229761355951, 10.698953381598367 ], [ 122.571242992304747, 10.698871600399352 ], [ 122.571254215620513, 10.69878253778883 ], [ 122.571311948250681, 10.698492935401211 ], [ 122.571418503053621, 10.698007379928528 ], [ 122.570841076700148, 10.697899677323674 ], [ 122.569500752188702, 10.697802988906215 ], [ 122.569094041092981, 10.697804180580658 ], [ 122.569105812056861, 10.699132477329364 ], [ 122.569107215527097, 10.700088126084577 ] ] ] ] } },
{ "type": "Feature", "properties": { "psgc": "0603022092", "admin_type": "Barangay", "region": "Region VI (Western Visayas)", "province": "Iloilo", "municity": "Iloilo City", "district": "Lapuz", "barangay": "Libertad-Lapuz", "population": "780" }, "geometry": { "type": "MultiPolygon", "coordinates": [ [ [ [ 122.573585916796787, 10.699481274758469 ], [ 122.57380497476008, 10.699722054683892 ], [ 122.573708295530665, 10.70004967381241 ], [ 122.573654300771366, 10.700223353413101 ], [ 122.573564637456215, 10.700406839056441 ], [ 122.573506711425054, 10.70060318011563 ], [ 122.573434994507338, 10.700775624974373 ], [ 122.573419609620728, 10.700916736767784 ], [ 122.573417193104362, 10.701015612840376 ], [ 122.573360954975399, 10.701130672679382 ], [ 122.5732611465519, 10.701327044001498 ], [ 122.573129543890744, 10.701506214512213 ], [ 122.573056568981499, 10.701807585875562 ], [ 122.574010742124742, 10.701793835905715 ], [ 122.575346860825448, 10.701774577056231 ], [ 122.575296396299919, 10.70145216024059 ], [ 122.57527554386526, 10.700722825173175 ], [ 122.575955221368915, 10.700207578740759 ], [ 122.575943246039543, 10.700197160090312 ], [ 122.575906223130033, 10.700148793504813 ], [ 122.575875546357707, 10.700090593341271 ], [ 122.575835853094048, 10.700010907023048 ], [ 122.575790778339112, 10.699897908210517 ], [ 122.575747526289959, 10.699775269255776 ], [ 122.575682635215657, 10.699600705623887 ], [ 122.575629458409054, 10.699459263498934 ], [ 122.575594929537374, 10.699378489844387 ], [ 122.575537202265949, 10.69925672591757 ], [ 122.575465970274863, 10.699088416836172 ], [ 122.57540736834909, 10.698945177803097 ], [ 122.575353294612313, 10.698798365940148 ], [ 122.575299862085629, 10.698672110188673 ], [ 122.575250937789576, 10.698492349233792 ], [ 122.575226029935365, 10.698398783306999 ], [ 122.575173624816031, 10.698178508648258 ], [ 122.575115933315885, 10.697969215427012 ], [ 122.575073999895778, 10.697799771159733 ], [ 122.575024167052732, 10.697625104215948 ], [ 122.574982067962495, 10.697490546682134 ], [ 122.574966838792193, 10.697441871026729 ], [ 122.574928800810213, 10.697314127349156 ], [ 122.574886796603579, 10.697195640316458 ], [ 122.574383190481242, 10.697428256125871 ], [ 122.574139473735386, 10.697544542670139 ], [ 122.573899368962415, 10.697714610551397 ], [ 122.573695298456911, 10.697919254680549 ], [ 122.573630931463725, 10.69807775554667 ], [ 122.573857485456301, 10.698200349996842 ], [ 122.573934658664299, 10.698738973513507 ], [ 122.573651014956084, 10.698987036616984 ], [ 122.573632194041465, 10.699324058635277 ], [ 122.573585916796787, 10.699481274758469 ] ] ] ] } },
{ "type": "Feature", "properties": { "psgc": "0603022132", "admin_type": "Barangay", "region": "Region VI (Western Visayas)", "province": "Iloilo", "municity": "Iloilo City", "district": "Lapuz", "barangay": "Progreso-Lapuz", "population": "1310" }, "geometry": { "type": "MultiPolygon", "coordinates": [ [ [ [ 122.573857485456301, 10.698200349996842 ], [ 122.573630931463725, 10.69807775554667 ], [ 122.573695298456911, 10.697919254680549 ], [ 122.573899368962415, 10.697714610551397 ], [ 122.574139473735386, 10.697544542670139 ], [ 122.574383190481242, 10.697428256125871 ], [ 122.574886796603579, 10.697195640316458 ], [ 122.574834290273671, 10.697048332244416 ], [ 122.574758128833068, 10.696854367124384 ], [ 122.574685895811527, 10.69667836662682 ], [ 122.57462100971297, 10.69653160646817 ], [ 122.574522464795805, 10.696324298592513 ], [ 122.574450188434099, 10.696179569463148 ], [ 122.574360790081172, 10.696028302076433 ], [ 122.57430032118657, 10.695921375386957 ], [ 122.57424062334394, 10.695834276821561 ], [ 122.574174868873882, 10.695737766725021 ], [ 122.574057808348527, 10.695578643645764 ], [ 122.573955194006302, 10.695455003067039 ], [ 122.573845976705954, 10.695341494857663 ], [ 122.573755150145644, 10.69526970703099 ], [ 122.573691443247284, 10.695222712807631 ], [ 122.573596632494628, 10.695173070124532 ], [ 122.573507076496142, 10.69513516139761 ], [ 122.573422771598501, 10.695111592582354 ], [ 122.573321333808124, 10.695089303302412 ], [ 122.573214614002566, 10.695074824636544 ], [ 122.573118420017607, 10.69507208713368 ], [ 122.573104954061051, 10.695072513419309 ], [ 122.573039509588568, 10.695074585156716 ], [ 122.572928792735482, 10.695091372400533 ], [ 122.57279433220549, 10.695125065822248 ], [ 122.572698087152361, 10.69515881150512 ], [ 122.57260314708688, 10.695201679790692 ], [ 122.572521384759156, 10.695244566094791 ], [ 122.57244883954597, 10.69529267691464 ], [ 122.572384200970745, 10.695340798549221 ], [ 122.572315588966347, 10.695403247482576 ], [ 122.572256210502573, 10.695459194164236 ], [ 122.572198135188074, 10.695525566443367 ], [ 122.572145327307183, 10.695594551887227 ], [ 122.572104397667374, 10.695650523826913 ], [ 122.572012241743991, 10.69578664532966 ], [ 122.571950136245079, 10.695907737101175 ], [ 122.571890637019308, 10.696049680078355 ], [ 122.571824484870746, 10.696237218137506 ], [ 122.57177154517818, 10.696400017728811 ], [ 122.571751136036156, 10.69648788619088 ], [ 122.571703425932753, 10.696680237815972 ], [ 122.571648351008292, 10.696918845433085 ], [ 122.571596360173729, 10.697170034797416 ], [ 122.571510976376416, 10.697582558451678 ], [ 122.571463330461739, 10.697803107120302 ], [ 122.571418503053621, 10.698007379928528 ], [ 122.571311948250681, 10.698492935401211 ], [ 122.571254215620513, 10.69878253778883 ], [ 122.571242992304747, 10.698871600399352 ], [ 122.571229761355951, 10.698953381598367 ], [ 122.571192138606321, 10.699161511151376 ], [ 122.571174832675013, 10.699271218240114 ], [ 122.571152458264478, 10.699397876767572 ], [ 122.571131117994284, 10.699506580752574 ], [ 122.57110775003818, 10.699622264820928 ], [ 122.571090514144799, 10.699682094328271 ], [ 122.571070261274244, 10.699734936812998 ], [ 122.571050009798569, 10.699786781744571 ], [ 122.571024703857304, 10.699845602598096 ], [ 122.571012557450643, 10.699873517390392 ], [ 122.570973101247191, 10.699950274741651 ], [ 122.570940722287034, 10.700020354724177 ], [ 122.570908344412402, 10.700085841307427 ], [ 122.570864835601583, 10.700174563707639 ], [ 122.570852443199911, 10.700200253110568 ], [ 122.570816265279404, 10.700275249776789 ], [ 122.570781852219412, 10.700353011589167 ], [ 122.570736297404906, 10.700461682217515 ], [ 122.570656343464577, 10.700638139118617 ], [ 122.571266826340121, 10.701042735786434 ], [ 122.572366922832629, 10.701742075896492 ], [ 122.572432179600156, 10.701804362772792 ], [ 122.573056568981499, 10.701807585875562 ], [ 122.573129543890744, 10.701506214512213 ], [ 122.5732611465519, 10.701327044001498 ], [ 122.573360954975399, 10.701130672679382 ], [ 122.573417193104362, 10.701015612840376 ], [ 122.573419609620728, 10.700916736767784 ], [ 122.573434994507338, 10.700775624974373 ], [ 122.573506711425054, 10.70060318011563 ], [ 122.573564637456215, 10.700406839056441 ], [ 122.573654300771366, 10.700223353413101 ], [ 122.573708295530665, 10.70004967381241 ], [ 122.57380497476008, 10.699722054683892 ], [ 122.573585916796787, 10.699481274758469 ], [ 122.573632194041465, 10.699324058635277 ], [ 122.573651014956084, 10.698987036616984 ], [ 122.573934658664299, 10.698738973513507 ], [ 122.573857485456301, 10.698200349996842 ] ] ] ] } },
{ "type": "Feature", "properties": { "psgc": "0603022073", "admin_type": "Barangay", "region": "Region VI (Western Visayas)", "province": "Iloilo", "municity": "Iloilo City", "district": "Lapuz", "barangay": "Jalandoni Estate-Lapuz", "population": "1847" }, "geometry": { "type": "MultiPolygon", "coordinates": [ [ [ [ 122.573676890379474, 10.705385396894751 ], [ 122.57533198918108, 10.703900643065007 ], [ 122.575459925325717, 10.703851292278769 ], [ 122.576741791443069, 10.702760870042702 ], [ 122.577106131986852, 10.702581065310977 ], [ 122.577096412911999, 10.702386319745104 ], [ 122.576922988127734, 10.702216261581745 ], [ 122.576926495292525, 10.701626837753242 ], [ 122.576923279440123, 10.700670528755497 ], [ 122.576852389035608, 10.700653261899557 ], [ 122.57676783574415, 10.700627486757083 ], [ 122.576691927009819, 10.700606475256173 ], [ 122.576577600454357, 10.700562602313061 ], [ 122.576499782466911, 10.700532084306833 ], [ 122.576409118009124, 10.700495279820835 ], [ 122.576367527090596, 10.700479117926044 ], [ 122.576309665145402, 10.700453986472791 ], [ 122.57623373285071, 10.700412725043556 ], [ 122.576178335279195, 10.700376428660904 ], [ 122.576100607422518, 10.700325322559824 ], [ 122.576096811176726, 10.700322411702228 ], [ 122.57603631410737, 10.700276024188449 ], [ 122.575994748104264, 10.700241967368054 ], [ 122.575955221368915, 10.700207578740759 ], [ 122.57527554386526, 10.700722825173175 ], [ 122.575296396299919, 10.70145216024059 ], [ 122.575346860825448, 10.701774577056231 ], [ 122.574010742124742, 10.701793835905715 ], [ 122.574018909281264, 10.703197124867712 ], [ 122.572921108160628, 10.704046312472705 ], [ 122.572780899959554, 10.704179646094587 ], [ 122.573160314195789, 10.704674546237509 ], [ 122.573435813849144, 10.705002229272051 ], [ 122.57349151183692, 10.70506788298094 ], [ 122.573676890379474, 10.705385396894751 ] ] ] ] } },
{ "type": "Feature", "properties": { "psgc": "0603022088", "admin_type": "Barangay", "region": "Region VI (Western Visayas)", "province": "Iloilo", "municity": "Iloilo City", "district": "Lapuz", "barangay": "Lapuz Sur", "population": "1468" }, "geometry": { "type": "MultiPolygon", "coordinates": [ [ [ [ 122.570277656864221, 10.70603460821814 ], [ 122.570640205335863, 10.706444087784773 ], [ 122.570728732160191, 10.706452738037477 ], [ 122.570712542675125, 10.706514989690666 ], [ 122.570853251876756, 10.70655493605811 ], [ 122.57083445723552, 10.706625550346336 ], [ 122.571065006108498, 10.706679264902828 ], [ 122.571246443737067, 10.706674188676242 ], [ 122.571333916451636, 10.706758921009182 ], [ 122.571400356797952, 10.706633550618239 ], [ 122.571649670061547, 10.706395079632443 ], [ 122.571682449905936, 10.70642856800321 ], [ 122.571740771085373, 10.706214861828125 ], [ 122.571845997658755, 10.706236974118861 ], [ 122.571900441408843, 10.706089732040873 ], [ 122.571430498986558, 10.705651022950219 ], [ 122.571802509475916, 10.705289429597299 ], [ 122.571685116005014, 10.705149176699765 ], [ 122.57169866088789, 10.705000160166694 ], [ 122.571890169392248, 10.704160419479713 ], [ 122.571924968998431, 10.704148474695767 ], [ 122.571986052202618, 10.704028891918981 ], [ 122.571984932959012, 10.703702465653327 ], [ 122.571984167110585, 10.703479108655127 ], [ 122.572358729538095, 10.703199456505949 ], [ 122.57247100813197, 10.703178468238029 ], [ 122.572649546902923, 10.70301881851867 ], [ 122.572885081072712, 10.702670978902825 ], [ 122.573098513421726, 10.702471561238866 ], [ 122.573007436286474, 10.70237469089963 ], [ 122.573056568981499, 10.701807585875562 ], [ 122.572432179600156, 10.701804362772792 ], [ 122.572366922832629, 10.701742075896492 ], [ 122.571266826340121, 10.701042735786434 ], [ 122.570656343464577, 10.700638139118617 ], [ 122.570616373099782, 10.700727359307646 ], [ 122.570579572250423, 10.700819104600756 ], [ 122.570499439006866, 10.701018878246972 ], [ 122.570409337584067, 10.701236417961825 ], [ 122.570332405546296, 10.701416068762558 ], [ 122.570263553179245, 10.701589843943324 ], [ 122.570238234280055, 10.701657642675363 ], [ 122.570206850519696, 10.701733413473409 ], [ 122.570170368666894, 10.701847084260597 ], [ 122.570130797444307, 10.702005136082764 ], [ 122.570096298259088, 10.702143748416365 ], [ 122.570047571307867, 10.70235516250612 ], [ 122.569993198287435, 10.702640979278852 ], [ 122.569970828572579, 10.702763746053829 ], [ 122.569950482339422, 10.702882525403457 ], [ 122.569935201876206, 10.702986348440117 ], [ 122.569916825535728, 10.703139145895269 ], [ 122.569906578492109, 10.703250956292505 ], [ 122.569896346909843, 10.703351793626906 ], [ 122.569889133701849, 10.703458620440356 ], [ 122.569886966597124, 10.703564456658736 ], [ 122.569885763283906, 10.703702314492492 ], [ 122.569890626414164, 10.703831104122235 ], [ 122.569894484823834, 10.703956899706576 ], [ 122.569895320627012, 10.704079698462753 ], [ 122.569894121664859, 10.704214465046888 ], [ 122.569880818193084, 10.704347219829947 ], [ 122.569861455140398, 10.70448415364976 ], [ 122.569848219300312, 10.70456892739014 ], [ 122.569818769862323, 10.704703655001019 ], [ 122.569771131108666, 10.704858407163538 ], [ 122.569747847984203, 10.704913240448862 ], [ 122.56970133237094, 10.704986995180091 ], [ 122.569656864181795, 10.70503980411892 ], [ 122.569592843687474, 10.705099736083262 ], [ 122.570148630377048, 10.705829193866713 ], [ 122.570277656864221, 10.70603460821814 ] ] ] ] } },
{ "type": "Feature", "properties": { "psgc": "0603022133", "admin_type": "Barangay", "region": "Region VI (Western Visayas)", "province": "Iloilo", "municity": "Iloilo City", "district": "Lapuz", "barangay": "Punong-Lapuz", "population": "1514" }, "geometry": { "type": "MultiPolygon", "coordinates": [ [ [ [ 122.571984167110585, 10.703479108655127 ], [ 122.571984932959012, 10.703702465653327 ], [ 122.572340920897119, 10.703986021819174 ], [ 122.572458992509709, 10.704109028373619 ], [ 122.572572931550937, 10.704233845928771 ], [ 122.572700208871865, 10.704172263257464 ], [ 122.572780899959554, 10.704179646094587 ], [ 122.572921108160628, 10.704046312472705 ], [ 122.574018909281264, 10.703197124867712 ], [ 122.574010742124742, 10.701793835905715 ], [ 122.573056568981499, 10.701807585875562 ], [ 122.573007436286474, 10.70237469089963 ], [ 122.573098513421726, 10.702471561238866 ], [ 122.572885081072712, 10.702670978902825 ], [ 122.572649546902923, 10.70301881851867 ], [ 122.57247100813197, 10.703178468238029 ], [ 122.572358729538095, 10.703199456505949 ], [ 122.571984167110585, 10.703479108655127 ] ] ] ] } },
{ "type": "Feature", "properties": { "psgc": "0603022021", "admin_type": "Barangay", "region": "Region VI (Western Visayas)", "province": "Iloilo", "municity": "Iloilo City", "district": "Mandurriao", "barangay": "Bolilao", "population": "6365" }, "geometry": { "type": "MultiPolygon", "coordinates": [ [ [ [ 122.552868242561928, 10.716130164908328 ], [ 122.552880909912801, 10.716307000646532 ], [ 122.554324838835328, 10.715417933468357 ], [ 122.554688923910604, 10.715914032960596 ], [ 122.554879088240995, 10.716078709605148 ], [ 122.554886679599136, 10.716157694564204 ], [ 122.554988868471384, 10.716331057904144 ], [ 122.555218955833681, 10.71617280297596 ], [ 122.555534207060049, 10.716257843329968 ], [ 122.555652552421932, 10.71575581349922 ], [ 122.555744068428922, 10.715631594545007 ], [ 122.555696030910354, 10.71558394762854 ], [ 122.555613755441243, 10.715408250292848 ], [ 122.555585222635216, 10.715215368728481 ], [ 122.555618349347256, 10.715029004015458 ], [ 122.555697762022803, 10.714855276483309 ], [ 122.555790400961669, 10.714685254107263 ], [ 122.555892625727438, 10.714600478842726 ], [ 122.556062449437533, 10.714497585267059 ], [ 122.556261265091251, 10.714419960054093 ], [ 122.556432782033582, 10.714384061500429 ], [ 122.556685469355358, 10.714335244737294 ], [ 122.556800400550813, 10.714303324367268 ], [ 122.556914442391516, 10.714271116602868 ], [ 122.556997600973048, 10.714221910804039 ], [ 122.557094130211681, 10.714113059200836 ], [ 122.557168267310288, 10.713951084225352 ], [ 122.557223897596984, 10.713760796221237 ], [ 122.557245012865835, 10.713591680462546 ], [ 122.557212541749578, 10.713396060823914 ], [ 122.557206781617552, 10.713211052581102 ], [ 122.557266958287201, 10.713047760320061 ], [ 122.557386127213903, 10.712864635484165 ], [ 122.557528166543293, 10.712762179433714 ], [ 122.557713930162535, 10.712687021416919 ], [ 122.557882559854392, 10.712641901977856 ], [ 122.558085702527322, 10.712605045361014 ], [ 122.558279364687948, 10.712571568293479 ], [ 122.558459969671958, 10.712498340704641 ], [ 122.558624440650391, 10.712436012370519 ], [ 122.558818691968924, 10.712346158653595 ], [ 122.559004207323042, 10.712238952270914 ], [ 122.559196888160699, 10.712098513188588 ], [ 122.559357567004795, 10.711882005033639 ], [ 122.559420864011656, 10.711792458641714 ], [ 122.55954476825687, 10.711693925324136 ], [ 122.55972689142925, 10.711544211725425 ], [ 122.559914612464041, 10.711402611511069 ], [ 122.560069426312552, 10.711248670095447 ], [ 122.560209524713045, 10.711058376465404 ], [ 122.560267692264588, 10.710915916022019 ], [ 122.560257508006089, 10.710794109546299 ], [ 122.56017302029052, 10.710698018757006 ], [ 122.560087082633984, 10.710529241630445 ], [ 122.559926271376042, 10.710455512614088 ], [ 122.559713131600603, 10.710403054453636 ], [ 122.559557579714422, 10.710365113473939 ], [ 122.559363480142977, 10.710303217714365 ], [ 122.559183460041439, 10.710238170937792 ], [ 122.558996614475134, 10.710168709590263 ], [ 122.558804317384002, 10.710078564151033 ], [ 122.558627208153155, 10.709999039035408 ], [ 122.558454128450094, 10.709929536661415 ], [ 122.558252264461842, 10.709915280626033 ], [ 122.558086174613976, 10.709936253939585 ], [ 122.557890417054622, 10.709982088928506 ], [ 122.557721870986299, 10.710061286892579 ], [ 122.557542732033241, 10.710145462190146 ], [ 122.557350067395873, 10.710303773336296 ], [ 122.557164956751677, 10.710381426712448 ], [ 122.556980570469761, 10.710393012478242 ], [ 122.556810116459204, 10.71035585399942 ], [ 122.556628494811321, 10.710276295403462 ], [ 122.556446983105886, 10.710122728107542 ], [ 122.556349879654022, 10.709953961456154 ], [ 122.556281789935198, 10.709778876177383 ], [ 122.556151288470261, 10.709888012367255 ], [ 122.555939206130716, 10.710106131559959 ], [ 122.555732935522329, 10.710169162283183 ], [ 122.555516226032395, 10.710257746469596 ], [ 122.555311433538165, 10.710349289031651 ], [ 122.555134933360236, 10.710428184729617 ], [ 122.554922343295672, 10.710526219447363 ], [ 122.554716204254646, 10.710621279109281 ], [ 122.554200890198985, 10.710843687798482 ], [ 122.55396027254821, 10.710934218620045 ], [ 122.553764402979667, 10.710893240313064 ], [ 122.5535454700277, 10.710796367872295 ], [ 122.553297885577223, 10.710609770202554 ], [ 122.552143686826781, 10.711749929532241 ], [ 122.55185797751804, 10.711960964091951 ], [ 122.552474596102385, 10.714256137700673 ], [ 122.552708382275142, 10.715197447854628 ], [ 122.552756125180622, 10.715408654831331 ], [ 122.552789866494024, 10.715566333131074 ], [ 122.552820110621724, 10.715751930700106 ], [ 122.552847783693196, 10.715925891674305 ], [ 122.552868242561928, 10.716130164908328 ] ] ] ] } },
{ "type": "Feature", "properties": { "psgc": "0603022034", "admin_type": "Barangay", "region": "Region VI (Western Visayas)", "province": "Iloilo", "municity": "Iloilo City", "district": "Jaro", "barangay": "El 98 Castilla (Claudio Lopez)", "population": "116" }, "geometry": { "type": "MultiPolygon", "coordinates": [ [ [ [ 122.555511599922298, 10.723549449348932 ], [ 122.555875047955496, 10.723250712292524 ], [ 122.556201787247645, 10.722955463498881 ], [ 122.556433723735012, 10.722707283461911 ], [ 122.556231506428745, 10.722440210466338 ], [ 122.555884092319431, 10.721913904064516 ], [ 122.555693452026489, 10.72165453551127 ], [ 122.555472550636125, 10.721820104910458 ], [ 122.555444613614426, 10.721939056239336 ], [ 122.555114354461239, 10.722204875115651 ], [ 122.554734124593878, 10.722510271589368 ], [ 122.554698592291231, 10.722471351258035 ], [ 122.554096015801449, 10.722914152175138 ], [ 122.554250153598417, 10.723094079037473 ], [ 122.554470577183736, 10.7229372371613 ], [ 122.554495977648386, 10.722975427861124 ], [ 122.554858105452496, 10.722721849688597 ], [ 122.555511599922298, 10.723549449348932 ] ] ] ] } },
{ "type": "Feature", "properties": { "psgc": "0603022045", "admin_type": "Barangay", "region": "Region VI (Western Visayas)", "province": "Iloilo", "municity": "Iloilo City", "district": "Jaro", "barangay": "Desamparados", "population": "423" }, "geometry": { "type": "MultiPolygon", "coordinates": [ [ [ [ 122.553481926282714, 10.720869566972231 ], [ 122.553663293614576, 10.721105286080283 ], [ 122.554186886860393, 10.721798931750788 ], [ 122.554698592291231, 10.722471351258035 ], [ 122.554734124593878, 10.722510271589368 ], [ 122.555114354461239, 10.722204875115651 ], [ 122.555444613614426, 10.721939056239336 ], [ 122.555472550636125, 10.721820104910458 ], [ 122.555693452026489, 10.72165453551127 ], [ 122.555632151690688, 10.721595594663688 ], [ 122.556085015186696, 10.72122758226647 ], [ 122.555952645161526, 10.721078415621434 ], [ 122.555875844565264, 10.720959351279463 ], [ 122.555687269815692, 10.720977300954354 ], [ 122.555500674373803, 10.721000982275381 ], [ 122.555318668557319, 10.721004659472495 ], [ 122.555140172476925, 10.720986595874532 ], [ 122.554957382225894, 10.720917183082605 ], [ 122.554780075375177, 10.720876142398723 ], [ 122.554591985829489, 10.720802719372665 ], [ 122.554412581433994, 10.720724230994229 ], [ 122.554223394106103, 10.720638305016305 ], [ 122.554043784895669, 10.720542358931899 ], [ 122.553828277217022, 10.720483930333911 ], [ 122.553666790223218, 10.720456080811863 ], [ 122.553510020899722, 10.720536884487386 ], [ 122.553319067224621, 10.720635307649047 ], [ 122.553481926282714, 10.720869566972231 ] ] ] ] } },
{ "type": "Feature", "properties": { "psgc": "0603022009", "admin_type": "Barangay", "region": "Region VI (Western Visayas)", "province": "Iloilo", "municity": "Iloilo City", "district": "Mandurriao", "barangay": "Bakhaw", "population": "6107" }, "geometry": { "type": "MultiPolygon", "coordinates": [ [ [ [ 122.554886679599136, 10.716157694564204 ], [ 122.554879088240995, 10.716078709605148 ], [ 122.554688923910604, 10.715914032960596 ], [ 122.554324838835328, 10.715417933468357 ], [ 122.552880909912801, 10.716307000646532 ], [ 122.551497219420966, 10.717153509534487 ], [ 122.55080664675576, 10.717746959601941 ], [ 122.552044805160875, 10.719065075313958 ], [ 122.552593934068227, 10.719375681212345 ], [ 122.552687441766196, 10.719465876268986 ], [ 122.552877323876615, 10.719580529863666 ], [ 122.553465027743641, 10.720177285695906 ], [ 122.553828277217022, 10.720483930333911 ], [ 122.554043784895669, 10.720542358931899 ], [ 122.554223394106103, 10.720638305016305 ], [ 122.554412581433994, 10.720724230994229 ], [ 122.554591985829489, 10.720802719372665 ], [ 122.554780075375177, 10.720876142398723 ], [ 122.554957382225894, 10.720917183082605 ], [ 122.555140172476925, 10.720986595874532 ], [ 122.555318668557319, 10.721004659472495 ], [ 122.555500674373803, 10.721000982275381 ], [ 122.555687269815692, 10.720977300954354 ], [ 122.555875844565264, 10.720959351279463 ], [ 122.556063974726243, 10.72091342371613 ], [ 122.556232993567036, 10.720836827230436 ], [ 122.556415388026565, 10.720769323599956 ], [ 122.556608447356226, 10.72067550722914 ], [ 122.556787469923677, 10.720579879810966 ], [ 122.556976198457164, 10.720504166431196 ], [ 122.55715412960204, 10.720417237925931 ], [ 122.557340326222445, 10.720283369610545 ], [ 122.557607372087887, 10.720098145571413 ], [ 122.557790780728951, 10.719909556594864 ], [ 122.557853570524742, 10.719837094606865 ], [ 122.557875677366198, 10.719739652689737 ], [ 122.55786488810665, 10.719638387292155 ], [ 122.557822506426035, 10.719549422077765 ], [ 122.55773188300418, 10.719379973452007 ], [ 122.557582306420358, 10.719189791038414 ], [ 122.557326178776179, 10.719009341830603 ], [ 122.556984244099098, 10.718892546435102 ], [ 122.556786549753525, 10.718834109802552 ], [ 122.556648377588573, 10.718765888287251 ], [ 122.556524891009857, 10.718653994395279 ], [ 122.556423587190793, 10.718479398117344 ], [ 122.556413171202493, 10.718294361189642 ], [ 122.556473531276907, 10.718100502361525 ], [ 122.556539817870927, 10.717910589665937 ], [ 122.556570666009179, 10.717760956559371 ], [ 122.556601351655559, 10.71755983363709 ], [ 122.5566860867618, 10.717372820321676 ], [ 122.556738749401447, 10.717185760421959 ], [ 122.556783895476386, 10.717020892217302 ], [ 122.556823404542143, 10.716835893857542 ], [ 122.556809401141592, 10.716656001031881 ], [ 122.556806115929433, 10.716471145334785 ], [ 122.556731568488075, 10.716291297847352 ], [ 122.556593732961389, 10.716169204191688 ], [ 122.55642372922685, 10.716175074454735 ], [ 122.55625074858122, 10.716084430489607 ], [ 122.556055155767467, 10.716000656616163 ], [ 122.555880763790739, 10.715894898954312 ], [ 122.555791547694582, 10.715745443019568 ], [ 122.555744068428922, 10.715631594545007 ], [ 122.555652552421932, 10.71575581349922 ], [ 122.555534207060049, 10.716257843329968 ], [ 122.555218955833681, 10.71617280297596 ], [ 122.554988868471384, 10.716331057904144 ], [ 122.554886679599136, 10.716157694564204 ] ] ] ] } },
{ "type": "Feature", "properties": { "psgc": "0603022163", "admin_type": "Barangay", "region": "Region VI (Western Visayas)", "province": "Iloilo", "municity": "Iloilo City", "district": "Jaro", "barangay": "San Vicente", "population": "1056" }, "geometry": { "type": "MultiPolygon", "coordinates": [ [ [ [ 122.557032440632113, 10.717319478419746 ], [ 122.5566860867618, 10.717372820321676 ], [ 122.556601351655559, 10.71755983363709 ], [ 122.556570666009179, 10.717760956559371 ], [ 122.556539817870927, 10.717910589665937 ], [ 122.556473531276907, 10.718100502361525 ], [ 122.556413171202493, 10.718294361189642 ], [ 122.556423587190793, 10.718479398117344 ], [ 122.556524891009857, 10.718653994395279 ], [ 122.556648377588573, 10.718765888287251 ], [ 122.556786549753525, 10.718834109802552 ], [ 122.556984244099098, 10.718892546435102 ], [ 122.557326178776179, 10.719009341830603 ], [ 122.557582306420358, 10.719189791038414 ], [ 122.55773188300418, 10.719379973452007 ], [ 122.557822506426035, 10.719549422077765 ], [ 122.55786488810665, 10.719638387292155 ], [ 122.557875677366198, 10.719739652689737 ], [ 122.557853570524742, 10.719837094606865 ], [ 122.557790780728951, 10.719909556594864 ], [ 122.557607372087887, 10.720098145571413 ], [ 122.557340326222445, 10.720283369610545 ], [ 122.55715412960204, 10.720417237925931 ], [ 122.557269549943939, 10.720645244803013 ], [ 122.557472593082224, 10.721023388865955 ], [ 122.557590481605587, 10.721243727318917 ], [ 122.558091515105829, 10.721686690321507 ], [ 122.557205191018184, 10.722580531506138 ], [ 122.557672707161743, 10.723129233082366 ], [ 122.558446377202586, 10.722105662520603 ], [ 122.559157057219252, 10.721118709627284 ], [ 122.559758820026758, 10.720194969447652 ], [ 122.560222925091097, 10.719484360373308 ], [ 122.559829047446669, 10.719091337858389 ], [ 122.559502077476935, 10.718774697054002 ], [ 122.559448541613918, 10.718816925708657 ], [ 122.558535764193593, 10.71772094184451 ], [ 122.558348543883184, 10.717878269049683 ], [ 122.557684249996413, 10.716978475896958 ], [ 122.557430478565848, 10.716632608892175 ], [ 122.557170430536999, 10.716830460846936 ], [ 122.557164211004832, 10.717020033179709 ], [ 122.557226363674474, 10.717251036803869 ], [ 122.557032440632113, 10.717319478419746 ] ] ] ] } },
{ "type": "Feature", "properties": { "psgc": "0603022103", "admin_type": "Barangay", "region": "Region VI (Western Visayas)", "province": "Iloilo", "municity": "Iloilo City", "district": "La Paz", "barangay": "Magsaysay Village", "population": "1183" }, "geometry": { "type": "MultiPolygon", "coordinates": [ [ [ [ 122.562583687718046, 10.708290081081346 ], [ 122.562546351798858, 10.708260309260121 ], [ 122.561871144443643, 10.709411334950532 ], [ 122.561674517391708, 10.70930298499041 ], [ 122.561591227556917, 10.709279402796005 ], [ 122.56089485559815, 10.708593081229303 ], [ 122.560068633589779, 10.707732754361068 ], [ 122.559675738771276, 10.707958751200316 ], [ 122.559537237936468, 10.707636084686104 ], [ 122.559136111944184, 10.707794096506738 ], [ 122.559027031921218, 10.707724786974506 ], [ 122.55876709618498, 10.708148317932176 ], [ 122.558830747157927, 10.708258853901476 ], [ 122.558830536467738, 10.708401584830931 ], [ 122.558625332365153, 10.708535354531664 ], [ 122.558374510215188, 10.708715236199206 ], [ 122.558257876906595, 10.70888710092372 ], [ 122.558151851187887, 10.70906719495936 ], [ 122.5580702460108, 10.709256873498045 ], [ 122.558071709677719, 10.709426915277055 ], [ 122.558098118291369, 10.709610998458409 ], [ 122.558113281800175, 10.709785421982211 ], [ 122.558086174613976, 10.709936253939585 ], [ 122.558252264461842, 10.709915280626033 ], [ 122.558454128450094, 10.709929536661415 ], [ 122.558627208153155, 10.709999039035408 ], [ 122.558804317384002, 10.710078564151033 ], [ 122.558996614475134, 10.710168709590263 ], [ 122.559183460041439, 10.710238170937792 ], [ 122.559363480142977, 10.710303217714365 ], [ 122.559557579714422, 10.710365113473939 ], [ 122.559713131600603, 10.710403054453636 ], [ 122.559926271376042, 10.710455512614088 ], [ 122.560087082633984, 10.710529241630445 ], [ 122.56017302029052, 10.710698018757006 ], [ 122.560257508006089, 10.710794109546299 ], [ 122.560267692264588, 10.710915916022019 ], [ 122.560209524713045, 10.711058376465404 ], [ 122.560069426312552, 10.711248670095447 ], [ 122.559914612464041, 10.711402611511069 ], [ 122.55972689142925, 10.711544211725425 ], [ 122.55954476825687, 10.711693925324136 ], [ 122.559420864011656, 10.711792458641714 ], [ 122.559357567004795, 10.711882005033639 ], [ 122.559196888160699, 10.712098513188588 ], [ 122.559212580897167, 10.712331134835495 ], [ 122.559251487038139, 10.7127341979912 ], [ 122.559191944530312, 10.71304363822312 ], [ 122.559379105812752, 10.713376823714167 ], [ 122.560283073310984, 10.712965791891374 ], [ 122.56052772393781, 10.713419329293 ], [ 122.560790180667667, 10.713294093396572 ], [ 122.561327639290255, 10.713912539682765 ], [ 122.561460595154998, 10.714121029083833 ], [ 122.562575884845771, 10.715421630826489 ], [ 122.562737433893147, 10.7155488775624 ], [ 122.564802641850633, 10.712221477154955 ], [ 122.564950720191462, 10.711990629742283 ], [ 122.565087396082433, 10.711773909974386 ], [ 122.565015249415751, 10.711722177755956 ], [ 122.564487100645948, 10.711230105686509 ], [ 122.564391237939404, 10.71103890685667 ], [ 122.563700393760342, 10.710251572631011 ], [ 122.563628423944863, 10.710260413181595 ], [ 122.563336744497818, 10.709915276604558 ], [ 122.563037257211946, 10.709730787876003 ], [ 122.563110937772976, 10.70938748510145 ], [ 122.56325831034205, 10.709032497767394 ], [ 122.563246414950711, 10.708654170360347 ], [ 122.563076150651668, 10.708528787500434 ], [ 122.562583687718046, 10.708290081081346 ] ] ] ] } },
{ "type": "Feature", "properties": { "psgc": "0603022112", "admin_type": "Barangay", "region": "Region VI (Western Visayas)", "province": "Iloilo", "municity": "Iloilo City", "district": "Jaro", "barangay": "Montinola", "population": "829" }, "geometry": { "type": "MultiPolygon", "coordinates": [ [ [ [ 122.557694358778292, 10.713136691033036 ], [ 122.558181879956607, 10.713608903997635 ], [ 122.558392472728372, 10.713852621402475 ], [ 122.55862203184644, 10.71408960146568 ], [ 122.558904260384963, 10.714394863592512 ], [ 122.559347226333159, 10.714901140687024 ], [ 122.559488370196135, 10.714848550589032 ], [ 122.560038603334135, 10.71547197259911 ], [ 122.560517148324323, 10.716026381552348 ], [ 122.560898108194067, 10.716465676454835 ], [ 122.561371637193304, 10.717011712908102 ], [ 122.561621376180568, 10.717286168670958 ], [ 122.561860959014069, 10.716945093867437 ], [ 122.562150909746947, 10.716453029302984 ], [ 122.562474718184987, 10.715903503788986 ], [ 122.562737433893147, 10.7155488775624 ], [ 122.562575884845771, 10.715421630826489 ], [ 122.561460595154998, 10.714121029083833 ], [ 122.561327639290255, 10.713912539682765 ], [ 122.560790180667667, 10.713294093396572 ], [ 122.56052772393781, 10.713419329293 ], [ 122.560283073310984, 10.712965791891374 ], [ 122.559379105812752, 10.713376823714167 ], [ 122.559191944530312, 10.71304363822312 ], [ 122.559251487038139, 10.7127341979912 ], [ 122.559212580897167, 10.712331134835495 ], [ 122.559196888160699, 10.712098513188588 ], [ 122.559004207323042, 10.712238952270914 ], [ 122.558818691968924, 10.712346158653595 ], [ 122.558624440650391, 10.712436012370519 ], [ 122.558459969671958, 10.712498340704641 ], [ 122.558279364687948, 10.712571568293479 ], [ 122.558085702527322, 10.712605045361014 ], [ 122.557882559854392, 10.712641901977856 ], [ 122.557713930162535, 10.712687021416919 ], [ 122.557528166543293, 10.712762179433714 ], [ 122.557386127213903, 10.712864635484165 ], [ 122.557694358778292, 10.713136691033036 ] ] ] ] } },
{ "type": "Feature", "properties": { "psgc": "0603022157", "admin_type": "Barangay", "region": "Region VI (Western Visayas)", "province": "Iloilo", "municity": "Iloilo City", "district": "La Paz", "barangay": "San Nicolas", "population": "1594" }, "geometry": { "type": "MultiPolygon", "coordinates": [ [ [ [ 122.562737433893147, 10.7155488775624 ], [ 122.563463333961309, 10.716338554790946 ], [ 122.563560421100846, 10.716507138631902 ], [ 122.564699410860044, 10.717750330969437 ], [ 122.564950502244486, 10.717499513276772 ], [ 122.56509024445991, 10.716668601369664 ], [ 122.565136341443903, 10.716154898514832 ], [ 122.56518426684633, 10.715410646366077 ], [ 122.56525280272794, 10.714339604772642 ], [ 122.565299413688052, 10.713742742958781 ], [ 122.565369438475656, 10.713243223751112 ], [ 122.565553124188611, 10.712694918730723 ], [ 122.56569835244602, 10.712336071274702 ], [ 122.565850183141848, 10.712045764346838 ], [ 122.566029293187171, 10.711786669260167 ], [ 122.566325178356408, 10.711434434434468 ], [ 122.566668652490634, 10.711094836400239 ], [ 122.567148290812497, 10.71070033329551 ], [ 122.56667532387921, 10.709256126424197 ], [ 122.56508739608239, 10.711773909974385 ], [ 122.564950720191433, 10.711990629742402 ], [ 122.564802641850633, 10.712221477154955 ], [ 122.562737433893147, 10.7155488775624 ] ] ] ] } },
{ "type": "Feature", "properties": { "psgc": "0603022101", "admin_type": "Barangay", "region": "Region VI (Western Visayas)", "province": "Iloilo", "municity": "Iloilo City", "district": "La Paz", "barangay": "Magdalo", "population": "984" }, "geometry": { "type": "MultiPolygon", "coordinates": [ [ [ [ 122.567148290812497, 10.71070033329551 ], [ 122.566668652490634, 10.711094836400239 ], [ 122.566325178356408, 10.711434434434468 ], [ 122.566029293187171, 10.711786669260167 ], [ 122.565850183141848, 10.712045764346838 ], [ 122.56569835244602, 10.712336071274702 ], [ 122.565553124188611, 10.712694918730723 ], [ 122.565369438475656, 10.713243223751112 ], [ 122.565299413688052, 10.713742742958781 ], [ 122.56525280272794, 10.714339604772642 ], [ 122.56518426684633, 10.715410646366077 ], [ 122.56509024445991, 10.716668601369664 ], [ 122.564950502244486, 10.717499513276772 ], [ 122.565071577712956, 10.717395673740517 ], [ 122.565180802732243, 10.717213507215952 ], [ 122.568175103805814, 10.71349487138292 ], [ 122.568084093453436, 10.713355368970667 ], [ 122.567620717950589, 10.712095668653996 ], [ 122.567148290812497, 10.71070033329551 ] ] ] ] } },
{ "type": "Feature", "properties": { "psgc": "0603022124", "admin_type": "Barangay", "region": "Region VI (Western Visayas)", "province": "Iloilo", "municity": "Iloilo City", "district": "Jaro", "barangay": "Our Lady Of Lourdes", "population": "2567" }, "geometry": { "type": "MultiPolygon", "coordinates": [ [ [ [ 122.556809401141592, 10.716656001031881 ], [ 122.556823404542143, 10.716835893857542 ], [ 122.556783895476386, 10.717020892217302 ], [ 122.556738749401447, 10.717185760421959 ], [ 122.5566860867618, 10.717372820321676 ], [ 122.557032440632113, 10.717319478419746 ], [ 122.557226363674474, 10.717251036803869 ], [ 122.557164211004832, 10.717020033179709 ], [ 122.557170430536999, 10.716830460846936 ], [ 122.557430478565848, 10.716632608892175 ], [ 122.557684249996413, 10.716978475896958 ], [ 122.558348543883184, 10.717878269049683 ], [ 122.558535764193593, 10.71772094184451 ], [ 122.559448541613918, 10.718816925708657 ], [ 122.559502077476935, 10.718774697054002 ], [ 122.559829047446669, 10.719091337858389 ], [ 122.560222925091097, 10.719484360373308 ], [ 122.560789970038641, 10.718660064017314 ], [ 122.561027423896746, 10.718239069517571 ], [ 122.561621376180568, 10.717286168670958 ], [ 122.561371637193304, 10.717011712908102 ], [ 122.560898108194067, 10.716465676454835 ], [ 122.560517148324323, 10.716026381552348 ], [ 122.560038603334135, 10.71547197259911 ], [ 122.559488370196135, 10.714848550589032 ], [ 122.559347226333159, 10.714901140687024 ], [ 122.558904260384963, 10.714394863592512 ], [ 122.55862203184644, 10.71408960146568 ], [ 122.558392472728372, 10.713852621402475 ], [ 122.558181879956607, 10.713608903997635 ], [ 122.557694358778292, 10.713136691033036 ], [ 122.557386127213903, 10.712864635484165 ], [ 122.557266958287201, 10.713047760320061 ], [ 122.557206781617552, 10.713211052581102 ], [ 122.557212541749578, 10.713396060823914 ], [ 122.557245012865835, 10.713591680462546 ], [ 122.557223897596984, 10.713760796221237 ], [ 122.557168267310288, 10.713951084225352 ], [ 122.557094130211681, 10.714113059200836 ], [ 122.556997600973048, 10.714221910804039 ], [ 122.556914442391516, 10.714271116602868 ], [ 122.556800400550813, 10.714303324367268 ], [ 122.556685469355358, 10.714335244737294 ], [ 122.556432782033582, 10.714384061500429 ], [ 122.556261265091251, 10.714419960054093 ], [ 122.556062449437533, 10.714497585267059 ], [ 122.555892625727438, 10.714600478842726 ], [ 122.555790400961669, 10.714685254107263 ], [ 122.555697762022803, 10.714855276483309 ], [ 122.555618349347256, 10.715029004015458 ], [ 122.555585222635216, 10.715215368728481 ], [ 122.555613755441243, 10.715408250292848 ], [ 122.555696030910354, 10.71558394762854 ], [ 122.555744068428922, 10.715631594545007 ], [ 122.555791547694582, 10.715745443019568 ], [ 122.555880763790739, 10.715894898954312 ], [ 122.556055155767467, 10.716000656616163 ], [ 122.55625074858122, 10.716084430489607 ], [ 122.55642372922685, 10.716175074454735 ], [ 122.556593732961389, 10.716169204191688 ], [ 122.556731568488075, 10.716291297847352 ], [ 122.556806115929433, 10.716471145334785 ], [ 122.556809401141592, 10.716656001031881 ] ] ] ] } },
{ "type": "Feature", "properties": { "psgc": "0603022154", "admin_type": "Barangay", "region": "Region VI (Western Visayas)", "province": "Iloilo", "municity": "Iloilo City", "district": "Jaro", "barangay": "San Jose (Jaro)", "population": "398" }, "geometry": { "type": "MultiPolygon", "coordinates": [ [ [ [ 122.563938976577973, 10.718494910590948 ], [ 122.564459353164523, 10.717997257006692 ], [ 122.564699410860044, 10.717750330969437 ], [ 122.563560421100846, 10.716507138631902 ], [ 122.563463333961309, 10.716338554790946 ], [ 122.562737433893147, 10.7155488775624 ], [ 122.562474718184987, 10.715903503788986 ], [ 122.562150909746947, 10.716453029302984 ], [ 122.563938976577973, 10.718494910590948 ] ] ] ] } },
{ "type": "Feature", "properties": { "psgc": "0603022076", "admin_type": "Barangay", "region": "Region VI (Western Visayas)", "province": "Iloilo", "municity": "Iloilo City", "district": "Jaro", "barangay": "Javellana", "population": "545" }, "geometry": { "type": "MultiPolygon", "coordinates": [ [ [ [ 122.564089267564228, 10.719231533310642 ], [ 122.563805150604878, 10.719616188539463 ], [ 122.564334125114215, 10.720119557021498 ], [ 122.564901655702286, 10.719633848463371 ], [ 122.564636918799522, 10.719308143798926 ], [ 122.565052291192615, 10.719010050627784 ], [ 122.564662517628406, 10.718532968469368 ], [ 122.564576919629303, 10.718484831078346 ], [ 122.564684375697425, 10.718204023791843 ], [ 122.564459353164523, 10.717997257006692 ], [ 122.563938976577973, 10.718494910590948 ], [ 122.562150909746947, 10.716453029302984 ], [ 122.561860959014069, 10.716945093867437 ], [ 122.563529114242314, 10.718833128609592 ], [ 122.563619209783425, 10.718751099609603 ], [ 122.564089267564228, 10.719231533310642 ] ] ] ] } },
{ "type": "Feature", "properties": { "psgc": "0603022159", "admin_type": "Barangay", "region": "Region VI (Western Visayas)", "province": "Iloilo", "municity": "Iloilo City", "district": "Jaro", "barangay": "San Pedro (Jaro)", "population": "1147" }, "geometry": { "type": "MultiPolygon", "coordinates": [ [ [ [ 122.565052291192615, 10.719010050627784 ], [ 122.564636918799522, 10.719308143798926 ], [ 122.564901655702286, 10.719633848463371 ], [ 122.564334125114215, 10.720119557021498 ], [ 122.563805150604878, 10.719616188539463 ], [ 122.563689666186121, 10.7197725381696 ], [ 122.564277351866068, 10.720455991308835 ], [ 122.564229351470132, 10.720549352342459 ], [ 122.564860869323212, 10.721217943011411 ], [ 122.56513649362077, 10.721033002214753 ], [ 122.565367023147687, 10.721386664192677 ], [ 122.565547895374166, 10.721581782765675 ], [ 122.565714284222594, 10.721734249856397 ], [ 122.565753355419872, 10.721545115161238 ], [ 122.565788032931309, 10.72135744620336 ], [ 122.56582591779555, 10.721190879650628 ], [ 122.565900865678742, 10.721015988648768 ], [ 122.565968996259102, 10.720884343007794 ], [ 122.565692419834718, 10.720624317148864 ], [ 122.565910962697075, 10.720455245726642 ], [ 122.566278536719082, 10.720066787585454 ], [ 122.566470166434982, 10.719793252297267 ], [ 122.566645531461219, 10.719510253826776 ], [ 122.56622661230044, 10.719200121158813 ], [ 122.565616510649278, 10.718476184887937 ], [ 122.565121367266002, 10.717883966576236 ], [ 122.565198817116666, 10.717495551158438 ], [ 122.565071577712956, 10.717395673740517 ], [ 122.564950502244486, 10.717499513276772 ], [ 122.564699410860044, 10.717750330969437 ], [ 122.564459353164523, 10.717997257006692 ], [ 122.564684375697425, 10.718204023791843 ], [ 122.564576919629303, 10.718484831078346 ], [ 122.564662517628406, 10.718532968469368 ], [ 122.565052291192615, 10.719010050627784 ] ] ] ] } },
{ "type": "Feature", "properties": { "psgc": "0603022084", "admin_type": "Barangay", "region": "Region VI (Western Visayas)", "province": "Iloilo", "municity": "Iloilo City", "district": "Jaro", "barangay": "Our Lady Of Fatima", "population": "1630" }, "geometry": { "type": "MultiPolygon", "coordinates": [ [ [ [ 122.561027423896746, 10.718239069517571 ], [ 122.560789970038641, 10.718660064017314 ], [ 122.560222925091097, 10.719484360373308 ], [ 122.559758820026758, 10.720194969447652 ], [ 122.559157057219252, 10.721118709627284 ], [ 122.559693574911435, 10.721488810028763 ], [ 122.560204364461498, 10.721926153615051 ], [ 122.560526797116907, 10.722283301069304 ], [ 122.561085265166199, 10.722952915993316 ], [ 122.561219592232732, 10.723109484452406 ], [ 122.561333970846974, 10.723092820838758 ], [ 122.561444777842425, 10.7229449076614 ], [ 122.561719867005124, 10.722571046055604 ], [ 122.562002162146854, 10.722229369967238 ], [ 122.562215633550153, 10.721949945125912 ], [ 122.562112693653319, 10.721833806823872 ], [ 122.563180560413542, 10.720461793125118 ], [ 122.563689666186121, 10.7197725381696 ], [ 122.563805150604878, 10.719616188539463 ], [ 122.564089267564228, 10.719231533310642 ], [ 122.563619209783425, 10.718751099609603 ], [ 122.563529114242314, 10.718833128609592 ], [ 122.561860959014069, 10.716945093867437 ], [ 122.561621376180568, 10.717286168670958 ], [ 122.561027423896746, 10.718239069517571 ] ] ] ] } },
{ "type": "Feature", "properties": { "psgc": "0603022139", "admin_type": "Barangay", "region": "Region VI (Western Visayas)", "province": "Iloilo", "municity": "Iloilo City", "district": "La Paz", "barangay": "Railway", "population": "1334" }, "geometry": { "type": "MultiPolygon", "coordinates": [ [ [ [ 122.567620717950589, 10.712095668653996 ], [ 122.568155228354613, 10.711521249302361 ], [ 122.569590967458396, 10.709808831955188 ], [ 122.568884524715372, 10.709250307104412 ], [ 122.567790063139455, 10.708374712539802 ], [ 122.56667532387921, 10.709256126424197 ], [ 122.567148290812497, 10.71070033329551 ], [ 122.567620717950589, 10.712095668653996 ] ] ] ] } },
{ "type": "Feature", "properties": { "psgc": "0603022085", "admin_type": "Barangay", "region": "Region VI (Western Visayas)", "province": "Iloilo", "municity": "Iloilo City", "district": "La Paz", "barangay": "Laguda", "population": "318" }, "geometry": { "type": "MultiPolygon", "coordinates": [ [ [ [ 122.567342049609337, 10.706573608409439 ], [ 122.567055813545394, 10.707713272056315 ], [ 122.566687688815648, 10.709124081895178 ], [ 122.56667532387921, 10.709256126424197 ], [ 122.567790063139455, 10.708374712539802 ], [ 122.569254927170988, 10.707232021597665 ], [ 122.569170564270536, 10.706728316646288 ], [ 122.569079823390709, 10.706374421477783 ], [ 122.568801458036489, 10.705426522567707 ], [ 122.568498536408555, 10.705602499123978 ], [ 122.568405448897337, 10.705673235110297 ], [ 122.568370771809072, 10.705690322986104 ], [ 122.568307720343284, 10.705722949644516 ], [ 122.568239934655168, 10.705761800961112 ], [ 122.56818948640344, 10.705792887238157 ], [ 122.568156375597098, 10.705816208484451 ], [ 122.568109097441365, 10.705833278878494 ], [ 122.568066962178122, 10.705841636150893 ], [ 122.568028005384605, 10.705843917218944 ], [ 122.567939483003457, 10.705837956994353 ], [ 122.567847430980805, 10.705823819239036 ], [ 122.567770732551125, 10.705803865157803 ], [ 122.567704654498201, 10.705786260814191 ], [ 122.567642125953626, 10.705762823797018 ], [ 122.567451432517686, 10.70629523810234 ], [ 122.567342049609337, 10.706573608409439 ] ] ] ] } },
{ "type": "Feature", "properties": { "psgc": "0603022003", "admin_type": "Barangay", "region": "Region VI (Western Visayas)", "province": "Iloilo", "municity": "Iloilo City", "district": "La Paz", "barangay": "Aguinaldo", "population": "1523" }, "geometry": { "type": "MultiPolygon", "coordinates": [ [ [ [ 122.571740771085373, 10.706214861828096 ], [ 122.571682449905936, 10.706428568003146 ], [ 122.57164967006149, 10.706395079632294 ], [ 122.57140035679781, 10.706633550617909 ], [ 122.571333916451579, 10.706758921009069 ], [ 122.571246443737024, 10.706674188676118 ], [ 122.571065006108313, 10.706679264902695 ], [ 122.571270465657747, 10.707194426999157 ], [ 122.571331918064928, 10.707279106527368 ], [ 122.571539734592804, 10.707111725244967 ], [ 122.571491028790945, 10.707365654132872 ], [ 122.571443400147103, 10.707614070477771 ], [ 122.571637743346386, 10.707662689887997 ], [ 122.572588516902357, 10.708021395481142 ], [ 122.572593091984601, 10.707773966703206 ], [ 122.573115960867156, 10.708104091238663 ], [ 122.573590560678952, 10.707670629732013 ], [ 122.573126728675334, 10.707201697233893 ], [ 122.573436069164018, 10.706951323319101 ], [ 122.5727515529166, 10.706115244243374 ], [ 122.572929828945263, 10.70596688868255 ], [ 122.572768207052874, 10.705770713271971 ], [ 122.572972611209863, 10.705625917055274 ], [ 122.572815731472232, 10.705422742320533 ], [ 122.572884658455266, 10.705362021265058 ], [ 122.57279671713188, 10.705289623068136 ], [ 122.572853771583596, 10.705217217682936 ], [ 122.572799093924331, 10.705182193452282 ], [ 122.572033766731309, 10.705717005724125 ], [ 122.571900441408815, 10.706089732040741 ], [ 122.571845997658656, 10.706236974118745 ], [ 122.571740771085373, 10.706214861828096 ] ] ] ] } },
{ "type": "Feature", "properties": { "psgc": "0603022005", "admin_type": "Barangay", "region": "Region VI (Western Visayas)", "province": "Iloilo", "municity": "Iloilo City", "district": "Lapuz", "barangay": "Alalasan Lapuz", "population": "2893" }, "geometry": { "type": "MultiPolygon", "coordinates": [ [ [ [ 122.572033766731309, 10.705717005724125 ], [ 122.572799093924331, 10.705182193452282 ], [ 122.572799094535327, 10.705182193843655 ], [ 122.572799186647629, 10.705182252846965 ], [ 122.572853771583596, 10.705217217682936 ], [ 122.572796750521533, 10.705289580694719 ], [ 122.57279672856302, 10.705289615898264 ], [ 122.572884669886307, 10.705362014095057 ], [ 122.572815742903273, 10.705422735150492 ], [ 122.572972611209863, 10.705625917055333 ], [ 122.572768207052903, 10.705770713272116 ], [ 122.572929828945306, 10.705966888682765 ], [ 122.5727515529166, 10.706115244243293 ], [ 122.573436069163918, 10.706951323318963 ], [ 122.573126728675135, 10.707201697233613 ], [ 122.573590560678952, 10.707670629732013 ], [ 122.573115960867099, 10.70810409123856 ], [ 122.572593091984274, 10.707773966702597 ], [ 122.572588516902101, 10.708021395480712 ], [ 122.572923806477547, 10.708275628732036 ], [ 122.573238913955961, 10.708502432846837 ], [ 122.573853948419043, 10.708948270949765 ], [ 122.574006106129403, 10.708776101991988 ], [ 122.574216955065452, 10.708873855059695 ], [ 122.574361618067343, 10.708551341460373 ], [ 122.574474142411688, 10.708382034523826 ], [ 122.574694195178722, 10.708117508915134 ], [ 122.574950539412399, 10.707912212689001 ], [ 122.575001686060773, 10.707850531395623 ], [ 122.574850536449986, 10.707715966736863 ], [ 122.574479326152485, 10.707370726617507 ], [ 122.574769245944978, 10.707020097855553 ], [ 122.575322580434417, 10.706459720354266 ], [ 122.574991896902603, 10.706085518701794 ], [ 122.575858889689371, 10.705306841601004 ], [ 122.576109574654083, 10.704973498797047 ], [ 122.575659731637828, 10.704374612795785 ], [ 122.575669401295016, 10.704279120959303 ], [ 122.575510413367567, 10.704001355117022 ], [ 122.57533198918108, 10.703900643065007 ], [ 122.573676890379474, 10.705385396894751 ], [ 122.57349151183692, 10.70506788298094 ], [ 122.573435813849144, 10.705002229272051 ], [ 122.573160314195789, 10.704674546237509 ], [ 122.572780899959554, 10.704179646094587 ], [ 122.572700208871865, 10.704172263257464 ], [ 122.572572931550937, 10.704233845928771 ], [ 122.572458992509709, 10.704109028373619 ], [ 122.572340920897119, 10.703986021819174 ], [ 122.571984932959012, 10.703702465653327 ], [ 122.571986052202618, 10.704028891918981 ], [ 122.571924968998431, 10.704148474695767 ], [ 122.571890169392248, 10.704160419479713 ], [ 122.57169866088789, 10.705000160166694 ], [ 122.571685116005014, 10.705149176699765 ], [ 122.571802509475916, 10.705289429597299 ], [ 122.571430498986558, 10.705651022950219 ], [ 122.571900441408872, 10.70608973204107 ], [ 122.572033766731309, 10.705717005724125 ] ] ] ] } },
{ "type": "Feature", "properties": { "psgc": "0603022014", "admin_type": "Barangay", "region": "Region VI (Western Visayas)", "province": "Iloilo", "municity": "Iloilo City", "district": "Lapuz", "barangay": "Sinikway (Bangkerohan Lapuz)", "population": "2890" }, "geometry": { "type": "MultiPolygon", "coordinates": [ [ [ [ 122.574850536449986, 10.707715966736863 ], [ 122.575001686060773, 10.707850531395623 ], [ 122.574950539412399, 10.707912212689001 ], [ 122.575626456667266, 10.70854425086624 ], [ 122.57599917772275, 10.708771290517104 ], [ 122.576174451976897, 10.70883715217917 ], [ 122.576613470358339, 10.70833288213743 ], [ 122.577151619067379, 10.707887183005925 ], [ 122.577396755589305, 10.707740005551122 ], [ 122.577062734423677, 10.707333646798197 ], [ 122.577490899186458, 10.706948335705397 ], [ 122.577797047106642, 10.70661267557122 ], [ 122.577395575233908, 10.706319127582399 ], [ 122.577112255400138, 10.70607915589393 ], [ 122.576894502360688, 10.705884189804481 ], [ 122.576489568668393, 10.705445348474573 ], [ 122.576109574654083, 10.704973498797047 ], [ 122.575858889689371, 10.705306841601004 ], [ 122.574991896902603, 10.706085518701794 ], [ 122.575322580434417, 10.706459720354266 ], [ 122.574769245944978, 10.707020097855553 ], [ 122.574479326152485, 10.707370726617507 ], [ 122.574850536449986, 10.707715966736863 ] ] ] ] } },
{ "type": "Feature", "properties": { "psgc": "0603022096", "admin_type": "Barangay", "region": "Region VI (Western Visayas)", "province": "Iloilo", "municity": "Iloilo City", "district": "La Paz", "barangay": "Lopez Jaena Sur", "population": "2242" }, "geometry": { "type": "MultiPolygon", "coordinates": [ [ [ [ 122.577276176170116, 10.710346206304211 ], [ 122.576572997415141, 10.709674822643267 ], [ 122.576396925812048, 10.709447265196866 ], [ 122.576728857204245, 10.709077680862315 ], [ 122.576174451976897, 10.70883715217917 ], [ 122.57599917772275, 10.708771290517104 ], [ 122.575626456667266, 10.70854425086624 ], [ 122.574950539412399, 10.707912212689001 ], [ 122.574694195178722, 10.708117508915134 ], [ 122.574474142411688, 10.708382034523826 ], [ 122.574361618067343, 10.708551341460373 ], [ 122.574216955065452, 10.708873855059695 ], [ 122.574006106129403, 10.708776101991988 ], [ 122.573853948419043, 10.708948270949765 ], [ 122.573558708035549, 10.709358732443977 ], [ 122.573584723967272, 10.70941613239653 ], [ 122.571874816136017, 10.711583567316964 ], [ 122.572855622857361, 10.712339976443396 ], [ 122.573328885705408, 10.712690204406465 ], [ 122.574236142057629, 10.713363600011476 ], [ 122.574484902204674, 10.713558419620004 ], [ 122.574812845473446, 10.71379252288796 ], [ 122.575460201752065, 10.714311562952618 ], [ 122.575938510135202, 10.71396918098535 ], [ 122.576388676280047, 10.713899158204278 ], [ 122.577392423846391, 10.713826822890116 ], [ 122.576005411524505, 10.711868948807604 ], [ 122.57637676666495, 10.71163509329787 ], [ 122.576947138194484, 10.711198888754284 ], [ 122.577498258006656, 10.710808461984451 ], [ 122.577558206107142, 10.710615482657479 ], [ 122.577276182563736, 10.710346212408721 ], [ 122.577276180971623, 10.710346210888618 ], [ 122.577276171136418, 10.710346219586041 ], [ 122.577276176170116, 10.710346206304211 ] ] ] ] } },
{ "type": "Feature", "properties": { "psgc": "0603022100", "admin_type": "Barangay", "region": "Region VI (Western Visayas)", "province": "Iloilo", "municity": "Iloilo City", "district": "La Paz", "barangay": "Macarthur", "population": "640" }, "geometry": { "type": "MultiPolygon", "coordinates": [ [ [ [ 122.568884524715372, 10.709250307104412 ], [ 122.569590967458396, 10.709808831955188 ], [ 122.570374828864033, 10.71046204233464 ], [ 122.571005887015119, 10.709420704188656 ], [ 122.571443400147004, 10.707614070477572 ], [ 122.571491028790987, 10.707365654132852 ], [ 122.571539734592804, 10.707111725244967 ], [ 122.571331918064843, 10.707279106527169 ], [ 122.568884524715372, 10.709250307104412 ] ] ] ] } },
{ "type": "Feature", "properties": { "psgc": "0603022046", "admin_type": "Barangay", "region": "Region VI (Western Visayas)", "province": "Iloilo", "municity": "Iloilo City", "district": "La Paz", "barangay": "Divinagracia", "population": "998" }, "geometry": { "type": "MultiPolygon", "coordinates": [ [ [ [ 122.571005887015119, 10.709420704188656 ], [ 122.570374828864033, 10.71046204233464 ], [ 122.571404688871183, 10.711253227703059 ], [ 122.571874816136017, 10.711583567316964 ], [ 122.573584723967272, 10.70941613239653 ], [ 122.573558708035549, 10.709358732443977 ], [ 122.573853948419043, 10.708948270949765 ], [ 122.573238913955961, 10.708502432846837 ], [ 122.572923806477547, 10.708275628732036 ], [ 122.572588516902101, 10.708021395480712 ], [ 122.571637743346614, 10.707662689888178 ], [ 122.571443400147004, 10.707614070477572 ], [ 122.571005887015119, 10.709420704188656 ] ] ] ] } },
{ "type": "Feature", "properties": { "psgc": "0603022202", "admin_type": "Barangay", "region": "Region VI (Western Visayas)", "province": "Iloilo", "municity": "Iloilo City", "district": "La Paz", "barangay": "Rizal (La Paz)", "population": "2204" }, "geometry": { "type": "MultiPolygon", "coordinates": [ [ [ [ 122.570640192534626, 10.706444053246781 ], [ 122.57027765686442, 10.706034608218408 ], [ 122.570148630377048, 10.705829193866713 ], [ 122.569594219470474, 10.705103561045295 ], [ 122.5695149246108, 10.705174770805522 ], [ 122.569453316950558, 10.7052185780764 ], [ 122.569394744561336, 10.705256404208809 ], [ 122.569327310216153, 10.705287358719962 ], [ 122.569293787960063, 10.705300157109006 ], [ 122.56923322863787, 10.705316034304255 ], [ 122.569163593019084, 10.705328906289523 ], [ 122.569088914072012, 10.705340773737214 ], [ 122.569001106129036, 10.705361600995843 ], [ 122.568928432373681, 10.705382449150534 ], [ 122.568801458036489, 10.705426522567707 ], [ 122.569079823390709, 10.706374421477783 ], [ 122.569170564270536, 10.706728316646288 ], [ 122.569254927170988, 10.707232021597665 ], [ 122.567790063139455, 10.708374712539802 ], [ 122.568884524715372, 10.709250307104412 ], [ 122.571331918064871, 10.707279106527279 ], [ 122.571270465657733, 10.707194426999157 ], [ 122.571065006108512, 10.706679264902828 ], [ 122.57083445723552, 10.706625550346317 ], [ 122.570853261523496, 10.706554935589013 ], [ 122.570853251876756, 10.70655493605811 ], [ 122.570712542675125, 10.706514989690666 ], [ 122.570728732160191, 10.706452738037477 ], [ 122.570640205335863, 10.706444087784773 ], [ 122.570640192534626, 10.706444053246781 ] ] ] ] } },
{ "type": "Feature", "properties": { "psgc": "0603022029", "admin_type": "Barangay", "region": "Region VI (Western Visayas)", "province": "Iloilo", "municity": "Iloilo City", "district": "La Paz", "barangay": "Caingin", "population": "4695" }, "geometry": { "type": "MultiPolygon", "coordinates": [ [ [ [ 122.576480523716938, 10.716121103827781 ], [ 122.576468498501853, 10.71596214434379 ], [ 122.576447204590565, 10.715802068003809 ], [ 122.576414075217599, 10.715687583954939 ], [ 122.576378864281224, 10.715601455349288 ], [ 122.576176030712332, 10.71541427276515 ], [ 122.575375650317824, 10.714434427789458 ], [ 122.573975271843281, 10.715604913357868 ], [ 122.573780041775123, 10.715768092264216 ], [ 122.573415271292077, 10.716065647030236 ], [ 122.573247317926317, 10.716153512698071 ], [ 122.57305242728907, 10.716216414777241 ], [ 122.572875965827947, 10.716243750076723 ], [ 122.572704826416611, 10.716249457630381 ], [ 122.572331707388301, 10.716142518821643 ], [ 122.572154027348375, 10.716085234236051 ], [ 122.571946049620536, 10.716132926465521 ], [ 122.571778262459191, 10.716214625271538 ], [ 122.571625038185147, 10.716333357244155 ], [ 122.571368102714175, 10.716581454806246 ], [ 122.571773745795014, 10.717004932107795 ], [ 122.571979588955315, 10.716883536869416 ], [ 122.572162819590147, 10.716760270412271 ], [ 122.572349636630719, 10.716682036599019 ], [ 122.572528075045525, 10.716628465005106 ], [ 122.572706713031295, 10.716616938204389 ], [ 122.57287872446976, 10.716680018170395 ], [ 122.573064058357744, 10.716863199463768 ], [ 122.573567421640732, 10.717610142552076 ], [ 122.573798286329165, 10.717964595724293 ], [ 122.573902733829598, 10.718133990650792 ], [ 122.574111274351495, 10.718505095544591 ], [ 122.574274439331461, 10.718860432646576 ], [ 122.57450525284699, 10.719401698313108 ], [ 122.574732033814527, 10.719956608658704 ], [ 122.574842647480324, 10.720310548588118 ], [ 122.574981117293291, 10.720670213261995 ], [ 122.575084578080279, 10.720838149394448 ], [ 122.575253231789503, 10.721024777676929 ], [ 122.575440165358529, 10.721136051271214 ], [ 122.575623716727065, 10.721139592805294 ], [ 122.57581028225907, 10.721086558758133 ], [ 122.575985681955544, 10.720941215269152 ], [ 122.57619992899302, 10.720640191156027 ], [ 122.576542183354832, 10.720253241945986 ], [ 122.576907432381674, 10.71994088007119 ], [ 122.577259710204103, 10.719668973564227 ], [ 122.577628920615695, 10.719405167557783 ], [ 122.577710134646281, 10.719317454177773 ], [ 122.577752135283319, 10.719215029539672 ], [ 122.577758221568786, 10.719035288378299 ], [ 122.577753757676646, 10.718826280495696 ], [ 122.577740746961794, 10.718489257698003 ], [ 122.577726481717903, 10.718122110234891 ], [ 122.577678891877881, 10.717806634812716 ], [ 122.577267482765876, 10.717956206777156 ], [ 122.577077478756436, 10.718005779568818 ], [ 122.576962771275461, 10.717971643411309 ], [ 122.576890787858815, 10.717762227469011 ], [ 122.576553274510005, 10.716490897102098 ], [ 122.576480523716938, 10.716121103827781 ] ] ] ] } },
{ "type": "Feature", "properties": { "psgc": "0603022012", "admin_type": "Barangay", "region": "Region VI (Western Visayas)", "province": "Iloilo", "municity": "Iloilo City", "district": "La Paz", "barangay": "Baldoza", "population": "6255" }, "geometry": { "type": "MultiPolygon", "coordinates": [ [ [ [ 122.585718090694456, 10.713864444452359 ], [ 122.58553836858178, 10.713927705895065 ], [ 122.58518255139434, 10.714062079924723 ], [ 122.585005201984899, 10.71410455738368 ], [ 122.585005163767292, 10.714104570986395 ], [ 122.584645595415253, 10.714198125167377 ], [ 122.584459673642272, 10.714235863556242 ], [ 122.584288697409178, 10.714227815054517 ], [ 122.58392040316275, 10.71416813822824 ], [ 122.58248436651769, 10.71392429336113 ], [ 122.582311930622808, 10.713906274910611 ], [ 122.582128881450473, 10.713900783063064 ], [ 122.581950612588244, 10.713909310432335 ], [ 122.581766049127353, 10.713921652829857 ], [ 122.581586384117799, 10.713918213792835 ], [ 122.581378434269894, 10.713915179760017 ], [ 122.58137845150992, 10.713915172661823 ], [ 122.58137844569427, 10.71391517257697 ], [ 122.581682648136322, 10.713696473558072 ], [ 122.583110798707807, 10.712371969358548 ], [ 122.583926077626074, 10.711592660848881 ], [ 122.583034632981622, 10.710724492641585 ], [ 122.583034610040002, 10.710724488606553 ], [ 122.582938839313925, 10.710593307063121 ], [ 122.582779303311028, 10.710546964512957 ], [ 122.582779299920631, 10.710546957703269 ], [ 122.581299805575469, 10.710583966713873 ], [ 122.581101962486954, 10.710505743054712 ], [ 122.579030448863534, 10.708758395769921 ], [ 122.578494479860979, 10.709315257194246 ], [ 122.578185546767074, 10.709602197095654 ], [ 122.577741548807282, 10.70993468222618 ], [ 122.577276182563736, 10.710346212408721 ], [ 122.577558206107142, 10.710615482657479 ], [ 122.577498258006656, 10.710808461984451 ], [ 122.576947138194484, 10.711198888754284 ], [ 122.57637676666495, 10.71163509329787 ], [ 122.576005411524505, 10.711868948807604 ], [ 122.577392423846391, 10.713826822890116 ], [ 122.576388676280047, 10.713899158204278 ], [ 122.575938510135202, 10.71396918098535 ], [ 122.575460201752065, 10.714311562952618 ], [ 122.575375650317824, 10.714434427789458 ], [ 122.576176030712332, 10.71541427276515 ], [ 122.576378864281224, 10.715601455349288 ], [ 122.576414075217599, 10.715687583954939 ], [ 122.576447204590565, 10.715802068003809 ], [ 122.576468498501853, 10.71596214434379 ], [ 122.576480523716938, 10.716121103827781 ], [ 122.576553274510005, 10.716490897102098 ], [ 122.576890787858815, 10.717762227469011 ], [ 122.576962771275461, 10.717971643411309 ], [ 122.577077478756436, 10.718005779568818 ], [ 122.577267482765876, 10.717956206777156 ], [ 122.577678891877881, 10.717806634812716 ], [ 122.577516729356432, 10.717409400786536 ], [ 122.5774996745902, 10.717230945285076 ], [ 122.577476403128031, 10.717039186111046 ], [ 122.577434539759224, 10.71687015103069 ], [ 122.577380921505167, 10.716685801539441 ], [ 122.577320163248913, 10.716490264214789 ], [ 122.577185476879038, 10.7161497525257 ], [ 122.577076458533043, 10.715794724973643 ], [ 122.576946617380159, 10.715415167558261 ], [ 122.576899825155763, 10.715241155822275 ], [ 122.576886554357188, 10.715085249505401 ], [ 122.576894974445892, 10.714892249896319 ], [ 122.576963913814112, 10.714709521162717 ], [ 122.57709362241927, 10.714567395856616 ], [ 122.577285859811298, 10.714465963903255 ], [ 122.577467602380096, 10.714417271708715 ], [ 122.577829662913985, 10.714293289508184 ], [ 122.578205620633852, 10.714164547864991 ], [ 122.578729644574054, 10.714038399326324 ], [ 122.579119479085179, 10.713955996546561 ], [ 122.579275004802369, 10.713943997430482 ], [ 122.579461339909301, 10.713947003210748 ], [ 122.57962770869652, 10.714007919807537 ], [ 122.580002596061945, 10.714215062044794 ], [ 122.580375426351466, 10.714458289166355 ], [ 122.580733179358916, 10.714733671428437 ], [ 122.581103298610699, 10.715058582032583 ], [ 122.581301450678524, 10.715265038763363 ], [ 122.581481180312508, 10.715423929742562 ], [ 122.581821497491987, 10.715784477287706 ], [ 122.582018981955144, 10.716007878526199 ], [ 122.582219857767797, 10.716160390812052 ], [ 122.582387978035911, 10.716238905742163 ], [ 122.582573608932137, 10.716279948032224 ], [ 122.582754507392295, 10.716297542597879 ], [ 122.582930573357132, 10.71631995410606 ], [ 122.583130778635322, 10.716328943160333 ], [ 122.583312767975585, 10.716316931035376 ], [ 122.58348510444344, 10.716302333037365 ], [ 122.583656763334332, 10.716287813118605 ], [ 122.583857701221902, 10.716246767990562 ], [ 122.584040906779862, 10.716193490362397 ], [ 122.584197727173162, 10.716110230033362 ], [ 122.584417079805803, 10.715973083751473 ], [ 122.584627977379014, 10.715804555969028 ], [ 122.584847307996256, 10.715602421646796 ], [ 122.585324021711145, 10.715070051948606 ], [ 122.585503749959003, 10.714872445808723 ], [ 122.585694832606904, 10.714705880927022 ], [ 122.585857013913213, 10.714593484801885 ], [ 122.585955496704415, 10.714577260764756 ], [ 122.586055472519348, 10.714592691382355 ], [ 122.586232650173869, 10.714623625068009 ], [ 122.586406747809974, 10.714668278659293 ], [ 122.586595907513427, 10.714738865118475 ], [ 122.58696349509701, 10.714898031860912 ], [ 122.58733202957103, 10.715076401303287 ], [ 122.587686411128615, 10.715258284618587 ], [ 122.588231172909673, 10.715597347623236 ], [ 122.58849063870835, 10.715795699163449 ], [ 122.588632999969533, 10.715649900115869 ], [ 122.588240832645909, 10.715322954351524 ], [ 122.58824081777928, 10.715322958667331 ], [ 122.588015022484655, 10.715206191228145 ], [ 122.58788667571207, 10.715096429782587 ], [ 122.58777833959212, 10.714944700278979 ], [ 122.587516752071423, 10.714571953298757 ], [ 122.587331405310366, 10.714363112842916 ], [ 122.58724760167803, 10.714292460843721 ], [ 122.587157883459227, 10.714269663893818 ], [ 122.586975517303429, 10.714284164927133 ], [ 122.586899442284007, 10.71430277081134 ], [ 122.586800709417602, 10.714294386248245 ], [ 122.586723468549195, 10.714252094807444 ], [ 122.586620772228855, 10.71416862866583 ], [ 122.586452222344633, 10.714013062348208 ], [ 122.586386486627603, 10.713925453794282 ], [ 122.58631673039713, 10.713740293694118 ], [ 122.58625436581687, 10.713679632966356 ], [ 122.586078145451694, 10.713709679034441 ], [ 122.585884617813704, 10.7138029965142 ], [ 122.585718094237365, 10.713864446369639 ], [ 122.585718090694456, 10.713864444452359 ] ] ] ] } },
{ "type": "Feature", "properties": { "psgc": "0603022077", "admin_type": "Barangay", "region": "Region VI (Western Visayas)", "province": "Iloilo", "municity": "Iloilo City", "district": "La Paz", "barangay": "Jereos", "population": "3672" }, "geometry": { "type": "MultiPolygon", "coordinates": [ [ [ [ 122.565968996259102, 10.720884343007794 ], [ 122.566124725110569, 10.720739992239835 ], [ 122.566451575021205, 10.720556674264119 ], [ 122.566661484282719, 10.720432446580844 ], [ 122.566847591725818, 10.720245342439528 ], [ 122.567029288499782, 10.72016036563244 ], [ 122.567399202002676, 10.720048172187933 ], [ 122.567952350746964, 10.719942574785492 ], [ 122.568682955787324, 10.719792749830123 ], [ 122.569409819455856, 10.719649509790674 ], [ 122.569954224205546, 10.719519850556933 ], [ 122.570138324287242, 10.719467359909675 ], [ 122.570265672936713, 10.719390140505714 ], [ 122.57040757529488, 10.719217053236184 ], [ 122.570597934520805, 10.718830627996148 ], [ 122.570683797605085, 10.718674287389128 ], [ 122.570933748909653, 10.718318114408184 ], [ 122.571084239433901, 10.718115628942215 ], [ 122.571204987387077, 10.717952052582397 ], [ 122.571321048826462, 10.717763629845081 ], [ 122.571421285591299, 10.71758463234298 ], [ 122.571503834680527, 10.717398219885846 ], [ 122.571606830374051, 10.717219713979986 ], [ 122.571773745795014, 10.717004932107795 ], [ 122.571368102714175, 10.716581454806246 ], [ 122.569714729218191, 10.715250148649048 ], [ 122.569447732884896, 10.714983822096233 ], [ 122.569099116899309, 10.71560480591101 ], [ 122.568863683528576, 10.715955685425545 ], [ 122.56845031294084, 10.716489928328961 ], [ 122.568234629102079, 10.716844680414765 ], [ 122.567920817726105, 10.717397216532195 ], [ 122.567383066863528, 10.718305424642265 ], [ 122.566839665652566, 10.719163806080999 ], [ 122.566645531461219, 10.719510253826776 ], [ 122.566470166434982, 10.719793252297267 ], [ 122.566278536719082, 10.720066787585454 ], [ 122.565910962697075, 10.720455245726642 ], [ 122.565692419834718, 10.720624317148864 ], [ 122.565968996259102, 10.720884343007794 ] ] ] ] } },
{ "type": "Feature", "properties": { "psgc": "0603022095", "admin_type": "Barangay", "region": "Region VI (Western Visayas)", "province": "Iloilo", "municity": "Iloilo City", "district": "La Paz", "barangay": "Lopez Jaena Norte", "population": "1879" }, "geometry": { "type": "MultiPolygon", "coordinates": [ [ [ [ 122.570802478234285, 10.713114334375243 ], [ 122.571410104173154, 10.713610152292754 ], [ 122.572459993209023, 10.714600941118375 ], [ 122.573071108193176, 10.714699067722069 ], [ 122.573133327037226, 10.714728755994296 ], [ 122.573975271843281, 10.715604913357868 ], [ 122.575375650317824, 10.714434427789458 ], [ 122.575460201752065, 10.714311562952618 ], [ 122.574812845473446, 10.71379252288796 ], [ 122.574484902204674, 10.713558419620004 ], [ 122.574236142057629, 10.713363600011476 ], [ 122.573328885705408, 10.712690204406465 ], [ 122.572855622857361, 10.712339976443396 ], [ 122.571874816136017, 10.711583567316964 ], [ 122.570802478234285, 10.713114334375243 ] ] ] ] } },
{ "type": "Feature", "properties": { "psgc": "0603022099", "admin_type": "Barangay", "region": "Region VI (Western Visayas)", "province": "Iloilo", "municity": "Iloilo City", "district": "La Paz", "barangay": "Burgos-Mabini-Plaza", "population": "1763" }, "geometry": { "type": "MultiPolygon", "coordinates": [ [ [ [ 122.568234629102079, 10.716844680414765 ], [ 122.56845031294084, 10.716489928328961 ], [ 122.568863683528576, 10.715955685425545 ], [ 122.569099116899309, 10.71560480591101 ], [ 122.569447732884896, 10.714983822096233 ], [ 122.570032269362684, 10.714140272377085 ], [ 122.570802478234285, 10.713114334375243 ], [ 122.571874816136017, 10.711583567316964 ], [ 122.571404688871183, 10.711253227703059 ], [ 122.570374828864033, 10.71046204233464 ], [ 122.569590967458396, 10.709808831955188 ], [ 122.568155228354613, 10.711521249302361 ], [ 122.567620717950589, 10.712095668653996 ], [ 122.568084093453436, 10.713355368970667 ], [ 122.568175103805814, 10.71349487138292 ], [ 122.565180802732243, 10.717213507215952 ], [ 122.565071577712956, 10.717395673740517 ], [ 122.565198817116666, 10.717495551158438 ], [ 122.565121367266002, 10.717883966576236 ], [ 122.565616510649278, 10.718476184887937 ], [ 122.56622661230044, 10.719200121158813 ], [ 122.566645531461219, 10.719510253826776 ], [ 122.566839665652566, 10.719163806080999 ], [ 122.567383066863528, 10.718305424642265 ], [ 122.567920817726105, 10.717397216532195 ], [ 122.568234629102079, 10.716844680414765 ] ] ] ] } },
{ "type": "Feature", "properties": { "psgc": "0603022063", "admin_type": "Barangay", "region": "Region VI (Western Visayas)", "province": "Iloilo", "municity": "Iloilo City", "district": "La Paz", "barangay": "Gustilo", "population": "2510" }, "geometry": { "type": "MultiPolygon", "coordinates": [ [ [ [ 122.571368102714175, 10.716581454806246 ], [ 122.571625038185147, 10.716333357244155 ], [ 122.571778262459191, 10.716214625271538 ], [ 122.571946049620536, 10.716132926465521 ], [ 122.572154027348375, 10.716085234236051 ], [ 122.572331707388301, 10.716142518821643 ], [ 122.572704826416611, 10.716249457630381 ], [ 122.572875965827947, 10.716243750076723 ], [ 122.57305242728907, 10.716216414777241 ], [ 122.573247317926317, 10.716153512698071 ], [ 122.573415271292077, 10.716065647030236 ], [ 122.573780041775123, 10.715768092264216 ], [ 122.573975271843281, 10.715604913357868 ], [ 122.573133327037226, 10.714728755994296 ], [ 122.573071108193176, 10.714699067722069 ], [ 122.572459993209023, 10.714600941118375 ], [ 122.571410104173154, 10.713610152292754 ], [ 122.570802478234285, 10.713114334375243 ], [ 122.570032269362684, 10.714140272377085 ], [ 122.569447732884896, 10.714983822096233 ], [ 122.569714729218191, 10.715250148649048 ], [ 122.571368102714175, 10.716581454806246 ] ] ] ] } },
{ "type": "Feature", "properties": { "psgc": "0603022047", "admin_type": "Barangay", "region": "Region VI (Western Visayas)", "province": "Iloilo", "municity": "Iloilo City", "district": "Lapuz", "barangay": "Don Esteban-Lapuz", "population": "3501" }, "geometry": { "type": "MultiPolygon", "coordinates": [ [ [ [ 122.580034925890317, 10.704022920619202 ], [ 122.579836602698435, 10.703849257912266 ], [ 122.579671169607053, 10.703803974357335 ], [ 122.579477198947316, 10.703847593674402 ], [ 122.57930204792693, 10.70387495376589 ], [ 122.579119696585124, 10.70386870099844 ], [ 122.578914149873498, 10.703850406613983 ], [ 122.578773809770311, 10.703729332626409 ], [ 122.578574001957435, 10.70371404342538 ], [ 122.578395668685076, 10.703716393688209 ], [ 122.578198015186871, 10.703781003495672 ], [ 122.578025900896151, 10.703848336637783 ], [ 122.577292297188649, 10.702762720313244 ], [ 122.577213920835362, 10.702657849704847 ], [ 122.577132685657233, 10.702702688256204 ], [ 122.577106131986852, 10.702581065310977 ], [ 122.576741791443069, 10.702760870042702 ], [ 122.575459925325717, 10.703851292278769 ], [ 122.57533198918108, 10.703900643065007 ], [ 122.575510413367567, 10.704001355117022 ], [ 122.575669401295016, 10.704279120959303 ], [ 122.575659731637828, 10.704374612795785 ], [ 122.576109574654083, 10.704973498797047 ], [ 122.576489568668393, 10.705445348474573 ], [ 122.576894502360688, 10.705884189804481 ], [ 122.577112255400138, 10.70607915589393 ], [ 122.577395575233908, 10.706319127582399 ], [ 122.577797047106642, 10.70661267557122 ], [ 122.578047251641749, 10.70672256828526 ], [ 122.578543819212953, 10.7060453558106 ], [ 122.578920467311335, 10.705328221074133 ], [ 122.578920479612691, 10.70532818306461 ], [ 122.57892048540775, 10.705328186618619 ], [ 122.578920491041728, 10.705328175891552 ], [ 122.57921422386876, 10.705508316914607 ], [ 122.580263548168915, 10.70432561719624 ], [ 122.580171393655192, 10.704214219759008 ], [ 122.580034953184594, 10.704022954064312 ], [ 122.580034923615315, 10.70402293580748 ], [ 122.580034925890317, 10.704022920619202 ] ] ] ] } },
{ "type": "Feature", "properties": { "psgc": "0603022182", "admin_type": "Barangay", "region": "Region VI (Western Visayas)", "province": "Iloilo", "municity": "Iloilo City", "district": "Jaro", "barangay": "Taytay Zone II", "population": "1009" }, "geometry": { "type": "MultiPolygon", "coordinates": [ [ [ [ 122.551812279896438, 10.722624335451709 ], [ 122.552273188273816, 10.723187743074796 ], [ 122.552341948427625, 10.723159882849405 ], [ 122.552625221265799, 10.723465892211221 ], [ 122.553785743894323, 10.722677769320089 ], [ 122.554011194503175, 10.722967762244387 ], [ 122.554096015801449, 10.722914152175138 ], [ 122.554698592291231, 10.722471351258035 ], [ 122.554186886860393, 10.721798931750788 ], [ 122.553663293614576, 10.721105286080283 ], [ 122.55291219181241, 10.721696585734184 ], [ 122.552484601750251, 10.721967554940962 ], [ 122.552219302511716, 10.722215907391977 ], [ 122.551812279896438, 10.722624335451709 ] ] ] ] } },
{ "type": "Feature", "properties": { "psgc": "0603022025", "admin_type": "Barangay", "region": "Region VI (Western Visayas)", "province": "Iloilo", "municity": "Iloilo City", "district": "Mandurriao", "barangay": "Buhang Taft North", "population": "2236" }, "geometry": { "type": "MultiPolygon", "coordinates": [ [ [ [ 122.549489319213393, 10.711449299530736 ], [ 122.54913306991925, 10.711238902398073 ], [ 122.548758404650613, 10.711013552846602 ], [ 122.548375312022685, 10.710682314640248 ], [ 122.546745956845001, 10.71212760080939 ], [ 122.546129383829239, 10.712660665818792 ], [ 122.544995155111934, 10.713247368059674 ], [ 122.545078123005297, 10.713411174540898 ], [ 122.545179001802566, 10.713572885504577 ], [ 122.545270527258907, 10.713762844666984 ], [ 122.545369672840479, 10.713944073964152 ], [ 122.545460623227072, 10.714110322964688 ], [ 122.545563801118206, 10.71429976169231 ], [ 122.545641502696384, 10.714440953518961 ], [ 122.545806629700124, 10.714821814837151 ], [ 122.545837281627314, 10.714898039434244 ], [ 122.545871516084503, 10.715017235183755 ], [ 122.54590629482658, 10.715198770783418 ], [ 122.545932837601683, 10.715382625815788 ], [ 122.545972263005098, 10.715557814126312 ], [ 122.546013700750649, 10.715741944153846 ], [ 122.546063458315572, 10.71593880376664 ], [ 122.546128430641929, 10.716089958286455 ], [ 122.546192166773082, 10.716268544890813 ], [ 122.546285214456105, 10.716466574800904 ], [ 122.546387124001626, 10.716635493201142 ], [ 122.546519857275371, 10.716831680006699 ], [ 122.546647873667752, 10.717011605254388 ], [ 122.546794821631579, 10.717207760284307 ], [ 122.546918403362127, 10.717363232804347 ], [ 122.547080040284385, 10.717546165719943 ], [ 122.547259121096317, 10.71773272947132 ], [ 122.547384183053993, 10.717906087029457 ], [ 122.547496140168789, 10.718101847151022 ], [ 122.547744576845957, 10.718550595799643 ], [ 122.548301574166686, 10.719752587811849 ], [ 122.54892468619208, 10.72115498559261 ], [ 122.54907307267041, 10.72153489733466 ], [ 122.549106206863385, 10.721698001821196 ], [ 122.549102922658804, 10.721910399883802 ], [ 122.549039297175483, 10.722180970946765 ], [ 122.549641972744652, 10.722429438291503 ], [ 122.549784747626475, 10.72236003454438 ], [ 122.549836230389275, 10.722253492849214 ], [ 122.549931949349642, 10.722114812421426 ], [ 122.550029520578988, 10.722020782823794 ], [ 122.550125962098193, 10.721872907657026 ], [ 122.55014484147047, 10.721771648164143 ], [ 122.550142229466317, 10.721719628007939 ], [ 122.550137162737755, 10.721534598933374 ], [ 122.550261535517976, 10.721405600929227 ], [ 122.550388694078961, 10.721339375146629 ], [ 122.550560019360688, 10.721159892088954 ], [ 122.55077925472807, 10.72111263772552 ], [ 122.550934392248024, 10.721033570945703 ], [ 122.551034545871332, 10.721020451891473 ], [ 122.551116217232973, 10.720980974983433 ], [ 122.551303546477428, 10.720822660346363 ], [ 122.551495255582722, 10.72073088358607 ], [ 122.551678021847664, 10.720627616098897 ], [ 122.551854619117023, 10.720542513135362 ], [ 122.55202040821095, 10.720443096968307 ], [ 122.552213082109645, 10.720284789588831 ], [ 122.552389671942223, 10.720158176505107 ], [ 122.552500085517678, 10.720108361743586 ], [ 122.552582187064715, 10.720105595324718 ], [ 122.552726292278962, 10.720253823802524 ], [ 122.552764766428112, 10.720449721454726 ], [ 122.552790728552765, 10.720529424722439 ], [ 122.552776496559133, 10.720639892779463 ], [ 122.552794950203193, 10.720708531379223 ], [ 122.552756103379437, 10.720808979711201 ], [ 122.552777990519758, 10.720898874988954 ], [ 122.552757232705105, 10.721009814858743 ], [ 122.552860402167695, 10.721167249657512 ], [ 122.55293326870553, 10.721253244033038 ], [ 122.553019698812335, 10.721290630123166 ], [ 122.553115030230273, 10.721242937473798 ], [ 122.553239935374734, 10.721117689001435 ], [ 122.553313168196368, 10.721005342406515 ], [ 122.553341602020041, 10.720910251552992 ], [ 122.553316547497673, 10.720788575294321 ], [ 122.553319067224621, 10.720635307649047 ], [ 122.553510020899722, 10.720536884487386 ], [ 122.553666790223218, 10.720456080811863 ], [ 122.553828277217022, 10.720483930333911 ], [ 122.553465027743641, 10.720177285695906 ], [ 122.552877323876615, 10.719580529863666 ], [ 122.552687441766196, 10.719465876268986 ], [ 122.552593934068227, 10.719375681212345 ], [ 122.552044805160875, 10.719065075313958 ], [ 122.55080664675576, 10.717746959601941 ], [ 122.551497219420966, 10.717153509534487 ], [ 122.552880909912801, 10.716307000646532 ], [ 122.552868242561928, 10.716130164908328 ], [ 122.552847783693196, 10.715925891674305 ], [ 122.552820110621724, 10.715751930700106 ], [ 122.552789866494024, 10.715566333131074 ], [ 122.552756125180622, 10.715408654831331 ], [ 122.552708382275142, 10.715197447854628 ], [ 122.552474596102385, 10.714256137700673 ], [ 122.55185797751804, 10.711960964091951 ], [ 122.551807494229962, 10.711765920309418 ], [ 122.551763375093614, 10.711575877617996 ], [ 122.55172768026047, 10.711419449071979 ], [ 122.55171326033755, 10.711251689232643 ], [ 122.55149888788398, 10.711252895374049 ], [ 122.551315897252124, 10.711254464763378 ], [ 122.551135193773632, 10.711299071716649 ], [ 122.550941532220193, 10.711379882920324 ], [ 122.550779915449098, 10.711472347659017 ], [ 122.550584896507104, 10.711588357365049 ], [ 122.550407832538724, 10.711643162991439 ], [ 122.550215917160116, 10.711677581102588 ], [ 122.550044870989765, 10.711688003074496 ], [ 122.549977434556837, 10.711674350729949 ], [ 122.549836094538833, 10.711609279249769 ], [ 122.549489319213393, 10.711449299530736 ] ] ] ] } },
{ "type": "Feature", "properties": { "psgc": "0603022078", "admin_type": "Barangay", "region": "Region VI (Western Visayas)", "province": "Iloilo", "municity": "Iloilo City", "district": "Jaro", "barangay": "Calubihan", "population": "925" }, "geometry": { "type": "MultiPolygon", "coordinates": [ [ [ [ 122.55291219181241, 10.721696585734184 ], [ 122.553663293614576, 10.721105286080283 ], [ 122.553481926282714, 10.720869566972231 ], [ 122.553319067224621, 10.720635307649047 ], [ 122.553316547497673, 10.720788575294321 ], [ 122.553341602020041, 10.720910251552992 ], [ 122.553313168196368, 10.721005342406515 ], [ 122.553239935374734, 10.721117689001435 ], [ 122.553115030230273, 10.721242937473798 ], [ 122.553019698812335, 10.721290630123166 ], [ 122.55293326870553, 10.721253244033038 ], [ 122.552860402167695, 10.721167249657512 ], [ 122.552757232705105, 10.721009814858743 ], [ 122.552777990519758, 10.720898874988954 ], [ 122.552756103379437, 10.720808979711201 ], [ 122.552794950203193, 10.720708531379223 ], [ 122.552776496559133, 10.720639892779463 ], [ 122.552790728552765, 10.720529424722439 ], [ 122.552764766428112, 10.720449721454726 ], [ 122.552726292278962, 10.720253823802524 ], [ 122.552582187064715, 10.720105595324718 ], [ 122.552500085517678, 10.720108361743586 ], [ 122.552389671942223, 10.720158176505107 ], [ 122.552213082109645, 10.720284789588831 ], [ 122.55202040821095, 10.720443096968307 ], [ 122.551854619117023, 10.720542513135362 ], [ 122.551678021847664, 10.720627616098897 ], [ 122.551495255582722, 10.72073088358607 ], [ 122.551303546477428, 10.720822660346363 ], [ 122.551116217232973, 10.720980974983433 ], [ 122.551034545871332, 10.721020451891473 ], [ 122.550934392248024, 10.721033570945703 ], [ 122.55077925472807, 10.72111263772552 ], [ 122.550560019360688, 10.721159892088954 ], [ 122.550388694078961, 10.721339375146629 ], [ 122.550261535517976, 10.721405600929227 ], [ 122.550137162737755, 10.721534598933374 ], [ 122.550142229466317, 10.721719628007939 ], [ 122.55014484147047, 10.721771648164143 ], [ 122.550125962098193, 10.721872907657026 ], [ 122.550029520578988, 10.722020782823794 ], [ 122.549931949349642, 10.722114812421426 ], [ 122.549836230389275, 10.722253492849214 ], [ 122.549784747626475, 10.72236003454438 ], [ 122.55007160757232, 10.722592673136276 ], [ 122.550541261850469, 10.723144258175795 ], [ 122.550754673641578, 10.723151566615348 ], [ 122.551446147557002, 10.722623432041784 ], [ 122.551753903377417, 10.7225529766606 ], [ 122.551812279896438, 10.722624335451709 ], [ 122.552219302511716, 10.722215907391977 ], [ 122.552484601750251, 10.721967554940962 ], [ 122.55291219181241, 10.721696585734184 ] ] ] ] } },
{ "type": "Feature", "properties": { "psgc": "0603022160", "admin_type": "Barangay", "region": "Region VI (Western Visayas)", "province": "Iloilo", "municity": "Iloilo City", "district": "Mandurriao", "barangay": "San Rafael", "population": "2424" }, "geometry": { "type": "MultiPolygon", "coordinates": [ [ [ [ 122.55172768026047, 10.711419449071979 ], [ 122.551763375093614, 10.711575877617996 ], [ 122.551807494229962, 10.711765920309418 ], [ 122.55185797751804, 10.711960964091951 ], [ 122.552143686826781, 10.711749929532241 ], [ 122.553297885577223, 10.710609770202554 ], [ 122.5535454700277, 10.710796367872295 ], [ 122.553764402979667, 10.710893240313064 ], [ 122.55396027254821, 10.710934218620045 ], [ 122.554200890198985, 10.710843687798482 ], [ 122.554716204254646, 10.710621279109281 ], [ 122.554922343295672, 10.710526219447363 ], [ 122.555134933360236, 10.710428184729617 ], [ 122.555311433538165, 10.710349289031651 ], [ 122.555516226032395, 10.710257746469596 ], [ 122.555732935522329, 10.710169162283183 ], [ 122.555939206130716, 10.710106131559959 ], [ 122.556151288470261, 10.709888012367255 ], [ 122.556281789935198, 10.709778876177383 ], [ 122.556240896973009, 10.709616327622863 ], [ 122.556207149813844, 10.709493331716999 ], [ 122.556174857368916, 10.709350823729809 ], [ 122.556165611127568, 10.709310927431961 ], [ 122.556130087573933, 10.709212702985459 ], [ 122.556068282284997, 10.709059218309063 ], [ 122.556025016384581, 10.708953312992385 ], [ 122.555969340333476, 10.708850457927236 ], [ 122.555888910994781, 10.708707684456897 ], [ 122.555831653036023, 10.708626302648858 ], [ 122.555655193675179, 10.708405159987823 ], [ 122.555567174354024, 10.708295387871285 ], [ 122.555478951540408, 10.708180214592513 ], [ 122.555433167190969, 10.708108475581502 ], [ 122.555420158732744, 10.708088092759311 ], [ 122.555381518473538, 10.708000601556728 ], [ 122.555330519537804, 10.707880879423465 ], [ 122.555268701477345, 10.707736598383271 ], [ 122.55522392335574, 10.707604613374436 ], [ 122.555189973368272, 10.707491051407928 ], [ 122.555169993186922, 10.707368305569455 ], [ 122.555154658423604, 10.707250168257373 ], [ 122.555142445219531, 10.70711822969783 ], [ 122.555143032240707, 10.707042182297558 ], [ 122.555148276591737, 10.706957349543806 ], [ 122.555156092316508, 10.706864922824892 ], [ 122.555165167865383, 10.706786426896638 ], [ 122.555183219212708, 10.706697813594936 ], [ 122.55519868809327, 10.706624391873957 ], [ 122.555217969703008, 10.706569969673794 ], [ 122.55524497280841, 10.70648770049668 ], [ 122.555288660349646, 10.706376269588734 ], [ 122.555310531758067, 10.706301590718157 ], [ 122.555340115410019, 10.706205396214695 ], [ 122.555367109216235, 10.706129458370762 ], [ 122.555383841638104, 10.706067373625499 ], [ 122.555403174861013, 10.705977495858409 ], [ 122.555418654720313, 10.705896476501469 ], [ 122.555432878421868, 10.705798993811916 ], [ 122.555441933554278, 10.705734426832873 ], [ 122.555444604729075, 10.705658352197606 ], [ 122.555446002993179, 10.705577312761212 ], [ 122.555441026385424, 10.705478536423293 ], [ 122.555433485805395, 10.705382288974242 ], [ 122.555415811241389, 10.705212522017719 ], [ 122.555400663660606, 10.705065612826681 ], [ 122.555376612335579, 10.704879436495608 ], [ 122.555355003176501, 10.704774305077111 ], [ 122.555327109882242, 10.704681745737865 ], [ 122.555269695657742, 10.704549971537327 ], [ 122.555185420755507, 10.704402963747761 ], [ 122.555096023628607, 10.704257153640366 ], [ 122.554987457707171, 10.704088584516835 ], [ 122.554886559780741, 10.703928890208964 ], [ 122.55479713512014, 10.703802135330903 ], [ 122.554712814433969, 10.703686784167617 ], [ 122.554628530784342, 10.703546107588576 ], [ 122.554576291185015, 10.703470015803235 ], [ 122.554531588369571, 10.703400204874329 ], [ 122.554506070772135, 10.703341919898048 ], [ 122.554477994768476, 10.703282364992953 ], [ 122.554457614363116, 10.703212690899752 ], [ 122.554437226568865, 10.703148081884223 ], [ 122.55441685172903, 10.70307460897928 ], [ 122.554395226359858, 10.70298087392835 ], [ 122.554374873735171, 10.702892205783829 ], [ 122.554364778811191, 10.702792155842131 ], [ 122.554358483739108, 10.702719867218187 ], [ 122.554348418418769, 10.70259955695912 ], [ 122.554343473620506, 10.702479254015175 ], [ 122.554346213294636, 10.702356429504743 ], [ 122.554351452183766, 10.702275395554253 ], [ 122.554356650378764, 10.70222221953866 ], [ 122.554363106504724, 10.702184240589178 ], [ 122.554374718279675, 10.702122209828426 ], [ 122.554392754727914, 10.702043726702943 ], [ 122.554417662710875, 10.701942399224997 ], [ 122.554205847421713, 10.701842061061008 ], [ 122.55409583798351, 10.701786187837556 ], [ 122.554022928174433, 10.701746829161602 ], [ 122.553990947239015, 10.701731588167839 ], [ 122.553939769974008, 10.701712520904255 ], [ 122.553843804982449, 10.701681993125735 ], [ 122.553691827200879, 10.701652428672356 ], [ 122.553612172650176, 10.701633543394319 ], [ 122.55348931211924, 10.701611840926644 ], [ 122.553403573383179, 10.701591457831732 ], [ 122.553294796116461, 10.701568509178438 ], [ 122.553162976619276, 10.701545527482306 ], [ 122.553073224130003, 10.70152889652416 ], [ 122.553011789269007, 10.701521210865724 ], [ 122.552828757408975, 10.701503220732032 ], [ 122.5526546864469, 10.701485243342258 ], [ 122.552488294398941, 10.701468543144466 ], [ 122.552334692469501, 10.701459458846653 ], [ 122.552129876285647, 10.701456632308613 ], [ 122.551959630905074, 10.7014487902029 ], [ 122.55168153926256, 10.701449656934725 ], [ 122.55150104174632, 10.701449397477372 ], [ 122.551407888166608, 10.701454429248768 ], [ 122.551324898598253, 10.701462473592514 ], [ 122.551187190229328, 10.701484725662292 ], [ 122.551036472772239, 10.701512061258247 ], [ 122.55077620896445, 10.701569427212778 ], [ 122.550438194214095, 10.701653638611205 ], [ 122.550115640246759, 10.701751137940075 ], [ 122.549840758178604, 10.701839521722073 ], [ 122.549721085563945, 10.701879089272788 ], [ 122.54991719426117, 10.702517713016313 ], [ 122.550010658484481, 10.702737707019145 ], [ 122.550081507420103, 10.702909060839742 ], [ 122.550127948645041, 10.703083030088136 ], [ 122.550135409555409, 10.70327169238246 ], [ 122.550078580948778, 10.703439507311423 ], [ 122.550049312478151, 10.703625928100612 ], [ 122.550056726017075, 10.703811365581409 ], [ 122.550086064650131, 10.704001826935432 ], [ 122.550072613433727, 10.704191541045297 ], [ 122.549917579919608, 10.704207171911532 ], [ 122.548746886179345, 10.704274169014109 ], [ 122.547608367007911, 10.704272486932487 ], [ 122.547193552893461, 10.704000265481339 ], [ 122.546779529777695, 10.70369970194853 ], [ 122.546591985198603, 10.703850477575763 ], [ 122.546078107215678, 10.704446976535774 ], [ 122.545894909348561, 10.704693112267515 ], [ 122.545523650502332, 10.7051982955513 ], [ 122.545944144800103, 10.705507022941397 ], [ 122.545189365166522, 10.70623541540332 ], [ 122.545001933808379, 10.707602111224661 ], [ 122.544000661259474, 10.707592232651367 ], [ 122.54401145548303, 10.70832435653633 ], [ 122.543094748039621, 10.708331740061221 ], [ 122.543183665259093, 10.708512225476353 ], [ 122.543251440659475, 10.708676577460896 ], [ 122.543316370922355, 10.708866261130385 ], [ 122.543374926905997, 10.709048874970311 ], [ 122.54342447538319, 10.709227515736105 ], [ 122.543455328998206, 10.709418472045547 ], [ 122.54347666861446, 10.709583309003953 ], [ 122.543501766611143, 10.709765542292949 ], [ 122.543537357929779, 10.709959817907858 ], [ 122.543579878864165, 10.710123754951796 ], [ 122.543644802902008, 10.710312328120658 ], [ 122.54371134316203, 10.71048633323098 ], [ 122.543794873730818, 10.710664528493595 ], [ 122.543868813636081, 10.710850003872476 ], [ 122.54394197676757, 10.711022974329836 ], [ 122.544027219004533, 10.711208123076489 ], [ 122.544376650929081, 10.711949752379509 ], [ 122.544448158890702, 10.712086281653807 ], [ 122.544545810400464, 10.712317865595805 ], [ 122.544618456071362, 10.712474938094768 ], [ 122.544699456814257, 10.712661730415816 ], [ 122.544778992265407, 10.712845143457974 ], [ 122.544885779094898, 10.713035860269544 ], [ 122.544995155111934, 10.713247368059674 ], [ 122.546129383829239, 10.712660665818792 ], [ 122.546745956845001, 10.71212760080939 ], [ 122.548375312022685, 10.710682314640248 ], [ 122.54858022563063, 10.710873826680514 ], [ 122.548758404650613, 10.711013552846602 ], [ 122.54913306991925, 10.711238902398073 ], [ 122.549489319213393, 10.711449299530736 ], [ 122.549836094538833, 10.711609279249769 ], [ 122.549977434556837, 10.711674350729949 ], [ 122.550044870989765, 10.711688003074496 ], [ 122.550215917160116, 10.711677581102588 ], [ 122.550407832538724, 10.711643162991439 ], [ 122.550584896507104, 10.711588357365049 ], [ 122.550779915449098, 10.711472347659017 ], [ 122.550941532220193, 10.711379882920324 ], [ 122.551135193773632, 10.711299071716649 ], [ 122.551315897252124, 10.711254464763378 ], [ 122.55149888788398, 10.711252895374049 ], [ 122.55171326033755, 10.711251689232643 ], [ 122.55172768026047, 10.711419449071979 ] ] ] ] } },
{ "type": "Feature", "properties": { "psgc": "0603022052", "admin_type": "Barangay", "region": "Region VI (Western Visayas)", "province": "Iloilo", "municity": "Iloilo City", "district": "Molo", "barangay": "East Baluarte", "population": "1819" }, "geometry": { "type": "MultiPolygon", "coordinates": [ [ [ [ 122.551291001247264, 10.693684727852185 ], [ 122.551825632497753, 10.69325827541898 ], [ 122.55216767616318, 10.692931329500661 ], [ 122.551832500062304, 10.692496588318035 ], [ 122.551806721064196, 10.692275641312506 ], [ 122.551707859393531, 10.692265374386547 ], [ 122.551599878384721, 10.692254160367865 ], [ 122.551393873546672, 10.692246315458396 ], [ 122.551170791726605, 10.692259494707901 ], [ 122.551017316535862, 10.692252540527793 ], [ 122.550824027337796, 10.692249321413554 ], [ 122.550642118899518, 10.69224023639741 ], [ 122.550489931704021, 10.692242223125577 ], [ 122.550406151497057, 10.692236955594456 ], [ 122.550296882567324, 10.692225769164553 ], [ 122.55015535111778, 10.692209389319686 ], [ 122.55002475826879, 10.692187878284747 ], [ 122.549888752759998, 10.692158271418785 ], [ 122.549708828766626, 10.692110954666827 ], [ 122.549426351884037, 10.692035549555769 ], [ 122.549309086705591, 10.691991650711099 ], [ 122.548904208598714, 10.691919301397295 ], [ 122.548841445631595, 10.691925744538052 ], [ 122.548753016649357, 10.691939413401757 ], [ 122.548349375244939, 10.692127827304645 ], [ 122.548022267063828, 10.692297426964888 ], [ 122.547488415017327, 10.69262181408255 ], [ 122.547719747068015, 10.692964915045321 ], [ 122.548139058616684, 10.693402478861136 ], [ 122.548731003957712, 10.694021367510572 ], [ 122.549113427091669, 10.694268308794278 ], [ 122.549595343610648, 10.69451980060497 ], [ 122.5498788675676, 10.69479787134089 ], [ 122.55032985723858, 10.694647774475701 ], [ 122.550709870494345, 10.694322584671164 ], [ 122.551291001247264, 10.693684727852185 ] ] ] ] } },
{ "type": "Feature", "properties": { "psgc": "0603022035", "admin_type": "Barangay", "region": "Region VI (Western Visayas)", "province": "Iloilo", "municity": "Iloilo City", "district": "Molo", "barangay": "Cochero", "population": "806" }, "geometry": { "type": "MultiPolygon", "coordinates": [ [ [ [ 122.551825632497753, 10.69325827541898 ], [ 122.551291001247264, 10.693684727852185 ], [ 122.550709870494345, 10.694322584671164 ], [ 122.55032985723858, 10.694647774475701 ], [ 122.551583924883943, 10.695372908658925 ], [ 122.551671636815399, 10.695153472119902 ], [ 122.552504481665324, 10.695673280530002 ], [ 122.552657573084034, 10.695713151658573 ], [ 122.553040085792347, 10.695965503794389 ], [ 122.553371702417422, 10.69543328116819 ], [ 122.55371306758515, 10.695640274892622 ], [ 122.553870283882645, 10.695434888841696 ], [ 122.554205852548492, 10.694996503516951 ], [ 122.553924163762034, 10.694788316333833 ], [ 122.55357031001104, 10.694272349927626 ], [ 122.553725739145136, 10.694122511277786 ], [ 122.55335991450734, 10.693675983960365 ], [ 122.553176889784652, 10.693433308808634 ], [ 122.552753661403372, 10.692941342707176 ], [ 122.552505295382886, 10.692681756334723 ], [ 122.55252238991433, 10.692348777376374 ], [ 122.552047404571198, 10.692299507999374 ], [ 122.55198086070537, 10.692292909387406 ], [ 122.551806721064196, 10.692275641312506 ], [ 122.551832500062304, 10.692496588318035 ], [ 122.55216767616318, 10.692931329500661 ], [ 122.551825632497753, 10.69325827541898 ] ] ] ] } },
{ "type": "Feature", "properties": { "psgc": "0603022053", "admin_type": "Barangay", "region": "Region VI (Western Visayas)", "province": "Iloilo", "municity": "Iloilo City", "district": "Molo", "barangay": "East Timawa", "population": "775" }, "geometry": { "type": "MultiPolygon", "coordinates": [ [ [ [ 122.553830563575957, 10.697797337620242 ], [ 122.553862799397237, 10.697686371447629 ], [ 122.554668989957847, 10.697838923748215 ], [ 122.554829208064405, 10.696495705268049 ], [ 122.551979048185714, 10.696250019714599 ], [ 122.551398156663581, 10.696195890618798 ], [ 122.551136283068729, 10.696171578224046 ], [ 122.55085656637408, 10.696134568003931 ], [ 122.550521352027573, 10.696093253636661 ], [ 122.550344834032913, 10.696067655508905 ], [ 122.550189656969849, 10.696053351976973 ], [ 122.549670785022982, 10.696000508016535 ], [ 122.548963994468949, 10.695929087788832 ], [ 122.548303414033583, 10.695877522887129 ], [ 122.548237935571677, 10.695977255780729 ], [ 122.548096059714311, 10.696328322907528 ], [ 122.548024232111345, 10.69652161850763 ], [ 122.54782942330219, 10.696895136219633 ], [ 122.547994855834389, 10.697069829787713 ], [ 122.548838861306848, 10.697409401009505 ], [ 122.549439785468522, 10.696469491733545 ], [ 122.550568088983312, 10.697086329427316 ], [ 122.550865522947973, 10.697214166473161 ], [ 122.550452269716047, 10.697940409681268 ], [ 122.551312767526525, 10.697978677227143 ], [ 122.551398470628953, 10.697857217074032 ], [ 122.551558663710054, 10.697963178732634 ], [ 122.551890144041366, 10.697905514685099 ], [ 122.552066419966664, 10.697979781601434 ], [ 122.552548249388238, 10.697462425253105 ], [ 122.553830563575957, 10.697797337620242 ] ] ] ] } },
{ "type": "Feature", "properties": { "psgc": "0603022174", "admin_type": "Barangay", "region": "Region VI (Western Visayas)", "province": "Iloilo", "municity": "Iloilo City", "district": "Molo", "barangay": "Taal", "population": "1425" }, "geometry": { "type": "MultiPolygon", "coordinates": [ [ [ [ 122.547126553178686, 10.701874201308881 ], [ 122.547292430968966, 10.701926654706623 ], [ 122.547380114552823, 10.701953313952204 ], [ 122.547443047480542, 10.701967691726027 ], [ 122.547573053600388, 10.701988289548064 ], [ 122.547751968158551, 10.702017121923163 ], [ 122.547907775202631, 10.702037757013414 ], [ 122.548108367102813, 10.70206355921837 ], [ 122.54826283660897, 10.702082151271876 ], [ 122.548391514315696, 10.702094583138729 ], [ 122.548564566537934, 10.70210912010042 ], [ 122.548702537121045, 10.702118503903391 ], [ 122.548754667679489, 10.70211819750403 ], [ 122.548841863419895, 10.702117684988258 ], [ 122.549008144024683, 10.702106700364734 ], [ 122.549112409769421, 10.702086441859819 ], [ 122.549212551883357, 10.702063115974561 ], [ 122.549300320111726, 10.702032628944794 ], [ 122.549535969332467, 10.701943168690374 ], [ 122.549721085563945, 10.701879089272788 ], [ 122.549835413059569, 10.70183951385517 ], [ 122.550115640246759, 10.701751137940075 ], [ 122.550438194214095, 10.701653638611205 ], [ 122.55077620896445, 10.701569427212778 ], [ 122.551036472772239, 10.701512061258247 ], [ 122.551187190229328, 10.701484725662292 ], [ 122.551324898598253, 10.701462473592514 ], [ 122.551407888166608, 10.701454429248768 ], [ 122.55150104174632, 10.701449397477372 ], [ 122.55168153926256, 10.701449656934725 ], [ 122.551959630905074, 10.7014487902029 ], [ 122.552129876285647, 10.701456632308613 ], [ 122.552334692469501, 10.701459458846653 ], [ 122.552488294398941, 10.701468543144466 ], [ 122.5526546864469, 10.701485243342258 ], [ 122.552828757408975, 10.701503220732032 ], [ 122.553011789269007, 10.701521210865724 ], [ 122.553073224130003, 10.70152889652416 ], [ 122.553162976619276, 10.701545527482306 ], [ 122.553294796116461, 10.701568509178438 ], [ 122.553403573383179, 10.701591457831732 ], [ 122.55348931211924, 10.701611840926644 ], [ 122.553612172650176, 10.701633543394319 ], [ 122.553691827200879, 10.701652428672356 ], [ 122.554204372513396, 10.699724750586054 ], [ 122.554279486581166, 10.699471088382687 ], [ 122.554541911826888, 10.698821121351854 ], [ 122.554573774871997, 10.698678767805426 ], [ 122.554607292169706, 10.698356174944362 ], [ 122.554668989957847, 10.697838923748215 ], [ 122.553862799397237, 10.697686371447629 ], [ 122.553830563575957, 10.697797337620242 ], [ 122.552548249388238, 10.697462425253105 ], [ 122.552066419966664, 10.697979781601434 ], [ 122.551890144041366, 10.697905514685099 ], [ 122.551558663710054, 10.697963178732634 ], [ 122.551398470628953, 10.697857217074032 ], [ 122.551312767526525, 10.697978677227143 ], [ 122.550452269716047, 10.697940409681268 ], [ 122.550865522947973, 10.697214166473161 ], [ 122.550568088983312, 10.697086329427316 ], [ 122.549439785468522, 10.696469491733545 ], [ 122.548838861306848, 10.697409401009505 ], [ 122.547994855834389, 10.697069829787713 ], [ 122.54782942330219, 10.696895136219633 ], [ 122.547723291586195, 10.696921390619922 ], [ 122.547630760626859, 10.697050231934146 ], [ 122.547349254541203, 10.697438258276645 ], [ 122.547220470620701, 10.697619766742765 ], [ 122.547841327602214, 10.698003264327173 ], [ 122.549001945080704, 10.698671201985377 ], [ 122.548734022350388, 10.699114859355539 ], [ 122.548091184972861, 10.700060164963752 ], [ 122.547362605992674, 10.701148073271076 ], [ 122.547003801686756, 10.70183320460707 ], [ 122.547126553178686, 10.701874201308881 ] ] ] ] } },
{ "type": "Feature", "properties": { "psgc": "0603022192", "admin_type": "Barangay", "region": "Region VI (Western Visayas)", "province": "Iloilo", "municity": "Iloilo City", "district": "Molo", "barangay": "West Timawa", "population": "2051" }, "geometry": { "type": "MultiPolygon", "coordinates": [ [ [ [ 122.548303414033583, 10.695877522887129 ], [ 122.548963994468949, 10.695929087788832 ], [ 122.549670785022982, 10.696000508016535 ], [ 122.550189656969849, 10.696053351976973 ], [ 122.550344834032913, 10.696067655508905 ], [ 122.550521352027573, 10.696093253636661 ], [ 122.55085656637408, 10.696134568003931 ], [ 122.551136283068729, 10.696171578224046 ], [ 122.551398156663581, 10.696195890618798 ], [ 122.551979048185714, 10.696250019714599 ], [ 122.554829208064405, 10.696495705268049 ], [ 122.554897534341137, 10.695895860610126 ], [ 122.554593333014083, 10.695904823935487 ], [ 122.554290364095806, 10.695737772608362 ], [ 122.553870283882645, 10.695434888841696 ], [ 122.55371306758515, 10.695640274892622 ], [ 122.553371702417422, 10.69543328116819 ], [ 122.553040085792347, 10.695965503794389 ], [ 122.552657573084034, 10.695713151658573 ], [ 122.552504481665324, 10.695673280530002 ], [ 122.551671636815399, 10.695153472119902 ], [ 122.551583924883943, 10.695372908658925 ], [ 122.55032985723858, 10.694647774475701 ], [ 122.5498788675676, 10.69479787134089 ], [ 122.549595343610648, 10.69451980060497 ], [ 122.549113427091669, 10.694268308794278 ], [ 122.548842062025386, 10.694817937499341 ], [ 122.548870791186886, 10.694937991390059 ], [ 122.548749656310633, 10.695151471849499 ], [ 122.548299773324416, 10.695462200690708 ], [ 122.548303414033583, 10.695877522887129 ] ] ] ] } },
{ "type": "Feature", "properties": { "psgc": "0603022158", "admin_type": "Barangay", "region": "Region VI (Western Visayas)", "province": "Iloilo", "municity": "Iloilo City", "district": "Molo", "barangay": "San Pedro (Molo)", "population": "3230" }, "geometry": { "type": "MultiPolygon", "coordinates": [ [ [ [ 122.543412035598152, 10.697348658595814 ], [ 122.544127462337045, 10.697726605835665 ], [ 122.543711784924341, 10.698588069293372 ], [ 122.544286695932755, 10.698876940473482 ], [ 122.545256092996141, 10.69932255791945 ], [ 122.545115567468798, 10.699581589395025 ], [ 122.545035998584737, 10.699973923449351 ], [ 122.544827770996079, 10.699903280972489 ], [ 122.544714719883189, 10.700124485746356 ], [ 122.544492858328752, 10.700649104827201 ], [ 122.545025499702632, 10.700916674346715 ], [ 122.545392423913043, 10.701102804938193 ], [ 122.545630628703563, 10.701233771046571 ], [ 122.546046742319916, 10.70144709930409 ], [ 122.546151932257203, 10.701499295899154 ], [ 122.546255065752845, 10.701546387161153 ], [ 122.54628678196022, 10.701559445693256 ], [ 122.546406788390598, 10.701608855970266 ], [ 122.546562534447531, 10.701670310094753 ], [ 122.546753766407008, 10.701744061245678 ], [ 122.546862072379724, 10.701782996136114 ], [ 122.547003801686756, 10.70183320460707 ], [ 122.547362605992674, 10.701148073271076 ], [ 122.548091184972861, 10.700060164963752 ], [ 122.548734022350388, 10.699114859355539 ], [ 122.549001945080704, 10.698671201985377 ], [ 122.547841327602214, 10.698003264327173 ], [ 122.547220470620701, 10.697619766742765 ], [ 122.545394845702532, 10.696565433213577 ], [ 122.544853944758998, 10.696258700630406 ], [ 122.544388704377155, 10.695989318114904 ], [ 122.54409857052147, 10.69635549820814 ], [ 122.543889940653344, 10.696668041176219 ], [ 122.543618162214642, 10.697079429002391 ], [ 122.543412035598152, 10.697348658595814 ] ] ] ] } },
{ "type": "Feature", "properties": { "psgc": "0603022079", "admin_type": "Barangay", "region": "Region VI (Western Visayas)", "province": "Iloilo", "municity": "Iloilo City", "district": "Molo", "barangay": "Kasingkasing", "population": "2365" }, "geometry": { "type": "MultiPolygon", "coordinates": [ [ [ [ 122.545613394149157, 10.694442235510135 ], [ 122.546306516702415, 10.695421057828099 ], [ 122.546383767222295, 10.695538704665575 ], [ 122.546420914476158, 10.695595887597879 ], [ 122.546475629014353, 10.695638375307917 ], [ 122.546570080054067, 10.695668938421537 ], [ 122.546676852099353, 10.695698188772075 ], [ 122.54682981612099, 10.695728975627366 ], [ 122.547031886708723, 10.695749856674826 ], [ 122.547478500316558, 10.69579343231309 ], [ 122.548303414033583, 10.695877522887129 ], [ 122.548299773324416, 10.695462200690708 ], [ 122.548749656310633, 10.695151471849499 ], [ 122.548870791186886, 10.694937991390059 ], [ 122.548842062025386, 10.694817937499341 ], [ 122.549113427091669, 10.694268308794278 ], [ 122.548731003957712, 10.694021367510572 ], [ 122.548139058616684, 10.693402478861136 ], [ 122.547719747068015, 10.692964915045321 ], [ 122.547488415017327, 10.69262181408255 ], [ 122.546958673586133, 10.693104728268668 ], [ 122.54644097355235, 10.693631318755372 ], [ 122.545613394149157, 10.694442235510135 ] ] ] ] } },
{ "type": "Feature", "properties": { "psgc": "0603022191", "admin_type": "Barangay", "region": "Region VI (Western Visayas)", "province": "Iloilo", "municity": "Iloilo City", "district": "Molo", "barangay": "West Habog-habog", "population": "1314" }, "geometry": { "type": "MultiPolygon", "coordinates": [ [ [ [ 122.546234504319443, 10.6910464414413 ], [ 122.54673027978663, 10.691310946604132 ], [ 122.54720600657231, 10.691491989844534 ], [ 122.547120048771717, 10.691888693211425 ], [ 122.547009236834171, 10.69193684898975 ], [ 122.546976522756381, 10.692096902078884 ], [ 122.547488415017327, 10.69262181408255 ], [ 122.548022267063828, 10.692297426964888 ], [ 122.548349375244939, 10.692127827304645 ], [ 122.548736973848719, 10.691944676094971 ], [ 122.548841445631595, 10.691925744538052 ], [ 122.548904208598714, 10.691919301397295 ], [ 122.549309086705591, 10.691991650711099 ], [ 122.549335030305343, 10.691875421949705 ], [ 122.549348194945125, 10.691727799347275 ], [ 122.549355384027223, 10.691590707859699 ], [ 122.549361361151753, 10.691495576578607 ], [ 122.549331857592051, 10.691368454167502 ], [ 122.549133925628979, 10.690829709738168 ], [ 122.549048445697579, 10.690887724338678 ], [ 122.549002694862125, 10.690905743868631 ], [ 122.548956927025642, 10.690935272390886 ], [ 122.548908665136437, 10.690964797302843 ], [ 122.548869546852885, 10.690995157491194 ], [ 122.548808876343173, 10.691041927993433 ], [ 122.548793675588072, 10.691048853869793 ], [ 122.548526053216719, 10.690746225913665 ], [ 122.548413591834731, 10.690847394158295 ], [ 122.548127067389657, 10.690578775278674 ], [ 122.548051533167737, 10.690669239090747 ], [ 122.547950351197713, 10.69059117189636 ], [ 122.547453896587356, 10.690178103994892 ], [ 122.547158885887299, 10.689914789738618 ], [ 122.546726516275896, 10.689538819890853 ], [ 122.546418770318709, 10.689211408864661 ], [ 122.546411454295537, 10.689171495443054 ], [ 122.546044312036571, 10.688793451060047 ], [ 122.54586188142099, 10.68898813323694 ], [ 122.545861679648894, 10.689883606547324 ], [ 122.54604875184171, 10.689883584138627 ], [ 122.546045543250315, 10.690978622543565 ], [ 122.546171841814868, 10.691009911729836 ], [ 122.546234504319443, 10.6910464414413 ] ] ] ] } },
{ "type": "Feature", "properties": { "psgc": "0603022129", "admin_type": "Barangay", "region": "Region VI (Western Visayas)", "province": "Iloilo", "municity": "Iloilo City", "district": "Molo", "barangay": "Poblacion Molo", "population": "736" }, "geometry": { "type": "MultiPolygon", "coordinates": [ [ [ [ 122.545613394149157, 10.694442235510135 ], [ 122.545268662722279, 10.694786934956857 ], [ 122.545102397994015, 10.694955297417378 ], [ 122.545015837319568, 10.695038318288297 ], [ 122.544955420563738, 10.695108916609499 ], [ 122.544864784262245, 10.69520395056016 ], [ 122.544831634484126, 10.695265537742038 ], [ 122.544796538477186, 10.695348251715799 ], [ 122.544755479176374, 10.695425818959059 ], [ 122.544705020594563, 10.695514341535201 ], [ 122.544640887693205, 10.695620563386681 ], [ 122.544588734389393, 10.695701489509814 ], [ 122.544496398540915, 10.695843952415689 ], [ 122.544437420634026, 10.695925262475299 ], [ 122.544388704377155, 10.695989318114904 ], [ 122.544853944758998, 10.696258700630406 ], [ 122.545394845702532, 10.696565433213577 ], [ 122.547220470620701, 10.697619766742765 ], [ 122.547349254541203, 10.697438258276645 ], [ 122.547630760626859, 10.697050231934146 ], [ 122.547723291586195, 10.696921390619922 ], [ 122.54782942330219, 10.696895136219633 ], [ 122.548024232111345, 10.69652161850763 ], [ 122.548096059714311, 10.696328322907528 ], [ 122.548237935571677, 10.695977255780729 ], [ 122.548303414033583, 10.695877522887129 ], [ 122.547478500316558, 10.69579343231309 ], [ 122.547031886708723, 10.695749856674826 ], [ 122.54682981612099, 10.695728975627366 ], [ 122.546676852099353, 10.695698188772075 ], [ 122.546570080054067, 10.695668938421537 ], [ 122.546475629014353, 10.695638375307917 ], [ 122.546420914476158, 10.695595887597879 ], [ 122.546383767222295, 10.695538704665575 ], [ 122.546306516702415, 10.695421057828099 ], [ 122.545613394149157, 10.694442235510135 ] ] ] ] } },
{ "type": "Feature", "properties": { "psgc": "0603022178", "admin_type": "Barangay", "region": "Region VI (Western Visayas)", "province": "Iloilo", "municity": "Iloilo City", "district": "Mandurriao", "barangay": "Abeto Mirasol Taft South (Quirino Abeto)", "population": "2068" }, "geometry": { "type": "MultiPolygon", "coordinates": [ [ [ [ 122.538562771143546, 10.720663912784675 ], [ 122.538813827931662, 10.720993221451581 ], [ 122.539032626780539, 10.720831184527276 ], [ 122.539308024990206, 10.721160486346401 ], [ 122.540185488386996, 10.720635819055071 ], [ 122.539993418140128, 10.720449218382296 ], [ 122.540648963672524, 10.719959612320377 ], [ 122.540699905513137, 10.720012304940067 ], [ 122.541021938491113, 10.720405216049782 ], [ 122.5410329155075, 10.720523437447097 ], [ 122.541384963900981, 10.721012951342932 ], [ 122.542493097124463, 10.720183176001109 ], [ 122.542786216027608, 10.720528709951109 ], [ 122.54336213663187, 10.720014577532869 ], [ 122.543972621679686, 10.720715505021085 ], [ 122.544394320159171, 10.721355330445025 ], [ 122.544672054031395, 10.721776722677951 ], [ 122.545983070026907, 10.720992567664473 ], [ 122.545949628755068, 10.720929163670977 ], [ 122.546699200638741, 10.720455247522892 ], [ 122.546651228051701, 10.720365308709923 ], [ 122.547167361101685, 10.719944507393951 ], [ 122.547620324184564, 10.719757948189393 ], [ 122.547726472707623, 10.720009154290791 ], [ 122.548301574166686, 10.719752587811849 ], [ 122.547744576845957, 10.718550595799643 ], [ 122.547496140168789, 10.718101847151022 ], [ 122.547384183053993, 10.717906087029457 ], [ 122.547259121096317, 10.71773272947132 ], [ 122.547080040284385, 10.717546165719943 ], [ 122.546918403362127, 10.717363232804347 ], [ 122.546794821631579, 10.717207760284307 ], [ 122.546647873667752, 10.717011605254388 ], [ 122.546519857275371, 10.716831680006699 ], [ 122.546387124001626, 10.716635493201142 ], [ 122.546285214456105, 10.716466574800904 ], [ 122.546192166773082, 10.716268544890813 ], [ 122.546128430641929, 10.716089958286455 ], [ 122.546063458315572, 10.71593880376664 ], [ 122.546013700750649, 10.715741944153846 ], [ 122.545972263005098, 10.715557814126312 ], [ 122.545932837601683, 10.715382625815788 ], [ 122.54590629482658, 10.715198770783418 ], [ 122.545871516084503, 10.715017235183755 ], [ 122.545837281627314, 10.714898039434244 ], [ 122.545806629700124, 10.714821814837151 ], [ 122.545641502696384, 10.714440953518961 ], [ 122.545563801118206, 10.71429976169231 ], [ 122.545460623227072, 10.714110322964688 ], [ 122.545369672840479, 10.713944073964152 ], [ 122.545270527258907, 10.713762844666984 ], [ 122.545179001802566, 10.713572885504577 ], [ 122.545078123005297, 10.713411174540898 ], [ 122.544995155111934, 10.713247368059674 ], [ 122.543592590396884, 10.713943713450748 ], [ 122.543534403868705, 10.713804200504439 ], [ 122.543341446677545, 10.71390125983568 ], [ 122.541820278949743, 10.71482445537381 ], [ 122.542325809590039, 10.715749180382339 ], [ 122.541477528371075, 10.716427201862212 ], [ 122.541490048318508, 10.716976998699804 ], [ 122.540730984349892, 10.71698907458976 ], [ 122.540097410682137, 10.717083275575101 ], [ 122.539350688015006, 10.716280826248122 ], [ 122.538942902051744, 10.716644396809517 ], [ 122.538716375676202, 10.716385222462852 ], [ 122.538009796757294, 10.716879877046582 ], [ 122.53774476122652, 10.717311926996993 ], [ 122.537998701950585, 10.717744389803855 ], [ 122.539133843589369, 10.717775798237559 ], [ 122.539229834474469, 10.718465527878442 ], [ 122.539329985083924, 10.718838645399636 ], [ 122.539959636526035, 10.719558534368906 ], [ 122.539852325814067, 10.719674620544609 ], [ 122.539615288011859, 10.719819808349438 ], [ 122.539860099008422, 10.719978647329217 ], [ 122.539472866985705, 10.720327540816438 ], [ 122.53928579398098, 10.720119092495699 ], [ 122.538562771143546, 10.720663912784675 ] ] ] ] } },
{ "type": "Feature", "properties": { "psgc": "0603022181", "admin_type": "Barangay", "region": "Region VI (Western Visayas)", "province": "Iloilo", "municity": "Iloilo City", "district": "Molo", "barangay": "Tap-oc", "population": "380" }, "geometry": { "type": "MultiPolygon", "coordinates": [ [ [ [ 122.54308509654345, 10.697866899933144 ], [ 122.542973686150432, 10.698022814423311 ], [ 122.542882170765267, 10.698180647944719 ], [ 122.542575716371488, 10.698988106997319 ], [ 122.542472050952526, 10.699182225461589 ], [ 122.54244707512666, 10.699317895705217 ], [ 122.542442550561645, 10.699356347146937 ], [ 122.542440235968343, 10.699410462706451 ], [ 122.542441253339291, 10.699476732305016 ], [ 122.542443355974456, 10.699563988395177 ], [ 122.542448737587222, 10.699698741436041 ], [ 122.542456419646257, 10.699788818744102 ], [ 122.542471766918354, 10.699980216336824 ], [ 122.542479286038017, 10.700121141107708 ], [ 122.542527698287699, 10.700118584576915 ], [ 122.542667599924215, 10.700118789688831 ], [ 122.542781492968643, 10.700125080298712 ], [ 122.542920138200984, 10.70013753080814 ], [ 122.543003075899392, 10.700146225454253 ], [ 122.543067208912859, 10.700158501824209 ], [ 122.543196169646308, 10.700187263589115 ], [ 122.543358138513526, 10.700227298690479 ], [ 122.543511849672285, 10.700268342087988 ], [ 122.543654207034422, 10.700310389264953 ], [ 122.543792430220677, 10.700356512178034 ], [ 122.543908986943364, 10.700398521511769 ], [ 122.544038937206537, 10.700455857298017 ], [ 122.54427918268135, 10.700556691924112 ], [ 122.544492858328752, 10.700649104827201 ], [ 122.544714719883189, 10.700124485746356 ], [ 122.544827770996079, 10.699903280972489 ], [ 122.545035998584737, 10.699973923449351 ], [ 122.545115567468798, 10.699581589395025 ], [ 122.545256092996141, 10.69932255791945 ], [ 122.544286695932755, 10.698876940473482 ], [ 122.543711784924341, 10.698588069293372 ], [ 122.544127462337045, 10.697726605835665 ], [ 122.543412035598152, 10.697348658595814 ], [ 122.543171801258268, 10.697717990897191 ], [ 122.54308509654345, 10.697866899933144 ] ] ] ] } },
{ "type": "Feature", "properties": { "psgc": "0603022065", "admin_type": "Barangay", "region": "Region VI (Western Visayas)", "province": "Iloilo", "municity": "Iloilo City", "district": "Molo", "barangay": "Habog-habog Salvacion", "population": "2193" }, "geometry": { "type": "MultiPolygon", "coordinates": [ [ [ [ 122.542983951288335, 10.690927078608583 ], [ 122.543144817753173, 10.69106592832714 ], [ 122.544243541074664, 10.692494996952494 ], [ 122.545395619091778, 10.694098470103041 ], [ 122.545613394149157, 10.694442235510135 ], [ 122.54644097355235, 10.693631318755372 ], [ 122.546958673586133, 10.693104728268668 ], [ 122.547488415017327, 10.69262181408255 ], [ 122.546976522756381, 10.692096902078884 ], [ 122.547009236834171, 10.69193684898975 ], [ 122.547120048771717, 10.691888693211425 ], [ 122.54720600657231, 10.691491989844534 ], [ 122.54673027978663, 10.691310946604132 ], [ 122.546234504319443, 10.6910464414413 ], [ 122.546171841814868, 10.691009911729836 ], [ 122.546045543250315, 10.690978622543565 ], [ 122.545840257642382, 10.690835115040004 ], [ 122.545760677563806, 10.690794621329655 ], [ 122.54562439202347, 10.69072843955856 ], [ 122.545481148295579, 10.69065535380536 ], [ 122.545395599706765, 10.690611896833172 ], [ 122.545279211148426, 10.6905546073364 ], [ 122.545189685015728, 10.690508190033416 ], [ 122.545095572986327, 10.69044564673181 ], [ 122.544949467376597, 10.690366425967404 ], [ 122.544808699661331, 10.6902842250368 ], [ 122.544656083811304, 10.690207863607922 ], [ 122.544526260173129, 10.69015964818362 ], [ 122.544423305619873, 10.690126699691755 ], [ 122.544310874266372, 10.690097251440905 ], [ 122.544214998975292, 10.690080712363102 ], [ 122.544076496340267, 10.690067625123973 ], [ 122.543927339941547, 10.690053350895957 ], [ 122.543756860260103, 10.690047245017453 ], [ 122.543610057785983, 10.690042345020416 ], [ 122.543551166111783, 10.690041738702776 ], [ 122.543440035024872, 10.690046210373222 ], [ 122.543404286879067, 10.690246075669602 ], [ 122.543380674590708, 10.690373896096922 ], [ 122.54332579902804, 10.690502402551308 ], [ 122.543151708002668, 10.69072469258497 ], [ 122.542983951288335, 10.690927078608583 ] ] ] ] } },
{ "type": "Feature", "properties": { "psgc": "0603022004", "admin_type": "Barangay", "region": "Region VI (Western Visayas)", "province": "Iloilo", "municity": "Iloilo City", "district": "Mandurriao", "barangay": "Airport (Tabucan Airport)", "population": "5190" }, "geometry": { "type": "MultiPolygon", "coordinates": [ [ [ [ 122.539350688015006, 10.716280826248122 ], [ 122.540097410682137, 10.717083275575101 ], [ 122.540730984349892, 10.71698907458976 ], [ 122.541490048318508, 10.716976998699804 ], [ 122.541477528371075, 10.716427201862212 ], [ 122.542325809590039, 10.715749180382339 ], [ 122.541820278949743, 10.71482445537381 ], [ 122.543341446677545, 10.71390125983568 ], [ 122.543534403868705, 10.713804200504439 ], [ 122.543592590396884, 10.713943713450748 ], [ 122.544995155111934, 10.713247368059674 ], [ 122.544885779094898, 10.713035860269544 ], [ 122.544778992265407, 10.712845143457974 ], [ 122.544699456814257, 10.712661730415816 ], [ 122.544618456071362, 10.712474938094768 ], [ 122.544545810400464, 10.712317865595805 ], [ 122.544456291359978, 10.712113809514863 ], [ 122.544376650929081, 10.711949752379509 ], [ 122.544027219004533, 10.711208123076489 ], [ 122.54394197676757, 10.711022974329836 ], [ 122.543868813636081, 10.710850003872476 ], [ 122.543794873730818, 10.710664528493595 ], [ 122.54371134316203, 10.71048633323098 ], [ 122.543644802902008, 10.710312328120658 ], [ 122.543579878864165, 10.710123754951796 ], [ 122.543537357929779, 10.709959817907858 ], [ 122.543501766611143, 10.709765542292949 ], [ 122.54347666861446, 10.709583309003953 ], [ 122.543455328998206, 10.709418472045547 ], [ 122.54342447538319, 10.709227515736105 ], [ 122.543374926905997, 10.709048874970311 ], [ 122.543316370922355, 10.708866261130385 ], [ 122.543251440659475, 10.708676577460896 ], [ 122.543183665259093, 10.708512225476353 ], [ 122.543094748039621, 10.708331740061221 ], [ 122.543017229923478, 10.708146698490415 ], [ 122.542919919160227, 10.707962325569016 ], [ 122.542817650602188, 10.707785413186752 ], [ 122.542693566765351, 10.707601694841921 ], [ 122.542562291936264, 10.707450554507734 ], [ 122.542662476273918, 10.707085804707749 ], [ 122.541102707239915, 10.703498635350078 ], [ 122.540957458602961, 10.703264034341892 ], [ 122.54084235200817, 10.703163942012214 ], [ 122.54072318815453, 10.703242012652876 ], [ 122.540548264780881, 10.703310139840529 ], [ 122.540351658721633, 10.703350724469033 ], [ 122.540266967826582, 10.703363819550201 ], [ 122.537923667133597, 10.702935637913418 ], [ 122.538039786446163, 10.704744528054185 ], [ 122.53815553669979, 10.704708946047734 ], [ 122.538223968402264, 10.704880523715087 ], [ 122.538327927625247, 10.705067429093475 ], [ 122.538255791575509, 10.705238488960303 ], [ 122.538161069316772, 10.705320016560655 ], [ 122.53798005916579, 10.70535814453134 ], [ 122.537782181668774, 10.705415502713135 ], [ 122.537610858398381, 10.705594978979132 ], [ 122.537604254559213, 10.705663376209703 ], [ 122.537665069750062, 10.705779358589409 ], [ 122.537781348713565, 10.705954706964281 ], [ 122.537968144375114, 10.706140010653135 ], [ 122.538167224433849, 10.706249121844476 ], [ 122.538342046347978, 10.706309737695186 ], [ 122.538443531537666, 10.706357467802794 ], [ 122.538357935092648, 10.706404915591321 ], [ 122.538222228846848, 10.706429071464237 ], [ 122.5381493502626, 10.706483895653594 ], [ 122.537999350208821, 10.70670040859914 ], [ 122.538138267853768, 10.706812695661727 ], [ 122.538084774769501, 10.706874789035306 ], [ 122.537986857456431, 10.707046571662872 ], [ 122.537788252824072, 10.707187935287893 ], [ 122.537610518982021, 10.707250039474298 ], [ 122.537461144383315, 10.707322637418864 ], [ 122.537406106042241, 10.707411611704739 ], [ 122.537393155646683, 10.707588328540924 ], [ 122.537476356287726, 10.707765699459978 ], [ 122.537530351619012, 10.707940999457065 ], [ 122.537511951321804, 10.708129479798108 ], [ 122.537513094554868, 10.708308585135052 ], [ 122.537494698895244, 10.708493264998488 ], [ 122.537394863768696, 10.708699539446245 ], [ 122.538492383717227, 10.709339030673455 ], [ 122.537303483015677, 10.71079626034984 ], [ 122.537084057072036, 10.710970377014066 ], [ 122.537221097479716, 10.711132048673582 ], [ 122.537094043926913, 10.711425016186457 ], [ 122.536655647722696, 10.711753096593998 ], [ 122.536777891164263, 10.712290094035577 ], [ 122.536281932284766, 10.712732534731488 ], [ 122.536530437432504, 10.713008280315563 ], [ 122.536583887396091, 10.712944062021869 ], [ 122.536760061303085, 10.71308705979293 ], [ 122.537667815250032, 10.713701647706024 ], [ 122.537294913316757, 10.714190267455276 ], [ 122.538092781373734, 10.714964467686995 ], [ 122.53859225290131, 10.715454226080322 ], [ 122.539350688015006, 10.716280826248122 ] ] ] ] } },
{ "type": "Feature", "properties": { "psgc": "0603022176", "admin_type": "Barangay", "region": "Region VI (Western Visayas)", "province": "Iloilo", "municity": "Iloilo City", "district": "Mandurriao", "barangay": "Tabucan", "population": "2014" }, "geometry": { "type": "MultiPolygon", "coordinates": [ [ [ [ 122.540512897580285, 10.700720012281739 ], [ 122.54051943056372, 10.700898059528326 ], [ 122.540550643329979, 10.701084084093468 ], [ 122.540614311472382, 10.7012602029381 ], [ 122.540686756112123, 10.701440577586311 ], [ 122.540782019783691, 10.701626222850773 ], [ 122.540896880360634, 10.70181900415156 ], [ 122.541023255210689, 10.701996980822557 ], [ 122.541138591137084, 10.702183144977484 ], [ 122.541200034964703, 10.702357129693384 ], [ 122.541207507458367, 10.702537104962415 ], [ 122.541156996170443, 10.702715161018704 ], [ 122.541082755730471, 10.702899498154075 ], [ 122.540931015371825, 10.703087673678919 ], [ 122.54084235200817, 10.703163942012214 ], [ 122.540957458602961, 10.703264034341892 ], [ 122.541102707239915, 10.703498635350078 ], [ 122.542662476273918, 10.707085804707749 ], [ 122.542562291936264, 10.707450554507734 ], [ 122.542693566765351, 10.707601694841921 ], [ 122.542817650602188, 10.707785413186752 ], [ 122.542919919160227, 10.707962325569016 ], [ 122.543017229923478, 10.708146698490415 ], [ 122.543094748039621, 10.708331740061221 ], [ 122.54401145548303, 10.70832435653633 ], [ 122.544000661259474, 10.707592232651367 ], [ 122.545001933808379, 10.707602111224661 ], [ 122.545189365166522, 10.70623541540332 ], [ 122.545944144800103, 10.705507022941397 ], [ 122.545523650502332, 10.7051982955513 ], [ 122.545894909348561, 10.704693112267515 ], [ 122.546078107215678, 10.704446976535774 ], [ 122.546591985198603, 10.703850477575763 ], [ 122.546779529777695, 10.70369970194853 ], [ 122.547193552893461, 10.704000265481339 ], [ 122.547608367007911, 10.704272486932487 ], [ 122.548746886179345, 10.704274169014109 ], [ 122.549917579919608, 10.704207171911532 ], [ 122.550072613433727, 10.704191541045297 ], [ 122.550086064650131, 10.704001826935432 ], [ 122.550056726017075, 10.703811365581409 ], [ 122.550049312478151, 10.703625928100612 ], [ 122.550078580948778, 10.703439507311423 ], [ 122.550135409555409, 10.70327169238246 ], [ 122.550127948645041, 10.703083030088136 ], [ 122.550081507420103, 10.702909060839742 ], [ 122.550010658484481, 10.702737707019145 ], [ 122.54991719426117, 10.702517713016313 ], [ 122.549721085563945, 10.701879089272788 ], [ 122.549535969332467, 10.701943168690374 ], [ 122.549300320111726, 10.702032628944794 ], [ 122.549212551883357, 10.702063115974561 ], [ 122.549112409769421, 10.702086441859819 ], [ 122.549008144024683, 10.702106700364734 ], [ 122.548841863419895, 10.702117684988258 ], [ 122.548754667679489, 10.70211819750403 ], [ 122.548702537121045, 10.702118503903391 ], [ 122.548564566537934, 10.70210912010042 ], [ 122.548391514315696, 10.702094583138729 ], [ 122.54826283660897, 10.702082151271876 ], [ 122.548108367102813, 10.70206355921837 ], [ 122.547907775202631, 10.702037757013414 ], [ 122.547751968158551, 10.702017121923163 ], [ 122.547573053600388, 10.701988289548064 ], [ 122.547443047480542, 10.701967691726027 ], [ 122.547380114552823, 10.701953313952204 ], [ 122.547292430968966, 10.701926654706623 ], [ 122.547126553178686, 10.701874201308881 ], [ 122.547003801686756, 10.70183320460707 ], [ 122.546862072379724, 10.701782996136114 ], [ 122.546753766407008, 10.701744061245678 ], [ 122.546562534447531, 10.701670310094753 ], [ 122.546406788390598, 10.701608855970266 ], [ 122.54628678196022, 10.701559445693256 ], [ 122.546255065752845, 10.701546387161153 ], [ 122.546151932257203, 10.701499295899154 ], [ 122.546046742319916, 10.70144709930409 ], [ 122.545630628703563, 10.701233771046571 ], [ 122.545392423913043, 10.701102804938193 ], [ 122.545025499702632, 10.700916674346715 ], [ 122.544492858328752, 10.700649104827201 ], [ 122.54427918268135, 10.700556691924112 ], [ 122.544038937206537, 10.700455857298017 ], [ 122.543908986943364, 10.700398521511769 ], [ 122.543792430220677, 10.700356512178034 ], [ 122.543654207034422, 10.700310389264953 ], [ 122.543511849672285, 10.700268342087988 ], [ 122.543358138513526, 10.700227298690479 ], [ 122.543196169646308, 10.700187263589115 ], [ 122.543067208912859, 10.700158501824209 ], [ 122.543003075899392, 10.700146225454253 ], [ 122.542920138200984, 10.70013753080814 ], [ 122.542781492968643, 10.700125080298712 ], [ 122.542667599924215, 10.700118789688831 ], [ 122.542527698287699, 10.700118584576915 ], [ 122.542479286038017, 10.700121141107708 ], [ 122.542437435062325, 10.700123351147791 ], [ 122.542347046946546, 10.700129342244336 ], [ 122.542239320370541, 10.700138982080146 ], [ 122.542187310507231, 10.70014625417393 ], [ 122.542100616370519, 10.700165722704917 ], [ 122.541997818152325, 10.700191291245401 ], [ 122.541887580479383, 10.700224197237391 ], [ 122.541793439507217, 10.70025590209621 ], [ 122.54159255266417, 10.70033031581986 ], [ 122.541380730713811, 10.700404713334878 ], [ 122.541208556329011, 10.700459573252118 ], [ 122.541015332872249, 10.700515626839017 ], [ 122.540851837750409, 10.700561926179274 ], [ 122.540698252666445, 10.700604565817715 ], [ 122.54051477126464, 10.700642002480855 ], [ 122.540512897580285, 10.700720012281739 ] ] ] ] } },
{ "type": "Feature", "properties": { "psgc": "0603022149", "admin_type": "Barangay", "region": "Region VI (Western Visayas)", "province": "Iloilo", "municity": "Iloilo City", "district": "Molo", "barangay": "San Antonio", "population": "1609" }, "geometry": { "type": "MultiPolygon", "coordinates": [ [ [ [ 122.538804671974731, 10.693396700186511 ], [ 122.539283531514144, 10.693749140723469 ], [ 122.539741533271936, 10.694068673659331 ], [ 122.539901131099711, 10.69391221822459 ], [ 122.54053810939871, 10.694364901756712 ], [ 122.540300786987117, 10.694705768607056 ], [ 122.541101668321986, 10.69527260783077 ], [ 122.541048117075789, 10.695338606734277 ], [ 122.541427199128776, 10.695608777852092 ], [ 122.541796675761418, 10.69517056530365 ], [ 122.541745481447009, 10.695124713006685 ], [ 122.54245034437777, 10.694138064385413 ], [ 122.542824089384681, 10.694402939504922 ], [ 122.542857351846152, 10.694421358321247 ], [ 122.543046334926373, 10.69412809185606 ], [ 122.543180627562919, 10.694201715157742 ], [ 122.543589669170871, 10.694464726935839 ], [ 122.543974804427918, 10.694713325896098 ], [ 122.544257152378492, 10.694895576660935 ], [ 122.544596430269735, 10.695116953195894 ], [ 122.544831634484126, 10.695265537742038 ], [ 122.544864784262245, 10.69520395056016 ], [ 122.544955420563738, 10.695108916609499 ], [ 122.545015837319568, 10.695038318288297 ], [ 122.545102397994015, 10.694955297417378 ], [ 122.545268662722279, 10.694786934956857 ], [ 122.545613394149157, 10.694442235510135 ], [ 122.545395619091778, 10.694098470103041 ], [ 122.544243541074664, 10.692494996952494 ], [ 122.543144817753173, 10.69106592832714 ], [ 122.542983951288335, 10.690927078608583 ], [ 122.542649490350996, 10.691339854869986 ], [ 122.542338359658359, 10.69172095755755 ], [ 122.54196836652514, 10.692254184026369 ], [ 122.541643447886599, 10.692656622935013 ], [ 122.541250471516634, 10.692353849929962 ], [ 122.540909335922208, 10.69272384725106 ], [ 122.540607751786993, 10.692543637383322 ], [ 122.540453932748932, 10.692354102810206 ], [ 122.54027432961793, 10.692510302255554 ], [ 122.539622215820913, 10.692184446757228 ], [ 122.539294688340775, 10.692579333382518 ], [ 122.53832264089155, 10.692102099540872 ], [ 122.538143213918843, 10.692482338442485 ], [ 122.537920227309286, 10.692884286394641 ], [ 122.538804671974731, 10.693396700186511 ] ] ] ] } },
{ "type": "Feature", "properties": { "psgc": "0603022008", "admin_type": "Barangay", "region": "Region VI (Western Visayas)", "province": "Iloilo", "municity": "Iloilo City", "district": "Molo", "barangay": "North Avanceña", "population": "594" }, "geometry": { "type": "MultiPolygon", "coordinates": [ [ [ [ 122.541101668321986, 10.69527260783077 ], [ 122.540300786987117, 10.694705768607056 ], [ 122.54053810939871, 10.694364901756712 ], [ 122.539901131099711, 10.69391221822459 ], [ 122.539741533271936, 10.694068673659331 ], [ 122.539283531514144, 10.693749140723469 ], [ 122.539144558027132, 10.693955399048132 ], [ 122.539033003995698, 10.694129744410423 ], [ 122.53873974585845, 10.694557633411593 ], [ 122.53853135218155, 10.694861696884285 ], [ 122.539249651839228, 10.695351167626002 ], [ 122.5391718397982, 10.695454730817762 ], [ 122.539534942118522, 10.695687875787005 ], [ 122.539602072059424, 10.695584942323006 ], [ 122.539804144733282, 10.695712304941768 ], [ 122.53957059547318, 10.696138187677544 ], [ 122.540445169793699, 10.696832294477788 ], [ 122.541175921151051, 10.697348612799875 ], [ 122.541456217683233, 10.697514939387551 ], [ 122.541942803219627, 10.697723405697049 ], [ 122.542131368722963, 10.697254447658073 ], [ 122.542486952108547, 10.697416732277432 ], [ 122.542834771140178, 10.697622030175102 ], [ 122.542868410851227, 10.697560615255142 ], [ 122.543171801258268, 10.697717990897191 ], [ 122.543412035598152, 10.697348658595814 ], [ 122.543618162214642, 10.697079429002391 ], [ 122.543889940653344, 10.696668041176219 ], [ 122.54409857052147, 10.69635549820814 ], [ 122.543409941835904, 10.695778261165064 ], [ 122.542965605213482, 10.696378224140942 ], [ 122.542838611633599, 10.696300397284277 ], [ 122.54232177219815, 10.695986418397538 ], [ 122.541836784301907, 10.695702648795796 ], [ 122.542824089384681, 10.694402939504922 ], [ 122.54245034437777, 10.694138064385413 ], [ 122.541745481447009, 10.695124713006685 ], [ 122.541796675761418, 10.69517056530365 ], [ 122.541427199128776, 10.695608777852092 ], [ 122.541048117075789, 10.695338606734277 ], [ 122.541101668321986, 10.69527260783077 ] ] ] ] } },
{ "type": "Feature", "properties": { "psgc": "0603022080", "admin_type": "Barangay", "region": "Region VI (Western Visayas)", "province": "Iloilo", "municity": "Iloilo City", "district": "Molo", "barangay": "Katilingban", "population": "927" }, "geometry": { "type": "MultiPolygon", "coordinates": [ [ [ [ 122.54409857052147, 10.69635549820814 ], [ 122.544388704377155, 10.695989318114904 ], [ 122.544437420634026, 10.695925262475299 ], [ 122.544496398540915, 10.695843952415689 ], [ 122.544588734389393, 10.695701489509814 ], [ 122.544640887693205, 10.695620563386681 ], [ 122.544705020594563, 10.695514341535201 ], [ 122.544755479176374, 10.695425818959059 ], [ 122.544796538477186, 10.695348251715799 ], [ 122.544831634484126, 10.695265537742038 ], [ 122.544596430269735, 10.695116953195894 ], [ 122.544257152378492, 10.694895576660935 ], [ 122.543974804427918, 10.694713325896098 ], [ 122.543589669170871, 10.694464726935839 ], [ 122.543180627562919, 10.694201715157742 ], [ 122.543046334926373, 10.69412809185606 ], [ 122.542857351846152, 10.694421358321247 ], [ 122.542824089384681, 10.694402939504922 ], [ 122.541836784301907, 10.695702648795796 ], [ 122.54232177219815, 10.695986418397538 ], [ 122.542838611633599, 10.696300397284277 ], [ 122.542965605213482, 10.696378224140942 ], [ 122.543409941835904, 10.695778261165064 ], [ 122.54409857052147, 10.69635549820814 ] ] ] ] } },
{ "type": "Feature", "properties": { "psgc": "0603022036", "admin_type": "Barangay", "region": "Region VI (Western Visayas)", "province": "Iloilo", "municity": "Iloilo City", "district": "Molo", "barangay": "Compania", "population": "3312" }, "geometry": { "type": "MultiPolygon", "coordinates": [ [ [ [ 122.538500497286392, 10.691719199244718 ], [ 122.53832264089155, 10.692102099540872 ], [ 122.539294688340775, 10.692579333382518 ], [ 122.539622215820913, 10.692184446757228 ], [ 122.54027432961793, 10.692510302255554 ], [ 122.540453932748932, 10.692354102810206 ], [ 122.540607751786993, 10.692543637383322 ], [ 122.540909335922208, 10.69272384725106 ], [ 122.541250471516634, 10.692353849929962 ], [ 122.541643447886599, 10.692656622935013 ], [ 122.54196836652514, 10.692254184026369 ], [ 122.542338359658359, 10.69172095755755 ], [ 122.542649490350996, 10.691339854869986 ], [ 122.542983951288335, 10.690927078608583 ], [ 122.543151708002668, 10.69072469258497 ], [ 122.54332579902804, 10.690502402551308 ], [ 122.543380674590708, 10.690373896096922 ], [ 122.543404286879067, 10.690246075669602 ], [ 122.543440035024872, 10.690046210373222 ], [ 122.543393835640941, 10.690042028924426 ], [ 122.543226895569035, 10.690044127507109 ], [ 122.543063498579087, 10.690052088023634 ], [ 122.542966192993092, 10.690048583612011 ], [ 122.542892810680357, 10.690041945697478 ], [ 122.542744872595506, 10.690025135754597 ], [ 122.542623498438417, 10.690007388572619 ], [ 122.542418529921832, 10.689962188639647 ], [ 122.542305073714743, 10.689929811749465 ], [ 122.542210377755566, 10.689892581926298 ], [ 122.542103257060191, 10.689857527910185 ], [ 122.542002268130645, 10.689794668842897 ], [ 122.541851812249348, 10.689713002933349 ], [ 122.541726569379207, 10.689642541457378 ], [ 122.541613169032061, 10.68957307339609 ], [ 122.541491878647477, 10.689499689394115 ], [ 122.541388327828813, 10.689443900824541 ], [ 122.541261099468088, 10.689381244886626 ], [ 122.541157246192924, 10.689334316460037 ], [ 122.540981502335043, 10.689254137522047 ], [ 122.540850330572724, 10.689188547388914 ], [ 122.540704540584954, 10.689113799314274 ], [ 122.540540842245065, 10.689018878843571 ], [ 122.54039711283535, 10.688944133662465 ], [ 122.54029948436596, 10.688888353461218 ], [ 122.540153555060911, 10.68879150679339 ], [ 122.539903377948121, 10.688618917780394 ], [ 122.539590812281148, 10.688412504473675 ], [ 122.539295995188454, 10.68821782999796 ], [ 122.538964280593717, 10.688021342405547 ], [ 122.538818330040002, 10.687939136294535 ], [ 122.538746533393052, 10.687885618653683 ], [ 122.538659755075486, 10.687834734380074 ], [ 122.538571987913727, 10.687785097425779 ], [ 122.538311868276438, 10.687661727080563 ], [ 122.538129398080144, 10.687580442753031 ], [ 122.538064292348921, 10.687556920576538 ], [ 122.537847613266152, 10.687482339091817 ], [ 122.537306184664729, 10.687313651937838 ], [ 122.536981889305736, 10.687205099348727 ], [ 122.536762904261977, 10.687121807956597 ], [ 122.536620862736626, 10.687065960777206 ], [ 122.536438831055065, 10.686981044551619 ], [ 122.536259361273736, 10.686874385572429 ], [ 122.535987204042371, 10.686709024099855 ], [ 122.535713333970364, 10.687250215720194 ], [ 122.535272347365009, 10.688133844530949 ], [ 122.535122214601429, 10.688031417050151 ], [ 122.534964785013159, 10.688202651658495 ], [ 122.53472523180632, 10.688491566816571 ], [ 122.535038413855588, 10.688757108198132 ], [ 122.535366585677011, 10.689047084505047 ], [ 122.535402822483732, 10.689011344805762 ], [ 122.535835854185947, 10.689429589212134 ], [ 122.53671845345994, 10.690449047113068 ], [ 122.536777462988198, 10.690401682817093 ], [ 122.5372139135102, 10.69072267872194 ], [ 122.538377744859787, 10.691614691909695 ], [ 122.538500497286392, 10.691719199244718 ] ] ] ] } },
{ "type": "Feature", "properties": { "psgc": "0603022060", "admin_type": "Barangay", "region": "Region VI (Western Visayas)", "province": "Iloilo", "municity": "Iloilo City", "district": "Molo", "barangay": "South Fundidor", "population": "3319" }, "geometry": { "type": "MultiPolygon", "coordinates": [ [ [ [ 122.527290069961168, 10.696167405639651 ], [ 122.527305747392248, 10.696362493575943 ], [ 122.527326811560485, 10.696541342158321 ], [ 122.527398246003926, 10.696716821353224 ], [ 122.527568986294042, 10.696907392440535 ], [ 122.527670258215863, 10.697087283664379 ], [ 122.527746753352517, 10.697251410235394 ], [ 122.527922792125423, 10.697372049987152 ], [ 122.528111696486164, 10.697442103064557 ], [ 122.528292536075568, 10.69746721635242 ], [ 122.528485780392245, 10.697503058275547 ], [ 122.528682495930468, 10.697544926961696 ], [ 122.52884835078379, 10.697558193067067 ], [ 122.529038389974431, 10.697603681013454 ], [ 122.529197879671472, 10.697642070496578 ], [ 122.529276138864873, 10.697667390158108 ], [ 122.529497204095364, 10.697171178199888 ], [ 122.529541865623358, 10.697010150261796 ], [ 122.529557901267083, 10.696807697423573 ], [ 122.529500554024352, 10.696530086260873 ], [ 122.52940179649309, 10.696344920884437 ], [ 122.529366190474434, 10.696241475633268 ], [ 122.529369184944613, 10.69608367197927 ], [ 122.529421700684765, 10.695925942995027 ], [ 122.529524582739683, 10.695770782608326 ], [ 122.529706399338664, 10.695473983283916 ], [ 122.530027201955093, 10.695122255683213 ], [ 122.530056331383193, 10.694885652700432 ], [ 122.530084005794166, 10.694776997388677 ], [ 122.53014694181384, 10.694716825419288 ], [ 122.530238937765716, 10.694731414749057 ], [ 122.530393777473222, 10.694650071944736 ], [ 122.530499869633417, 10.694502326502342 ], [ 122.530497162170775, 10.694385229916628 ], [ 122.530953348012233, 10.694068010742809 ], [ 122.530956472426084, 10.693913796015968 ], [ 122.531413006952107, 10.693787263749416 ], [ 122.531354385276941, 10.693413328059297 ], [ 122.531651257342617, 10.693272124493847 ], [ 122.531835475658156, 10.692966105573706 ], [ 122.532271243196647, 10.692516050328251 ], [ 122.532440955153263, 10.692277428005472 ], [ 122.532608268249732, 10.692043981865528 ], [ 122.532737148528824, 10.691851671331856 ], [ 122.532789600615303, 10.691734378441279 ], [ 122.532827280419625, 10.691557577959275 ], [ 122.532924344486133, 10.691579266932639 ], [ 122.533048459113047, 10.691574298744328 ], [ 122.533165039130239, 10.691468620884649 ], [ 122.533202610061053, 10.691368237863891 ], [ 122.533299197385077, 10.691125213832615 ], [ 122.533888592024695, 10.691410979705029 ], [ 122.534138336928123, 10.690794449037577 ], [ 122.534257251918049, 10.690456252516329 ], [ 122.534303202757158, 10.690330329731657 ], [ 122.534395708853722, 10.690085622512596 ], [ 122.534509013704223, 10.689832306943813 ], [ 122.534595806197345, 10.689630876175306 ], [ 122.534660627300809, 10.689487924800769 ], [ 122.534727992963951, 10.689346610863634 ], [ 122.534788737678738, 10.689219861869052 ], [ 122.53482506073415, 10.689110217694559 ], [ 122.534871995871498, 10.689031141218971 ], [ 122.535038413855588, 10.688757108198132 ], [ 122.53472523180632, 10.688491566816571 ], [ 122.534964785013159, 10.688202651658495 ], [ 122.535122214601429, 10.688031417050151 ], [ 122.535272347365009, 10.688133844530949 ], [ 122.535713333970364, 10.687250215720194 ], [ 122.535987204042371, 10.686709024099855 ], [ 122.535767830397148, 10.686573647612089 ], [ 122.535456407973911, 10.686381442585819 ], [ 122.535325249094228, 10.686309017686755 ], [ 122.535268041215417, 10.68628453061528 ], [ 122.535110226477968, 10.68621694636292 ], [ 122.535002722647079, 10.686166030265705 ], [ 122.5348616718682, 10.686108231631708 ], [ 122.534802490103473, 10.686083741538447 ], [ 122.534738313786647, 10.686065781784704 ], [ 122.53467959834822, 10.686046660238105 ], [ 122.534527960971218, 10.685993982727222 ], [ 122.53442369090196, 10.685959766338051 ], [ 122.534198022884624, 10.685900324064557 ], [ 122.533956256645482, 10.685838854026555 ], [ 122.533746904249313, 10.685775428599037 ], [ 122.533493115712076, 10.685695907974136 ], [ 122.53322383361126, 10.685609351439933 ], [ 122.533063885573327, 10.685557019116462 ], [ 122.532949501287732, 10.685513770983681 ], [ 122.532847793243135, 10.685469002524799 ], [ 122.532745576799542, 10.685416756370453 ], [ 122.53265955498388, 10.685371546968664 ], [ 122.532428139399883, 10.685233238330234 ], [ 122.532312785429937, 10.685161938293268 ], [ 122.532162231772475, 10.685063537070755 ], [ 122.531723404066071, 10.684782841682971 ], [ 122.531610069955704, 10.684715551600817 ], [ 122.53152710082459, 10.684661330332997 ], [ 122.531465571516932, 10.684631648594697 ], [ 122.531387642005214, 10.684593463549481 ], [ 122.531267404671041, 10.684540188105743 ], [ 122.531146951751921, 10.684491921262328 ], [ 122.531059909931557, 10.684451718875492 ], [ 122.530963048687624, 10.684413505310811 ], [ 122.530891173205646, 10.684390356140387 ], [ 122.530719289478498, 10.684331993970671 ], [ 122.530604893704123, 10.684296759340338 ], [ 122.53051984535594, 10.684277597469485 ], [ 122.530471248064018, 10.684265502914416 ], [ 122.530399361883553, 10.684249366172931 ], [ 122.530352784100288, 10.6842412818098 ], [ 122.530294053921395, 10.68423217737622 ], [ 122.530243426371428, 10.68422308511486 ], [ 122.530130557642451, 10.684195025642092 ], [ 122.530056394589437, 10.684449028571988 ], [ 122.529960322589119, 10.684576977104395 ], [ 122.529808432382026, 10.684644123672982 ], [ 122.529690763818124, 10.684696806480952 ], [ 122.529607785758969, 10.68480398480339 ], [ 122.529524643664331, 10.684971440737545 ], [ 122.528955868643322, 10.686387303516478 ], [ 122.528751967448969, 10.68689447766052 ], [ 122.528610055280978, 10.687267093145675 ], [ 122.528492524672473, 10.687601883849382 ], [ 122.528370059372591, 10.68797206168826 ], [ 122.528064732483699, 10.688859934235097 ], [ 122.528339746024884, 10.688932767606705 ], [ 122.528094025719625, 10.689537013596006 ], [ 122.527934710934076, 10.689966623123544 ], [ 122.527735572126986, 10.690841799727419 ], [ 122.527392312601592, 10.691820390384256 ], [ 122.526973124402488, 10.693039735137322 ], [ 122.526840259342649, 10.693508867963187 ], [ 122.527026136349392, 10.693547513865482 ], [ 122.527205418613619, 10.693587019599876 ], [ 122.527393331708154, 10.693652578006109 ], [ 122.527567369819593, 10.693728405995545 ], [ 122.527739278964475, 10.693844437528904 ], [ 122.527926321679544, 10.694011037337077 ], [ 122.528048347612568, 10.694191276368837 ], [ 122.52810878955907, 10.694365301500135 ], [ 122.528137319240003, 10.694561899875643 ], [ 122.528147202910873, 10.694730824233813 ], [ 122.528149420057602, 10.694894197405555 ], [ 122.528154888269498, 10.694987959193009 ], [ 122.528106310536202, 10.695116156658546 ], [ 122.527929278160585, 10.695267960565353 ], [ 122.527683622004659, 10.695470402350356 ], [ 122.527506838637862, 10.695643865033274 ], [ 122.527372921939659, 10.695828679788992 ], [ 122.527297800075814, 10.696013585220264 ], [ 122.527290069961168, 10.696167405639651 ] ] ] ] } },
{ "type": "Feature", "properties": { "psgc": "0603022117", "admin_type": "Barangay", "region": "Region VI (Western Visayas)", "province": "Iloilo", "municity": "Iloilo City", "district": "Molo", "barangay": "North Fundidor", "population": "2907" }, "geometry": { "type": "MultiPolygon", "coordinates": [ [ [ [ 122.532535339214078, 10.699232503475319 ], [ 122.532773141293305, 10.699299785605414 ], [ 122.533015836064934, 10.699364032793367 ], [ 122.533245447163367, 10.69942319007672 ], [ 122.533428936291713, 10.69946706778563 ], [ 122.533717145495373, 10.699530595609174 ], [ 122.533818635789359, 10.699550013829169 ], [ 122.5340257042932, 10.699597982542024 ], [ 122.534193822708843, 10.699634738646161 ], [ 122.534409890362681, 10.699676636367116 ], [ 122.534562642554519, 10.699703229049369 ], [ 122.534648763553079, 10.699714511838875 ], [ 122.534736304618576, 10.69972478269303 ], [ 122.534749698825124, 10.699077218312201 ], [ 122.534766534179681, 10.698564363498875 ], [ 122.535120698461355, 10.698190327710249 ], [ 122.535207225352039, 10.69808756867573 ], [ 122.535331193285131, 10.698011541318978 ], [ 122.535442713288575, 10.697887052173881 ], [ 122.535602526754516, 10.697642975454032 ], [ 122.535646399979711, 10.697527865510146 ], [ 122.535641218179563, 10.697416859000676 ], [ 122.535513253535626, 10.697292361541624 ], [ 122.535303373781929, 10.697132286007875 ], [ 122.535167111956483, 10.697021116847528 ], [ 122.535020356947456, 10.696920359223208 ], [ 122.535336484235529, 10.696466120348299 ], [ 122.535628573638405, 10.696717754836614 ], [ 122.535705153703873, 10.696604152746602 ], [ 122.535800612327279, 10.696671034619985 ], [ 122.536521199151949, 10.695646079616468 ], [ 122.536392450290563, 10.695540580134846 ], [ 122.536051535466527, 10.695324499844023 ], [ 122.535758793167219, 10.695100008835853 ], [ 122.535462356254598, 10.694839982544387 ], [ 122.534810494351774, 10.694355637919349 ], [ 122.534955109568955, 10.694181372414288 ], [ 122.535035374689315, 10.694133907428947 ], [ 122.535323612094402, 10.694425153484469 ], [ 122.535789270790232, 10.694071601955224 ], [ 122.536333785558497, 10.694580020079824 ], [ 122.536381859594982, 10.694605585121227 ], [ 122.536454001003463, 10.694492025485834 ], [ 122.536563953835071, 10.694395308466289 ], [ 122.536465434810808, 10.694221006874431 ], [ 122.536666036591427, 10.694067642299162 ], [ 122.537557591758173, 10.694872679334653 ], [ 122.537728993318026, 10.694661440936892 ], [ 122.53833601652947, 10.695125926216706 ], [ 122.53853135218155, 10.694861696884285 ], [ 122.53873974585845, 10.694557633411593 ], [ 122.539033003995698, 10.694129744410423 ], [ 122.539144558027132, 10.693955399048132 ], [ 122.539283531514144, 10.693749140723469 ], [ 122.538804671974731, 10.693396700186511 ], [ 122.537920227309286, 10.692884286394641 ], [ 122.538143213918843, 10.692482338442485 ], [ 122.53832264089155, 10.692102099540872 ], [ 122.538500497286392, 10.691719199244718 ], [ 122.538377744859787, 10.691614691909695 ], [ 122.5372139135102, 10.69072267872194 ], [ 122.536777462988198, 10.690401682817093 ], [ 122.53671845345994, 10.690449047113068 ], [ 122.535835854185947, 10.689429589212134 ], [ 122.535402822483732, 10.689011344805762 ], [ 122.535366585677011, 10.689047084505047 ], [ 122.535038413855588, 10.688757108198132 ], [ 122.534871995871498, 10.689031141218971 ], [ 122.53482506073415, 10.689110217694559 ], [ 122.534788737678738, 10.689219861869052 ], [ 122.534727992963951, 10.689346610863634 ], [ 122.534660627300809, 10.689487924800769 ], [ 122.534595806197345, 10.689630876175306 ], [ 122.534509013704223, 10.689832306943813 ], [ 122.534395708853722, 10.690085622512596 ], [ 122.534303202757158, 10.690330329731657 ], [ 122.534257251918049, 10.690456252516329 ], [ 122.534138336928123, 10.690794449037577 ], [ 122.533888592024695, 10.691410979705029 ], [ 122.533299197385077, 10.691125213832615 ], [ 122.533202610061053, 10.691368237863891 ], [ 122.533165039130239, 10.691468620884649 ], [ 122.533048459113047, 10.691574298744328 ], [ 122.532924344486133, 10.691579266932639 ], [ 122.532827280419625, 10.691557577959275 ], [ 122.532789600615303, 10.691734378441279 ], [ 122.532737148528824, 10.691851671331856 ], [ 122.532608268249732, 10.692043981865528 ], [ 122.532440955153263, 10.692277428005472 ], [ 122.532271243196647, 10.692516050328251 ], [ 122.531835475658156, 10.692966105573706 ], [ 122.531651257342617, 10.693272124493847 ], [ 122.531354385276941, 10.693413328059297 ], [ 122.531413006952107, 10.693787263749416 ], [ 122.530956472426084, 10.693913796015968 ], [ 122.530953348012233, 10.694068010742809 ], [ 122.530497162170775, 10.694385229916628 ], [ 122.530499869633417, 10.694502326502342 ], [ 122.530393777473222, 10.694650071944736 ], [ 122.530238937765716, 10.694731414749057 ], [ 122.53014694181384, 10.694716825419288 ], [ 122.530084005794166, 10.694776997388677 ], [ 122.530056331383193, 10.694885652700432 ], [ 122.530027201955093, 10.695122255683213 ], [ 122.529706399338664, 10.695473983283916 ], [ 122.529524582739683, 10.695770782608326 ], [ 122.529421700684765, 10.695925942995027 ], [ 122.529369184944613, 10.69608367197927 ], [ 122.529366190474434, 10.696241475633268 ], [ 122.52940179649309, 10.696344920884437 ], [ 122.529500554024352, 10.696530086260873 ], [ 122.529557901267083, 10.696807697423573 ], [ 122.529541865623358, 10.697010150261796 ], [ 122.529497204095364, 10.697171178199888 ], [ 122.529276138864873, 10.697667390158108 ], [ 122.529316786659649, 10.697683742750687 ], [ 122.529383162580373, 10.697707332581363 ], [ 122.52948631313572, 10.697745393202158 ], [ 122.529571377102769, 10.697782713507936 ], [ 122.529676206582423, 10.697839638349421 ], [ 122.529771142796321, 10.697893612033765 ], [ 122.529835964374882, 10.69793108333643 ], [ 122.529929912370903, 10.697984076747154 ], [ 122.530026823722608, 10.698040989547385 ], [ 122.530108907944765, 10.698085156392601 ], [ 122.530204666454267, 10.698134419067808 ], [ 122.530292692444718, 10.698176637335498 ], [ 122.530376759324, 10.698218849620666 ], [ 122.530476655246815, 10.698265979394698 ], [ 122.530628524115031, 10.698338634520791 ], [ 122.530718541835142, 10.698373025761258 ], [ 122.530813499472956, 10.698413296835124 ], [ 122.530887221838881, 10.698455675003784 ], [ 122.530952485974538, 10.698495901393395 ], [ 122.531037532296963, 10.698544966148528 ], [ 122.531164644781569, 10.698625413722141 ], [ 122.531232857302967, 10.698679346824413 ], [ 122.531312935255144, 10.698741127643743 ], [ 122.531351484304395, 10.698775441392959 ], [ 122.531387334867887, 10.698804889132832 ], [ 122.531459057140907, 10.698843529949873 ], [ 122.531551285304928, 10.698884229596759 ], [ 122.531684505019371, 10.698942229241583 ], [ 122.531827982394518, 10.698998216164673 ], [ 122.531995035842598, 10.699060322562977 ], [ 122.532147748604658, 10.699112267078961 ], [ 122.532309688920492, 10.699165239383273 ], [ 122.532448874731415, 10.699206729301755 ], [ 122.532535339214078, 10.699232503475319 ] ] ] ] } },
{ "type": "Feature", "properties": { "psgc": "0603022173", "admin_type": "Barangay", "region": "Region VI (Western Visayas)", "province": "Iloilo", "municity": "Iloilo City", "district": "Molo", "barangay": "South San Jose", "population": "1811" }, "geometry": { "type": "MultiPolygon", "coordinates": [ [ [ [ 122.534736304618576, 10.69972478269303 ], [ 122.534798847950483, 10.699730960132504 ], [ 122.534913106324154, 10.699744834896292 ], [ 122.535127544871997, 10.699779097975195 ], [ 122.535226184554418, 10.699796216679163 ], [ 122.535313028897249, 10.699812257050247 ], [ 122.535411666988409, 10.699830436428101 ], [ 122.535698993655785, 10.699890265267884 ], [ 122.535806200121542, 10.699915882413091 ], [ 122.535945568878546, 10.699948972501508 ], [ 122.536332497921677, 10.700048196066428 ], [ 122.536596347869619, 10.700110416094917 ], [ 122.536886626597223, 10.700162064842697 ], [ 122.537234182135322, 10.700224873188795 ], [ 122.537637717697436, 10.700299299793297 ], [ 122.53806459618977, 10.700366839044873 ], [ 122.538084809898322, 10.700370359800178 ], [ 122.538358505557753, 10.700418031047171 ], [ 122.538670827731181, 10.70048233935017 ], [ 122.53880183798222, 10.69978198822713 ], [ 122.538921003872758, 10.699767143365596 ], [ 122.539063791726207, 10.699716139230464 ], [ 122.539170981788217, 10.699565804681287 ], [ 122.539193814810019, 10.699381183170711 ], [ 122.539299946845034, 10.699121946973357 ], [ 122.539308234096609, 10.699029544359746 ], [ 122.539321629963297, 10.698876881421015 ], [ 122.539372951940166, 10.698727198941038 ], [ 122.539466481393802, 10.698577705405926 ], [ 122.53950878041222, 10.698456168178895 ], [ 122.539519105993477, 10.698339803400099 ], [ 122.539403064539172, 10.698107126423972 ], [ 122.539269680834693, 10.69794833684907 ], [ 122.53921643368335, 10.697847885307052 ], [ 122.539402336228179, 10.697733069220176 ], [ 122.539302435928789, 10.697504333113507 ], [ 122.539292053024283, 10.697407264672572 ], [ 122.539089635382609, 10.696853793906016 ], [ 122.539032526257884, 10.69676128385718 ], [ 122.539002753608756, 10.696626398717454 ], [ 122.539026007779583, 10.696520659160994 ], [ 122.539175741494603, 10.696473307594449 ], [ 122.53948635407491, 10.696082586364481 ], [ 122.53957059547318, 10.696138187677544 ], [ 122.539804144733282, 10.695712304941768 ], [ 122.539602072059424, 10.695584942323006 ], [ 122.539534942118522, 10.695687875787005 ], [ 122.5391718397982, 10.695454730817762 ], [ 122.539249651839228, 10.695351167626002 ], [ 122.53853135218155, 10.694861696884285 ], [ 122.53833601652947, 10.695125926216706 ], [ 122.537728993318026, 10.694661440936892 ], [ 122.537557591758173, 10.694872679334653 ], [ 122.536666036591427, 10.694067642299162 ], [ 122.536465434810808, 10.694221006874431 ], [ 122.536563953835071, 10.694395308466289 ], [ 122.536454001003463, 10.694492025485834 ], [ 122.536381859594982, 10.694605585121227 ], [ 122.536333785558497, 10.694580020079824 ], [ 122.535789270790232, 10.694071601955224 ], [ 122.535323612094402, 10.694425153484469 ], [ 122.535035374689315, 10.694133907428947 ], [ 122.534955109568955, 10.694181372414288 ], [ 122.534810494351774, 10.694355637919349 ], [ 122.535462356254598, 10.694839982544387 ], [ 122.535758793167219, 10.695100008835853 ], [ 122.536051535466527, 10.695324499844023 ], [ 122.536392450290563, 10.695540580134846 ], [ 122.536521199151949, 10.695646079616468 ], [ 122.535800612327279, 10.696671034619985 ], [ 122.535705153703873, 10.696604152746602 ], [ 122.535628573638405, 10.696717754836614 ], [ 122.535336484235529, 10.696466120348299 ], [ 122.535020356947456, 10.696920359223208 ], [ 122.535167111956483, 10.697021116847528 ], [ 122.535303373781929, 10.697132286007875 ], [ 122.535513253535626, 10.697292361541624 ], [ 122.535641218179563, 10.697416859000676 ], [ 122.535646399979711, 10.697527865510146 ], [ 122.535602526754516, 10.697642975454032 ], [ 122.535442713288575, 10.697887052173881 ], [ 122.535331193285131, 10.698011541318978 ], [ 122.535207225352039, 10.69808756867573 ], [ 122.535120698461355, 10.698190327710249 ], [ 122.534766534179681, 10.698564363498875 ], [ 122.534749698825124, 10.699077218312201 ], [ 122.534736304618576, 10.69972478269303 ] ] ] ] } },
{ "type": "Feature", "properties": { "psgc": "0603022125", "admin_type": "Barangay", "region": "Region VI (Western Visayas)", "province": "Iloilo", "municity": "Iloilo City", "district": "City Proper", "barangay": "Rizal Palapala I", "population": "1620" }, "geometry": { "type": "MultiPolygon", "coordinates": [ [ [ [ 122.561491647960793, 10.69130011990209 ], [ 122.561615405876211, 10.692537798471957 ], [ 122.561677015268671, 10.692523513995354 ], [ 122.563140473158512, 10.692146517212667 ], [ 122.562942082268236, 10.691152153460857 ], [ 122.561491647960793, 10.69130011990209 ] ] ] ] } },
{ "type": "Feature", "properties": { "psgc": "0603022126", "admin_type": "Barangay", "region": "Region VI (Western Visayas)", "province": "Iloilo", "municity": "Iloilo City", "district": "City Proper", "barangay": "Rizal Palapala II", "population": "2245" }, "geometry": { "type": "MultiPolygon", "coordinates": [ [ [ [ 122.562890290593785, 10.690863633913178 ], [ 122.562942082268236, 10.691152153460857 ], [ 122.563140473158512, 10.692146517212667 ], [ 122.564709526908402, 10.691806712842155 ], [ 122.564994401775877, 10.691751107052461 ], [ 122.564814238036774, 10.6908081407864 ], [ 122.562975643480399, 10.691153623279652 ], [ 122.562923053340668, 10.690857281823257 ], [ 122.562890290593785, 10.690863633913178 ] ] ] ] } },
{ "type": "Feature", "properties": { "psgc": "0603022136", "admin_type": "Barangay", "region": "Region VI (Western Visayas)", "province": "Iloilo", "municity": "Iloilo City", "district": "City Proper", "barangay": "Rima-Rizal", "population": "623" }, "geometry": { "type": "MultiPolygon", "coordinates": [ [ [ [ 122.564965597472764, 10.690772303025643 ], [ 122.564814238036774, 10.6908081407864 ], [ 122.564994401775877, 10.691751107052461 ], [ 122.565208272238579, 10.691701409188985 ], [ 122.566283140447609, 10.691772650897516 ], [ 122.566062715939182, 10.690989842965072 ], [ 122.56625344693343, 10.690963428241126 ], [ 122.5663964641642, 10.69091151639568 ], [ 122.566302288136214, 10.690623549555847 ], [ 122.566084805880237, 10.690296345356799 ], [ 122.566032792921462, 10.690236727728543 ], [ 122.566198776855003, 10.690036081710781 ], [ 122.566166799265446, 10.689972600133318 ], [ 122.565545813624865, 10.690643085734415 ], [ 122.564965597472764, 10.690772303025643 ] ] ] ] } },
{ "type": "Feature", "properties": { "psgc": "0603022138", "admin_type": "Barangay", "region": "Region VI (Western Visayas)", "province": "Iloilo", "municity": "Iloilo City", "district": "City Proper", "barangay": "Rizal Ibarra", "population": "534" }, "geometry": { "type": "MultiPolygon", "coordinates": [ [ [ [ 122.567480959105239, 10.690638251938642 ], [ 122.56738057778972, 10.690645458553012 ], [ 122.567031207385909, 10.690730252795094 ], [ 122.567047032771384, 10.690816661606293 ], [ 122.566421406923396, 10.691000797904925 ], [ 122.5663964641642, 10.69091151639568 ], [ 122.56625344693343, 10.690963428241126 ], [ 122.566062715939182, 10.690989842965072 ], [ 122.566283140447609, 10.691772650897516 ], [ 122.566321496618954, 10.692724550473729 ], [ 122.566864874724928, 10.692325186262117 ], [ 122.567443117154767, 10.692633688454698 ], [ 122.567516732397664, 10.692530345973683 ], [ 122.567648770943038, 10.692207264362438 ], [ 122.567894296215371, 10.692207772758346 ], [ 122.567895255752376, 10.692144188866539 ], [ 122.568088448342877, 10.692146323857891 ], [ 122.568072306916477, 10.69236702453704 ], [ 122.568127874565192, 10.692407767260121 ], [ 122.568210318862668, 10.692259578720023 ], [ 122.568701758135731, 10.692447095707641 ], [ 122.56885674477391, 10.691966276350884 ], [ 122.56833682557729, 10.691920094747248 ], [ 122.568335590143718, 10.691506154009963 ], [ 122.568254521477328, 10.691497529389911 ], [ 122.568252198822705, 10.691267287809865 ], [ 122.568318127278417, 10.691266025501664 ], [ 122.56826348016827, 10.690991867741927 ], [ 122.568171708937086, 10.690992928212136 ], [ 122.56814993704684, 10.690828735977833 ], [ 122.568142798647983, 10.69078120599932 ], [ 122.568127933801321, 10.690672609472719 ], [ 122.568051258006207, 10.690697381290896 ], [ 122.568075171612477, 10.690851663012614 ], [ 122.568026794210269, 10.69085637873202 ], [ 122.568045949041448, 10.690990358638819 ], [ 122.568013044011863, 10.690996985980314 ], [ 122.568019272738809, 10.691040553289969 ], [ 122.567975735812254, 10.691042883820522 ], [ 122.567975791246553, 10.691004488986696 ], [ 122.567951598902084, 10.691009361516731 ], [ 122.567944743480737, 10.690965442709636 ], [ 122.567910539225096, 10.690971031277455 ], [ 122.567896142058444, 10.690892074436629 ], [ 122.567932149370961, 10.690884759342403 ], [ 122.567922842544448, 10.690825135722827 ], [ 122.567869909452511, 10.690828095651941 ], [ 122.567864835953614, 10.690798741617487 ], [ 122.567787425900889, 10.690810592331815 ], [ 122.56778559646331, 10.690832810273223 ], [ 122.567755950531605, 10.690834468011634 ], [ 122.567760690834959, 10.690901451136648 ], [ 122.567695387201795, 10.690903750872009 ], [ 122.567695519305204, 10.690812310274383 ], [ 122.567695573810056, 10.690774582312937 ], [ 122.5676205891953, 10.690781652383036 ], [ 122.56762050988138, 10.690836543606794 ], [ 122.567535386270009, 10.690864044508041 ], [ 122.567528370104711, 10.690783535168839 ], [ 122.567525625186747, 10.690761937537326 ], [ 122.56747065453203, 10.690771872365859 ], [ 122.567458617232703, 10.690733583103244 ], [ 122.567502181773619, 10.690712116560706 ], [ 122.567480959105239, 10.690638251938642 ] ] ] ] } },
{ "type": "Feature", "properties": { "psgc": "0603022107", "admin_type": "Barangay", "region": "Region VI (Western Visayas)", "province": "Iloilo", "municity": "Iloilo City", "district": "City Proper", "barangay": "Maria Clara", "population": "589" }, "geometry": { "type": "MultiPolygon", "coordinates": [ [ [ [ 122.569120752425192, 10.690588164217614 ], [ 122.568927510181624, 10.69060948003197 ], [ 122.568950316776025, 10.690801206008782 ], [ 122.568741879374102, 10.690790339508357 ], [ 122.568736312799786, 10.690725962521782 ], [ 122.56841236548722, 10.690797295728874 ], [ 122.56841051602396, 10.690774013104575 ], [ 122.568335686882534, 10.690773907520086 ], [ 122.568339428154061, 10.690813356480209 ], [ 122.568267463193166, 10.690829203097307 ], [ 122.5682500730275, 10.690840529608408 ], [ 122.56826348016827, 10.690991867741927 ], [ 122.568318127278417, 10.691266025501664 ], [ 122.568252198822705, 10.691267287809865 ], [ 122.568254521477328, 10.691497529389911 ], [ 122.568335590143718, 10.691506154009963 ], [ 122.56833682557729, 10.691920094747248 ], [ 122.56885674477391, 10.691966276350884 ], [ 122.569061200701256, 10.691989467656613 ], [ 122.569681013046278, 10.692042112950132 ], [ 122.571017149576079, 10.693919428846625 ], [ 122.571719517542135, 10.693510208674667 ], [ 122.570606370494332, 10.692023514230181 ], [ 122.570568363520366, 10.691042989087537 ], [ 122.57054976266879, 10.690363010473424 ], [ 122.570431464761839, 10.69038566758643 ], [ 122.570426028753829, 10.690449096219307 ], [ 122.569126920539205, 10.690648150537525 ], [ 122.569120752425192, 10.690588164217614 ] ] ] ] } },
{ "type": "Feature", "properties": { "psgc": "0603022169", "admin_type": "Barangay", "region": "Region VI (Western Visayas)", "province": "Iloilo", "municity": "Iloilo City", "district": "City Proper", "barangay": "Santo Rosario-Duran", "population": "1665" }, "geometry": { "type": "MultiPolygon", "coordinates": [ [ [ [ 122.574086704948272, 10.692081772751271 ], [ 122.574458969050951, 10.692404420113457 ], [ 122.574985981250634, 10.692889519162643 ], [ 122.575423184851786, 10.693278159807042 ], [ 122.576476610916203, 10.692148393616534 ], [ 122.576604813115239, 10.692300701756645 ], [ 122.577035175203434, 10.691829525240189 ], [ 122.576881127285233, 10.69166811752911 ], [ 122.577024983203003, 10.691535615703947 ], [ 122.577349762405831, 10.691928053606853 ], [ 122.577749917235622, 10.691628507645291 ], [ 122.577635541188656, 10.691480916452278 ], [ 122.577844057138137, 10.691325285810455 ], [ 122.578049114448149, 10.691059338308184 ], [ 122.578195004850187, 10.69080298627536 ], [ 122.578480828646732, 10.690255601764589 ], [ 122.578158107849305, 10.690022113528794 ], [ 122.577717107424931, 10.689758015142498 ], [ 122.577492784129234, 10.689573061341902 ], [ 122.577702749771063, 10.689215487885436 ], [ 122.577638974216626, 10.689154679564325 ], [ 122.577595707448225, 10.689141652127772 ], [ 122.577434846092345, 10.689262412114793 ], [ 122.577469026125158, 10.68930060056711 ], [ 122.576754929437385, 10.690311647551093 ], [ 122.576672061708337, 10.690219311725091 ], [ 122.576255307752106, 10.690387452098458 ], [ 122.576236248281006, 10.690361083141662 ], [ 122.575736929529995, 10.690715671851427 ], [ 122.575780009637498, 10.690783123634219 ], [ 122.575177129500275, 10.691173204353623 ], [ 122.575131937095591, 10.691115501387474 ], [ 122.574685603322408, 10.691424290933165 ], [ 122.574746086784288, 10.69151706940583 ], [ 122.574381659233808, 10.69177022836244 ], [ 122.574086704948272, 10.692081772751271 ] ] ] ] } },
{ "type": "Feature", "properties": { "psgc": "0603022105", "admin_type": "Barangay", "region": "Region VI (Western Visayas)", "province": "Iloilo", "municity": "Iloilo City", "district": "Lapuz", "barangay": "Mansaya-Lapuz", "population": "3374" }, "geometry": { "type": "MultiPolygon", "coordinates": [ [ [ [ 122.582077409771117, 10.698568420348179 ], [ 122.5823846078343, 10.698646459947815 ], [ 122.582952872005094, 10.698790819039591 ], [ 122.583337965716851, 10.698946153592523 ], [ 122.583663183717988, 10.699093967921113 ], [ 122.584967418508683, 10.699986430284973 ], [ 122.585169190456668, 10.700157718415726 ], [ 122.585261072817417, 10.700246328110012 ], [ 122.585493091313793, 10.700621359781922 ], [ 122.586525382614127, 10.702348356286596 ], [ 122.586635833713842, 10.702237617526601 ], [ 122.586797055627585, 10.702054599689555 ], [ 122.587001974492594, 10.701900074085659 ], [ 122.58716751727664, 10.701831161718484 ], [ 122.587336712089382, 10.701773615779263 ], [ 122.587896485589624, 10.701956523338733 ], [ 122.588001631522019, 10.701730943638001 ], [ 122.588166169871812, 10.701377942881063 ], [ 122.587894117573072, 10.70114706576577 ], [ 122.5875622293362, 10.700787052764097 ], [ 122.58715388354905, 10.700258316986814 ], [ 122.586418838507612, 10.699398554374138 ], [ 122.586254316883455, 10.699245318113702 ], [ 122.586078131869655, 10.69911241984299 ], [ 122.585902088569455, 10.699052880904528 ], [ 122.585164420774305, 10.698851314312446 ], [ 122.584987833824016, 10.698783030141744 ], [ 122.584820098788825, 10.698629730207193 ], [ 122.584698547171016, 10.698431081672654 ], [ 122.584613496027842, 10.698246021543142 ], [ 122.584603194499863, 10.698183296530562 ], [ 122.584874533884033, 10.697921431662879 ], [ 122.584606146470705, 10.697973252649822 ], [ 122.584420114270387, 10.697984250118145 ], [ 122.584246909038924, 10.697978520365552 ], [ 122.58406624711256, 10.697918032686831 ], [ 122.583875093459795, 10.697820080427727 ], [ 122.583704293912078, 10.697681952836568 ], [ 122.583592489352014, 10.697539226263521 ], [ 122.583512712940575, 10.697401924433381 ], [ 122.583437659419531, 10.697237535003392 ], [ 122.583188899337273, 10.697368898319313 ], [ 122.583053662940713, 10.697424432289068 ], [ 122.583084501801238, 10.69751194405379 ], [ 122.583041409337085, 10.697749771498572 ], [ 122.582955231564654, 10.698220140001018 ], [ 122.582249568487882, 10.698260143636093 ], [ 122.582144195136095, 10.698329917241281 ], [ 122.582077409771117, 10.698568420348179 ] ] ] ] } },
{ "type": "Feature", "properties": { "psgc": "0603022188", "admin_type": "Barangay", "region": "Region VI (Western Visayas)", "province": "Iloilo", "municity": "Iloilo City", "district": "City Proper", "barangay": "Veterans Village", "population": "5396" }, "geometry": { "type": "MultiPolygon", "coordinates": [ [ [ [ 122.583427315178255, 10.691229942855788 ], [ 122.583935673953789, 10.692164699633883 ], [ 122.584026612063099, 10.692111959780416 ], [ 122.581851492116812, 10.688238714902981 ], [ 122.580948866734573, 10.687609061202071 ], [ 122.581023835902926, 10.687508723023948 ], [ 122.580842294812996, 10.68737631516044 ], [ 122.580584978101328, 10.687708821658653 ], [ 122.580582848626818, 10.687705752919721 ], [ 122.580584823189838, 10.687700751800278 ], [ 122.580356782083101, 10.687670057901174 ], [ 122.580052826350794, 10.687529099672131 ], [ 122.579885749911455, 10.687389222994527 ], [ 122.580019783238825, 10.686946991300468 ], [ 122.579980039939556, 10.686931989657358 ], [ 122.579842875081297, 10.687322080065096 ], [ 122.579778669616147, 10.687369569112782 ], [ 122.579505188718628, 10.688003556690196 ], [ 122.57907736630824, 10.688166845351649 ], [ 122.579062412931918, 10.688073111325371 ], [ 122.579211762140687, 10.687617248651355 ], [ 122.579179744847252, 10.687580200061609 ], [ 122.578932934942429, 10.688251228309918 ], [ 122.57813117475277, 10.68863084681106 ], [ 122.578361350836033, 10.688023127239783 ], [ 122.578318614009746, 10.688007209231785 ], [ 122.578045092227427, 10.688667627121768 ], [ 122.577952291141003, 10.688713359343971 ], [ 122.578027386331868, 10.688854331733758 ], [ 122.577638974216626, 10.689154679564325 ], [ 122.577702749771063, 10.689215487885436 ], [ 122.577492784129234, 10.689573061341902 ], [ 122.577717107424931, 10.689758015142498 ], [ 122.578158107849305, 10.690022113528794 ], [ 122.578480828646732, 10.690255601764589 ], [ 122.578195004850187, 10.69080298627536 ], [ 122.578049114448149, 10.691059338308184 ], [ 122.577844057138137, 10.691325285810455 ], [ 122.577635541188656, 10.691480916452278 ], [ 122.577749917235622, 10.691628507645291 ], [ 122.578480103943733, 10.692604420883676 ], [ 122.578955409951661, 10.693254241168022 ], [ 122.579701968822391, 10.692668158449186 ], [ 122.579992820772347, 10.693083937851105 ], [ 122.580391318904475, 10.692814441609645 ], [ 122.580989086381138, 10.692370309420278 ], [ 122.582071509680489, 10.691738887898467 ], [ 122.58251397197499, 10.691520172283916 ], [ 122.582489250671401, 10.69141119932153 ], [ 122.582592393263226, 10.691381574426632 ], [ 122.58338747756676, 10.691251030434383 ], [ 122.583427315178255, 10.691229942855788 ] ] ] ] } },
{ "type": "Feature", "properties": { "psgc": "0603022038", "admin_type": "Barangay", "region": "Region VI (Western Visayas)", "province": "Iloilo", "municity": "Iloilo City", "district": "City Proper", "barangay": "Concepcion-Montes", "population": "2455" }, "geometry": { "type": "MultiPolygon", "coordinates": [ [ [ [ 122.58338747756676, 10.691251030434383 ], [ 122.582592393263226, 10.691381574426632 ], [ 122.582489250671401, 10.69141119932153 ], [ 122.58251397197499, 10.691520172283916 ], [ 122.582071509680489, 10.691738887898467 ], [ 122.580989086381138, 10.692370309420278 ], [ 122.580391318904475, 10.692814441609645 ], [ 122.579992820772347, 10.693083937851105 ], [ 122.579701968822391, 10.692668158449186 ], [ 122.578955409951661, 10.693254241168022 ], [ 122.579200284781066, 10.693593962459971 ], [ 122.579067043909987, 10.693709390181773 ], [ 122.578763432342626, 10.694096502226913 ], [ 122.578058924221523, 10.695040079111809 ], [ 122.577782740171202, 10.695375858329292 ], [ 122.578984069529582, 10.696402093365982 ], [ 122.579117562988685, 10.696500297179623 ], [ 122.57986150927718, 10.697098703003107 ], [ 122.579949749916537, 10.696906643475433 ], [ 122.580101771455631, 10.696556687047268 ], [ 122.580241711976171, 10.696263096136635 ], [ 122.580344003767777, 10.696070348385248 ], [ 122.580426721026157, 10.695928021208966 ], [ 122.58056497503847, 10.695769447581085 ], [ 122.580921616236807, 10.695506636677614 ], [ 122.581479875388652, 10.695095250599097 ], [ 122.58273287144452, 10.694161497113736 ], [ 122.584413964124366, 10.692921527858847 ], [ 122.583860594137875, 10.692344333777164 ], [ 122.58338747756676, 10.691251030434383 ] ] ] ] } },
{ "type": "Feature", "properties": { "psgc": "0603022119", "admin_type": "Barangay", "region": "Region VI (Western Visayas)", "province": "Iloilo", "municity": "Iloilo City", "district": "Molo", "barangay": "North San Jose", "population": "1179" }, "geometry": { "type": "MultiPolygon", "coordinates": [ [ [ [ 122.539084612114848, 10.700570520586451 ], [ 122.539215146023452, 10.700593326097387 ], [ 122.539398324100702, 10.700618417280936 ], [ 122.539636721611572, 10.700641107780905 ], [ 122.539872624333555, 10.700653866148038 ], [ 122.540111040626414, 10.700664145974763 ], [ 122.540309322530291, 10.700659474074033 ], [ 122.54051477126464, 10.700642002480855 ], [ 122.540698252666445, 10.700604565817715 ], [ 122.540851837750409, 10.700561926179274 ], [ 122.541015332872249, 10.700515626839017 ], [ 122.541208556329011, 10.700459573252118 ], [ 122.541380730713811, 10.700404713334878 ], [ 122.54159255266417, 10.70033031581986 ], [ 122.541793439507217, 10.70025590209621 ], [ 122.541887580479383, 10.700224197237391 ], [ 122.541997818152325, 10.700191291245401 ], [ 122.542100616370519, 10.700165722704917 ], [ 122.542187310507231, 10.70014625417393 ], [ 122.542239320370541, 10.700138982080146 ], [ 122.542347046946546, 10.700129342244336 ], [ 122.542437435062325, 10.700123351147791 ], [ 122.542479286038017, 10.700121141107708 ], [ 122.542471766918354, 10.699980216336824 ], [ 122.542456419646257, 10.699788818744102 ], [ 122.542448737587222, 10.699698741436041 ], [ 122.542443355974456, 10.699563988395177 ], [ 122.542441253339291, 10.699476732305016 ], [ 122.542440235968343, 10.699410462706451 ], [ 122.542442550561645, 10.699356347146937 ], [ 122.54244707512666, 10.699317895705217 ], [ 122.542472050952526, 10.699182225461589 ], [ 122.542575716371488, 10.698988106997319 ], [ 122.542882170765267, 10.698180647944719 ], [ 122.542973686150432, 10.698022814423311 ], [ 122.54308509654345, 10.697866899933144 ], [ 122.543171801258268, 10.697717990897191 ], [ 122.542868410851227, 10.697560615255142 ], [ 122.542834771140178, 10.697622030175102 ], [ 122.542486952108547, 10.697416732277432 ], [ 122.542131368722963, 10.697254447658073 ], [ 122.541942803219627, 10.697723405697049 ], [ 122.541456217683233, 10.697514939387551 ], [ 122.541175921151051, 10.697348612799875 ], [ 122.540445169793699, 10.696832294477788 ], [ 122.53957059547318, 10.696138187677544 ], [ 122.53948635407491, 10.696082586364481 ], [ 122.539175741494603, 10.696473307594449 ], [ 122.539026007779583, 10.696520659160994 ], [ 122.539002753608756, 10.696626398717454 ], [ 122.539032526257884, 10.69676128385718 ], [ 122.539089635382609, 10.696853793906016 ], [ 122.539292053024283, 10.697407264672572 ], [ 122.539302435928789, 10.697504333113507 ], [ 122.539402336228179, 10.697733069220176 ], [ 122.53921643368335, 10.697847885307052 ], [ 122.539269680834693, 10.69794833684907 ], [ 122.539403064539172, 10.698107126423972 ], [ 122.539519105993477, 10.698339803400099 ], [ 122.53950878041222, 10.698456168178895 ], [ 122.539466481393802, 10.698577705405926 ], [ 122.539372951940166, 10.698727198941038 ], [ 122.539321629963297, 10.698876881421015 ], [ 122.539308234096609, 10.699029544359746 ], [ 122.539299946845034, 10.699121946973357 ], [ 122.539193814810019, 10.699381183170711 ], [ 122.539170981788217, 10.699565804681287 ], [ 122.539063791726207, 10.699716139230464 ], [ 122.538921003872758, 10.699767143365596 ], [ 122.53880183798222, 10.69978198822713 ], [ 122.538670827731181, 10.70048233935017 ], [ 122.538976563053481, 10.700551027378541 ], [ 122.539084612114848, 10.700570520586451 ] ] ] ] } },
{ "type": "Feature", "properties": { "psgc": "0603022156", "admin_type": "Barangay", "region": "Region VI (Western Visayas)", "province": "Iloilo", "municity": "Iloilo City", "district": "Molo", "barangay": "San Juan", "population": "11091" }, "geometry": { "type": "MultiPolygon", "coordinates": [ [ [ [ 122.541789043292468, 10.687933873903427 ], [ 122.541670335818836, 10.687852375454534 ], [ 122.541159909256862, 10.688501493738343 ], [ 122.541152476273396, 10.688834432966937 ], [ 122.540981502335043, 10.689254137522047 ], [ 122.541157246192924, 10.689334316460037 ], [ 122.541261099468088, 10.689381244886626 ], [ 122.541388327828813, 10.689443900824541 ], [ 122.541491878647477, 10.689499689394115 ], [ 122.541613169032061, 10.68957307339609 ], [ 122.541726569379207, 10.689642541457378 ], [ 122.541851812249348, 10.689713002933349 ], [ 122.542002268130645, 10.689794668842897 ], [ 122.542103257060191, 10.689857527910185 ], [ 122.542210377755566, 10.689892581926298 ], [ 122.542305073714743, 10.689929811749465 ], [ 122.542418529921832, 10.689962188639647 ], [ 122.542623498438417, 10.690007388572619 ], [ 122.542744872595506, 10.690025135754597 ], [ 122.542892810680357, 10.690041945697478 ], [ 122.542966192993092, 10.690048583612011 ], [ 122.543063498579087, 10.690052088023634 ], [ 122.543226895569035, 10.690044127507109 ], [ 122.543393835640941, 10.690042028924426 ], [ 122.543440035024872, 10.690046210373222 ], [ 122.543610057785983, 10.690042345020416 ], [ 122.543756860260103, 10.690047245017453 ], [ 122.543927339941547, 10.690053350895957 ], [ 122.544076496340267, 10.690067625123973 ], [ 122.544214998975292, 10.690080712363102 ], [ 122.544310874266372, 10.690097251440905 ], [ 122.544423305619873, 10.690126699691755 ], [ 122.544473449826143, 10.690142747320952 ], [ 122.544526260173129, 10.69015964818362 ], [ 122.544656083811304, 10.690207863607922 ], [ 122.544808699661331, 10.6902842250368 ], [ 122.544949467376597, 10.690366425967404 ], [ 122.545095572986327, 10.69044564673181 ], [ 122.545189685015728, 10.690508190033416 ], [ 122.545279211148426, 10.6905546073364 ], [ 122.545395599706765, 10.690611896833172 ], [ 122.545481148295579, 10.69065535380536 ], [ 122.54562439202347, 10.69072843955856 ], [ 122.545760677563806, 10.690794621329655 ], [ 122.545840257642382, 10.690835115040004 ], [ 122.546045543250315, 10.690978622543565 ], [ 122.54604875184171, 10.689883584138627 ], [ 122.545861679648894, 10.689883606547324 ], [ 122.54586188142099, 10.68898813323694 ], [ 122.546044312036571, 10.688793451060047 ], [ 122.546411454295537, 10.689171495443054 ], [ 122.546418770318709, 10.689211408864661 ], [ 122.546728911284717, 10.688867051587742 ], [ 122.546844824981761, 10.688640001628054 ], [ 122.54687234854562, 10.688646122598113 ], [ 122.546963568594649, 10.688570119897285 ], [ 122.547010535059798, 10.688545099767229 ], [ 122.547086489847871, 10.688417667592272 ], [ 122.547525489482197, 10.687960303325884 ], [ 122.547581880396933, 10.68801558243293 ], [ 122.54798249112433, 10.687616162621612 ], [ 122.548094539638612, 10.687494813869135 ], [ 122.547837267185812, 10.687297875633988 ], [ 122.547942747225235, 10.687162357310758 ], [ 122.54806995529114, 10.687255012359905 ], [ 122.54842044682556, 10.686792652166256 ], [ 122.548559383637595, 10.686876577336012 ], [ 122.548940893087504, 10.686233841641773 ], [ 122.548908616340469, 10.686232445143983 ], [ 122.548836074488548, 10.686223966262675 ], [ 122.548660959803655, 10.686164295264616 ], [ 122.54862095212512, 10.686142320968131 ], [ 122.548586538949976, 10.686144942361073 ], [ 122.548515842148817, 10.686117116587079 ], [ 122.548443476380001, 10.686122297678661 ], [ 122.548338085705083, 10.686088402231276 ], [ 122.548187131178054, 10.685984474760753 ], [ 122.548067457921178, 10.686000810609492 ], [ 122.547877024953422, 10.685942206885819 ], [ 122.547615371833814, 10.685877894147598 ], [ 122.547305607946555, 10.685734715172496 ], [ 122.547261478425796, 10.685684369992371 ], [ 122.547242106255808, 10.685676524973813 ], [ 122.547036670548223, 10.68562348350471 ], [ 122.546834940406626, 10.685540071518977 ], [ 122.546692596689198, 10.685448259162085 ], [ 122.546605999110469, 10.685358345857075 ], [ 122.546631840383711, 10.685244925343946 ], [ 122.546542405590515, 10.685194841164421 ], [ 122.546426572337325, 10.685152096253063 ], [ 122.546349738774055, 10.685167662587688 ], [ 122.54581551270104, 10.684997708128421 ], [ 122.545568553203793, 10.684925964227023 ], [ 122.545364197564936, 10.684776638981143 ], [ 122.545292249581308, 10.684648033463889 ], [ 122.545228927172474, 10.684594374661943 ], [ 122.545169383021985, 10.684605560363678 ], [ 122.544850639480899, 10.684406155779946 ], [ 122.544505655200354, 10.684809255629563 ], [ 122.544270869627411, 10.685070374977343 ], [ 122.54309291367494, 10.686443068697514 ], [ 122.54220407870362, 10.687483150370841 ], [ 122.541789043292468, 10.687933873903427 ] ] ] ] } },
{ "type": "Feature", "properties": { "psgc": "0603022032", "admin_type": "Barangay", "region": "Region VI (Western Visayas)", "province": "Iloilo", "municity": "Iloilo City", "district": "Molo", "barangay": "Calumpang", "population": "15568" }, "geometry": { "type": "MultiPolygon", "coordinates": [ [ [ [ 122.530364281162022, 10.682431802929459 ], [ 122.530031370369542, 10.683264604866901 ], [ 122.529946604073061, 10.68385331343543 ], [ 122.529896274353362, 10.684120597707617 ], [ 122.530065405172778, 10.68417813680129 ], [ 122.530130557642451, 10.684195025642092 ], [ 122.530243426371428, 10.68422308511486 ], [ 122.530294053921395, 10.68423217737622 ], [ 122.530352784100288, 10.6842412818098 ], [ 122.530399361883553, 10.684249366172931 ], [ 122.530471248064018, 10.684265502914416 ], [ 122.53051984535594, 10.684277597469485 ], [ 122.530604893704123, 10.684296759340338 ], [ 122.530719289478498, 10.684331993970671 ], [ 122.530891173205646, 10.684390356140387 ], [ 122.530963048687624, 10.684413505310811 ], [ 122.531059909931557, 10.684451718875492 ], [ 122.531146951751921, 10.684491921262328 ], [ 122.531267404671041, 10.684540188105743 ], [ 122.531387642005214, 10.684593463549481 ], [ 122.531465571516932, 10.684631648594697 ], [ 122.53152710082459, 10.684661330332997 ], [ 122.531610069955704, 10.684715551600817 ], [ 122.531723404066071, 10.684782841682971 ], [ 122.532162231772475, 10.685063537070755 ], [ 122.532312785429937, 10.685161938293268 ], [ 122.532428139399883, 10.685233238330234 ], [ 122.53265955498388, 10.685371546968664 ], [ 122.532745576799542, 10.685416756370453 ], [ 122.532847793243135, 10.685469002524799 ], [ 122.532949501287732, 10.685513770983681 ], [ 122.533063885573327, 10.685557019116462 ], [ 122.53322383361126, 10.685609351439933 ], [ 122.533493115712076, 10.685695907974136 ], [ 122.533746904249313, 10.685775428599037 ], [ 122.533956256645482, 10.685838854026555 ], [ 122.534198022884624, 10.685900324064557 ], [ 122.53442369090196, 10.685959766338051 ], [ 122.534527960971218, 10.685993982727222 ], [ 122.53467959834822, 10.686046660238105 ], [ 122.534738313786647, 10.686065781784704 ], [ 122.534802490103473, 10.686083741538447 ], [ 122.5348616718682, 10.686108231631708 ], [ 122.535002722647079, 10.686166030265705 ], [ 122.535110226477968, 10.68621694636292 ], [ 122.535268041215417, 10.68628453061528 ], [ 122.535325249094228, 10.686309017686755 ], [ 122.535456407973911, 10.686381442585819 ], [ 122.535767830397148, 10.686573647612089 ], [ 122.535987204042371, 10.686709024099855 ], [ 122.536259361273736, 10.686874385572429 ], [ 122.536438831055065, 10.686981044551619 ], [ 122.536620862736626, 10.687065960777206 ], [ 122.536762904261977, 10.687121807956597 ], [ 122.536981889305736, 10.687205099348727 ], [ 122.537306184664729, 10.687313651937838 ], [ 122.537847613266152, 10.687482339091817 ], [ 122.538064292348921, 10.687556920576538 ], [ 122.538129398080144, 10.687580442753031 ], [ 122.538311868276438, 10.687661727080563 ], [ 122.538571987913727, 10.687785097425779 ], [ 122.538659755075486, 10.687834734380074 ], [ 122.538746533393052, 10.687885618653683 ], [ 122.538818330040002, 10.687939136294535 ], [ 122.538964280593717, 10.688021342405547 ], [ 122.539295995188454, 10.68821782999796 ], [ 122.539590812281148, 10.688412504473675 ], [ 122.539903377948121, 10.688618917780394 ], [ 122.540153555060911, 10.68879150679339 ], [ 122.54029948436596, 10.688888353461218 ], [ 122.54039711283535, 10.688944133662465 ], [ 122.540540842245065, 10.689018878843571 ], [ 122.540704540584954, 10.689113799314274 ], [ 122.540850330572724, 10.689188547388914 ], [ 122.540981502335043, 10.689254137522047 ], [ 122.541152476273396, 10.688834432966937 ], [ 122.541159909256862, 10.688501493738343 ], [ 122.541670335818836, 10.687852375454534 ], [ 122.541789043292468, 10.687933873903427 ], [ 122.54220407870362, 10.687483150370841 ], [ 122.54309291367494, 10.686443068697514 ], [ 122.544270869627411, 10.685070374977343 ], [ 122.544505655200354, 10.684809255629563 ], [ 122.544850639480899, 10.684406155779946 ], [ 122.544813280604117, 10.684300807147862 ], [ 122.544730109782506, 10.684214263459419 ], [ 122.544579745190632, 10.684097327873648 ], [ 122.544427460548121, 10.684031847505471 ], [ 122.544213855792876, 10.683904654379893 ], [ 122.544187277875679, 10.683804165594868 ], [ 122.544053738297791, 10.683751110104408 ], [ 122.543984199627502, 10.683788011005204 ], [ 122.543845333610676, 10.683724372624123 ], [ 122.543779443193131, 10.683592983150465 ], [ 122.543677013354937, 10.683600615277561 ], [ 122.543595755688372, 10.683549529050353 ], [ 122.543505944489866, 10.683523441139686 ], [ 122.543324328747886, 10.683427996650817 ], [ 122.543301749378671, 10.683365860194808 ], [ 122.543265652719867, 10.683343310196014 ], [ 122.543140719424741, 10.683314136480089 ], [ 122.542987706196286, 10.683316458617574 ], [ 122.542861792481133, 10.683283256819688 ], [ 122.542667161928136, 10.683178507037933 ], [ 122.542572038053791, 10.683104485890237 ], [ 122.542523000212014, 10.683061968241672 ], [ 122.54235203649867, 10.682992976295779 ], [ 122.542314450992222, 10.68297253370122 ], [ 122.542239756582575, 10.683003383478976 ], [ 122.54215602872253, 10.682981019000628 ], [ 122.542031436339613, 10.682892036062851 ], [ 122.54195417990627, 10.682810364103164 ], [ 122.541823188976622, 10.682733101688402 ], [ 122.54166294972589, 10.682642975662352 ], [ 122.541540261132852, 10.682468306739285 ], [ 122.541465092454402, 10.682416612690858 ], [ 122.541460242688416, 10.68235715085682 ], [ 122.541336062105572, 10.682369314827215 ], [ 122.541203375983272, 10.682319887035744 ], [ 122.541112857474133, 10.682293181698919 ], [ 122.540936759133359, 10.682086707964375 ], [ 122.540758602555982, 10.681989305544491 ], [ 122.540660912906475, 10.681947463253605 ], [ 122.540541504538496, 10.6818640433938 ], [ 122.540498842891239, 10.681795242767917 ], [ 122.540241171432754, 10.681655691060779 ], [ 122.540140920882649, 10.681630795475842 ], [ 122.540014699203724, 10.681552297589016 ], [ 122.539825806764412, 10.681439974873758 ], [ 122.539821561812843, 10.681358141458263 ], [ 122.539660279762117, 10.681312827873706 ], [ 122.539576714939344, 10.681280339919637 ], [ 122.53947869907924, 10.681196231545522 ], [ 122.539404068183458, 10.681058646084749 ], [ 122.539288466324834, 10.680992152784725 ], [ 122.539126237974301, 10.680957767237787 ], [ 122.538942155223481, 10.680954087630479 ], [ 122.538720042405686, 10.680898994513088 ], [ 122.53854371870365, 10.680840567362734 ], [ 122.538382960068446, 10.680803553476888 ], [ 122.5381804286624, 10.680691972127944 ], [ 122.538020264910529, 10.680554257505598 ], [ 122.537849108771084, 10.680527525208518 ], [ 122.537646210435824, 10.680453232364945 ], [ 122.537461902484708, 10.680379724790102 ], [ 122.537273387101479, 10.680292653750319 ], [ 122.53709793640823, 10.680221927058279 ], [ 122.536914311237581, 10.680140169126805 ], [ 122.536726870551391, 10.680086156303478 ], [ 122.536556287029669, 10.680044454359273 ], [ 122.536369280778487, 10.679980722434545 ], [ 122.536173608705724, 10.679925481132658 ], [ 122.536171623818788, 10.679890537119133 ], [ 122.536358134475293, 10.679917234378939 ], [ 122.536538555579426, 10.679960955246901 ], [ 122.536726575216633, 10.680024263411495 ], [ 122.536919787688859, 10.68005557844535 ], [ 122.537112107313973, 10.680140467807309 ], [ 122.537281074813208, 10.680213176934231 ], [ 122.537468589707558, 10.680258708269793 ], [ 122.537657114045331, 10.6803157754988 ], [ 122.537845510855291, 10.680363916682262 ], [ 122.537977766919141, 10.680379708103036 ], [ 122.538218150837864, 10.680496393843793 ], [ 122.538391738536262, 10.680595620092944 ], [ 122.538592270660331, 10.680555118923182 ], [ 122.538593645162535, 10.680504368783799 ], [ 122.538383937203676, 10.680454344029293 ], [ 122.538305458901732, 10.680440082388348 ], [ 122.538207719661685, 10.680327180200756 ], [ 122.538010183279624, 10.680253893013466 ], [ 122.537833589235788, 10.680192508386265 ], [ 122.537657407465289, 10.68012542828034 ], [ 122.537482242074063, 10.680050657091217 ], [ 122.537379813643682, 10.679960876091281 ], [ 122.537272784326888, 10.679945075256086 ], [ 122.537091066682578, 10.679918363783862 ], [ 122.536940966883833, 10.679835584167494 ], [ 122.536830724141936, 10.679755885159773 ], [ 122.536741819408078, 10.679728791380814 ], [ 122.536555594862548, 10.679680338203397 ], [ 122.536359128502767, 10.679631736422369 ], [ 122.536198851692845, 10.67956804482125 ], [ 122.536015465560155, 10.679525707387782 ], [ 122.535822961266831, 10.679484146987004 ], [ 122.535650883471334, 10.679459299580035 ], [ 122.535457133777243, 10.679433510931046 ], [ 122.535261400793317, 10.679389245626338 ], [ 122.535108605787656, 10.679370758804447 ], [ 122.534915552282101, 10.679339424318616 ], [ 122.534718193110422, 10.679320674158907 ], [ 122.534547376222648, 10.679317033125615 ], [ 122.53434986093761, 10.679299409163924 ], [ 122.53415533549537, 10.679255702756253 ], [ 122.533991364348637, 10.679274931220627 ], [ 122.533815105236371, 10.67924718418541 ], [ 122.533616022253, 10.679201989481822 ], [ 122.533456710048796, 10.679158742557544 ], [ 122.533267981616049, 10.679144533023587 ], [ 122.533077579356174, 10.679119163788311 ], [ 122.532911095376633, 10.679121446826956 ], [ 122.53271406367071, 10.679118610124402 ], [ 122.532516293095298, 10.679102446430822 ], [ 122.532360179468014, 10.679115909962494 ], [ 122.532173142010066, 10.679102270024876 ], [ 122.531981727779623, 10.679091056276542 ], [ 122.531809161967274, 10.67908189734105 ], [ 122.531602191241248, 10.679079902010255 ], [ 122.531447219232035, 10.679092478023707 ], [ 122.531259121797362, 10.67908768795435 ], [ 122.531149986053833, 10.679084700532579 ], [ 122.531039177963351, 10.680168252358811 ], [ 122.530990007384361, 10.680844968236313 ], [ 122.530705436732603, 10.681637647351147 ], [ 122.530364281162022, 10.682431802929459 ] ] ] ] } },
{ "type": "Feature", "properties": { "psgc": "0603022022", "admin_type": "Barangay", "region": "Region VI (Western Visayas)", "province": "Iloilo", "municity": "Iloilo City", "district": "City Proper", "barangay": "Bonifacio Tanza", "population": "2916" }, "geometry": { "type": "MultiPolygon", "coordinates": [ [ [ [ 122.558666975048936, 10.693279133815533 ], [ 122.559118041354139, 10.693137847175096 ], [ 122.559591044617179, 10.693009741933889 ], [ 122.559462059487416, 10.692422585773123 ], [ 122.559399315814176, 10.692430195683725 ], [ 122.559376073276511, 10.691789765669764 ], [ 122.559379581932163, 10.691362296001483 ], [ 122.557583095474669, 10.691319985333577 ], [ 122.557552216899808, 10.692180368948378 ], [ 122.557972778896044, 10.693406920499251 ], [ 122.558343603866973, 10.693325971009168 ], [ 122.558666975048936, 10.693279133815533 ] ] ] ] } },
{ "type": "Feature", "properties": { "psgc": "0603022118", "admin_type": "Barangay", "region": "Region VI (Western Visayas)", "province": "Iloilo", "municity": "Iloilo City", "district": "Molo", "barangay": "North Baluarte", "population": "4907" }, "geometry": { "type": "MultiPolygon", "coordinates": [ [ [ [ 122.552079158841337, 10.690608664401234 ], [ 122.552070835611772, 10.6909814399104 ], [ 122.552268248593805, 10.690980992441551 ], [ 122.552259867074099, 10.691333057380982 ], [ 122.552443990573863, 10.691336095773385 ], [ 122.55243801598489, 10.692065677349703 ], [ 122.552523543082671, 10.692060516053314 ], [ 122.55252238991433, 10.692348777376374 ], [ 122.552707076255729, 10.692340635964978 ], [ 122.55316269350098, 10.692384410711956 ], [ 122.553266698908672, 10.692390439868644 ], [ 122.554163703641478, 10.692426023972567 ], [ 122.554543408888705, 10.692479257364552 ], [ 122.55474410686783, 10.692541271827292 ], [ 122.555213707712028, 10.692715261451095 ], [ 122.555315768437495, 10.692807025781381 ], [ 122.555534436427834, 10.692913717543998 ], [ 122.555550349633563, 10.69293321444629 ], [ 122.555798701964477, 10.692461158115282 ], [ 122.556039600659346, 10.691990546839754 ], [ 122.556213474839737, 10.691698083618778 ], [ 122.556297236561136, 10.691566719285323 ], [ 122.556333279605497, 10.691464225113137 ], [ 122.556084071074324, 10.691448889883862 ], [ 122.556020798419141, 10.691386920645424 ], [ 122.554606129007553, 10.691394732743541 ], [ 122.554572633443414, 10.690453686974299 ], [ 122.554563951493051, 10.68920297931427 ], [ 122.554462492970345, 10.689239484582981 ], [ 122.554355366795491, 10.68939263267187 ], [ 122.554282054219144, 10.689441531789415 ], [ 122.554179156806072, 10.689476191573107 ], [ 122.554077282207359, 10.689492668289748 ], [ 122.553927664213873, 10.689466018590664 ], [ 122.553783737560281, 10.689395173042762 ], [ 122.55365538206776, 10.689299250357774 ], [ 122.553521924293605, 10.689148246433447 ], [ 122.553089697408097, 10.688671844772939 ], [ 122.552907239001513, 10.688479137890821 ], [ 122.552790880806228, 10.688338368743272 ], [ 122.552668098467151, 10.688237748836352 ], [ 122.552539900251602, 10.688184698069627 ], [ 122.552372927203393, 10.688149431623227 ], [ 122.552222740838687, 10.688146960737582 ], [ 122.552089065760214, 10.688150745824103 ], [ 122.552009943508253, 10.68819081625437 ], [ 122.551896386639882, 10.688255505008375 ], [ 122.551957047191792, 10.688358295106045 ], [ 122.552090487482957, 10.688480076252207 ], [ 122.552203679593106, 10.688618292961065 ], [ 122.552234317340293, 10.688802753615189 ], [ 122.552194223717549, 10.688923936018192 ], [ 122.552004012526822, 10.689119597354781 ], [ 122.55175785449218, 10.689314831787815 ], [ 122.551705378487668, 10.689365733843994 ], [ 122.551703355004022, 10.690266989935727 ], [ 122.551895969683443, 10.690267487296992 ], [ 122.551889645899891, 10.690621703395903 ], [ 122.552079158841337, 10.690608664401234 ] ] ] ] } },
{ "type": "Feature", "properties": { "psgc": "0603022172", "admin_type": "Barangay", "region": "Region VI (Western Visayas)", "province": "Iloilo", "municity": "Iloilo City", "district": "Molo", "barangay": "South Baluarte", "population": "1524" }, "geometry": { "type": "MultiPolygon", "coordinates": [ [ [ [ 122.551705378487668, 10.689365733843994 ], [ 122.55175785449218, 10.689314831787815 ], [ 122.552004012526822, 10.689119597354781 ], [ 122.552194223717549, 10.688923936018192 ], [ 122.552234317340293, 10.688802753615189 ], [ 122.552203679593106, 10.688618292961065 ], [ 122.552090487482957, 10.688480076252207 ], [ 122.551957047191792, 10.688358295106045 ], [ 122.551896386639882, 10.688255505008375 ], [ 122.551702229976314, 10.688407705497804 ], [ 122.551399142389897, 10.688694404184945 ], [ 122.549974193710625, 10.689986114396248 ], [ 122.549614542560192, 10.690309523709672 ], [ 122.549586487676365, 10.690344404831126 ], [ 122.549554758859415, 10.690393730962034 ], [ 122.549524240467193, 10.690447875606106 ], [ 122.549469332200076, 10.690528477295024 ], [ 122.549397567617916, 10.690619285244125 ], [ 122.549334759486001, 10.690681238795253 ], [ 122.549277935965463, 10.690735322343398 ], [ 122.549190240236541, 10.690797239936799 ], [ 122.549133925628979, 10.690829709738168 ], [ 122.549331857592051, 10.691368454167502 ], [ 122.549361361151753, 10.691495576578607 ], [ 122.549355384027223, 10.691590707859699 ], [ 122.549348194945125, 10.691727799347275 ], [ 122.549335030305343, 10.691875421949705 ], [ 122.549309086705591, 10.691991650711099 ], [ 122.549426351884037, 10.692035549555769 ], [ 122.549708828766626, 10.692110954666827 ], [ 122.549888752759998, 10.692158271418785 ], [ 122.55002475826879, 10.692187878284747 ], [ 122.55015535111778, 10.692209389319686 ], [ 122.550296882567324, 10.692225769164553 ], [ 122.550406151497057, 10.692236955594456 ], [ 122.550489931704021, 10.692242223125577 ], [ 122.550642118899518, 10.69224023639741 ], [ 122.550824027337796, 10.692249321413554 ], [ 122.551017316535862, 10.692252540527793 ], [ 122.551170791726605, 10.692259494707901 ], [ 122.551393873546672, 10.692246315458396 ], [ 122.551599878384721, 10.692254160367865 ], [ 122.551707859393531, 10.692265374386547 ], [ 122.551806721064196, 10.692275641312506 ], [ 122.55198086070537, 10.692292909387406 ], [ 122.552047404571198, 10.692299507999374 ], [ 122.55252238991433, 10.692348777376374 ], [ 122.552523543082671, 10.692060516053314 ], [ 122.55243801598489, 10.692065677349703 ], [ 122.552443990573863, 10.691336095773385 ], [ 122.552259867074099, 10.691333057380982 ], [ 122.552268248593805, 10.690980992441551 ], [ 122.552070835611772, 10.6909814399104 ], [ 122.552079158841337, 10.690608664401234 ], [ 122.551889645899891, 10.690621703395903 ], [ 122.551895969683443, 10.690267487296992 ], [ 122.551703355004022, 10.690266989935727 ], [ 122.551705378487668, 10.689365733843994 ] ] ] ] } },
{ "type": "Feature", "properties": { "psgc": "0603022110", "admin_type": "Barangay", "region": "Region VI (Western Visayas)", "province": "Iloilo", "municity": "Iloilo City", "district": "Molo", "barangay": "Molo Boulevard", "population": "8357" }, "geometry": { "type": "MultiPolygon", "coordinates": [ [ [ [ 122.548413591834731, 10.690847394158295 ], [ 122.548526053216719, 10.690746225913665 ], [ 122.548793675588072, 10.691048853869793 ], [ 122.548869546852885, 10.690995157491194 ], [ 122.548908665136437, 10.690964797302843 ], [ 122.548956927025642, 10.690935272390886 ], [ 122.549002694862125, 10.690905743868631 ], [ 122.549048445697579, 10.690887724338678 ], [ 122.549133925628979, 10.690829709738168 ], [ 122.549190240236541, 10.690797239936799 ], [ 122.549277935965463, 10.690735322343398 ], [ 122.549334759486001, 10.690681238795253 ], [ 122.549397567617916, 10.690619285244125 ], [ 122.549469332200076, 10.690528477295024 ], [ 122.549524240467193, 10.690447875606106 ], [ 122.549554758859415, 10.690393730962034 ], [ 122.549586487676365, 10.690344404831126 ], [ 122.549614542560192, 10.690309523709672 ], [ 122.549974193710625, 10.689986114396248 ], [ 122.551399142389897, 10.688694404184945 ], [ 122.551702229976314, 10.688407705497804 ], [ 122.551896386639882, 10.688255505008375 ], [ 122.552009943508253, 10.68819081625437 ], [ 122.552089065760214, 10.688150745824103 ], [ 122.552222740838687, 10.688146960737582 ], [ 122.552372927203393, 10.688149431623227 ], [ 122.552539900251602, 10.688184698069627 ], [ 122.552668098467151, 10.688237748836352 ], [ 122.552790880806228, 10.688338368743272 ], [ 122.552907239001513, 10.688479137890821 ], [ 122.553089697408097, 10.688671844772939 ], [ 122.553521924293605, 10.689148246433447 ], [ 122.55365538206776, 10.689299250357774 ], [ 122.553783737560281, 10.689395173042762 ], [ 122.553927664213873, 10.689466018590664 ], [ 122.554077282207359, 10.689492668289748 ], [ 122.554179156806072, 10.689476191573107 ], [ 122.554282054219144, 10.689441531789415 ], [ 122.554355366795491, 10.68939263267187 ], [ 122.554462492970345, 10.689239484582981 ], [ 122.554563951493051, 10.68920297931427 ], [ 122.55455891527977, 10.688477479805622 ], [ 122.555180934217333, 10.688464945366587 ], [ 122.555166404790924, 10.686729493730089 ], [ 122.554632036871254, 10.686649421751088 ], [ 122.554573149114688, 10.686712772250136 ], [ 122.554564910188915, 10.686864006984536 ], [ 122.554620773345192, 10.687035308651598 ], [ 122.554540553223063, 10.687066910032184 ], [ 122.554383680372212, 10.686996999815145 ], [ 122.554120146507969, 10.686922970028032 ], [ 122.553920783003136, 10.686907416278249 ], [ 122.553752417501428, 10.686838579665507 ], [ 122.553347938207821, 10.686792560642159 ], [ 122.553074766256742, 10.68673968455689 ], [ 122.552353327103646, 10.686674367750829 ], [ 122.551893958688069, 10.686623126591376 ], [ 122.551581158098401, 10.686602157414919 ], [ 122.551403862944468, 10.686565414548422 ], [ 122.551233708734401, 10.686549636929033 ], [ 122.551061042283592, 10.6865068476414 ], [ 122.550777128412861, 10.686516336682658 ], [ 122.550441535708558, 10.686474086657466 ], [ 122.550363838190165, 10.686422253865411 ], [ 122.550215848791652, 10.686438689509396 ], [ 122.549542831464152, 10.686343431492507 ], [ 122.549307321160271, 10.686317493974226 ], [ 122.549249324356396, 10.68628631249195 ], [ 122.549162258986954, 10.686286184347436 ], [ 122.548940893087504, 10.686233841641773 ], [ 122.548559383637595, 10.686876577336012 ], [ 122.54842044682556, 10.686792652166256 ], [ 122.54806995529114, 10.687255012359905 ], [ 122.547942747225235, 10.687162357310758 ], [ 122.547837267185812, 10.687297875633988 ], [ 122.548094539638612, 10.687494813869135 ], [ 122.54798982234874, 10.687608847809377 ], [ 122.547581880396933, 10.68801558243293 ], [ 122.547525489482197, 10.687960303325884 ], [ 122.547086489847871, 10.688417667592272 ], [ 122.547010535059798, 10.688545099767229 ], [ 122.546963568594649, 10.688570119897285 ], [ 122.54687234854562, 10.688646122598113 ], [ 122.546844824981761, 10.688640001628054 ], [ 122.546728911284717, 10.688867051587742 ], [ 122.546418770318709, 10.689211408864661 ], [ 122.546726516275896, 10.689538819890853 ], [ 122.547158885887299, 10.689914789738618 ], [ 122.547453896587356, 10.690178103994892 ], [ 122.547950351197713, 10.69059117189636 ], [ 122.548051533167737, 10.690669239090747 ], [ 122.548127067389657, 10.690578775278674 ], [ 122.548413591834731, 10.690847394158295 ] ] ] ] } },
{ "type": "Feature", "properties": { "psgc": "0603022028", "admin_type": "Barangay", "region": "Region VI (Western Visayas)", "province": "Iloilo", "municity": "Iloilo City", "district": "Jaro", "barangay": "Seminario (Burgos Jalandoni)", "population": "294" }, "geometry": { "type": "MultiPolygon", "coordinates": [ [ [ [ 122.555511599922966, 10.723549449348562 ], [ 122.556149892112273, 10.724429331823794 ], [ 122.556275329770401, 10.724584921345903 ], [ 122.556364765734756, 10.724491891242083 ], [ 122.556858854478136, 10.724073600042987 ], [ 122.557266401138719, 10.723705733226053 ], [ 122.55764451558629, 10.723287359285671 ], [ 122.557672707161743, 10.723129233082366 ], [ 122.557205191018184, 10.722580531506138 ], [ 122.558091515105829, 10.721686690321507 ], [ 122.557590481605587, 10.721243727318917 ], [ 122.557472593082224, 10.721023388865955 ], [ 122.557269549943939, 10.720645244803013 ], [ 122.55715412960204, 10.720417237925931 ], [ 122.556976198457164, 10.720504166431196 ], [ 122.556787469923677, 10.720579879810966 ], [ 122.556608447356226, 10.72067550722914 ], [ 122.556415388026565, 10.720769323599956 ], [ 122.556232993567036, 10.720836827230436 ], [ 122.556063974726243, 10.72091342371613 ], [ 122.555875844565264, 10.720959351279463 ], [ 122.555952645161526, 10.721078415621434 ], [ 122.556085015186696, 10.72122758226647 ], [ 122.555632151690688, 10.721595594663688 ], [ 122.555693452026489, 10.72165453551127 ], [ 122.555884092319431, 10.721913904064516 ], [ 122.556231506428745, 10.722440210466338 ], [ 122.556433723735012, 10.722707283461911 ], [ 122.556201787247645, 10.722955463498881 ], [ 122.555875047955496, 10.723250712292524 ], [ 122.555511599922966, 10.723549449348562 ] ] ] ] } },
{ "type": "Feature", "properties": { "psgc": "0603022097", "admin_type": "Barangay", "region": "Region VI (Western Visayas)", "province": "Iloilo", "municity": "Iloilo City", "district": "Jaro", "barangay": "Luna (Jaro)", "population": "193" }, "geometry": { "type": "MultiPolygon", "coordinates": [ [ [ [ 122.559157057219252, 10.721118709627284 ], [ 122.558446377202586, 10.722105662520603 ], [ 122.557672707161743, 10.723129233082366 ], [ 122.55764451558629, 10.723287359285671 ], [ 122.557882043330764, 10.723471842511019 ], [ 122.558327962465171, 10.723988182216399 ], [ 122.558658878342442, 10.723626440884576 ], [ 122.559708244867693, 10.722479315540403 ], [ 122.560204364461498, 10.721926153615051 ], [ 122.559693574911435, 10.721488810028763 ], [ 122.559157057219252, 10.721118709627284 ] ] ] ] } },
{ "type": "Feature", "properties": { "psgc": "0603022018", "admin_type": "Barangay", "region": "Region VI (Western Visayas)", "province": "Iloilo", "municity": "Iloilo City", "district": "Jaro", "barangay": "Benedicto (Jaro)", "population": "2954" }, "geometry": { "type": "MultiPolygon", "coordinates": [ [ [ [ 122.55952533664977, 10.725889439672432 ], [ 122.559593439481347, 10.725712996418606 ], [ 122.559651674053171, 10.725611846312981 ], [ 122.559781641156476, 10.725534495451747 ], [ 122.560023734028405, 10.725356083349569 ], [ 122.560218336509109, 10.72516188896191 ], [ 122.560353401039606, 10.724990151314516 ], [ 122.5604902438739, 10.724810179337938 ], [ 122.560650077436364, 10.724627230778431 ], [ 122.560818511807881, 10.724482522834698 ], [ 122.560997180150792, 10.724389768059211 ], [ 122.561183341359111, 10.724278572586122 ], [ 122.561372456567469, 10.724201290913381 ], [ 122.561414679908808, 10.724185202356953 ], [ 122.561378128238175, 10.72395513941207 ], [ 122.561716883294864, 10.723552146208771 ], [ 122.561530368432742, 10.723407301525175 ], [ 122.561219592232732, 10.723109484452406 ], [ 122.561085265166199, 10.722952915993316 ], [ 122.560526797116907, 10.722283301069304 ], [ 122.560204364461498, 10.721926153615051 ], [ 122.559708244867693, 10.722479315540403 ], [ 122.558658878342442, 10.723626440884576 ], [ 122.558327962465171, 10.723988182216399 ], [ 122.557882043330764, 10.723471842511019 ], [ 122.55764451558629, 10.723287359285671 ], [ 122.557266401138719, 10.723705733226053 ], [ 122.556858854478136, 10.724073600042987 ], [ 122.556364765734756, 10.724491891242083 ], [ 122.556275329770401, 10.724584921345903 ], [ 122.556569655396856, 10.724988547700395 ], [ 122.556856071797171, 10.725320398950096 ], [ 122.557105732911793, 10.72555575946774 ], [ 122.557345979327309, 10.72564035808513 ], [ 122.557508055349999, 10.725707023314559 ], [ 122.557645584427263, 10.725786417387459 ], [ 122.557727353093327, 10.725896871897756 ], [ 122.557801234514216, 10.726067358043414 ], [ 122.55785475086924, 10.726249352306924 ], [ 122.558003752806513, 10.726784617779671 ], [ 122.558113830487812, 10.727166496390156 ], [ 122.558744209310348, 10.728988155787441 ], [ 122.558824224102764, 10.728773773318009 ], [ 122.558858217117276, 10.728599672943675 ], [ 122.558902678937713, 10.72842658892568 ], [ 122.558938886957378, 10.728233725785071 ], [ 122.558984696774132, 10.7280563190617 ], [ 122.559034413859578, 10.727866695893123 ], [ 122.559070530130583, 10.727691178575249 ], [ 122.559105300188932, 10.727515868509437 ], [ 122.559169586390041, 10.727335141556964 ], [ 122.559218892569689, 10.727143061767119 ], [ 122.559260045202919, 10.726965826880884 ], [ 122.559290503444942, 10.726776219575711 ], [ 122.55933772701097, 10.726607948427686 ], [ 122.559378516065607, 10.72642003373128 ], [ 122.559414862175274, 10.726241204190709 ], [ 122.55943534613678, 10.726060915441041 ], [ 122.55952533664977, 10.725889439672432 ] ] ] ] } },
{ "type": "Feature", "properties": { "psgc": "0603022106", "admin_type": "Barangay", "region": "Region VI (Western Visayas)", "province": "Iloilo", "municity": "Iloilo City", "district": "Jaro", "barangay": "Marcelo H. del Pilar", "population": "3896" }, "geometry": { "type": "MultiPolygon", "coordinates": [ [ [ [ 122.561444777842425, 10.7229449076614 ], [ 122.561333970846974, 10.723092820838758 ], [ 122.561219592232732, 10.723109484452406 ], [ 122.561530368432742, 10.723407301525175 ], [ 122.561716883294864, 10.723552146208771 ], [ 122.561378128238175, 10.72395513941207 ], [ 122.561414679908808, 10.724185202356953 ], [ 122.561548692943731, 10.724149587850674 ], [ 122.561712387819654, 10.724151714993058 ], [ 122.561904020157371, 10.72416402064361 ], [ 122.562101666190046, 10.72424118851713 ], [ 122.562259499310969, 10.724311116409176 ], [ 122.562432782046884, 10.724441207726411 ], [ 122.56262128099236, 10.724629089196242 ], [ 122.562758506487754, 10.724804643382846 ], [ 122.562870706627862, 10.724989147669005 ], [ 122.562980902511796, 10.725176965959138 ], [ 122.563098204585458, 10.725360773288545 ], [ 122.563207318532548, 10.725526805794845 ], [ 122.563306613131886, 10.725725031926533 ], [ 122.563400580707551, 10.725892980683165 ], [ 122.563477024659107, 10.726084249502488 ], [ 122.563555139004833, 10.726247513864644 ], [ 122.563640333769186, 10.726432779852752 ], [ 122.563753076289032, 10.726619145145802 ], [ 122.563853798085972, 10.726790910962917 ], [ 122.563991577821383, 10.726970038928727 ], [ 122.564104924800162, 10.727157666733133 ], [ 122.564224583261989, 10.727322515059697 ], [ 122.564352988841307, 10.72751928924499 ], [ 122.564461893664301, 10.727708503899006 ], [ 122.56459746361125, 10.727881630918487 ], [ 122.564736364778156, 10.72807338903919 ], [ 122.564818271022034, 10.728243731775594 ], [ 122.564926239616653, 10.728444091987919 ], [ 122.565068657644773, 10.728607939450741 ], [ 122.565233608583455, 10.728790361904739 ], [ 122.565417224845888, 10.728979158275452 ], [ 122.565551781355111, 10.729045486685063 ], [ 122.565732859988273, 10.729032236331154 ], [ 122.565919848102894, 10.728964193403604 ], [ 122.566085001444804, 10.728893235597795 ], [ 122.566273314211614, 10.728789746554629 ], [ 122.566391860828716, 10.7286070864197 ], [ 122.566517857202726, 10.72841881070033 ], [ 122.566582465245261, 10.728249924822082 ], [ 122.566631735333928, 10.728063295435287 ], [ 122.56664362293094, 10.727875407542541 ], [ 122.566672799599218, 10.727718222922061 ], [ 122.566706328106008, 10.72755254388397 ], [ 122.566747002515967, 10.72734188859005 ], [ 122.566778340055635, 10.727166974746796 ], [ 122.566754054254275, 10.726965524852398 ], [ 122.566712795795993, 10.726791865327852 ], [ 122.566656123700994, 10.726632688804596 ], [ 122.566597805853078, 10.726434968492569 ], [ 122.566506970520464, 10.72623585878527 ], [ 122.566412468215702, 10.726063589244291 ], [ 122.566314953349888, 10.725897138399677 ], [ 122.566223241354692, 10.725715092498874 ], [ 122.56612939663259, 10.725528812946761 ], [ 122.566043016930024, 10.725357351063302 ], [ 122.565970290969403, 10.725171520828194 ], [ 122.565892958498722, 10.724992521233739 ], [ 122.565848472266651, 10.724805739631686 ], [ 122.565790216973838, 10.724620734203556 ], [ 122.565734354780119, 10.724443328499765 ], [ 122.565697025452621, 10.724262192801257 ], [ 122.5656639519067, 10.724077487737189 ], [ 122.565635799343767, 10.723902465557874 ], [ 122.565623263044245, 10.723718217354943 ], [ 122.565592729501873, 10.723532740882133 ], [ 122.565575641935183, 10.723358050939996 ], [ 122.565569623409303, 10.723167648853448 ], [ 122.565577072908241, 10.722981483106004 ], [ 122.565583984831449, 10.722818585346491 ], [ 122.565603980372771, 10.722641381135544 ], [ 122.565644538640896, 10.722458637735397 ], [ 122.565655130942062, 10.72227338519397 ], [ 122.565653920222431, 10.722078258683611 ], [ 122.565669905151324, 10.721914391243887 ], [ 122.565714284222594, 10.721734249856397 ], [ 122.565547895374166, 10.721581782765675 ], [ 122.565367023147687, 10.721386664192677 ], [ 122.56513649362077, 10.721033002214753 ], [ 122.564860869323212, 10.721217943011411 ], [ 122.564229351470132, 10.720549352342459 ], [ 122.564277351866068, 10.720455991308835 ], [ 122.563689666186121, 10.7197725381696 ], [ 122.563180560413542, 10.720461793125118 ], [ 122.562112693653319, 10.721833806823872 ], [ 122.562215633550153, 10.721949945125912 ], [ 122.562002162146854, 10.722229369967238 ], [ 122.561719867005124, 10.722571046055604 ], [ 122.561444777842425, 10.7229449076614 ] ] ] ] } },
{ "type": "Feature", "properties": { "psgc": "0603022091", "admin_type": "Barangay", "region": "Region VI (Western Visayas)", "province": "Iloilo", "municity": "Iloilo City", "district": "Jaro", "barangay": "Libertad, Santa Isabel", "population": "346" }, "geometry": { "type": "MultiPolygon", "coordinates": [ [ [ [ 122.554361638228812, 10.725225807879843 ], [ 122.554772846076659, 10.725681183470643 ], [ 122.554714410950382, 10.725743302781744 ], [ 122.554974949114779, 10.726060059618073 ], [ 122.555196186902748, 10.726276807220593 ], [ 122.556017761053852, 10.726958975032455 ], [ 122.556425223431447, 10.726462768047449 ], [ 122.557105732911793, 10.72555575946774 ], [ 122.556856071797171, 10.725320398950096 ], [ 122.556569655396856, 10.724988547700395 ], [ 122.556275329770401, 10.724584921345903 ], [ 122.556149892112273, 10.724429331823794 ], [ 122.555511599922298, 10.723549449348932 ], [ 122.554280227920245, 10.724439126159968 ], [ 122.554704793849538, 10.724880932758445 ], [ 122.554477300100331, 10.725144019254097 ], [ 122.554361638228812, 10.725225807879843 ] ] ] ] } },
{ "type": "Feature", "properties": { "psgc": "0603022108", "admin_type": "Barangay", "region": "Region VI (Western Visayas)", "province": "Iloilo", "municity": "Iloilo City", "district": "Jaro", "barangay": "Maria Cristina", "population": "673" }, "geometry": { "type": "MultiPolygon", "coordinates": [ [ [ [ 122.555928997826655, 10.73008891002422 ], [ 122.556463443506971, 10.729433301819036 ], [ 122.556948963546191, 10.728862004723556 ], [ 122.556692920210196, 10.728583678485677 ], [ 122.556599080850333, 10.728502457085904 ], [ 122.555616532093424, 10.727445145760262 ], [ 122.555484834600819, 10.727604723667435 ], [ 122.555061974608023, 10.728018659867365 ], [ 122.55460386852701, 10.728467096359495 ], [ 122.554188173324889, 10.728847162244405 ], [ 122.553625053193471, 10.729362014762906 ], [ 122.554060273924676, 10.729840039266245 ], [ 122.554644152071376, 10.730537851283005 ], [ 122.555112270881324, 10.730206349581298 ], [ 122.555417131805783, 10.730542733191939 ], [ 122.555928997826655, 10.73008891002422 ] ] ] ] } },
{ "type": "Feature", "properties": { "psgc": "0603022044", "admin_type": "Barangay", "region": "Region VI (Western Visayas)", "province": "Iloilo", "municity": "Iloilo City", "district": "Jaro", "barangay": "Democracia", "population": "1373" }, "geometry": { "type": "MultiPolygon", "coordinates": [ [ [ [ 122.557727353093327, 10.725896871897756 ], [ 122.557645584427263, 10.725786417387459 ], [ 122.557508055349999, 10.725707023314559 ], [ 122.557345979327309, 10.72564035808513 ], [ 122.557105732911793, 10.72555575946774 ], [ 122.556425223431447, 10.726462768047449 ], [ 122.556017761053852, 10.726958975032455 ], [ 122.555616532093424, 10.727445145760262 ], [ 122.556599080850333, 10.728502457085904 ], [ 122.556692920210196, 10.728583678485677 ], [ 122.556948963546191, 10.728862004723556 ], [ 122.557139112261282, 10.728640867710693 ], [ 122.557456087852131, 10.728815468969273 ], [ 122.557666040830966, 10.728848035321304 ], [ 122.558585303255015, 10.72928524138703 ], [ 122.558679309068879, 10.729133163636408 ], [ 122.558744209310348, 10.728988155787441 ], [ 122.558113830487812, 10.727166496390156 ], [ 122.558003752806513, 10.726784617779671 ], [ 122.55785475086924, 10.726249352306924 ], [ 122.557801234514216, 10.726067358043414 ], [ 122.557727353093327, 10.725896871897756 ] ] ] ] } },
{ "type": "Feature", "properties": { "psgc": "0603022161", "admin_type": "Barangay", "region": "Region VI (Western Visayas)", "province": "Iloilo", "municity": "Iloilo City", "district": "Jaro", "barangay": "San Roque", "population": "1838" }, "geometry": { "type": "MultiPolygon", "coordinates": [ [ [ [ 122.553024532936163, 10.73214872397469 ], [ 122.553116888721291, 10.732107095601886 ], [ 122.553302367318096, 10.732055294141785 ], [ 122.553474859836655, 10.731995080270661 ], [ 122.553673167113885, 10.731929375852237 ], [ 122.553844052818377, 10.731882446832765 ], [ 122.554033074021916, 10.731826474647276 ], [ 122.554220839161147, 10.731791949297381 ], [ 122.554391089439704, 10.731760874975793 ], [ 122.554570342382988, 10.731738730922613 ], [ 122.554759439332301, 10.731709346933044 ], [ 122.554937707452652, 10.731661104805106 ], [ 122.555126946065457, 10.73160544833806 ], [ 122.555314362536492, 10.731563619402227 ], [ 122.555500545931423, 10.731520579263885 ], [ 122.555678392947598, 10.731501927395403 ], [ 122.555864394681848, 10.731460774859769 ], [ 122.556026857309604, 10.731416865169505 ], [ 122.555832351948496, 10.731128742042202 ], [ 122.555417131805783, 10.730542733191939 ], [ 122.555112270881324, 10.730206349581298 ], [ 122.554644152071376, 10.730537851283005 ], [ 122.554060273924676, 10.729840039266245 ], [ 122.552754007063612, 10.730922170163817 ], [ 122.553053166529466, 10.731190966726977 ], [ 122.553273713306822, 10.731496111868113 ], [ 122.552908874803663, 10.73168499171533 ], [ 122.55300413509849, 10.731851528682228 ], [ 122.552900812773146, 10.731900080424174 ], [ 122.553024532936163, 10.73214872397469 ] ] ] ] } },
{ "type": "Feature", "properties": { "psgc": "0603022170", "admin_type": "Barangay", "region": "Region VI (Western Visayas)", "province": "Iloilo", "municity": "Iloilo City", "district": "Jaro", "barangay": "Simon Ledesma", "population": "2220" }, "geometry": { "type": "MultiPolygon", "coordinates": [ [ [ [ 122.556026857309604, 10.731416865169505 ], [ 122.556239897337576, 10.731357150186156 ], [ 122.556415084501779, 10.731302478484874 ], [ 122.556586246703333, 10.731280417268309 ], [ 122.556779088016071, 10.731295311988006 ], [ 122.556957608169085, 10.731255180251409 ], [ 122.557149906631111, 10.731211950991927 ], [ 122.55732043697796, 10.731177691700644 ], [ 122.557467810627259, 10.731125072375276 ], [ 122.557538472634363, 10.731060989631352 ], [ 122.557598377019929, 10.730946596674826 ], [ 122.557730965768698, 10.730766192706154 ], [ 122.557840767202578, 10.730590913389921 ], [ 122.557893957644509, 10.730418999156257 ], [ 122.557964237081848, 10.73032517537921 ], [ 122.5580997742709, 10.730219319781691 ], [ 122.558222735862927, 10.7300417810795 ], [ 122.558296804749659, 10.729857398071697 ], [ 122.558357992446361, 10.729684989635185 ], [ 122.558443018579723, 10.729506740299778 ], [ 122.558585303255015, 10.72928524138703 ], [ 122.557666040830966, 10.728848035321304 ], [ 122.557456087852131, 10.728815468969273 ], [ 122.557139112261282, 10.728640867710693 ], [ 122.556948963546191, 10.728862004723556 ], [ 122.556463443506971, 10.729433301819036 ], [ 122.555928997826655, 10.73008891002422 ], [ 122.555417131805783, 10.730542733191939 ], [ 122.555832351948496, 10.731128742042202 ], [ 122.556026857309604, 10.731416865169505 ] ] ] ] } },
{ "type": "Feature", "properties": { "psgc": "0603022121", "admin_type": "Barangay", "region": "Region VI (Western Visayas)", "province": "Iloilo", "municity": "Iloilo City", "district": "Lapuz", "barangay": "Obrero-Lapuz", "population": "6892" }, "geometry": { "type": "MultiPolygon", "coordinates": [ [ [ [ 122.584936074387429, 10.693542514913778 ], [ 122.584413964124366, 10.692921527858847 ], [ 122.58273287144452, 10.694161497113736 ], [ 122.581479875388652, 10.695095250599097 ], [ 122.582231344092889, 10.696005804745644 ], [ 122.582632138633613, 10.696102511115328 ], [ 122.583166473260206, 10.696224826866313 ], [ 122.582462496607405, 10.696763720337591 ], [ 122.58233798915623, 10.697329076365399 ], [ 122.582332020051609, 10.697465737457799 ], [ 122.583043253096974, 10.697223536350791 ], [ 122.583053662940713, 10.697424432289068 ], [ 122.583188899337273, 10.697368898319313 ], [ 122.583437659419531, 10.697237535003392 ], [ 122.583512712940575, 10.697401924433381 ], [ 122.583592489352014, 10.697539226263521 ], [ 122.583704293912078, 10.697681952836568 ], [ 122.583875093459795, 10.697820080427727 ], [ 122.58406624711256, 10.697918032686831 ], [ 122.584246909038924, 10.697978520365552 ], [ 122.584420114270387, 10.697984250118145 ], [ 122.584606146470705, 10.697973252649822 ], [ 122.584874533884033, 10.697921431662879 ], [ 122.584603194499863, 10.698183296530562 ], [ 122.584613496027842, 10.698246021543142 ], [ 122.584698547171016, 10.698431081672654 ], [ 122.584820098788825, 10.698629730207193 ], [ 122.584987833824016, 10.698783030141744 ], [ 122.585164420774305, 10.698851314312446 ], [ 122.585902088569455, 10.699052880904528 ], [ 122.586078131869655, 10.69911241984299 ], [ 122.586254316883455, 10.699245318113702 ], [ 122.586418838507612, 10.699398554374138 ], [ 122.58715388354905, 10.700258316986814 ], [ 122.5875622293362, 10.700787052764097 ], [ 122.587894117573072, 10.70114706576577 ], [ 122.588166169871812, 10.701377942881063 ], [ 122.588001631522019, 10.701730943638001 ], [ 122.588266216176976, 10.701870597473507 ], [ 122.588240031680328, 10.701930126815515 ], [ 122.588434703519454, 10.702038540779602 ], [ 122.588623238562931, 10.702084578797798 ], [ 122.588798181225073, 10.702136645449251 ], [ 122.588987216797491, 10.702055138283551 ], [ 122.589229239452251, 10.701931770435786 ], [ 122.589155246011302, 10.701830902755271 ], [ 122.589267632244287, 10.701730613066955 ], [ 122.589322772312059, 10.70180518954702 ], [ 122.589809824304851, 10.701442392641981 ], [ 122.589773898064777, 10.701368969076945 ], [ 122.590512302937853, 10.700804319374384 ], [ 122.590459540366737, 10.700302043936823 ], [ 122.589488406896265, 10.69907958954737 ], [ 122.588752064242939, 10.698148198626528 ], [ 122.587729637137983, 10.696806750992321 ], [ 122.585720462418791, 10.694335788 ], [ 122.585869585414528, 10.694240585440989 ], [ 122.585821641476585, 10.694124220444131 ], [ 122.585655916872398, 10.694145141213394 ], [ 122.585148933380168, 10.693573526012623 ], [ 122.585202500748963, 10.693489016908178 ], [ 122.585383903876007, 10.693431461938401 ], [ 122.58536305601389, 10.693341216614218 ], [ 122.585159858152409, 10.693404377197574 ], [ 122.584936074387429, 10.693542514913778 ] ] ] ] } },
{ "type": "Feature", "properties": { "psgc": "0603022087", "admin_type": "Barangay", "region": "Region VI (Western Visayas)", "province": "Iloilo", "municity": "Iloilo City", "district": "Lapuz", "barangay": "Lapuz Norte", "population": "2570" }, "geometry": { "type": "MultiPolygon", "coordinates": [ [ [ [ 122.579948636302561, 10.702755228729181 ], [ 122.579948635465385, 10.70275522617235 ], [ 122.579860043593968, 10.702579823264143 ], [ 122.579673170968206, 10.702241430862532 ], [ 122.579599574152709, 10.702055835382657 ], [ 122.57957211988105, 10.701854616873989 ], [ 122.579584766039417, 10.701680509734764 ], [ 122.579611045485436, 10.701500783614847 ], [ 122.579819773374567, 10.701310761931577 ], [ 122.58009049638531, 10.701164405945406 ], [ 122.580054496226268, 10.70098326576824 ], [ 122.580197822053165, 10.700898868937621 ], [ 122.580601803330779, 10.70068368148066 ], [ 122.580974450206796, 10.700517322278321 ], [ 122.581500548405899, 10.700363180025194 ], [ 122.581677801712289, 10.700266302562124 ], [ 122.58190953126018, 10.700070445538092 ], [ 122.582074734352034, 10.699859553305897 ], [ 122.582200656554093, 10.699671934788585 ], [ 122.582219769682709, 10.69950615590842 ], [ 122.582195752634078, 10.699313306412105 ], [ 122.582191700483804, 10.699143705552855 ], [ 122.5823846078343, 10.698646459947815 ], [ 122.582077409771117, 10.698568420348179 ], [ 122.582144195136095, 10.698329917241281 ], [ 122.582249568487882, 10.698260143636093 ], [ 122.582955231564654, 10.698220140001018 ], [ 122.583041409337085, 10.697749771498572 ], [ 122.583084501801238, 10.69751194405379 ], [ 122.583053662940713, 10.697424432289068 ], [ 122.583043253096974, 10.697223536350791 ], [ 122.582332020051609, 10.697465737457799 ], [ 122.58233798915623, 10.697329076365399 ], [ 122.582462496607405, 10.696763720337591 ], [ 122.583166473260206, 10.696224826866313 ], [ 122.582632138633613, 10.696102511115328 ], [ 122.582231344092889, 10.696005804745644 ], [ 122.581479875388652, 10.695095250599097 ], [ 122.580921616236807, 10.695506636677614 ], [ 122.58056497503847, 10.695769447581085 ], [ 122.580426721026157, 10.695928021208966 ], [ 122.580344003767777, 10.696070348385248 ], [ 122.580241711976171, 10.696263096136635 ], [ 122.580101771455631, 10.696556687047268 ], [ 122.579949749916537, 10.696906643475433 ], [ 122.57986150927718, 10.697098703003107 ], [ 122.579728290561846, 10.697388658704922 ], [ 122.579546277320745, 10.697726125982996 ], [ 122.579072329970955, 10.698644370936728 ], [ 122.57888965040361, 10.699029875089529 ], [ 122.578632794152256, 10.699582244766328 ], [ 122.578531563993536, 10.699799746681252 ], [ 122.57840345322974, 10.699992502167801 ], [ 122.578281171984557, 10.700140208096359 ], [ 122.578165703167727, 10.700250175616041 ], [ 122.578024238486847, 10.700367832295992 ], [ 122.577863548959726, 10.700485462894049 ], [ 122.577696167476816, 10.700576473510555 ], [ 122.577501894934343, 10.70065034065102 ], [ 122.577299262904901, 10.700704238215135 ], [ 122.577090677001195, 10.700702054747898 ], [ 122.576946558669007, 10.700676198899673 ], [ 122.576923279440123, 10.700670528755497 ], [ 122.576926495292525, 10.701626837753242 ], [ 122.576922988127734, 10.702216261581745 ], [ 122.577096412911999, 10.702386319745104 ], [ 122.577106131986852, 10.702581065310977 ], [ 122.577132685657233, 10.702702688256204 ], [ 122.577213920835362, 10.702657849704847 ], [ 122.577292297188649, 10.702762720313244 ], [ 122.578025900896151, 10.703848336637783 ], [ 122.578198015186871, 10.703781003495672 ], [ 122.578395668685076, 10.703716393688209 ], [ 122.578574001957435, 10.70371404342538 ], [ 122.578773809770311, 10.703729332626409 ], [ 122.578914149873498, 10.703850406613983 ], [ 122.579119696585124, 10.70386870099844 ], [ 122.57930204792693, 10.70387495376589 ], [ 122.579477198947316, 10.703847593674402 ], [ 122.579671169607053, 10.703803974357335 ], [ 122.579836602698435, 10.703849257912266 ], [ 122.580034925890317, 10.704022920619202 ], [ 122.580059207298135, 10.703860813824138 ], [ 122.580181107556925, 10.703674076872916 ], [ 122.58028166450373, 10.703476686268758 ], [ 122.58028782872897, 10.703368190574878 ], [ 122.580223169186041, 10.703320139772105 ], [ 122.580122519173273, 10.703126685933745 ], [ 122.580009448387955, 10.702940993993106 ], [ 122.579948624035524, 10.702755233343328 ], [ 122.579948636302561, 10.702755228729181 ] ] ] ] } },
{ "type": "Feature", "properties": { "psgc": "0603022201", "admin_type": "Barangay", "region": "Region VI (Western Visayas)", "province": "Iloilo", "municity": "Iloilo City", "district": "La Paz", "barangay": "Tabuc Suba (La Paz)", "population": "4650" }, "geometry": { "type": "MultiPolygon", "coordinates": [ [ [ [ 122.575020969378599, 10.73095924841288 ], [ 122.575020972208208, 10.73095922630937 ], [ 122.575117804736905, 10.730791067553117 ], [ 122.575232183334592, 10.730601210269986 ], [ 122.575232197997423, 10.730601196339627 ], [ 122.57531232300876, 10.730434879218318 ], [ 122.575420978874519, 10.730253092050479 ], [ 122.575496411722156, 10.730063040299855 ], [ 122.575496402992798, 10.73006304071955 ], [ 122.575545433778629, 10.729888233521425 ], [ 122.575579898195116, 10.729728918243492 ], [ 122.575635978546174, 10.729359615186928 ], [ 122.575687657858737, 10.729236395368355 ], [ 122.575741062709128, 10.728986906948892 ], [ 122.575808067775029, 10.728808698041458 ], [ 122.575955242025827, 10.728618298619244 ], [ 122.576058474955119, 10.728525865677128 ], [ 122.576058481904582, 10.728525862484455 ], [ 122.57605848637472, 10.728525858481996 ], [ 122.576153665860517, 10.72848213181968 ], [ 122.576154229638789, 10.728085656607913 ], [ 122.576309522499201, 10.727895564033755 ], [ 122.576290196269738, 10.727726442826262 ], [ 122.576311848099081, 10.727619015720224 ], [ 122.576380608313244, 10.727545454596768 ], [ 122.576412235276408, 10.727431412874786 ], [ 122.576363744770092, 10.727356432011611 ], [ 122.57623635424001, 10.727184416417474 ], [ 122.576159401898792, 10.727077993096762 ], [ 122.576150455007934, 10.726980804865269 ], [ 122.576251620649288, 10.726883351062424 ], [ 122.576340827718482, 10.726871124667333 ], [ 122.576524900864939, 10.726801589488904 ], [ 122.576625288681157, 10.726715979541218 ], [ 122.57671225123876, 10.726622113894257 ], [ 122.57667677771525, 10.726516637336866 ], [ 122.57660430398127, 10.726453479838073 ], [ 122.576524772354333, 10.7263702156399 ], [ 122.576525644292474, 10.726278242125932 ], [ 122.576560869095132, 10.72618959397623 ], [ 122.576630087634101, 10.726088624666261 ], [ 122.576734646779727, 10.725908488058723 ], [ 122.576804325117152, 10.725723550367283 ], [ 122.576793958226119, 10.725549098749628 ], [ 122.576699965252104, 10.725370380869327 ], [ 122.576628749001429, 10.725194684048066 ], [ 122.576607222270439, 10.724988792268908 ], [ 122.576618598386375, 10.724814052895088 ], [ 122.57664022074627, 10.724644919781927 ], [ 122.576699261825226, 10.724475838619311 ], [ 122.57687846986974, 10.724272273585317 ], [ 122.577074004173795, 10.724085168897579 ], [ 122.577395245384622, 10.723726142621107 ], [ 122.577516867388724, 10.723558693220438 ], [ 122.577630935106924, 10.723382856523498 ], [ 122.577806346193995, 10.723193477960733 ], [ 122.578005637497839, 10.723018617252372 ], [ 122.578184471244214, 10.722835725714319 ], [ 122.578328461359234, 10.722655622967576 ], [ 122.578728327036814, 10.72227952762344 ], [ 122.578910312851875, 10.722110615793795 ], [ 122.57911445529443, 10.721961444245251 ], [ 122.57890599169518, 10.718679513855305 ], [ 122.578857118198798, 10.718140492675804 ], [ 122.578820965282361, 10.717942215486721 ], [ 122.578749870837072, 10.717754829543708 ], [ 122.578677442601588, 10.717604113050365 ], [ 122.57854260441556, 10.717526841473166 ], [ 122.578355569486661, 10.71756924584831 ], [ 122.578178165774204, 10.71763707350474 ], [ 122.577678891877881, 10.717806634812716 ], [ 122.577726481717903, 10.718122110234891 ], [ 122.577740746961794, 10.718489257698003 ], [ 122.577753757676646, 10.718826280495696 ], [ 122.577758221568786, 10.719035288378299 ], [ 122.577752135283319, 10.719215029539672 ], [ 122.577710134646281, 10.719317454177773 ], [ 122.577628920615695, 10.719405167557783 ], [ 122.577259710204103, 10.719668973564227 ], [ 122.576907432381674, 10.71994088007119 ], [ 122.576542183354832, 10.720253241945986 ], [ 122.57619992899302, 10.720640191156027 ], [ 122.575985681955544, 10.720941215269152 ], [ 122.57581028225907, 10.721086558758133 ], [ 122.575623716727065, 10.721139592805294 ], [ 122.575440165358529, 10.721136051271214 ], [ 122.575253231789503, 10.721024777676929 ], [ 122.575084578080279, 10.720838149394448 ], [ 122.574981117293291, 10.720670213261995 ], [ 122.574842647480324, 10.720310548588118 ], [ 122.574732033814527, 10.719956608658704 ], [ 122.57450525284699, 10.719401698313108 ], [ 122.574274439331461, 10.718860432646576 ], [ 122.574111274351495, 10.718505095544591 ], [ 122.573902733829598, 10.718133990650792 ], [ 122.573798286329165, 10.717964595724293 ], [ 122.573567421640732, 10.717610142552076 ], [ 122.573064058357744, 10.716863199463768 ], [ 122.57287872446976, 10.716680018170395 ], [ 122.572706713031295, 10.716616938204389 ], [ 122.572528075045525, 10.716628465005106 ], [ 122.572349636630719, 10.716682036599019 ], [ 122.572162819590147, 10.716760270412271 ], [ 122.571979588955315, 10.716883536869416 ], [ 122.571773745795014, 10.717004932107795 ], [ 122.571606830374051, 10.717219713979986 ], [ 122.571503834680527, 10.717398219885846 ], [ 122.571421285591299, 10.71758463234298 ], [ 122.571321048826462, 10.717763629845081 ], [ 122.571204987387077, 10.717952052582397 ], [ 122.571084239433901, 10.718115628942215 ], [ 122.570933748909653, 10.718318114408184 ], [ 122.570683797605085, 10.718674287389128 ], [ 122.570597934520805, 10.718830627996148 ], [ 122.57040757529488, 10.719217053236184 ], [ 122.570265672936713, 10.719390140505714 ], [ 122.570138324287242, 10.719467359909675 ], [ 122.569954224205546, 10.719519850556933 ], [ 122.569409819455856, 10.719649509790674 ], [ 122.568682955787324, 10.719792749830123 ], [ 122.567952350746964, 10.719942574785492 ], [ 122.567399202002676, 10.720048172187933 ], [ 122.567029288499782, 10.72016036563244 ], [ 122.566847591725818, 10.720245342439528 ], [ 122.566661484282719, 10.720432446580844 ], [ 122.566451575021205, 10.720556674264119 ], [ 122.566124725110569, 10.720739992239835 ], [ 122.565968996259102, 10.720884343007794 ], [ 122.56646421165614, 10.721356916233937 ], [ 122.56661370960903, 10.721479850708148 ], [ 122.568240308094076, 10.723365689560692 ], [ 122.570302181884273, 10.726120832067382 ], [ 122.571907765367911, 10.728238714735513 ], [ 122.57210095887622, 10.728507405043269 ], [ 122.573541031021819, 10.730510215096821 ], [ 122.573471866298021, 10.730629071874375 ], [ 122.574691513152274, 10.73132181825642 ], [ 122.574787830816078, 10.73134524804852 ], [ 122.574930482670581, 10.731145326230514 ], [ 122.575020969378599, 10.73095924841288 ] ] ] ] } },
{ "type": "Feature", "properties": { "psgc": "0603022199", "admin_type": "Barangay", "region": "Region VI (Western Visayas)", "province": "Iloilo", "municity": "Iloilo City", "district": "La Paz", "barangay": "San Isidro (La Paz)", "population": "4363" }, "geometry": { "type": "MultiPolygon", "coordinates": [ [ [ [ 122.581402258249113, 10.7278959824166 ], [ 122.581402245026908, 10.727895982270097 ], [ 122.58137085283407, 10.727715863564429 ], [ 122.581363808744811, 10.727535820766276 ], [ 122.581358034777878, 10.727366018768338 ], [ 122.581373622629172, 10.72717987958942 ], [ 122.581394515285908, 10.727010976204648 ], [ 122.58144403790692, 10.726830787542196 ], [ 122.581505167439843, 10.726632983323571 ], [ 122.581612977286156, 10.726459202847543 ], [ 122.581755861609594, 10.726284278892562 ], [ 122.581951512092957, 10.72609174007969 ], [ 122.582176410457407, 10.725921289770369 ], [ 122.582176417626329, 10.72592128579565 ], [ 122.582176421876085, 10.725921282574738 ], [ 122.582375760486869, 10.725810761230122 ], [ 122.5825783992575, 10.72572745351966 ], [ 122.582933181153436, 10.725615750386032 ], [ 122.5832947009837, 10.725526575838233 ], [ 122.583658490549823, 10.7254809597205 ], [ 122.5841976868481, 10.725470260475852 ], [ 122.584395440424444, 10.725480262778165 ], [ 122.584437620205719, 10.725197263091383 ], [ 122.58448076848434, 10.725008754268348 ], [ 122.584480780977657, 10.725008744761849 ], [ 122.584561782524162, 10.724834637544021 ], [ 122.584771934092515, 10.724455072456083 ], [ 122.584771926092913, 10.724455073476465 ], [ 122.585082897909999, 10.723937906317031 ], [ 122.585162252864919, 10.723757964079562 ], [ 122.585170133411253, 10.723575092750949 ], [ 122.585136116130201, 10.723200192903043 ], [ 122.585150875651877, 10.723026482239646 ], [ 122.585175975148047, 10.72285050610223 ], [ 122.585241692169404, 10.722662171573226 ], [ 122.585314214459686, 10.72248174480147 ], [ 122.585479852331986, 10.722306402653587 ], [ 122.585683046984485, 10.722119902643538 ], [ 122.585683048754476, 10.72211990430649 ], [ 122.585683058403774, 10.722119895449968 ], [ 122.585758813432264, 10.721937716866039 ], [ 122.585737617926526, 10.721760230030618 ], [ 122.585619672942897, 10.721572671568822 ], [ 122.585486278242556, 10.721398040494103 ], [ 122.585305427614784, 10.721214331864577 ], [ 122.585115987479213, 10.721084012799256 ], [ 122.584936208248791, 10.721027247195662 ], [ 122.584761861320146, 10.721008197002995 ], [ 122.584590898500508, 10.720979044364814 ], [ 122.584499561219872, 10.720949248539796 ], [ 122.584428623413743, 10.720857392346709 ], [ 122.584375365307849, 10.720673925472616 ], [ 122.584295065261472, 10.720624175724177 ], [ 122.584209844525319, 10.720614985499749 ], [ 122.584086077197796, 10.72068611400057 ], [ 122.584030061658424, 10.720809855810343 ], [ 122.58393778547989, 10.720879658782145 ], [ 122.5838298799884, 10.720909647583335 ], [ 122.583735178547684, 10.720879604263164 ], [ 122.583641817952412, 10.720821428882962 ], [ 122.583626785613774, 10.720665756904118 ], [ 122.583656175317117, 10.720492637276331 ], [ 122.583654562674397, 10.720116246666757 ], [ 122.583612699764643, 10.719954706940028 ], [ 122.583465328306289, 10.719754052121061 ], [ 122.583378499978721, 10.719724342229242 ], [ 122.583302548226314, 10.71976771924531 ], [ 122.583104312528647, 10.71987760886671 ], [ 122.583030276419592, 10.719912839502653 ], [ 122.58294048597385, 10.71988437596414 ], [ 122.582743518321834, 10.719687423200304 ], [ 122.582657956653122, 10.719630331933601 ], [ 122.582564773554637, 10.71961235545136 ], [ 122.582484339234767, 10.719650566498657 ], [ 122.582439670536232, 10.719775196023644 ], [ 122.582380943011216, 10.719940724916022 ], [ 122.582323489330406, 10.720050480642469 ], [ 122.582219380704132, 10.720112340154929 ], [ 122.582022841200271, 10.7202152851156 ], [ 122.581921955783443, 10.720308261032514 ], [ 122.581831248345495, 10.720478509854781 ], [ 122.581689703049747, 10.720627247684789 ], [ 122.581616947508067, 10.720821828800334 ], [ 122.581479279043023, 10.721028988676117 ], [ 122.58134499785362, 10.721203463047033 ], [ 122.581049257731678, 10.721582284014357 ], [ 122.580911699871919, 10.721703159527594 ], [ 122.580744012779675, 10.721771251440058 ], [ 122.580551710992751, 10.721877635632831 ], [ 122.580377715079607, 10.721941259515305 ], [ 122.580198834085351, 10.721930013485276 ], [ 122.579824873049844, 10.721770907834754 ], [ 122.579638873543743, 10.721679185268471 ], [ 122.579551968557737, 10.721673790254972 ], [ 122.579448786686555, 10.721728209225811 ], [ 122.579258087048785, 10.721886425979148 ], [ 122.57911445529443, 10.721961444245251 ], [ 122.578910312851875, 10.722110615793795 ], [ 122.578728327036814, 10.72227952762344 ], [ 122.578328461359234, 10.722655622967576 ], [ 122.578184471244214, 10.722835725714319 ], [ 122.578005637497839, 10.723018617252372 ], [ 122.577806346193995, 10.723193477960733 ], [ 122.577630935106924, 10.723382856523498 ], [ 122.577516867388724, 10.723558693220438 ], [ 122.577395245384622, 10.723726142621107 ], [ 122.577074004173795, 10.724085168897579 ], [ 122.57687846986974, 10.724272273585317 ], [ 122.576699261825226, 10.724475838619311 ], [ 122.57664022074627, 10.724644919781927 ], [ 122.576618598386375, 10.724814052895088 ], [ 122.576607222270439, 10.724988792268908 ], [ 122.576628749001429, 10.725194684048066 ], [ 122.576699965252104, 10.725370380869327 ], [ 122.576793958226119, 10.725549098749628 ], [ 122.576804325117152, 10.725723550367283 ], [ 122.576734646779727, 10.725908488058723 ], [ 122.576630087634101, 10.726088624666261 ], [ 122.576560869095132, 10.72618959397623 ], [ 122.576525644292474, 10.726278242125932 ], [ 122.576524772354333, 10.7263702156399 ], [ 122.57660430398127, 10.726453479838073 ], [ 122.57667677771525, 10.726516637336866 ], [ 122.57671225123876, 10.726622113894257 ], [ 122.576625288681157, 10.726715979541218 ], [ 122.576524900864939, 10.726801589488904 ], [ 122.576340827718482, 10.726871124667333 ], [ 122.576251620649288, 10.726883351062424 ], [ 122.576150455007934, 10.726980804865269 ], [ 122.576159401898792, 10.727077993096762 ], [ 122.57623635424001, 10.727184416417474 ], [ 122.576363744770092, 10.727356432011611 ], [ 122.576412235276408, 10.727431412874786 ], [ 122.576380608313244, 10.727545454596768 ], [ 122.576311848099081, 10.727619015720224 ], [ 122.576290196269738, 10.727726442826262 ], [ 122.576309522499201, 10.727895564033755 ], [ 122.576154229638789, 10.728085656607913 ], [ 122.576153665860517, 10.72848213181968 ], [ 122.576331531834214, 10.728425696743802 ], [ 122.576519124840061, 10.728384825419402 ], [ 122.57665629542943, 10.728382389802793 ], [ 122.579526024843076, 10.728246492992767 ], [ 122.58128646831716, 10.728166049205662 ], [ 122.581462343786811, 10.728140569933263 ], [ 122.581402258249113, 10.7278959824166 ] ] ] ] } },
{ "type": "Feature", "properties": { "psgc": "0603022183", "admin_type": "Barangay", "region": "Region VI (Western Visayas)", "province": "Iloilo", "municity": "Iloilo City", "district": "La Paz", "barangay": "Ticud (La Paz)", "population": "4306" }, "geometry": { "type": "MultiPolygon", "coordinates": [ [ [ [ 122.585758813432307, 10.72193771686613 ], [ 122.585899318850409, 10.72203595909223 ], [ 122.588234517471591, 10.72503096258095 ], [ 122.588238690260425, 10.725202702573538 ], [ 122.588424508982655, 10.725025969664046 ], [ 122.588589282909751, 10.724849452161322 ], [ 122.588892137077281, 10.724480622039485 ], [ 122.589112771887727, 10.724129903384 ], [ 122.589288052583257, 10.723765661040712 ], [ 122.589364166633416, 10.723565426916137 ], [ 122.589437376326487, 10.723390394950044 ], [ 122.589482191664601, 10.723227241734747 ], [ 122.589527365228079, 10.723021480133911 ], [ 122.589549897769501, 10.722823202259214 ], [ 122.589547999099238, 10.722487364534652 ], [ 122.589522997312187, 10.722137175453279 ], [ 122.58942587424734, 10.721424518136098 ], [ 122.589332777047176, 10.720852475671025 ], [ 122.589273197735878, 10.720511214667805 ], [ 122.589218905115175, 10.720150864387415 ], [ 122.589203636623651, 10.719774875156659 ], [ 122.58919668474438, 10.719409935654657 ], [ 122.589226271297164, 10.718865652111603 ], [ 122.589248834782026, 10.7185157343564 ], [ 122.589303603803572, 10.718154197444029 ], [ 122.589329072612088, 10.717967109725128 ], [ 122.589363206098653, 10.717782448212652 ], [ 122.589394647043193, 10.717602275184504 ], [ 122.589420737220749, 10.717428020036049 ], [ 122.589410618128255, 10.717243969757188 ], [ 122.58936168512497, 10.717074270646759 ], [ 122.589255977000533, 10.716703571563873 ], [ 122.589156180112241, 10.716518771915091 ], [ 122.589033550515651, 10.716348671548296 ], [ 122.588872036127285, 10.716168098432227 ], [ 122.588713621654122, 10.715992645735771 ], [ 122.588490650129486, 10.715795691974877 ], [ 122.588490647608907, 10.715795690047994 ], [ 122.58849063870835, 10.715795699163449 ], [ 122.588231172909673, 10.715597347623236 ], [ 122.587686411128615, 10.715258284618587 ], [ 122.58733202957103, 10.715076401303287 ], [ 122.587331893529367, 10.715076322749395 ], [ 122.586963495096725, 10.714898031860461 ], [ 122.586595918935629, 10.714738857931941 ], [ 122.586595905846195, 10.714738853047532 ], [ 122.586595907513427, 10.714738865118475 ], [ 122.586406747809974, 10.714668278659293 ], [ 122.586232650173869, 10.714623625068009 ], [ 122.586055472519348, 10.714592691382355 ], [ 122.585955496704415, 10.714577260764756 ], [ 122.585857015295247, 10.714593484574211 ], [ 122.585694844029447, 10.714705873740956 ], [ 122.585503761381574, 10.714872438622615 ], [ 122.585324021711088, 10.715070051948739 ], [ 122.584847319418714, 10.715602414460275 ], [ 122.584627988801458, 10.71580454878241 ], [ 122.584417091228246, 10.715973076564783 ], [ 122.584417080064654, 10.715973083544622 ], [ 122.584417079805803, 10.715973083751473 ], [ 122.584197727173162, 10.716110230033362 ], [ 122.584040906779862, 10.716193490362397 ], [ 122.583857701221902, 10.716246767990562 ], [ 122.583656763334332, 10.716287813118605 ], [ 122.58348510444344, 10.716302333037365 ], [ 122.583312767975585, 10.716316931035376 ], [ 122.583130778635322, 10.716328943160333 ], [ 122.582930573357132, 10.71631995410606 ], [ 122.582754507392295, 10.716297542597879 ], [ 122.582573608932137, 10.716279948032224 ], [ 122.582387978035911, 10.716238905742163 ], [ 122.582219857767797, 10.716160390812052 ], [ 122.582219855928699, 10.716160373558212 ], [ 122.582018981955059, 10.716007878526067 ], [ 122.581821497492072, 10.71578447728788 ], [ 122.581481180312451, 10.71542392974256 ], [ 122.581301450678524, 10.715265038763363 ], [ 122.581103298610699, 10.715058582032583 ], [ 122.580733179358916, 10.714733671428437 ], [ 122.580375426351466, 10.714458289166355 ], [ 122.580002596061945, 10.714215062044794 ], [ 122.57962770869652, 10.714007919807537 ], [ 122.579461339909301, 10.713947003210748 ], [ 122.579275004802369, 10.713943997430482 ], [ 122.579119479085179, 10.713955996546561 ], [ 122.578729644574054, 10.714038399326324 ], [ 122.578205620633852, 10.714164547864991 ], [ 122.577829662913985, 10.714293289508184 ], [ 122.577467602380096, 10.714417271708715 ], [ 122.577285859811298, 10.714465963903255 ], [ 122.57709362241927, 10.714567395856616 ], [ 122.576963913814112, 10.714709521162717 ], [ 122.576894974445892, 10.714892249896319 ], [ 122.576886554357188, 10.715085249505401 ], [ 122.576899825155763, 10.715241155822275 ], [ 122.576946617380159, 10.715415167558261 ], [ 122.577076458533043, 10.715794724973643 ], [ 122.577185476879038, 10.7161497525257 ], [ 122.577320163248913, 10.716490264214789 ], [ 122.577380921505167, 10.716685801539441 ], [ 122.577434539759224, 10.71687015103069 ], [ 122.577476403128031, 10.717039186111046 ], [ 122.5774996745902, 10.717230945285076 ], [ 122.577516729356432, 10.717409400786536 ], [ 122.577678891877881, 10.717806634812716 ], [ 122.578178165774204, 10.71763707350474 ], [ 122.578355569486661, 10.71756924584831 ], [ 122.57854260441556, 10.717526841473166 ], [ 122.578677442601588, 10.717604113050365 ], [ 122.578749870837072, 10.717754829543708 ], [ 122.578820965282361, 10.717942215486721 ], [ 122.578857118198798, 10.718140492675804 ], [ 122.57890599169518, 10.718679513855305 ], [ 122.57911445529443, 10.721961444245251 ], [ 122.579258087048785, 10.721886425979148 ], [ 122.579448786686555, 10.721728209225811 ], [ 122.579551968557737, 10.721673790254972 ], [ 122.579638873543743, 10.721679185268471 ], [ 122.579824873049844, 10.721770907834754 ], [ 122.580198834085351, 10.721930013485276 ], [ 122.580377715079607, 10.721941259515305 ], [ 122.580551710992751, 10.721877635632831 ], [ 122.580744012779675, 10.721771251440058 ], [ 122.580911699871919, 10.721703159527594 ], [ 122.581049257731678, 10.721582284014357 ], [ 122.58134499785362, 10.721203463047033 ], [ 122.581479279043023, 10.721028988676117 ], [ 122.581616947508067, 10.720821828800334 ], [ 122.581689703049747, 10.720627247684789 ], [ 122.581831248345495, 10.720478509854781 ], [ 122.581921955783443, 10.720308261032514 ], [ 122.582022841200271, 10.7202152851156 ], [ 122.582219380704132, 10.720112340154929 ], [ 122.582323489330406, 10.720050480642469 ], [ 122.582380943011216, 10.719940724916022 ], [ 122.582439670536232, 10.719775196023644 ], [ 122.582484339234767, 10.719650566498657 ], [ 122.582564773554637, 10.71961235545136 ], [ 122.582657956653122, 10.719630331933601 ], [ 122.582743518321834, 10.719687423200304 ], [ 122.58294048597385, 10.71988437596414 ], [ 122.583030276419592, 10.719912839502653 ], [ 122.583104312528647, 10.71987760886671 ], [ 122.583302548226314, 10.71976771924531 ], [ 122.583378499978721, 10.719724342229242 ], [ 122.583465328306289, 10.719754052121061 ], [ 122.583612699764643, 10.719954706940028 ], [ 122.583654562674397, 10.720116246666757 ], [ 122.583656175317117, 10.720492637276331 ], [ 122.583626785613774, 10.720665756904118 ], [ 122.583641817952412, 10.720821428882962 ], [ 122.583735178547684, 10.720879604263164 ], [ 122.5838298799884, 10.720909647583335 ], [ 122.58393778547989, 10.720879658782145 ], [ 122.584030061658424, 10.720809855810343 ], [ 122.584086077197796, 10.72068611400057 ], [ 122.584209844525319, 10.720614985499749 ], [ 122.584295065261472, 10.720624175724177 ], [ 122.584375365307849, 10.720673925472616 ], [ 122.584428623413743, 10.720857392346709 ], [ 122.584499561219872, 10.720949248539796 ], [ 122.584590898500508, 10.720979044364814 ], [ 122.584761861320146, 10.721008197002995 ], [ 122.584936208248791, 10.721027247195662 ], [ 122.585115987479213, 10.721084012799256 ], [ 122.585305427614784, 10.721214331864577 ], [ 122.585486278242556, 10.721398040494103 ], [ 122.585619672942897, 10.721572671568822 ], [ 122.585737617926526, 10.721760230030618 ], [ 122.585758813432307, 10.72193771686613 ] ] ] ] } },
{ "type": "Feature", "properties": { "psgc": "0603022040", "admin_type": "Barangay", "region": "Region VI (Western Visayas)", "province": "Iloilo", "municity": "Iloilo City", "district": "Jaro", "barangay": "Cuartero", "population": "2160" }, "geometry": { "type": "MultiPolygon", "coordinates": [ [ [ [ 122.549641972744652, 10.722429438291503 ], [ 122.549541292950764, 10.722497958368677 ], [ 122.549483587909435, 10.722621477329715 ], [ 122.549477971234481, 10.722801204291819 ], [ 122.549464942967319, 10.722970129239036 ], [ 122.549445371835191, 10.723150054016294 ], [ 122.549470657691458, 10.723331886269436 ], [ 122.549577599303689, 10.723515435699966 ], [ 122.549669037336585, 10.723710735081275 ], [ 122.549620204898844, 10.723833273880816 ], [ 122.549456520130761, 10.723902737141144 ], [ 122.549279995474791, 10.723970389334736 ], [ 122.549164766997819, 10.724024236310127 ], [ 122.549210759674182, 10.724237973860665 ], [ 122.549251300356644, 10.724426374627905 ], [ 122.549326410350503, 10.724620687807674 ], [ 122.549450971514929, 10.724761621601044 ], [ 122.549643815238454, 10.724837950508176 ], [ 122.54975052672458, 10.72487346198133 ], [ 122.54997244156155, 10.724983315165561 ], [ 122.550080192044462, 10.725068988384342 ], [ 122.549989871968577, 10.725134765007192 ], [ 122.550204981481144, 10.725357760483602 ], [ 122.550792673025256, 10.725986694378774 ], [ 122.550933469688829, 10.726056912602736 ], [ 122.551219011140361, 10.726380022668197 ], [ 122.550658323335938, 10.726815387047274 ], [ 122.550720598762766, 10.726911284039842 ], [ 122.550934993251943, 10.726756514253298 ], [ 122.551616129307192, 10.72763937794479 ], [ 122.551928713010923, 10.727952939514831 ], [ 122.552044060513339, 10.728071477491637 ], [ 122.552139860155393, 10.728169926820101 ], [ 122.552450335298403, 10.727905771047558 ], [ 122.553377218647285, 10.727039925967317 ], [ 122.553203857999719, 10.726843851361011 ], [ 122.55292194880731, 10.727099852538966 ], [ 122.552482302819882, 10.726580864133489 ], [ 122.552746895819695, 10.726365284646155 ], [ 122.552302283005957, 10.725841889774285 ], [ 122.552930194342068, 10.725393000694627 ], [ 122.553313353239943, 10.725131148285858 ], [ 122.554280227920245, 10.724439126159968 ], [ 122.555511599922966, 10.723549449348562 ], [ 122.554858105452496, 10.722721849688597 ], [ 122.554495977648386, 10.722975427861124 ], [ 122.554470577183736, 10.7229372371613 ], [ 122.554250153598417, 10.723094079037473 ], [ 122.554096015801449, 10.722914152175138 ], [ 122.554011194503175, 10.722967762244387 ], [ 122.553785743894323, 10.722677769320089 ], [ 122.552625221265799, 10.723465892211221 ], [ 122.552341948427625, 10.723159882849405 ], [ 122.552273188273816, 10.723187743074796 ], [ 122.551812279896438, 10.722624335451709 ], [ 122.551753903377417, 10.7225529766606 ], [ 122.551446147557002, 10.722623432041784 ], [ 122.550754673641578, 10.723151566615348 ], [ 122.550541261850469, 10.723144258175795 ], [ 122.55007160757232, 10.722592673136276 ], [ 122.549784747626475, 10.72236003454438 ], [ 122.549641972744652, 10.722429438291503 ] ] ] ] } },
{ "type": "Feature", "properties": { "psgc": "0603022041", "admin_type": "Barangay", "region": "Region VI (Western Visayas)", "province": "Iloilo", "municity": "Iloilo City", "district": "Jaro", "barangay": "Cubay", "population": "7004" }, "geometry": { "type": "MultiPolygon", "coordinates": [ [ [ [ 122.562504581444486, 10.729779426503528 ], [ 122.562290839133809, 10.730062740862992 ], [ 122.561682112030809, 10.72990687186457 ], [ 122.561604327230441, 10.730096022930271 ], [ 122.561745129573325, 10.730206802987759 ], [ 122.561562933106842, 10.730440776822549 ], [ 122.561860595840997, 10.730776372330707 ], [ 122.560986017240992, 10.731422792523665 ], [ 122.56069123284891, 10.731678081272426 ], [ 122.560721330671896, 10.731723586497202 ], [ 122.560246964930542, 10.732057945116209 ], [ 122.559851296410457, 10.73220843130388 ], [ 122.559952659736425, 10.732549371737885 ], [ 122.560679472953012, 10.734685659829617 ], [ 122.561024926109212, 10.735690366907194 ], [ 122.561694775224311, 10.735277495596183 ], [ 122.562616390708143, 10.734735100425718 ], [ 122.563024440242799, 10.734526943120606 ], [ 122.563130102148037, 10.734519123193198 ], [ 122.56321432294024, 10.734562171190943 ], [ 122.563416238799846, 10.734979431215049 ], [ 122.563530225523976, 10.735111733363841 ], [ 122.563657220544187, 10.735177235668839 ], [ 122.563870345274495, 10.73524466433525 ], [ 122.563958824949054, 10.735248894479888 ], [ 122.564217521293926, 10.735104511255241 ], [ 122.564318077079278, 10.735146425764142 ], [ 122.564446539644365, 10.73524801055861 ], [ 122.564553214689951, 10.735354359590259 ], [ 122.56465988583858, 10.735360563272247 ], [ 122.564758168978798, 10.735305358587542 ], [ 122.564894662022027, 10.735205133720877 ], [ 122.565721864592433, 10.734592738068184 ], [ 122.566575880984928, 10.735777626823447 ], [ 122.56684674660896, 10.736127672721791 ], [ 122.567972300263321, 10.735366528651154 ], [ 122.568111542906578, 10.735321634201435 ], [ 122.568221952033653, 10.735373859550004 ], [ 122.568328253012268, 10.735550159134766 ], [ 122.568454349947174, 10.735632905982953 ], [ 122.568652340925354, 10.735581254686181 ], [ 122.568829852736158, 10.735437202314772 ], [ 122.568982482598031, 10.735312095669089 ], [ 122.569673814338955, 10.734804942846882 ], [ 122.569180471773052, 10.734540255807568 ], [ 122.569703343740258, 10.734073011181783 ], [ 122.570109087298519, 10.733736766090153 ], [ 122.570986152949075, 10.733069797419724 ], [ 122.57181679009733, 10.732436664768434 ], [ 122.57150319529768, 10.732025518456 ], [ 122.571179282614693, 10.731586545047048 ], [ 122.570849323157901, 10.731176976399976 ], [ 122.57050752954747, 10.730714133767112 ], [ 122.570983173495065, 10.730367363102674 ], [ 122.571683392490215, 10.729834342718203 ], [ 122.571841879312416, 10.72969303055565 ], [ 122.571854501887799, 10.729529977369371 ], [ 122.571943209412822, 10.728802915381042 ], [ 122.571954325441482, 10.728646019153853 ], [ 122.57210095887622, 10.728507405043269 ], [ 122.571907765367911, 10.728238714735513 ], [ 122.570302181884273, 10.726120832067382 ], [ 122.568240308094076, 10.723365689560692 ], [ 122.56661370960903, 10.721479850708148 ], [ 122.56646421165614, 10.721356916233937 ], [ 122.565968996259102, 10.720884343007794 ], [ 122.565900865678742, 10.721015988648768 ], [ 122.56582591779555, 10.721190879650628 ], [ 122.565788032931309, 10.72135744620336 ], [ 122.565753355419872, 10.721545115161238 ], [ 122.565714284222594, 10.721734249856397 ], [ 122.565669905151324, 10.721914391243887 ], [ 122.565653920222431, 10.722078258683611 ], [ 122.565655130942062, 10.72227338519397 ], [ 122.565644538640896, 10.722458637735397 ], [ 122.565603980372771, 10.722641381135544 ], [ 122.565583984831449, 10.722818585346491 ], [ 122.565577072908241, 10.722981483106004 ], [ 122.565569623409303, 10.723167648853448 ], [ 122.565575641935183, 10.723358050939996 ], [ 122.565592729501873, 10.723532740882133 ], [ 122.565623263044245, 10.723718217354943 ], [ 122.565635799343767, 10.723902465557874 ], [ 122.5656639519067, 10.724077487737189 ], [ 122.565697025452621, 10.724262192801257 ], [ 122.565734354780119, 10.724443328499765 ], [ 122.565790216973838, 10.724620734203556 ], [ 122.565848472266651, 10.724805739631686 ], [ 122.565892958498722, 10.724992521233739 ], [ 122.565970290969403, 10.725171520828194 ], [ 122.566043016930024, 10.725357351063302 ], [ 122.56612939663259, 10.725528812946761 ], [ 122.566223241354692, 10.725715092498874 ], [ 122.566314953349888, 10.725897138399677 ], [ 122.566412468215702, 10.726063589244291 ], [ 122.566506970520464, 10.72623585878527 ], [ 122.566597805853078, 10.726434968492569 ], [ 122.566656123700994, 10.726632688804596 ], [ 122.566712795795993, 10.726791865327852 ], [ 122.566754054254275, 10.726965524852398 ], [ 122.566778340055635, 10.727166974746796 ], [ 122.566747002515967, 10.72734188859005 ], [ 122.566706328106008, 10.72755254388397 ], [ 122.566672799599218, 10.727718222922061 ], [ 122.56664362293094, 10.727875407542541 ], [ 122.566631735333928, 10.728063295435287 ], [ 122.566582465245261, 10.728249924822082 ], [ 122.566517857202726, 10.72841881070033 ], [ 122.566391860828716, 10.7286070864197 ], [ 122.566273314211614, 10.728789746554629 ], [ 122.566085001444804, 10.728893235597795 ], [ 122.565919848102894, 10.728964193403604 ], [ 122.565732859988273, 10.729032236331154 ], [ 122.565551781355111, 10.729045486685063 ], [ 122.565417224845888, 10.728979158275452 ], [ 122.565233608583455, 10.728790361904739 ], [ 122.565068657644773, 10.728607939450741 ], [ 122.564926239616653, 10.728444091987919 ], [ 122.564818271022034, 10.728243731775594 ], [ 122.564736364778156, 10.72807338903919 ], [ 122.56459746361125, 10.727881630918487 ], [ 122.564461893664301, 10.727708503899006 ], [ 122.564352988841307, 10.72751928924499 ], [ 122.564224583261989, 10.727322515059697 ], [ 122.564104924800162, 10.727157666733133 ], [ 122.563955124367624, 10.727186779778284 ], [ 122.563635478514357, 10.727389454708993 ], [ 122.563332939974316, 10.727717104424658 ], [ 122.563525950436002, 10.727840648470513 ], [ 122.562504581444486, 10.729779426503528 ] ] ] ] } },
{ "type": "Feature", "properties": { "psgc": "0603022120", "admin_type": "Barangay", "region": "Region VI (Western Visayas)", "province": "Iloilo", "municity": "Iloilo City", "district": "Mandurriao", "barangay": "Oñate de Leon", "population": "5092" }, "geometry": { "type": "MultiPolygon", "coordinates": [ [ [ [ 122.533486576227986, 10.711038918606302 ], [ 122.533395937570631, 10.710890763266102 ], [ 122.532414627813395, 10.709661968201196 ], [ 122.531965407882552, 10.70997507847011 ], [ 122.532007351358274, 10.710132697423985 ], [ 122.531734578075614, 10.710238006399601 ], [ 122.531466760735967, 10.710591779877026 ], [ 122.531178348743808, 10.710443320913184 ], [ 122.530830322645656, 10.71081547297687 ], [ 122.530468213787344, 10.709942674216339 ], [ 122.530628853159087, 10.709763185800998 ], [ 122.530009560611887, 10.709281179638348 ], [ 122.530090395001679, 10.708863684381633 ], [ 122.530583047448275, 10.708296161059582 ], [ 122.528515071575214, 10.706305681229185 ], [ 122.527278499879571, 10.707337215583916 ], [ 122.526813975105611, 10.70776140875155 ], [ 122.526950239790096, 10.707938934353164 ], [ 122.527039810702334, 10.708105477471175 ], [ 122.527141821672345, 10.708307612298002 ], [ 122.52717644298238, 10.708469824330519 ], [ 122.527214993276175, 10.708650444734566 ], [ 122.527349406990936, 10.709196703553408 ], [ 122.527396933738586, 10.709379775799343 ], [ 122.527474816626111, 10.709557956409492 ], [ 122.52761424088358, 10.709692466490225 ], [ 122.528226928723356, 10.7104817616171 ], [ 122.528330852253902, 10.710602056394697 ], [ 122.528672042440206, 10.710995905562003 ], [ 122.528750670486374, 10.711031658291768 ], [ 122.529088326440416, 10.710303444200674 ], [ 122.529732747841024, 10.709735037358399 ], [ 122.529971901460598, 10.709981587066068 ], [ 122.529787078490983, 10.711398009446274 ], [ 122.531183955350755, 10.712924264564586 ], [ 122.531329397952675, 10.712974248027136 ], [ 122.531351384757869, 10.713410740185173 ], [ 122.53145765493862, 10.713668134318544 ], [ 122.531741663190388, 10.713987831405577 ], [ 122.531301602614704, 10.714340030829572 ], [ 122.530967598737561, 10.714660870448979 ], [ 122.530608951802634, 10.715011896325008 ], [ 122.529922328760662, 10.715574767428963 ], [ 122.530316808464576, 10.71606377220164 ], [ 122.530169935033356, 10.716264143322611 ], [ 122.532207880807348, 10.718408943554833 ], [ 122.5324937242179, 10.718728619790085 ], [ 122.533123126046064, 10.718131539796392 ], [ 122.534159414602371, 10.719261506098809 ], [ 122.534482994598093, 10.718987905834014 ], [ 122.534678209510787, 10.718880968402075 ], [ 122.534859853474586, 10.718793257890511 ], [ 122.53508926135936, 10.718784950698069 ], [ 122.535434742580435, 10.718281178466711 ], [ 122.535592989410347, 10.718089949947665 ], [ 122.535893018382765, 10.71777499972292 ], [ 122.536377642824817, 10.718329157156321 ], [ 122.536610784647635, 10.718581847168204 ], [ 122.537578531450691, 10.717646576841378 ], [ 122.537722726077206, 10.717731376192093 ], [ 122.537998701950585, 10.717744389803855 ], [ 122.53774476122652, 10.717311926996993 ], [ 122.538009796757294, 10.716879877046582 ], [ 122.538716375676202, 10.716385222462852 ], [ 122.538942902051744, 10.716644396809517 ], [ 122.539350688015006, 10.716280826248122 ], [ 122.53859225290131, 10.715454226080322 ], [ 122.538092781373734, 10.714964467686995 ], [ 122.537294913316757, 10.714190267455276 ], [ 122.537667815250032, 10.713701647706024 ], [ 122.536760061303085, 10.71308705979293 ], [ 122.536583887396091, 10.712944062021869 ], [ 122.536530437432504, 10.713008280315563 ], [ 122.536281932284766, 10.712732534731488 ], [ 122.536777891164263, 10.712290094035577 ], [ 122.536655647722696, 10.711753096593998 ], [ 122.537094043926913, 10.711425016186457 ], [ 122.537221097479716, 10.711132048673582 ], [ 122.537084057072036, 10.710970377014066 ], [ 122.536982668818354, 10.710859210656587 ], [ 122.53684943007373, 10.710605265221258 ], [ 122.536662534229563, 10.710483396593593 ], [ 122.536486177496485, 10.710459340865288 ], [ 122.53633648153351, 10.710477616070259 ], [ 122.536147618840317, 10.710542844840347 ], [ 122.535978078462691, 10.710651521192153 ], [ 122.535940374550179, 10.710836485372445 ], [ 122.535865864046485, 10.710880893820976 ], [ 122.53576397256009, 10.710841503951068 ], [ 122.535598531964141, 10.710672090341118 ], [ 122.535415886525726, 10.710829355657145 ], [ 122.535290150756722, 10.711012122238854 ], [ 122.535229174879134, 10.711015140337677 ], [ 122.535250843449319, 10.710830151894552 ], [ 122.535105922495475, 10.710764155869095 ], [ 122.535031958748576, 10.710655370445474 ], [ 122.535155195543595, 10.710465250091781 ], [ 122.535054677348327, 10.710296606250616 ], [ 122.53486624767838, 10.71037937042491 ], [ 122.534673126508508, 10.710496151545531 ], [ 122.534518997458321, 10.71057851614448 ], [ 122.534325726459542, 10.710565431987492 ], [ 122.534142025478388, 10.710653192747705 ], [ 122.534005371962195, 10.710844115573012 ], [ 122.533486576227986, 10.711038918606302 ] ] ] ] } },
{ "type": "Feature", "properties": { "psgc": "0603022175", "admin_type": "Barangay", "region": "Region VI (Western Visayas)", "province": "Iloilo", "municity": "Iloilo City", "district": "Jaro", "barangay": "Tabuc Suba (Jaro)", "population": "10933" }, "geometry": { "type": "MultiPolygon", "coordinates": [ [ [ [ 122.557974863417201, 10.740972836222735 ], [ 122.559247436747015, 10.740073381915757 ], [ 122.558973804924818, 10.739681679386699 ], [ 122.558535242189009, 10.739087595800513 ], [ 122.558426943201852, 10.738927681550621 ], [ 122.559604263983971, 10.738083571989261 ], [ 122.55995749248703, 10.738621681943837 ], [ 122.560507487365129, 10.73822760685974 ], [ 122.560977752782179, 10.738891995326531 ], [ 122.561783570322547, 10.73828690063303 ], [ 122.562150945064133, 10.738017776607983 ], [ 122.56184027520618, 10.737435560030526 ], [ 122.561402362530345, 10.736510514153515 ], [ 122.561024926109212, 10.735690366907194 ], [ 122.560679472953012, 10.734685659829617 ], [ 122.559952659736425, 10.732549371737885 ], [ 122.559851296410457, 10.73220843130388 ], [ 122.560246964930542, 10.732057945116209 ], [ 122.560721330671896, 10.731723586497202 ], [ 122.56069123284891, 10.731678081272426 ], [ 122.560986017240992, 10.731422792523665 ], [ 122.561860595840997, 10.730776372330707 ], [ 122.561562933106842, 10.730440776822549 ], [ 122.561745129573325, 10.730206802987759 ], [ 122.561604327230441, 10.730096022930271 ], [ 122.561682112030809, 10.72990687186457 ], [ 122.562290839133809, 10.730062740862992 ], [ 122.562504581444486, 10.729779426503528 ], [ 122.563525950436002, 10.727840648470513 ], [ 122.563332939974316, 10.727717104424658 ], [ 122.563635478514357, 10.727389454708993 ], [ 122.563955124367624, 10.727186779778284 ], [ 122.564104924800162, 10.727157666733133 ], [ 122.563991577821383, 10.726970038928727 ], [ 122.563853798085972, 10.726790910962917 ], [ 122.563753076289032, 10.726619145145802 ], [ 122.563640333769186, 10.726432779852752 ], [ 122.563555139004833, 10.726247513864644 ], [ 122.563477024659107, 10.726084249502488 ], [ 122.563400580707551, 10.725892980683165 ], [ 122.563306613131886, 10.725725031926533 ], [ 122.563207318532548, 10.725526805794845 ], [ 122.563098204585458, 10.725360773288545 ], [ 122.562980902511796, 10.725176965959138 ], [ 122.562870706627862, 10.724989147669005 ], [ 122.562758506487754, 10.724804643382846 ], [ 122.56262128099236, 10.724629089196242 ], [ 122.562432782046884, 10.724441207726411 ], [ 122.562259499310969, 10.724311116409176 ], [ 122.562101666190046, 10.72424118851713 ], [ 122.561904020157371, 10.72416402064361 ], [ 122.561712387819654, 10.724151714993058 ], [ 122.561548692943731, 10.724149587850674 ], [ 122.561414679908808, 10.724185202356953 ], [ 122.561372456567469, 10.724201290913381 ], [ 122.561183341359111, 10.724278572586122 ], [ 122.560997180150792, 10.724389768059211 ], [ 122.560818511807881, 10.724482522834698 ], [ 122.560650077436364, 10.724627230778431 ], [ 122.5604902438739, 10.724810179337938 ], [ 122.560353401039606, 10.724990151314516 ], [ 122.560218336509109, 10.72516188896191 ], [ 122.560023734028405, 10.725356083349569 ], [ 122.559781641156476, 10.725534495451747 ], [ 122.559651674053171, 10.725611846312981 ], [ 122.559593439481347, 10.725712996418606 ], [ 122.55952533664977, 10.725889439672432 ], [ 122.55943534613678, 10.726060915441041 ], [ 122.559414862175274, 10.726241204190709 ], [ 122.559378516065607, 10.72642003373128 ], [ 122.55933772701097, 10.726607948427686 ], [ 122.559290503444942, 10.726776219575711 ], [ 122.559260045202919, 10.726965826880884 ], [ 122.559218892569689, 10.727143061767119 ], [ 122.559169586390041, 10.727335141556964 ], [ 122.559105300188932, 10.727515868509437 ], [ 122.559070530130583, 10.727691178575249 ], [ 122.559034413859578, 10.727866695893123 ], [ 122.558984696774132, 10.7280563190617 ], [ 122.558938886957378, 10.728233725785071 ], [ 122.558902678937713, 10.72842658892568 ], [ 122.558858217117276, 10.728599672943675 ], [ 122.558824224102764, 10.728773773318009 ], [ 122.558744209310348, 10.728988155787441 ], [ 122.558679309068879, 10.729133163636408 ], [ 122.558585303255015, 10.72928524138703 ], [ 122.558443018579723, 10.729506740299778 ], [ 122.558357992446361, 10.729684989635185 ], [ 122.558296804749659, 10.729857398071697 ], [ 122.558222735862927, 10.7300417810795 ], [ 122.5580997742709, 10.730219319781691 ], [ 122.557964237081848, 10.73032517537921 ], [ 122.557893957644509, 10.730418999156257 ], [ 122.557840767202578, 10.730590913389921 ], [ 122.557730965768698, 10.730766192706154 ], [ 122.557598377019929, 10.730946596674826 ], [ 122.557538472634363, 10.731060989631352 ], [ 122.557467810627259, 10.731125072375276 ], [ 122.55732043697796, 10.731177691700644 ], [ 122.557149906631111, 10.731211950991927 ], [ 122.556957608169085, 10.731255180251409 ], [ 122.556779088016071, 10.731295311988006 ], [ 122.556586246703333, 10.731280417268309 ], [ 122.556415084501779, 10.731302478484874 ], [ 122.556239897337576, 10.731357150186156 ], [ 122.556026857309604, 10.731416865169505 ], [ 122.555864394681848, 10.731460774859769 ], [ 122.555678392947598, 10.731501927395403 ], [ 122.555500545931423, 10.731520579263885 ], [ 122.555314362536492, 10.731563619402227 ], [ 122.555126946065457, 10.73160544833806 ], [ 122.554937707452652, 10.731661104805106 ], [ 122.554759439332301, 10.731709346933044 ], [ 122.554570342382988, 10.731738730922613 ], [ 122.554391089439704, 10.731760874975793 ], [ 122.554220839161147, 10.731791949297381 ], [ 122.554033074021916, 10.731826474647276 ], [ 122.553844052818377, 10.731882446832765 ], [ 122.553673167113885, 10.731929375852237 ], [ 122.553474859836655, 10.731995080270661 ], [ 122.553302367318096, 10.732055294141785 ], [ 122.553116888721291, 10.732107095601886 ], [ 122.553024532936163, 10.73214872397469 ], [ 122.552759338705158, 10.732268736794229 ], [ 122.552581639303696, 10.732367508121049 ], [ 122.552635350316848, 10.732583683503551 ], [ 122.552716747723508, 10.732746913412543 ], [ 122.552768159657191, 10.732920362034839 ], [ 122.552767500444077, 10.733113147563003 ], [ 122.552789609876882, 10.733304514637773 ], [ 122.552812564613888, 10.733474589561805 ], [ 122.552822820271103, 10.733651300678082 ], [ 122.552857454174443, 10.733841776766788 ], [ 122.553012125701969, 10.733979229189304 ], [ 122.553031090836342, 10.734539916810876 ], [ 122.55299867505849, 10.734973806265568 ], [ 122.553007301138877, 10.735460211427194 ], [ 122.552981231894847, 10.736184290812725 ], [ 122.552971533720964, 10.736718696353277 ], [ 122.552997315526298, 10.73726332431837 ], [ 122.553006215006405, 10.737633707056647 ], [ 122.552992993609237, 10.738167873687312 ], [ 122.553001865038425, 10.738881825270354 ], [ 122.553027779090172, 10.739437149456814 ], [ 122.553045879544911, 10.740166601397553 ], [ 122.553068846223269, 10.740618858555656 ], [ 122.553106223129859, 10.742700002595642 ], [ 122.553129064884757, 10.744128272276379 ], [ 122.557617345874121, 10.744133542560231 ], [ 122.557612460896763, 10.741263102454765 ], [ 122.557974863417201, 10.740972836222735 ] ] ] ] } },
{ "type": "Feature", "properties": { "psgc": "0603022135", "admin_type": "Barangay", "region": "Region VI (Western Visayas)", "province": "Iloilo", "municity": "Iloilo City", "district": "Jaro", "barangay": "Quintin Salas", "population": "5267" }, "geometry": { "type": "MultiPolygon", "coordinates": [ [ [ [ 122.565460071505356, 10.738104523699105 ], [ 122.565244965730557, 10.73783381906077 ], [ 122.564803534549512, 10.73724039025077 ], [ 122.564744688658905, 10.737135863882184 ], [ 122.564734232990872, 10.737022920354333 ], [ 122.564751409310745, 10.73692427234492 ], [ 122.564836210630347, 10.736793201470684 ], [ 122.565305375002069, 10.736516774013207 ], [ 122.565798877716588, 10.736239349520606 ], [ 122.566287729244564, 10.735966671634207 ], [ 122.566575880984928, 10.735777626823447 ], [ 122.565721864592433, 10.734592738068184 ], [ 122.564894662022027, 10.735205133720877 ], [ 122.564758168978798, 10.735305358587542 ], [ 122.56465988583858, 10.735360563272247 ], [ 122.564553214689951, 10.735354359590259 ], [ 122.564446539644365, 10.73524801055861 ], [ 122.564318077079278, 10.735146425764142 ], [ 122.564217521293926, 10.735104511255241 ], [ 122.563958824949054, 10.735248894479888 ], [ 122.563870345274495, 10.73524466433525 ], [ 122.563657220544187, 10.735177235668839 ], [ 122.563530225523976, 10.735111733363841 ], [ 122.563416238799846, 10.734979431215049 ], [ 122.56321432294024, 10.734562171190943 ], [ 122.563130102148037, 10.734519123193198 ], [ 122.563024440242799, 10.734526943120606 ], [ 122.562616390708143, 10.734735100425718 ], [ 122.561694775224311, 10.735277495596183 ], [ 122.561024926109212, 10.735690366907194 ], [ 122.561402362530345, 10.736510514153515 ], [ 122.56184027520618, 10.737435560030526 ], [ 122.562150945064133, 10.738017776607983 ], [ 122.561783570322547, 10.73828690063303 ], [ 122.560977752782179, 10.738891995326531 ], [ 122.560507487365129, 10.73822760685974 ], [ 122.55995749248703, 10.738621681943837 ], [ 122.559604263983971, 10.738083571989261 ], [ 122.558426943201852, 10.738927681550621 ], [ 122.558535242189009, 10.739087595800513 ], [ 122.558973804924818, 10.739681679386699 ], [ 122.559247436747015, 10.740073381915757 ], [ 122.557974863417201, 10.740972836222735 ], [ 122.557612460896763, 10.741263102454765 ], [ 122.557617345874121, 10.744133542560231 ], [ 122.558097313235976, 10.744916615939854 ], [ 122.558364307561291, 10.744728594649349 ], [ 122.558842732035515, 10.744350845738005 ], [ 122.55966635479389, 10.743704009906773 ], [ 122.560045272408189, 10.74430400248392 ], [ 122.560169811482027, 10.744225377450276 ], [ 122.560919610215677, 10.745369137351558 ], [ 122.562106236062036, 10.744615634255307 ], [ 122.561734554911979, 10.744148355238497 ], [ 122.561392109077389, 10.743745169581596 ], [ 122.561611561795772, 10.743560463894051 ], [ 122.561633326469433, 10.74330146494589 ], [ 122.56231488058593, 10.744215776986453 ], [ 122.562644689065735, 10.744711709322212 ], [ 122.56273676430952, 10.74484747409981 ], [ 122.562861963084046, 10.744955623059948 ], [ 122.563256065497853, 10.744719882760021 ], [ 122.563258246074881, 10.744401670499773 ], [ 122.563385520537295, 10.744317218307634 ], [ 122.563641308031208, 10.744710512902451 ], [ 122.564106941415417, 10.74434113641264 ], [ 122.564893712038611, 10.743707901459864 ], [ 122.564797702781064, 10.743559746919788 ], [ 122.565375572843493, 10.743206387748131 ], [ 122.564527456077499, 10.741923240173225 ], [ 122.565334023253243, 10.741429321284141 ], [ 122.565929551425754, 10.740904978783394 ], [ 122.565705489592176, 10.74058747926556 ], [ 122.566229848641001, 10.740265759909322 ], [ 122.566017445311275, 10.739928149572522 ], [ 122.566259509915071, 10.739750082614803 ], [ 122.566332327076623, 10.739642118132139 ], [ 122.566408832763571, 10.739448148371416 ], [ 122.566255313092384, 10.739268574432472 ], [ 122.56606333873772, 10.738955923611792 ], [ 122.566451265518481, 10.738727751182516 ], [ 122.565853793972977, 10.737865227487704 ], [ 122.565460071505356, 10.738104523699105 ] ] ] ] } },
{ "type": "Feature", "properties": { "psgc": "0603022016", "admin_type": "Barangay", "region": "Region VI (Western Visayas)", "province": "Iloilo", "municity": "Iloilo City", "district": "La Paz", "barangay": "Banuyao", "population": "1489" }, "geometry": { "type": "MultiPolygon", "coordinates": [ [ [ [ 122.57493048267051, 10.73114532623014 ], [ 122.574787830816078, 10.731345248048502 ], [ 122.574685909559548, 10.731560930065569 ], [ 122.574363056987153, 10.732094650566841 ], [ 122.574258484444357, 10.732285885280881 ], [ 122.575819822975745, 10.734012695339306 ], [ 122.576509840707061, 10.734671218592611 ], [ 122.577179770822127, 10.735345315348416 ], [ 122.577414451890675, 10.735099309716896 ], [ 122.577679756159029, 10.734749162166869 ], [ 122.577943346795436, 10.734394453385491 ], [ 122.578973072361478, 10.733168492060656 ], [ 122.579312038319898, 10.7328003185089 ], [ 122.57948162847228, 10.732643866432669 ], [ 122.580136273012471, 10.732088064166796 ], [ 122.581250689183364, 10.731163782777488 ], [ 122.58262614736735, 10.730126940275779 ], [ 122.583889117271241, 10.729165311994699 ], [ 122.585481712680064, 10.728391442606096 ], [ 122.58688778446195, 10.727708198009024 ], [ 122.587789064513913, 10.72598483271395 ], [ 122.587885508157143, 10.72574855923845 ], [ 122.587883940599156, 10.725462987928495 ], [ 122.588051754889321, 10.72536265173051 ], [ 122.588238690260425, 10.725202702573538 ], [ 122.588234517469957, 10.725030962577693 ], [ 122.58589931885048, 10.722035959092219 ], [ 122.585758813432108, 10.72193771686562 ], [ 122.585683046984485, 10.722119902643538 ], [ 122.585479852331986, 10.722306402653587 ], [ 122.585314214459686, 10.72248174480147 ], [ 122.585241692169404, 10.722662171573226 ], [ 122.585175975148047, 10.72285050610223 ], [ 122.585150875651877, 10.723026482239646 ], [ 122.585136116130201, 10.723200192903043 ], [ 122.585170133411253, 10.723575092750949 ], [ 122.585162252864919, 10.723757964079562 ], [ 122.585082897909999, 10.723937906317031 ], [ 122.584771926092913, 10.724455073476465 ], [ 122.584561782524105, 10.724834637544113 ], [ 122.58448076848434, 10.725008754268348 ], [ 122.584437620205719, 10.725197263091383 ], [ 122.584395439274431, 10.725480270493845 ], [ 122.584197686847972, 10.725470260475642 ], [ 122.583658479131429, 10.725480966916454 ], [ 122.583294689565179, 10.725526583034057 ], [ 122.582933169734829, 10.725615757581744 ], [ 122.582578387838822, 10.725727460715303 ], [ 122.582375749068163, 10.725810768425736 ], [ 122.582176410457407, 10.725921289770369 ], [ 122.581951512092957, 10.72609174007969 ], [ 122.581755861609594, 10.726284278892562 ], [ 122.581612977286156, 10.726459202847543 ], [ 122.581505167439843, 10.726632983323571 ], [ 122.58144403790692, 10.726830787542196 ], [ 122.581394515285908, 10.727010976204648 ], [ 122.581373622629172, 10.72717987958942 ], [ 122.581358034777878, 10.727366018768338 ], [ 122.581363808744811, 10.727535820766276 ], [ 122.58137085283407, 10.727715863564429 ], [ 122.581402245026908, 10.727895982270097 ], [ 122.581462343786782, 10.728140569933187 ], [ 122.58128645689915, 10.728166056403122 ], [ 122.579526024842522, 10.728246492991802 ], [ 122.57665629542943, 10.728382389802793 ], [ 122.576519124840061, 10.728384825419402 ], [ 122.576331520414655, 10.72842570393899 ], [ 122.576153654440915, 10.728482139014822 ], [ 122.576058474955119, 10.728525865677128 ], [ 122.575955242025827, 10.728618298619244 ], [ 122.575808067775029, 10.728808698041458 ], [ 122.575741062709128, 10.728986906948892 ], [ 122.575687657858737, 10.729236395368355 ], [ 122.575635978546174, 10.729359615186928 ], [ 122.575579898195116, 10.729728918243492 ], [ 122.575545433778629, 10.729888233521425 ], [ 122.575496402992798, 10.73006304071955 ], [ 122.575420978874291, 10.730253092050093 ], [ 122.575312323008575, 10.730434879218141 ], [ 122.575232183334592, 10.730601210269986 ], [ 122.575117804736905, 10.730791067553117 ], [ 122.575020972208208, 10.73095922630937 ], [ 122.57493048267051, 10.73114532623014 ] ] ] ] } },
{ "type": "Feature", "properties": { "psgc": "0603022068", "admin_type": "Barangay", "region": "Region VI (Western Visayas)", "province": "Iloilo", "municity": "Iloilo City", "district": "La Paz", "barangay": "Hinactacan", "population": "737" }, "geometry": { "type": "MultiPolygon", "coordinates": [ [ [ [ 122.581250689183364, 10.731163782777488 ], [ 122.580136273012471, 10.732088064166796 ], [ 122.57948162847228, 10.732643866432669 ], [ 122.579520552338707, 10.732787075124309 ], [ 122.579802344349972, 10.733510524142574 ], [ 122.58118554446331, 10.737296801377131 ], [ 122.581918407932108, 10.738937501467497 ], [ 122.582099466662854, 10.739303238687748 ], [ 122.582296372071795, 10.739658435425278 ], [ 122.582513885989073, 10.74003182791864 ], [ 122.582817786894211, 10.740563192822414 ], [ 122.586037009373086, 10.739453447600225 ], [ 122.585913244173938, 10.739198206159497 ], [ 122.586478524590234, 10.738834473645044 ], [ 122.587727259859747, 10.739208662466721 ], [ 122.587850171858861, 10.739194482952943 ], [ 122.588047967843451, 10.739116501460328 ], [ 122.588144057613093, 10.738947065064123 ], [ 122.588313693020737, 10.738760690644831 ], [ 122.588531390161322, 10.738590331668172 ], [ 122.588672786979402, 10.738409269965084 ], [ 122.588725622793277, 10.738219525660762 ], [ 122.588816133093118, 10.738044114611711 ], [ 122.588934542315428, 10.737846559215287 ], [ 122.588977549469178, 10.737672167701151 ], [ 122.589052638504185, 10.73749253314598 ], [ 122.589133058620945, 10.737323478467813 ], [ 122.589293694323828, 10.737133386612305 ], [ 122.589507765581843, 10.736959225794996 ], [ 122.589876382867132, 10.737134172365495 ], [ 122.590031140664564, 10.737329975908665 ], [ 122.590201957818607, 10.737509941947691 ], [ 122.590308611298411, 10.737700394230009 ], [ 122.590463413306779, 10.737864479516338 ], [ 122.590703733466455, 10.738039252468676 ], [ 122.590944039371863, 10.738224597929106 ], [ 122.591136226199779, 10.738415164912857 ], [ 122.591333780843215, 10.738589879935255 ], [ 122.591584779166922, 10.738775239283409 ], [ 122.59168074959922, 10.738960390433627 ], [ 122.591883715974689, 10.73908753521097 ], [ 122.592070710340323, 10.73916708127039 ], [ 122.592231048232293, 10.73919372796543 ], [ 122.592434015003505, 10.739320872395785 ], [ 122.592599648150184, 10.739384530470291 ], [ 122.592781391154418, 10.739395346489014 ], [ 122.592963148640777, 10.739395589714478 ], [ 122.593128839786715, 10.739416956761646 ], [ 122.593331893815858, 10.739480664495968 ], [ 122.593519018844944, 10.739465055511898 ], [ 122.593557594084771, 10.739399681169195 ], [ 122.593604761227752, 10.739311865801183 ], [ 122.593839998410516, 10.739296320884995 ], [ 122.593918215736494, 10.739369999708757 ], [ 122.593946777464339, 10.739396904150023 ], [ 122.594107122890136, 10.739418263543078 ], [ 122.594337072003853, 10.739360420363283 ], [ 122.5943452762546, 10.739334849355897 ], [ 122.594369283809954, 10.739260022583318 ], [ 122.594417446523735, 10.739223082317109 ], [ 122.594529629201702, 10.739281381757088 ], [ 122.594748800111688, 10.739286960154681 ], [ 122.594807726404113, 10.739197170618912 ], [ 122.594759808579511, 10.739054375217263 ], [ 122.594791941005923, 10.739012127181178 ], [ 122.594936205706944, 10.739065182851055 ], [ 122.595134014846224, 10.739054873463198 ], [ 122.595251687266654, 10.739007452853439 ], [ 122.595347832624967, 10.739065730663802 ], [ 122.595460144837972, 10.739028875554201 ], [ 122.595470980219204, 10.738923162861301 ], [ 122.595540590642187, 10.738838673736938 ], [ 122.595631541107522, 10.738785931093442 ], [ 122.595727751131662, 10.738796631675481 ], [ 122.595759926499753, 10.73872266545796 ], [ 122.59581344912803, 10.738675159376793 ], [ 122.595947101252236, 10.738670050568556 ], [ 122.596038166456921, 10.73853272626455 ], [ 122.596107683328825, 10.738516959501615 ], [ 122.596262639642717, 10.738570028752349 ], [ 122.596396241513872, 10.738601924172917 ], [ 122.596449764024811, 10.738554417977458 ], [ 122.596647442755554, 10.73862623259353 ], [ 122.596668834150293, 10.738634003854107 ], [ 122.596759734207453, 10.738618265296052 ], [ 122.596780113966858, 10.738576757524948 ], [ 122.596840143270285, 10.738454494837105 ], [ 122.596968571260547, 10.738359510606687 ], [ 122.597070220091837, 10.738301495344647 ], [ 122.597193166149935, 10.738306944525869 ], [ 122.597251277080332, 10.738354089715763 ], [ 122.597310644765059, 10.738402254480059 ], [ 122.597444382615492, 10.738333708858493 ], [ 122.597471226034727, 10.738249162676196 ], [ 122.597463627499522, 10.738221465237661 ], [ 122.597439308673628, 10.738132820595371 ], [ 122.597482175131617, 10.738058868327268 ], [ 122.597573024921715, 10.738080133953584 ], [ 122.597621215675161, 10.738022047778331 ], [ 122.597792380942039, 10.737948265145 ], [ 122.597839478712146, 10.737986724897356 ], [ 122.597883159263461, 10.738022394154831 ], [ 122.597995420803997, 10.738022542534342 ], [ 122.598145209983457, 10.737943445096423 ], [ 122.598134596969061, 10.737885281148086 ], [ 122.598083315757307, 10.737834434424704 ], [ 122.598033162772097, 10.737784706344558 ], [ 122.598086720600989, 10.737710768112031 ], [ 122.598177613181505, 10.737700315473591 ], [ 122.598252524922728, 10.737728753214016 ], [ 122.598408888637252, 10.737631094602719 ], [ 122.598450526377988, 10.737494507915095 ], [ 122.598643224050576, 10.737309739707184 ], [ 122.5987449934442, 10.73716185594896 ], [ 122.598793262254659, 10.737045619743519 ], [ 122.598894924567006, 10.736977031154719 ], [ 122.598914682362377, 10.736950054149126 ], [ 122.598991723338571, 10.736248066101636 ], [ 122.598815712922857, 10.736256587254875 ], [ 122.598639345895648, 10.736257004637675 ], [ 122.59844150742579, 10.736246922844945 ], [ 122.598270717869013, 10.736250216191486 ], [ 122.59808256948422, 10.736269786226135 ], [ 122.59789623311022, 10.736251489009931 ], [ 122.597538324864999, 10.736060706905784 ], [ 122.597169711266886, 10.735880482944131 ], [ 122.596801083791178, 10.735710831254368 ], [ 122.596443169734002, 10.735525334278583 ], [ 122.596095954778434, 10.735334564748911 ], [ 122.595705967201795, 10.735149024377046 ], [ 122.595406828813353, 10.734984749755608 ], [ 122.595091690059363, 10.734788735430085 ], [ 122.59484072573386, 10.734598085368553 ], [ 122.594673820315947, 10.734456168485222 ], [ 122.594511518579807, 10.734299596740298 ], [ 122.594296445200911, 10.734069572260541 ], [ 122.593692244621423, 10.733348081293808 ], [ 122.592786798226669, 10.732255493642322 ], [ 122.592230405793629, 10.731510663694902 ], [ 122.591136603645083, 10.730083884960042 ], [ 122.590240128148253, 10.728999456822262 ], [ 122.58976342309785, 10.728461464690275 ], [ 122.589508328789563, 10.728278673033936 ], [ 122.589327552727113, 10.728174296432623 ], [ 122.589136705472825, 10.728107610168371 ], [ 122.588775854769636, 10.728043715471522 ], [ 122.58841248237556, 10.72800354007952 ], [ 122.588038324377024, 10.728015833696624 ], [ 122.58767493367948, 10.728041558618056 ], [ 122.587333201107128, 10.728057331855181 ], [ 122.586943468946941, 10.728118155900786 ], [ 122.586016876559583, 10.728305672701261 ], [ 122.585481712680064, 10.728391442606096 ], [ 122.583889117271241, 10.729165311994699 ], [ 122.58262614736735, 10.730126940275779 ], [ 122.581250689183364, 10.731163782777488 ] ] ] ] } },
{ "type": "Feature", "properties": { "psgc": "0603022024", "admin_type": "Barangay", "region": "Region VI (Western Visayas)", "province": "Iloilo", "municity": "Iloilo City", "district": "Jaro", "barangay": "Buhang", "population": "3930" }, "geometry": { "type": "MultiPolygon", "coordinates": [ [ [ [ 122.560746073777636, 10.763138135296574 ], [ 122.560745466439499, 10.763753620520774 ], [ 122.56201426152748, 10.762658746248073 ], [ 122.562894191775513, 10.761499804330658 ], [ 122.561718693744709, 10.759018138779187 ], [ 122.571598267609517, 10.75270283846695 ], [ 122.571780951603742, 10.752954769766493 ], [ 122.572847743734954, 10.752211381034638 ], [ 122.57229309393945, 10.75153328998783 ], [ 122.572684679849274, 10.751204552119319 ], [ 122.572987181811484, 10.750960486757435 ], [ 122.573262781542894, 10.750761660290229 ], [ 122.573663246733247, 10.75123971725113 ], [ 122.574213425179934, 10.750847858482414 ], [ 122.574944653517164, 10.751768095229334 ], [ 122.575533123812491, 10.751354531478523 ], [ 122.576125076617586, 10.750895329486953 ], [ 122.577336353994525, 10.750341863624781 ], [ 122.577265043812048, 10.750187789358646 ], [ 122.576315546482689, 10.748927793221469 ], [ 122.576309110282295, 10.748687914264774 ], [ 122.576310639801349, 10.747784883207386 ], [ 122.575403128552196, 10.747781832746719 ], [ 122.575403432040716, 10.745977935314146 ], [ 122.574204815899975, 10.745973671508082 ], [ 122.573916457866744, 10.745538557709496 ], [ 122.57330773625371, 10.74598534253289 ], [ 122.572803854992685, 10.746309669621137 ], [ 122.572418661319759, 10.746607829056718 ], [ 122.572305465148801, 10.74667412313376 ], [ 122.572157075906162, 10.746388978425923 ], [ 122.572214860775176, 10.746334153768496 ], [ 122.572052033136629, 10.746055740715656 ], [ 122.571906821539983, 10.74604993623236 ], [ 122.571341702579517, 10.745083387430435 ], [ 122.571047348801002, 10.744642480573784 ], [ 122.5706954302252, 10.744162292260631 ], [ 122.570579111127188, 10.744495128578945 ], [ 122.570221840472527, 10.744644824369491 ], [ 122.569938157891016, 10.744865407646675 ], [ 122.569833922729615, 10.744977506149473 ], [ 122.569562221850319, 10.745198260046974 ], [ 122.569314797131469, 10.74535250664518 ], [ 122.568988460610626, 10.745622688380514 ], [ 122.568607257126018, 10.745963276959559 ], [ 122.568087781026122, 10.746438600877086 ], [ 122.567964632878343, 10.746561552038761 ], [ 122.567900513428825, 10.746737877919148 ], [ 122.56781326560197, 10.746905005620285 ], [ 122.567324677898853, 10.747770718015717 ], [ 122.566856907849385, 10.748662847061375 ], [ 122.566347098263435, 10.749568590236251 ], [ 122.566173075442393, 10.749878878394576 ], [ 122.565825473818165, 10.750377981295488 ], [ 122.564950711304149, 10.750964817582629 ], [ 122.564449803189561, 10.751023801104747 ], [ 122.564258776001637, 10.751058210102965 ], [ 122.564097649419224, 10.751091603337549 ], [ 122.563910491429567, 10.751139113398079 ], [ 122.563739200350426, 10.751180362722332 ], [ 122.563508269822165, 10.751245245151347 ], [ 122.563302822112945, 10.751311532618299 ], [ 122.563090472022139, 10.751380853819008 ], [ 122.562907985497233, 10.751453485950341 ], [ 122.562593453794094, 10.751591029681231 ], [ 122.562056206847473, 10.751836465739231 ], [ 122.561867031273493, 10.751932712870493 ], [ 122.561675134524577, 10.752030443712012 ], [ 122.561225054591333, 10.752285934939872 ], [ 122.56075672897488, 10.752569666566032 ], [ 122.558937847291958, 10.753668542509182 ], [ 122.558194770885081, 10.754091749839123 ], [ 122.558018420373699, 10.754183434525524 ], [ 122.558006135197473, 10.76313084250188 ], [ 122.560746073777636, 10.763138135296574 ] ] ] ] } },
{ "type": "Feature", "properties": { "psgc": "0603022098", "admin_type": "Barangay", "region": "Region VI (Western Visayas)", "province": "Iloilo", "municity": "Iloilo City", "district": "Jaro", "barangay": "M. V. Hechanova", "population": "4182" }, "geometry": { "type": "MultiPolygon", "coordinates": [ [ [ [ 122.565705489592176, 10.74058747926556 ], [ 122.565929551425754, 10.740904978783394 ], [ 122.565334023253243, 10.741429321284141 ], [ 122.564527456077499, 10.741923240173225 ], [ 122.565375572843493, 10.743206387748131 ], [ 122.564797702781064, 10.743559746919788 ], [ 122.564893712038611, 10.743707901459864 ], [ 122.564106941415417, 10.74434113641264 ], [ 122.563641308031208, 10.744710512902451 ], [ 122.563385520537295, 10.744317218307634 ], [ 122.563258246074881, 10.744401670499773 ], [ 122.563256065497853, 10.744719882760021 ], [ 122.562861963084046, 10.744955623059948 ], [ 122.56273676430952, 10.74484747409981 ], [ 122.562644689065735, 10.744711709322212 ], [ 122.56231488058593, 10.744215776986453 ], [ 122.561633326469433, 10.74330146494589 ], [ 122.561611561795772, 10.743560463894051 ], [ 122.561392109077389, 10.743745169581596 ], [ 122.561734554911979, 10.744148355238497 ], [ 122.562106236062036, 10.744615634255307 ], [ 122.560919610215677, 10.745369137351558 ], [ 122.560169811482027, 10.744225377450276 ], [ 122.560045272408189, 10.74430400248392 ], [ 122.55966635479389, 10.743704009906773 ], [ 122.558842732035515, 10.744350845738005 ], [ 122.558364307561291, 10.744728594649349 ], [ 122.558097313235976, 10.744916615939854 ], [ 122.557538143589824, 10.745334676397221 ], [ 122.558799582496093, 10.747203971392405 ], [ 122.55857190615734, 10.747318997275045 ], [ 122.55860138375283, 10.747473286952244 ], [ 122.558632055694005, 10.747644254957835 ], [ 122.558420532633676, 10.747744486015126 ], [ 122.558232005058599, 10.747816362687473 ], [ 122.558029025608406, 10.747848341167433 ], [ 122.558019700879257, 10.750472521583802 ], [ 122.558018570914768, 10.75407374233809 ], [ 122.558018420373699, 10.754183434525524 ], [ 122.558194770885081, 10.754091749839123 ], [ 122.558937847291958, 10.753668542509182 ], [ 122.56075672897488, 10.752569666566032 ], [ 122.561225054591333, 10.752285934939872 ], [ 122.561675134524577, 10.752030443712012 ], [ 122.561867031273493, 10.751932712870493 ], [ 122.562056206847473, 10.751836465739231 ], [ 122.562593453794094, 10.751591029681231 ], [ 122.562907985497233, 10.751453485950341 ], [ 122.563090472022139, 10.751380853819008 ], [ 122.563302822112945, 10.751311532618299 ], [ 122.563508269822165, 10.751245245151347 ], [ 122.563739200350426, 10.751180362722332 ], [ 122.563910491429567, 10.751139113398079 ], [ 122.564097649419224, 10.751091603337549 ], [ 122.564258776001637, 10.751058210102965 ], [ 122.564449803189561, 10.751023801104747 ], [ 122.564950711304149, 10.750964817582629 ], [ 122.565825473818165, 10.750377981295488 ], [ 122.566173075442393, 10.749878878394576 ], [ 122.566347098263435, 10.749568590236251 ], [ 122.566856907849385, 10.748662847061375 ], [ 122.567324677898853, 10.747770718015717 ], [ 122.56781326560197, 10.746905005620285 ], [ 122.567900513428825, 10.746737877919148 ], [ 122.567964632878343, 10.746561552038761 ], [ 122.568087781026122, 10.746438600877086 ], [ 122.568607257126018, 10.745963276959559 ], [ 122.568988460610626, 10.745622688380514 ], [ 122.569314797131469, 10.74535250664518 ], [ 122.569562221850319, 10.745198260046974 ], [ 122.569833922729615, 10.744977506149473 ], [ 122.569938157891016, 10.744865407646675 ], [ 122.570221840472527, 10.744644824369491 ], [ 122.570579111127188, 10.744495128578945 ], [ 122.5706954302252, 10.744162292260631 ], [ 122.572288875661556, 10.74339338606255 ], [ 122.572002994392903, 10.743026698297969 ], [ 122.571443799047103, 10.742351620590769 ], [ 122.571255115276415, 10.742121453112219 ], [ 122.571034343404563, 10.741852142119953 ], [ 122.57078722292286, 10.741550688751637 ], [ 122.570562545799874, 10.741284307449234 ], [ 122.570328432271793, 10.740996891425274 ], [ 122.570071034760034, 10.740680889355444 ], [ 122.569264810222364, 10.741277114246815 ], [ 122.569001954906412, 10.740933299815575 ], [ 122.568671709499711, 10.740536839255419 ], [ 122.568416162417449, 10.740234462432561 ], [ 122.568252947295477, 10.74010485596752 ], [ 122.568101175872854, 10.740064895044258 ], [ 122.567800285299199, 10.740330172600132 ], [ 122.567418670131147, 10.740082013035954 ], [ 122.567036490509921, 10.739844066700936 ], [ 122.566642219526528, 10.739604021596863 ], [ 122.566408832763571, 10.739448148371416 ], [ 122.566332327076623, 10.739642118132139 ], [ 122.566259509915071, 10.739750082614803 ], [ 122.566017445311275, 10.739928149572522 ], [ 122.566229848641001, 10.740265759909322 ], [ 122.565705489592176, 10.74058747926556 ] ] ] ] } },
{ "type": "Feature", "properties": { "psgc": "0603022011", "admin_type": "Barangay", "region": "Region VI (Western Visayas)", "province": "Iloilo", "municity": "Iloilo City", "district": "Jaro", "barangay": "Balantang", "population": "4762" }, "geometry": { "type": "MultiPolygon", "coordinates": [ [ [ [ 122.580596826782752, 10.751129598337968 ], [ 122.578598618927856, 10.752410822208148 ], [ 122.577320173289777, 10.750442281600435 ], [ 122.577336353994525, 10.750341863624781 ], [ 122.576125076617586, 10.750895329486953 ], [ 122.575533123812491, 10.751354531478523 ], [ 122.574944653517164, 10.751768095229334 ], [ 122.574213425179934, 10.750847858482414 ], [ 122.573663246733247, 10.75123971725113 ], [ 122.573262781542894, 10.750761660290229 ], [ 122.572987181811484, 10.750960486757435 ], [ 122.572684679849274, 10.751204552119319 ], [ 122.57229309393945, 10.75153328998783 ], [ 122.572847743734954, 10.752211381034638 ], [ 122.571780951603742, 10.752954769766493 ], [ 122.571962531855618, 10.753270484535388 ], [ 122.57385695033777, 10.755997102843844 ], [ 122.5728446987479, 10.756688988704942 ], [ 122.572783127625939, 10.756752830381513 ], [ 122.572408558518802, 10.756990188973516 ], [ 122.572410912837327, 10.757713116258969 ], [ 122.572067788096092, 10.757887070809229 ], [ 122.572126278549618, 10.758065419871691 ], [ 122.572160884278148, 10.758208340641557 ], [ 122.572203394644291, 10.758388135811158 ], [ 122.572275223666836, 10.758535868146277 ], [ 122.572374120969144, 10.758631547339844 ], [ 122.572496967996244, 10.758711015106782 ], [ 122.572641230031195, 10.758769367592784 ], [ 122.572833561775923, 10.758859505561077 ], [ 122.573111431863168, 10.758949763532577 ], [ 122.573330426284429, 10.759087515648519 ], [ 122.573415691438385, 10.759277943342896 ], [ 122.57337081158191, 10.759420884536329 ], [ 122.573265627505165, 10.759536763119925 ], [ 122.572928926425647, 10.759462281631631 ], [ 122.572640272441703, 10.75943544433253 ], [ 122.572296706837619, 10.759465616380618 ], [ 122.57211227649691, 10.759496141280399 ], [ 122.571937842285593, 10.759545577273105 ], [ 122.571722472624145, 10.75968434523757 ], [ 122.571580942014592, 10.759858146109996 ], [ 122.571484976599621, 10.759944256684639 ], [ 122.571279313450333, 10.760056817778954 ], [ 122.571934491777739, 10.760992834262005 ], [ 122.570375693964223, 10.762086467723297 ], [ 122.569009883711431, 10.760455245352682 ], [ 122.568569419150592, 10.759946891551461 ], [ 122.568218758679166, 10.759538705848701 ], [ 122.56806068046329, 10.759757613401023 ], [ 122.567835164921561, 10.759963122425193 ], [ 122.567574035095447, 10.760160451602726 ], [ 122.567153433529171, 10.760462878620029 ], [ 122.566684302113671, 10.760790669611753 ], [ 122.566506977714013, 10.760931481674925 ], [ 122.566341678656428, 10.760975508050329 ], [ 122.56622999015292, 10.760960706438626 ], [ 122.565764663464066, 10.760898935521372 ], [ 122.565560641898074, 10.760937335609565 ], [ 122.565336645726916, 10.761034920248674 ], [ 122.565126448458486, 10.761163454353095 ], [ 122.564933361637713, 10.761322052305735 ], [ 122.564827326060453, 10.761453847202285 ], [ 122.564720583927468, 10.761639756632528 ], [ 122.564636031083936, 10.761908297816092 ], [ 122.564503654050796, 10.762165936286257 ], [ 122.5644013518517, 10.762252606847605 ], [ 122.563472324983707, 10.762738137535699 ], [ 122.564133121954868, 10.764048905817981 ], [ 122.564593873341181, 10.764949101015995 ], [ 122.565161478320604, 10.765872607120333 ], [ 122.565763617666462, 10.766764642897961 ], [ 122.566185736895093, 10.767361458779227 ], [ 122.566868997201979, 10.768326287481235 ], [ 122.569502351520271, 10.766628356671845 ], [ 122.57015091310808, 10.767618795569842 ], [ 122.574795625712468, 10.764652103266014 ], [ 122.574956539833707, 10.76489822768575 ], [ 122.575209751648046, 10.764693538527812 ], [ 122.575373688674574, 10.764612047101783 ], [ 122.575749427495879, 10.76444639348535 ], [ 122.576284162613206, 10.764380933910351 ], [ 122.576478429409946, 10.764368522597701 ], [ 122.577646132279924, 10.764575771999313 ], [ 122.57764089459684, 10.764375050393513 ], [ 122.577649374754756, 10.764219241618108 ], [ 122.577675476374978, 10.764047011956732 ], [ 122.577697252939799, 10.763840732415339 ], [ 122.577699458321433, 10.763661215004243 ], [ 122.577704695261687, 10.763475800904217 ], [ 122.577679178292598, 10.763289351550572 ], [ 122.577641764745053, 10.763157058363269 ], [ 122.577547770785785, 10.763063909260186 ], [ 122.577386838502207, 10.762972394907161 ], [ 122.577200345784036, 10.762936648291795 ], [ 122.577037534272478, 10.762859831754627 ], [ 122.57688396678995, 10.762715895803371 ], [ 122.576691395012759, 10.762437016857858 ], [ 122.576461512080641, 10.762248823943937 ], [ 122.576286761520819, 10.76201042362996 ], [ 122.576216331123618, 10.761886411267479 ], [ 122.576140791646765, 10.761709449405172 ], [ 122.576068536571086, 10.761552540234153 ], [ 122.575947220236628, 10.761356205384182 ], [ 122.575778143285646, 10.761263455146091 ], [ 122.575594129378899, 10.761148975048595 ], [ 122.576705033978229, 10.760257188271902 ], [ 122.577539102695255, 10.761525207091765 ], [ 122.57802090996104, 10.761182573904568 ], [ 122.580981677430643, 10.759297380873877 ], [ 122.581619396391147, 10.760285743144259 ], [ 122.58413402072263, 10.758682379639065 ], [ 122.583525142037601, 10.7577519640313 ], [ 122.584511970560385, 10.757133844505706 ], [ 122.584463000756543, 10.757028693328085 ], [ 122.580596826782752, 10.751129598337968 ] ] ] ] } },
{ "type": "Feature", "properties": { "psgc": "0603022033", "admin_type": "Barangay", "region": "Region VI (Western Visayas)", "province": "Iloilo", "municity": "Iloilo City", "district": "Jaro", "barangay": "Camalig", "population": "2679" }, "geometry": { "type": "MultiPolygon", "coordinates": [ [ [ [ 122.572067788096092, 10.757887070809229 ], [ 122.572410912837327, 10.757713116258969 ], [ 122.572408558518802, 10.756990188973516 ], [ 122.572783127625939, 10.756752830381513 ], [ 122.5728446987479, 10.756688988704942 ], [ 122.57385695033777, 10.755997102843844 ], [ 122.571962531855618, 10.753270484535388 ], [ 122.571780951603742, 10.752954769766493 ], [ 122.571598267609517, 10.75270283846695 ], [ 122.561718693744709, 10.759018138779187 ], [ 122.562894191775513, 10.761499804330658 ], [ 122.56201426152748, 10.762658746248073 ], [ 122.560745466439499, 10.763753620520774 ], [ 122.559035603386761, 10.765144202504487 ], [ 122.561487130870375, 10.766315959174555 ], [ 122.561511837246542, 10.7662218665248 ], [ 122.561586343843459, 10.766074690951937 ], [ 122.561670412432136, 10.765857580276997 ], [ 122.561883307893822, 10.765450933779485 ], [ 122.562592618130623, 10.764728767357102 ], [ 122.563111534190256, 10.764246397469815 ], [ 122.562906580852285, 10.763592461736184 ], [ 122.563014980582096, 10.763137538269058 ], [ 122.563145100876099, 10.763136343448892 ], [ 122.563472324983707, 10.762738137535699 ], [ 122.5644013518517, 10.762252606847605 ], [ 122.564503654050796, 10.762165936286257 ], [ 122.564636031083936, 10.761908297816092 ], [ 122.564720583927468, 10.761639756632528 ], [ 122.564827326060453, 10.761453847202285 ], [ 122.564933361637713, 10.761322052305735 ], [ 122.565126448458486, 10.761163454353095 ], [ 122.565336645726916, 10.761034920248674 ], [ 122.565560641898074, 10.760937335609565 ], [ 122.565764663464066, 10.760898935521372 ], [ 122.56622999015292, 10.760960706438626 ], [ 122.566341678656428, 10.760975508050329 ], [ 122.566506977714013, 10.760931481674925 ], [ 122.566684302113671, 10.760790669611753 ], [ 122.567153433529171, 10.760462878620029 ], [ 122.567574035095447, 10.760160451602726 ], [ 122.567835164921561, 10.759963122425193 ], [ 122.56806068046329, 10.759757613401023 ], [ 122.568218758679166, 10.759538705848701 ], [ 122.568569419150592, 10.759946891551461 ], [ 122.569009883711431, 10.760455245352682 ], [ 122.570375693964223, 10.762086467723297 ], [ 122.571934491777739, 10.760992834262005 ], [ 122.571279313450333, 10.760056817778954 ], [ 122.571484976599621, 10.759944256684639 ], [ 122.571580942014592, 10.759858146109996 ], [ 122.571722472624145, 10.75968434523757 ], [ 122.571937842285593, 10.759545577273105 ], [ 122.57211227649691, 10.759496141280399 ], [ 122.572296706837619, 10.759465616380618 ], [ 122.572640272441703, 10.75943544433253 ], [ 122.572928926425647, 10.759462281631631 ], [ 122.573265627505165, 10.759536763119925 ], [ 122.57337081158191, 10.759420884536329 ], [ 122.573415691438385, 10.759277943342896 ], [ 122.573330426284429, 10.759087515648519 ], [ 122.573111431863168, 10.758949763532577 ], [ 122.572833561775923, 10.758859505561077 ], [ 122.572641230031195, 10.758769367592784 ], [ 122.572496967996244, 10.758711015106782 ], [ 122.572374120969144, 10.758631547339844 ], [ 122.572275223666836, 10.758535868146277 ], [ 122.572203394644291, 10.758388135811158 ], [ 122.572160884278148, 10.758208340641557 ], [ 122.572126278549618, 10.758065419871691 ], [ 122.572067788096092, 10.757887070809229 ] ] ] ] } },
{ "type": "Feature", "properties": { "psgc": "0603022165", "admin_type": "Barangay", "region": "Region VI (Western Visayas)", "province": "Iloilo", "municity": "Iloilo City", "district": "Mandurriao", "barangay": "Santa Rosa", "population": "1001" }, "geometry": { "type": "MultiPolygon", "coordinates": [ [ [ [ 122.544674169837947, 10.723347266273509 ], [ 122.544858343341474, 10.723201746778651 ], [ 122.545784650361512, 10.724283833731654 ], [ 122.545109727969489, 10.72483000952244 ], [ 122.545702700273551, 10.72572639806746 ], [ 122.54609584152476, 10.726564191487947 ], [ 122.546176894859599, 10.726479323722794 ], [ 122.546336592115239, 10.726432391201707 ], [ 122.546522557175706, 10.726417200007557 ], [ 122.546724292027136, 10.726337656974865 ], [ 122.546900360403725, 10.726233544283906 ], [ 122.547087692499161, 10.72610368982553 ], [ 122.547254032418294, 10.725971368661767 ], [ 122.547433220835103, 10.725777255364568 ], [ 122.547622160541493, 10.725651474742818 ], [ 122.54781567794268, 10.725506990621144 ], [ 122.547992336208381, 10.725351098633077 ], [ 122.548099564406712, 10.725152000267023 ], [ 122.548161532642141, 10.724962190049256 ], [ 122.54823099426909, 10.724785379115175 ], [ 122.548360288853743, 10.72459692632035 ], [ 122.548544767642397, 10.724428020798156 ], [ 122.548724303618826, 10.7242745714025 ], [ 122.548912884375298, 10.724128046630121 ], [ 122.549078730106132, 10.724064441837319 ], [ 122.549164766997819, 10.724024236310127 ], [ 122.549279995474791, 10.723970389334736 ], [ 122.549456520130761, 10.723902737141144 ], [ 122.549620204898844, 10.723833273880816 ], [ 122.549669037336585, 10.723710735081275 ], [ 122.549577599303689, 10.723515435699966 ], [ 122.549470657691458, 10.723331886269436 ], [ 122.549445371835191, 10.723150054016294 ], [ 122.549464942967319, 10.722970129239036 ], [ 122.549477971234481, 10.722801204291819 ], [ 122.549483587909435, 10.722621477329715 ], [ 122.549541292950764, 10.722497958368677 ], [ 122.549641972744652, 10.722429438291503 ], [ 122.549039297175483, 10.722180970946765 ], [ 122.549102922658804, 10.721910399883802 ], [ 122.549106206863385, 10.721698001821196 ], [ 122.54907307267041, 10.72153489733466 ], [ 122.54892468619208, 10.72115498559261 ], [ 122.548301574166686, 10.719752587811849 ], [ 122.547726472707623, 10.720009154290791 ], [ 122.547620324184564, 10.719757948189393 ], [ 122.547167361101685, 10.719944507393951 ], [ 122.546651228051701, 10.720365308709923 ], [ 122.546699200638741, 10.720455247522892 ], [ 122.545949628755068, 10.720929163670977 ], [ 122.545983070026907, 10.720992567664473 ], [ 122.544672054031395, 10.721776722677951 ], [ 122.544394320159171, 10.721355330445025 ], [ 122.543975708615278, 10.721766199251171 ], [ 122.544181655213961, 10.722017011560645 ], [ 122.543853522261415, 10.722286378271328 ], [ 122.544674169837947, 10.723347266273509 ] ] ] ] } },
{ "type": "Feature", "properties": { "psgc": "0603022196", "admin_type": "Barangay", "region": "Region VI (Western Visayas)", "province": "Iloilo", "municity": "Iloilo City", "district": "Mandurriao", "barangay": "Pale Benedicto Rizal (Mandurriao)", "population": "3151" }, "geometry": { "type": "MultiPolygon", "coordinates": [ [ [ [ 122.534831688278672, 10.725112027824498 ], [ 122.535496849449814, 10.726016953230909 ], [ 122.535828699674141, 10.725742569127805 ], [ 122.53615247958389, 10.726138193489772 ], [ 122.536266203943612, 10.726277152157822 ], [ 122.537856012872112, 10.724868114323625 ], [ 122.538374305738898, 10.725478464088972 ], [ 122.538793306729971, 10.725085878073141 ], [ 122.539589828716231, 10.724334811969566 ], [ 122.539392896046365, 10.724129081504618 ], [ 122.539777664955324, 10.723763571563712 ], [ 122.539545797478922, 10.723497864382052 ], [ 122.539630466131257, 10.723313710509393 ], [ 122.539235175174682, 10.722760317420882 ], [ 122.538902642886072, 10.722351547629502 ], [ 122.537477578373185, 10.720551170000094 ], [ 122.538141269872568, 10.720153145604375 ], [ 122.538562771143546, 10.720663912784675 ], [ 122.53928579398098, 10.720119092495699 ], [ 122.539472866985705, 10.720327540816438 ], [ 122.539860099008422, 10.719978647329217 ], [ 122.539615288011859, 10.719819808349438 ], [ 122.539852325814067, 10.719674620544609 ], [ 122.539959636526035, 10.719558534368906 ], [ 122.539329985083924, 10.718838645399636 ], [ 122.539229834474469, 10.718465527878442 ], [ 122.539133843589369, 10.717775798237559 ], [ 122.537998701950585, 10.717744389803855 ], [ 122.537722726077206, 10.717731376192093 ], [ 122.537578531450691, 10.717646576841378 ], [ 122.536610784647635, 10.718581847168204 ], [ 122.536377642824817, 10.718329157156321 ], [ 122.535895700081525, 10.718743581057547 ], [ 122.536079506200977, 10.718955497929594 ], [ 122.535770986123225, 10.719171287742466 ], [ 122.536078869229087, 10.719547380259181 ], [ 122.535871770252584, 10.719725915054562 ], [ 122.535389303887825, 10.72013271810143 ], [ 122.53512344242273, 10.720356993653894 ], [ 122.535281508496368, 10.720525980924675 ], [ 122.535077676580784, 10.720706534994582 ], [ 122.53494814647722, 10.720824956003545 ], [ 122.534664497341183, 10.721001175231185 ], [ 122.534446422174142, 10.721159634538667 ], [ 122.534565492423496, 10.721351085940375 ], [ 122.53478569042511, 10.721622758859016 ], [ 122.534364678563165, 10.721959206346989 ], [ 122.534475537916876, 10.722170976435649 ], [ 122.535049784432289, 10.723040074598488 ], [ 122.534083787741565, 10.723768115001132 ], [ 122.534167248298758, 10.723878033280618 ], [ 122.534993649036053, 10.724973316746665 ], [ 122.534831688278672, 10.725112027824498 ] ] ] ] } },
{ "type": "Feature", "properties": { "psgc": "0603022128", "admin_type": "Barangay", "region": "Region VI (Western Visayas)", "province": "Iloilo", "municity": "Iloilo City", "district": "Mandurriao", "barangay": "PHHC Block 22 NHA", "population": "1369" }, "geometry": { "type": "MultiPolygon", "coordinates": [ [ [ [ 122.539501924942499, 10.721889417370436 ], [ 122.539820398343522, 10.721674032124355 ], [ 122.540837547756254, 10.723050895318298 ], [ 122.541433224630183, 10.72259612503721 ], [ 122.541763731501533, 10.723033745294165 ], [ 122.541830953130756, 10.722988063349142 ], [ 122.542157412796954, 10.723433959728954 ], [ 122.543082505373306, 10.724807953012137 ], [ 122.543374739851743, 10.725208817474064 ], [ 122.543863303092024, 10.725792858737119 ], [ 122.544516524372071, 10.725299956978711 ], [ 122.545109727969489, 10.72483000952244 ], [ 122.545784650361512, 10.724283833731654 ], [ 122.544858343341474, 10.723201746778651 ], [ 122.544674169837947, 10.723347266273509 ], [ 122.543853522261415, 10.722286378271328 ], [ 122.544181655213961, 10.722017011560645 ], [ 122.543975708615278, 10.721766199251171 ], [ 122.544394320159171, 10.721355330445025 ], [ 122.543972621679686, 10.720715505021085 ], [ 122.54336213663187, 10.720014577532869 ], [ 122.542786216027608, 10.720528709951109 ], [ 122.542493097124463, 10.720183176001109 ], [ 122.541384963900981, 10.721012951342932 ], [ 122.5410329155075, 10.720523437447097 ], [ 122.541021938491113, 10.720405216049782 ], [ 122.540699905513137, 10.720012304940067 ], [ 122.540648963672524, 10.719959612320377 ], [ 122.539993418140128, 10.720449218382296 ], [ 122.540185488386996, 10.720635819055071 ], [ 122.539308024990206, 10.721160486346401 ], [ 122.539032626780539, 10.720831184527276 ], [ 122.538813827931662, 10.720993221451581 ], [ 122.539501924942499, 10.721889417370436 ] ] ] ] } },
{ "type": "Feature", "properties": { "psgc": "0603022048", "admin_type": "Barangay", "region": "Region VI (Western Visayas)", "province": "Iloilo", "municity": "Iloilo City", "district": "Arevalo", "barangay": "Dulonan", "population": "4849" }, "geometry": { "type": "MultiPolygon", "coordinates": [ [ [ [ 122.523075824349348, 10.692288113515881 ], [ 122.523437075204285, 10.692565900297335 ], [ 122.52354064854417, 10.692405135675724 ], [ 122.523743999603553, 10.69225214841528 ], [ 122.523920120353452, 10.692240185524843 ], [ 122.524080721891963, 10.692257957872901 ], [ 122.52428060282719, 10.692354397647291 ], [ 122.524470616777904, 10.692438298164191 ], [ 122.52465019185847, 10.692544959896555 ], [ 122.524836282661624, 10.692707155885223 ], [ 122.525006555386966, 10.692836647844221 ], [ 122.525190867771187, 10.6929570898725 ], [ 122.525400796991022, 10.693066020519261 ], [ 122.525575897182136, 10.693148378874453 ], [ 122.525727440946639, 10.693193419058421 ], [ 122.525928488188924, 10.693259937438013 ], [ 122.526110131227185, 10.693308192799844 ], [ 122.526291842296402, 10.69337071961159 ], [ 122.526473405897278, 10.693429942494994 ], [ 122.526647854138147, 10.693468420173312 ], [ 122.526840259342649, 10.693508867963187 ], [ 122.526973124402488, 10.693039735137322 ], [ 122.527392312601592, 10.691820390384256 ], [ 122.527735572126986, 10.690841799727419 ], [ 122.527934710934076, 10.689966623123544 ], [ 122.528094025719625, 10.689537013596006 ], [ 122.528339746024884, 10.688932767606705 ], [ 122.528064732483699, 10.688859934235097 ], [ 122.528370059372591, 10.68797206168826 ], [ 122.528492524672473, 10.687601883849382 ], [ 122.528610055280978, 10.687267093145675 ], [ 122.528751967448969, 10.68689447766052 ], [ 122.528955868643322, 10.686387303516478 ], [ 122.529524643664331, 10.684971440737545 ], [ 122.529607785758969, 10.68480398480339 ], [ 122.529690763818124, 10.684696806480952 ], [ 122.529808432382026, 10.684644123672982 ], [ 122.529960322589119, 10.684576977104395 ], [ 122.530056394589437, 10.684449028571988 ], [ 122.530130557642451, 10.684195025642092 ], [ 122.530065405172778, 10.68417813680129 ], [ 122.529807336383314, 10.684090340550453 ], [ 122.529476317968019, 10.683985198863754 ], [ 122.529339286690515, 10.683941013411024 ], [ 122.528995010861877, 10.683830002062347 ], [ 122.528610009980895, 10.683702618330896 ], [ 122.528241181572369, 10.68358387624221 ], [ 122.527844118859292, 10.683452780084616 ], [ 122.527541629480908, 10.683353834999492 ], [ 122.527349985873826, 10.683294452457458 ], [ 122.527101103261444, 10.683214054511634 ], [ 122.526854712756261, 10.683132429048531 ], [ 122.526714092838048, 10.683087896559604 ], [ 122.526568502373621, 10.683037200989059 ], [ 122.526404242222057, 10.682982783762187 ], [ 122.526190804124482, 10.682949572739446 ], [ 122.525928998018045, 10.682859281886481 ], [ 122.525581750015931, 10.682710696972961 ], [ 122.525303940154757, 10.682599231151276 ], [ 122.525052876604605, 10.682477231660785 ], [ 122.52477513416548, 10.682323466086844 ], [ 122.5244385791095, 10.682174896514516 ], [ 122.524192778291194, 10.682105778767138 ], [ 122.523941556226106, 10.682084239238565 ], [ 122.52375554402991, 10.682093984814063 ], [ 122.523589649396655, 10.683465728675053 ], [ 122.523330010901418, 10.683415720295447 ], [ 122.523067068007336, 10.684730885026621 ], [ 122.522889613244814, 10.684694591920351 ], [ 122.52266515679419, 10.684693190976718 ], [ 122.522398043249751, 10.684681060619116 ], [ 122.522293678321958, 10.684672154631075 ], [ 122.522237233598233, 10.684981409502292 ], [ 122.522205806766394, 10.685175889970266 ], [ 122.52215631175963, 10.68540936307882 ], [ 122.522067246438681, 10.685839998947737 ], [ 122.521956249343333, 10.686367692182458 ], [ 122.521930582409084, 10.68653524501927 ], [ 122.52171969825082, 10.687609918164176 ], [ 122.521512136037472, 10.687584354404514 ], [ 122.521470828167665, 10.688071695125961 ], [ 122.521458894174941, 10.688165554987219 ], [ 122.521416840338389, 10.688432705914082 ], [ 122.524370024090089, 10.688990076378856 ], [ 122.524352970835196, 10.689050150133964 ], [ 122.523946498836764, 10.689040826611935 ], [ 122.523540280545959, 10.689026002866969 ], [ 122.523468237345952, 10.689655737150364 ], [ 122.523483599010603, 10.68989425568277 ], [ 122.523607022036302, 10.690474193166903 ], [ 122.523478369547888, 10.69054176045071 ], [ 122.523264507936915, 10.69056824788696 ], [ 122.523357812538976, 10.691011549107627 ], [ 122.523299644520222, 10.691604466716857 ], [ 122.522738628290355, 10.692228932892297 ], [ 122.523075824349348, 10.692288113515881 ] ] ] ] } },
{ "type": "Feature", "properties": { "psgc": "0603022115", "admin_type": "Barangay", "region": "Region VI (Western Visayas)", "province": "Iloilo", "municity": "Iloilo City", "district": "Mandurriao", "barangay": "Navais", "population": "4725" }, "geometry": { "type": "MultiPolygon", "coordinates": [ [ [ [ 122.537923667133597, 10.702935637913418 ], [ 122.540266967826582, 10.703363819550201 ], [ 122.540351658721633, 10.703350724469033 ], [ 122.540548264780881, 10.703310139840529 ], [ 122.54072318815453, 10.703242012652876 ], [ 122.54084235200817, 10.703163942012214 ], [ 122.540931015371825, 10.703087673678919 ], [ 122.541082755730471, 10.702899498154075 ], [ 122.541156996170443, 10.702715161018704 ], [ 122.541207507458367, 10.702537104962415 ], [ 122.541200034964703, 10.702357129693384 ], [ 122.541138591137084, 10.702183144977484 ], [ 122.541023255210689, 10.701996980822557 ], [ 122.540896880360634, 10.70181900415156 ], [ 122.540782019783691, 10.701626222850773 ], [ 122.540686756112123, 10.701440577586311 ], [ 122.540614311472382, 10.7012602029381 ], [ 122.540550643329979, 10.701084084093468 ], [ 122.54051943056372, 10.700898059528326 ], [ 122.540512897580285, 10.700720012281739 ], [ 122.54051477126464, 10.700642002480855 ], [ 122.540309322530291, 10.700659474074033 ], [ 122.540111040626414, 10.700664145974763 ], [ 122.539872624333555, 10.700653866148038 ], [ 122.539636721611572, 10.700641107780905 ], [ 122.539398324100702, 10.700618417280936 ], [ 122.539215146023452, 10.700593326097387 ], [ 122.539084612114848, 10.700570520586451 ], [ 122.538976563053481, 10.700551027378541 ], [ 122.538670827731181, 10.70048233935017 ], [ 122.538358505557753, 10.700418031047171 ], [ 122.538084809898322, 10.700370359800178 ], [ 122.53806459618977, 10.700366839044873 ], [ 122.537637717697436, 10.700299299793297 ], [ 122.537234182135322, 10.700224873188795 ], [ 122.536886626597223, 10.700162064842697 ], [ 122.536596347869619, 10.700110416094917 ], [ 122.536332497921677, 10.700048196066428 ], [ 122.535945568878546, 10.699948972501508 ], [ 122.535806200121542, 10.699915882413091 ], [ 122.535698993655785, 10.699890265267884 ], [ 122.535411666988409, 10.699830436428101 ], [ 122.535313028897249, 10.699812257050247 ], [ 122.535226184554418, 10.699796216679163 ], [ 122.535127544871997, 10.699779097975195 ], [ 122.534913106324154, 10.699744834896292 ], [ 122.534798847950483, 10.699730960132504 ], [ 122.534736304618576, 10.69972478269303 ], [ 122.534648763553079, 10.699714511838875 ], [ 122.534562642554519, 10.699703229049369 ], [ 122.534409890362681, 10.699676636367116 ], [ 122.534193822708843, 10.699634738646161 ], [ 122.5340257042932, 10.699597982542024 ], [ 122.533818635789359, 10.699550013829169 ], [ 122.533717145495373, 10.699530595609174 ], [ 122.533428936291713, 10.69946706778563 ], [ 122.533245447163367, 10.69942319007672 ], [ 122.533015836064934, 10.699364032793367 ], [ 122.532773141293305, 10.699299785605414 ], [ 122.532535339214078, 10.699232503475319 ], [ 122.532448874731415, 10.699206729301755 ], [ 122.532309688920492, 10.699165239383273 ], [ 122.532147748604658, 10.699112267078961 ], [ 122.531995035842598, 10.699060322562977 ], [ 122.531827982394518, 10.698998216164673 ], [ 122.531684505019371, 10.698942229241583 ], [ 122.531551285304928, 10.698884229596759 ], [ 122.531459057140907, 10.698843529949873 ], [ 122.531387334867887, 10.698804889132832 ], [ 122.531351484304395, 10.698775441392959 ], [ 122.531312935255144, 10.698741127643743 ], [ 122.531232857302967, 10.698679346824413 ], [ 122.531164644781569, 10.698625413722141 ], [ 122.531037532296963, 10.698544966148528 ], [ 122.530952485974538, 10.698495901393395 ], [ 122.530887221838881, 10.698455675003784 ], [ 122.530813499472956, 10.698413296835124 ], [ 122.530718541835142, 10.698373025761258 ], [ 122.530628524115031, 10.698338634520791 ], [ 122.530476655246815, 10.698265979394698 ], [ 122.530376759324, 10.698218849620666 ], [ 122.530292692444718, 10.698176637335498 ], [ 122.530204666454267, 10.698134419067808 ], [ 122.530108907944765, 10.698085156392601 ], [ 122.530026823722608, 10.698040989547385 ], [ 122.529929912370903, 10.697984076747154 ], [ 122.529835964374882, 10.69793108333643 ], [ 122.529771142796321, 10.697893612033765 ], [ 122.529676206582423, 10.697839638349421 ], [ 122.529571377102769, 10.697782713507936 ], [ 122.52948631313572, 10.697745393202158 ], [ 122.529383162580373, 10.697707332581363 ], [ 122.529316786659649, 10.697683742750687 ], [ 122.529276138864873, 10.697667390158108 ], [ 122.529197879671472, 10.697642070496578 ], [ 122.529038389974431, 10.697603681013454 ], [ 122.52884835078379, 10.697558193067067 ], [ 122.528682495930468, 10.697544926961696 ], [ 122.528485780392245, 10.697503058275547 ], [ 122.528292536075568, 10.69746721635242 ], [ 122.528111696486164, 10.697442103064557 ], [ 122.527922792125423, 10.697372049987152 ], [ 122.527746753352517, 10.697251410235394 ], [ 122.527670258215863, 10.697087283664379 ], [ 122.527568986294042, 10.696907392440535 ], [ 122.527398246003926, 10.696716821353224 ], [ 122.527326811560485, 10.696541342158321 ], [ 122.527305747392248, 10.696362493575943 ], [ 122.527290069961168, 10.696167405639651 ], [ 122.527297800075814, 10.696013585220264 ], [ 122.526942150647798, 10.695966241932052 ], [ 122.526832818492139, 10.695991721985468 ], [ 122.526228081298314, 10.696466556344612 ], [ 122.526104127095167, 10.696617478237549 ], [ 122.526134881284577, 10.696769392077433 ], [ 122.524945352774196, 10.698597012900322 ], [ 122.524427965082211, 10.699498813954641 ], [ 122.524609317367691, 10.699635501711663 ], [ 122.524904823377653, 10.699800033563404 ], [ 122.525324424330691, 10.700059856392286 ], [ 122.525922469653935, 10.7004413980554 ], [ 122.525729586495729, 10.700731847053662 ], [ 122.525739541330211, 10.700823317114727 ], [ 122.526284362848187, 10.701435786690816 ], [ 122.526150510746504, 10.701565502530686 ], [ 122.526111845336473, 10.70166470943151 ], [ 122.525817992016897, 10.702286162487423 ], [ 122.525492124681634, 10.70216935853224 ], [ 122.52519206113169, 10.702634089546224 ], [ 122.525267806462182, 10.702787551286084 ], [ 122.525877531863443, 10.703388684896789 ], [ 122.526077810617153, 10.70360814509575 ], [ 122.525676423258076, 10.703924702643929 ], [ 122.525328333842836, 10.704212938304945 ], [ 122.525162682285455, 10.704307164370046 ], [ 122.525281539106643, 10.704480093785914 ], [ 122.525919686606528, 10.705113335088589 ], [ 122.525283491490242, 10.705650077011926 ], [ 122.525523504532046, 10.705978201015816 ], [ 122.526259548687165, 10.707013459609925 ], [ 122.526813975105611, 10.70776140875155 ], [ 122.527278499879571, 10.707337215583916 ], [ 122.528515071575214, 10.706305681229185 ], [ 122.530583047448275, 10.708296161059582 ], [ 122.530090395001679, 10.708863684381633 ], [ 122.530009560611887, 10.709281179638348 ], [ 122.530628853159087, 10.709763185800998 ], [ 122.530468213787344, 10.709942674216339 ], [ 122.530830322645656, 10.71081547297687 ], [ 122.531178348743808, 10.710443320913184 ], [ 122.531466760735967, 10.710591779877026 ], [ 122.531734578075614, 10.710238006399601 ], [ 122.532007351358274, 10.710132697423985 ], [ 122.531965407882552, 10.70997507847011 ], [ 122.532414627813395, 10.709661968201196 ], [ 122.533395937570631, 10.710890763266102 ], [ 122.533486576227986, 10.711038918606302 ], [ 122.534005371962195, 10.710844115573012 ], [ 122.534142025478388, 10.710653192747705 ], [ 122.534325726459542, 10.710565431987492 ], [ 122.534518997458321, 10.71057851614448 ], [ 122.534673126508508, 10.710496151545531 ], [ 122.53486624767838, 10.71037937042491 ], [ 122.535054677348327, 10.710296606250616 ], [ 122.535155195543595, 10.710465250091781 ], [ 122.535031958748576, 10.710655370445474 ], [ 122.535105922495475, 10.710764155869095 ], [ 122.535250843449319, 10.710830151894552 ], [ 122.535229174879134, 10.711015140337677 ], [ 122.535290150756722, 10.711012122238854 ], [ 122.535415886525726, 10.710829355657145 ], [ 122.535598531964141, 10.710672090341118 ], [ 122.53576397256009, 10.710841503951068 ], [ 122.535865864046485, 10.710880893820976 ], [ 122.535940374550179, 10.710836485372445 ], [ 122.535978078462691, 10.710651521192153 ], [ 122.536147618840317, 10.710542844840347 ], [ 122.53633648153351, 10.710477616070259 ], [ 122.536486177496485, 10.710459340865288 ], [ 122.536662534229563, 10.710483396593593 ], [ 122.53684943007373, 10.710605265221258 ], [ 122.536982668818354, 10.710859210656587 ], [ 122.537084057072036, 10.710970377014066 ], [ 122.537303483015677, 10.71079626034984 ], [ 122.538492383717227, 10.709339030673455 ], [ 122.537394863768696, 10.708699539446245 ], [ 122.537494698895244, 10.708493264998488 ], [ 122.537513094554868, 10.708308585135052 ], [ 122.537511951321804, 10.708129479798108 ], [ 122.537530351619012, 10.707940999457065 ], [ 122.537476356287726, 10.707765699459978 ], [ 122.537393155646683, 10.707588328540924 ], [ 122.537406106042241, 10.707411611704739 ], [ 122.537461144383315, 10.707322637418864 ], [ 122.537610518982021, 10.707250039474298 ], [ 122.537788252824072, 10.707187935287893 ], [ 122.537986857456431, 10.707046571662872 ], [ 122.538084774769501, 10.706874789035306 ], [ 122.538138267853768, 10.706812695661727 ], [ 122.537999350208821, 10.70670040859914 ], [ 122.5381493502626, 10.706483895653594 ], [ 122.538222228846848, 10.706429071464237 ], [ 122.538357935092648, 10.706404915591321 ], [ 122.538443531537666, 10.706357467802794 ], [ 122.538342046347978, 10.706309737695186 ], [ 122.538167224433849, 10.706249121844476 ], [ 122.537968144375114, 10.706140010653135 ], [ 122.537781348713565, 10.705954706964281 ], [ 122.537665069750062, 10.705779358589409 ], [ 122.537604254559213, 10.705663376209703 ], [ 122.537610858398381, 10.705594978979132 ], [ 122.537782181668774, 10.705415502713135 ], [ 122.53798005916579, 10.70535814453134 ], [ 122.538161069316772, 10.705320016560655 ], [ 122.538255791575509, 10.705238488960303 ], [ 122.538327927625247, 10.705067429093475 ], [ 122.538223968402264, 10.704880523715087 ], [ 122.538155424472336, 10.70471180058439 ], [ 122.53815553669979, 10.704708946047734 ], [ 122.538039786446163, 10.704744528054185 ], [ 122.537923667133597, 10.702935637913418 ] ] ] ] } },
{ "type": "Feature", "properties": { "psgc": "0603022056", "admin_type": "Barangay", "region": "Region VI (Western Visayas)", "province": "Iloilo", "municity": "Iloilo City", "district": "Jaro", "barangay": "Fajardo", "population": "1205" }, "geometry": { "type": "MultiPolygon", "coordinates": [ [ [ [ 122.553313353239943, 10.725131148285858 ], [ 122.552930194342068, 10.725393000694627 ], [ 122.552302283005957, 10.725841889774285 ], [ 122.552746895819695, 10.726365284646155 ], [ 122.552482302819882, 10.726580864133489 ], [ 122.55292194880731, 10.727099852538966 ], [ 122.553203857999719, 10.726843851361011 ], [ 122.553377218647285, 10.727039925967317 ], [ 122.553829276397266, 10.727528818390365 ], [ 122.554697120576179, 10.726770561227104 ], [ 122.555196186902748, 10.726276807220593 ], [ 122.554974949114779, 10.726060059618073 ], [ 122.554714410950382, 10.725743302781744 ], [ 122.554772846076659, 10.725681183470643 ], [ 122.554361638228812, 10.725225807879843 ], [ 122.554477300100331, 10.725144019254097 ], [ 122.554704793849538, 10.724880932758445 ], [ 122.554280227920245, 10.724439126159968 ], [ 122.553313353239943, 10.725131148285858 ] ] ] ] } },
{ "type": "Feature", "properties": { "psgc": "0603022093", "admin_type": "Barangay", "region": "Region VI (Western Visayas)", "province": "Iloilo", "municity": "Iloilo City", "district": "Jaro", "barangay": "Lopez Jaena (Jaro)", "population": "713" }, "geometry": { "type": "MultiPolygon", "coordinates": [ [ [ [ 122.552272852966325, 10.73215755695432 ], [ 122.550980095008001, 10.732851446127956 ], [ 122.551093399981397, 10.733044563895993 ], [ 122.55129215382712, 10.732916219137584 ], [ 122.551489211173077, 10.732842768487874 ], [ 122.55166145954675, 10.732760537680276 ], [ 122.551835354250144, 10.732694179303355 ], [ 122.552023512279106, 10.732637186749301 ], [ 122.552189602716837, 10.73257666749838 ], [ 122.552389653277913, 10.732479225210994 ], [ 122.552581639303696, 10.732367508121049 ], [ 122.552759338705158, 10.732268736794229 ], [ 122.553024532936163, 10.73214872397469 ], [ 122.552900812773146, 10.731900080424174 ], [ 122.55300413509849, 10.731851528682228 ], [ 122.552908874803663, 10.73168499171533 ], [ 122.553273713306822, 10.731496111868113 ], [ 122.553053166529466, 10.731190966726977 ], [ 122.552754007063612, 10.730922170163817 ], [ 122.554060273924676, 10.729840039266245 ], [ 122.553625053193471, 10.729362014762906 ], [ 122.553391215155244, 10.729567302765421 ], [ 122.55296091592966, 10.729106100718466 ], [ 122.551870866781144, 10.730045755117173 ], [ 122.551820084494437, 10.729991518177588 ], [ 122.551505297853225, 10.730234030711369 ], [ 122.551259173913138, 10.730414105607682 ], [ 122.551810777994049, 10.731034963995082 ], [ 122.551602176600056, 10.731207342182733 ], [ 122.552272852966325, 10.73215755695432 ] ] ] ] } },
{ "type": "Feature", "properties": { "psgc": "0603022006", "admin_type": "Barangay", "region": "Region VI (Western Visayas)", "province": "Iloilo", "municity": "Iloilo City", "district": "Jaro", "barangay": "Arguelles", "population": "688" }, "geometry": { "type": "MultiPolygon", "coordinates": [ [ [ [ 122.554697120576179, 10.726770561227104 ], [ 122.553829276397266, 10.727528818390365 ], [ 122.553377218647285, 10.727039925967317 ], [ 122.552450335298403, 10.727905771047558 ], [ 122.552139860155393, 10.728169926820101 ], [ 122.552044060513339, 10.728071477491637 ], [ 122.551038395088526, 10.728810106769719 ], [ 122.551671514978693, 10.729528143325613 ], [ 122.551261929775634, 10.729914511768115 ], [ 122.551505297853225, 10.730234030711369 ], [ 122.551820084494437, 10.729991518177588 ], [ 122.551870866781144, 10.730045755117173 ], [ 122.55296091592966, 10.729106100718466 ], [ 122.553391215155244, 10.729567302765421 ], [ 122.553625053193471, 10.729362014762906 ], [ 122.554188173324889, 10.728847162244405 ], [ 122.55460386852701, 10.728467096359495 ], [ 122.555061974608023, 10.728018659867365 ], [ 122.555484834600819, 10.727604723667435 ], [ 122.555616532093424, 10.727445145760262 ], [ 122.556017761053852, 10.726958975032455 ], [ 122.555196186902748, 10.726276807220593 ], [ 122.554697120576179, 10.726770561227104 ] ] ] ] } },
{ "type": "Feature", "properties": { "psgc": "0603022151", "admin_type": "Barangay", "region": "Region VI (Western Visayas)", "province": "Iloilo", "municity": "Iloilo City", "district": "Jaro", "barangay": "San Isidro (Jaro)", "population": "12603" }, "geometry": { "type": "MultiPolygon", "coordinates": [ [ [ [ 122.551093399981397, 10.733044563895993 ], [ 122.550980095008001, 10.732851446127956 ], [ 122.552272852966325, 10.73215755695432 ], [ 122.551602176600056, 10.731207342182733 ], [ 122.551810777994049, 10.731034963995082 ], [ 122.551259173913138, 10.730414105607682 ], [ 122.551505297853225, 10.730234030711369 ], [ 122.551261929775634, 10.729914511768115 ], [ 122.550937708310855, 10.730241078718983 ], [ 122.550763717005751, 10.730441254493142 ], [ 122.550538922677561, 10.730760332177157 ], [ 122.550175966262401, 10.731034133628123 ], [ 122.549757346368878, 10.731349924463869 ], [ 122.549658970457671, 10.731251169533111 ], [ 122.548921460358542, 10.731836932432751 ], [ 122.547960299776548, 10.732648510115403 ], [ 122.547468220847151, 10.732144443756896 ], [ 122.547115365866887, 10.732447005355723 ], [ 122.54696647676306, 10.732560187203404 ], [ 122.546818077014947, 10.732920654312336 ], [ 122.546770523247446, 10.733105746623512 ], [ 122.546747610374311, 10.733544560190836 ], [ 122.546453130918579, 10.733782092629236 ], [ 122.54561642411015, 10.732863529129078 ], [ 122.545616830734801, 10.732745143698738 ], [ 122.545617021172575, 10.731506911844885 ], [ 122.545453564111156, 10.731579575361847 ], [ 122.545260615090697, 10.731704368142292 ], [ 122.545054931039317, 10.731897402900888 ], [ 122.544878537189135, 10.732089884450644 ], [ 122.544707665455363, 10.732230410820661 ], [ 122.544524489966292, 10.732283099863182 ], [ 122.544341823228947, 10.732321653770828 ], [ 122.544146385950555, 10.732354175635763 ], [ 122.544048140019939, 10.732408657711828 ], [ 122.544085325849608, 10.732551726333821 ], [ 122.544211123596938, 10.73273710281018 ], [ 122.544243281968733, 10.732828668592807 ], [ 122.544171027950881, 10.732914066770991 ], [ 122.544003160703824, 10.732983358499018 ], [ 122.5437992394221, 10.733098804681644 ], [ 122.543669262206166, 10.733265737963423 ], [ 122.543611614868084, 10.73345333858834 ], [ 122.543481908854091, 10.733637119831531 ], [ 122.543278004524808, 10.733815672284454 ], [ 122.543055432712947, 10.733989099947705 ], [ 122.542875313297614, 10.734159222578635 ], [ 122.542695578675165, 10.734272292640314 ], [ 122.542503765293986, 10.734309389880176 ], [ 122.542313223367827, 10.734341749698276 ], [ 122.542143883203508, 10.734375809795814 ], [ 122.542024076544777, 10.734541675244266 ], [ 122.542046598550272, 10.734718914072671 ], [ 122.542086032058506, 10.734955391074598 ], [ 122.542516192762463, 10.734675081934222 ], [ 122.542684924877761, 10.73462137828321 ], [ 122.542881505454105, 10.734625916534906 ], [ 122.543201997206609, 10.734925840553208 ], [ 122.54342508101854, 10.734748101307991 ], [ 122.543620376599662, 10.734871330988708 ], [ 122.544152680914408, 10.735437180580458 ], [ 122.544332600926438, 10.735618394668048 ], [ 122.544522532472158, 10.735743459213559 ], [ 122.544690828021928, 10.735840549818278 ], [ 122.544854516972336, 10.735988994993773 ], [ 122.545359311139109, 10.736590799560467 ], [ 122.545068624694295, 10.736842336988284 ], [ 122.545406662593336, 10.737202311339098 ], [ 122.545539766908121, 10.737344052330956 ], [ 122.545490100089964, 10.737404271832908 ], [ 122.545879933640833, 10.737808619357011 ], [ 122.545819899315845, 10.737976358979866 ], [ 122.545821581767044, 10.738158934178729 ], [ 122.545853030437684, 10.738353969344297 ], [ 122.545843320245865, 10.738518352945949 ], [ 122.545809689140611, 10.738703085237756 ], [ 122.545773192620643, 10.738882836916284 ], [ 122.545774484970281, 10.739085033364988 ], [ 122.545773953543915, 10.739249544552338 ], [ 122.545837756036207, 10.73942568434928 ], [ 122.545831802692447, 10.739619434279081 ], [ 122.545775340467912, 10.739785694778446 ], [ 122.54560262389262, 10.739958197605828 ], [ 122.545424200153235, 10.740095013282289 ], [ 122.545237853454609, 10.74020877756589 ], [ 122.545050969038684, 10.740320699522764 ], [ 122.544881085700624, 10.740382088223413 ], [ 122.544692541545658, 10.740453838730721 ], [ 122.544489437672027, 10.740516099427863 ], [ 122.544327667234342, 10.740550953778511 ], [ 122.544150920088626, 10.740566907920021 ], [ 122.543967201182241, 10.740585221502347 ], [ 122.543769631048747, 10.740597642121282 ], [ 122.543603203950227, 10.740615300894966 ], [ 122.543421310788972, 10.740596602747008 ], [ 122.543239047142507, 10.74057814891299 ], [ 122.543046266175324, 10.740547334786433 ], [ 122.542861066617348, 10.740507360928275 ], [ 122.542672228453071, 10.740449880256426 ], [ 122.542513146085795, 10.740425874070491 ], [ 122.542376802004, 10.740489614060314 ], [ 122.542147317998555, 10.740678076483848 ], [ 122.542037283127883, 10.740871255161654 ], [ 122.541997268163598, 10.741044784332205 ], [ 122.541926687452232, 10.741217276677423 ], [ 122.541818425338889, 10.741401864716206 ], [ 122.541789052594751, 10.741583262304578 ], [ 122.541788488011363, 10.741750605723665 ], [ 122.541819596595047, 10.741896203669981 ], [ 122.541881435271492, 10.742135089935235 ], [ 122.541935975309059, 10.742313200330042 ], [ 122.541983891101339, 10.742497392160901 ], [ 122.542030178527966, 10.742675324231596 ], [ 122.542090037780753, 10.742857871225073 ], [ 122.542157775288899, 10.743032546830085 ], [ 122.542213274954861, 10.743226426236733 ], [ 122.542270857985542, 10.743389506637937 ], [ 122.542352014797459, 10.743574599434959 ], [ 122.542421294674, 10.743764842650645 ], [ 122.54249533881719, 10.743940825388515 ], [ 122.542608455919677, 10.744130505430281 ], [ 122.542711510918977, 10.744308052574201 ], [ 122.542840360880305, 10.744498109488168 ], [ 122.542992030611401, 10.744676057257964 ], [ 122.543140962669668, 10.744848665722694 ], [ 122.543300880189705, 10.745023289838075 ], [ 122.543500197813486, 10.745221105100482 ], [ 122.54370285676471, 10.745391631786116 ], [ 122.543908547242367, 10.745580257611016 ], [ 122.544147627997773, 10.745761144158035 ], [ 122.544383183971462, 10.745929382343133 ], [ 122.544575476855101, 10.746134685616047 ], [ 122.544641465519845, 10.746302512574216 ], [ 122.544803116734855, 10.746485382814004 ], [ 122.544864387044655, 10.746662362107447 ], [ 122.544860965723188, 10.746845263403218 ], [ 122.54481923295549, 10.747024229906353 ], [ 122.544920951254952, 10.747131735930544 ], [ 122.545185114756606, 10.747377508342449 ], [ 122.545367936579623, 10.747566871214239 ], [ 122.545493607061005, 10.747736072278775 ], [ 122.545655207310773, 10.747923345692911 ], [ 122.545873091716913, 10.748109224085706 ], [ 122.546131598157331, 10.748276631147112 ], [ 122.54631627021071, 10.748340124400345 ], [ 122.546493053636581, 10.748359488771388 ], [ 122.546895900604213, 10.748398483037827 ], [ 122.547243758712057, 10.748405203214164 ], [ 122.547418381826176, 10.748278157158435 ], [ 122.547963597103617, 10.747911409083983 ], [ 122.54869294880227, 10.747387340639262 ], [ 122.549448678702447, 10.746876566985112 ], [ 122.549779920915896, 10.746651298797095 ], [ 122.549952127748739, 10.746480786298626 ], [ 122.550074006843971, 10.746310215703433 ], [ 122.550158928376021, 10.746126662449733 ], [ 122.550482878789964, 10.744862275778214 ], [ 122.55056203774447, 10.744681284483583 ], [ 122.55073482205762, 10.744540351980545 ], [ 122.550919997264074, 10.744393034526547 ], [ 122.551007912209485, 10.744309195879508 ], [ 122.551066655169862, 10.744133979876368 ], [ 122.551049335333758, 10.743951141982357 ], [ 122.55098017121739, 10.743776589498431 ], [ 122.55078357086677, 10.743578091291118 ], [ 122.550645572143281, 10.743402162846465 ], [ 122.550511316318548, 10.743211595867688 ], [ 122.550385197888986, 10.743037232236267 ], [ 122.550388444444323, 10.742871921444191 ], [ 122.550535990892456, 10.7426776440736 ], [ 122.550741195106198, 10.742510250453112 ], [ 122.550899537696637, 10.742320573811737 ], [ 122.551167361941424, 10.74195861987725 ], [ 122.551626576407955, 10.741605713981803 ], [ 122.551746765662912, 10.741523360279576 ], [ 122.551816726122908, 10.74143515526089 ], [ 122.551850870898491, 10.741246704666084 ], [ 122.551848561336641, 10.741103685812078 ], [ 122.552012123909805, 10.741043176931809 ], [ 122.552189172170898, 10.740977678985359 ], [ 122.552371984729618, 10.740935237521446 ], [ 122.552446987994841, 10.740923465816348 ], [ 122.552559213533414, 10.74082415807904 ], [ 122.552728044103304, 10.740685187675343 ], [ 122.552919468339709, 10.740637336375967 ], [ 122.553068846223269, 10.740618858555656 ], [ 122.553045879544911, 10.740166601397553 ], [ 122.553027779090172, 10.739437149456814 ], [ 122.553001865038425, 10.738881825270354 ], [ 122.552992993609237, 10.738167873687312 ], [ 122.553006215006405, 10.737633707056647 ], [ 122.552997315526298, 10.73726332431837 ], [ 122.552971533720964, 10.736718696353277 ], [ 122.552981231894847, 10.736184290812725 ], [ 122.553007301138877, 10.735460211427194 ], [ 122.55299867505849, 10.734973806265568 ], [ 122.553031090836342, 10.734539916810876 ], [ 122.553012125701969, 10.733979229189304 ], [ 122.552857454174443, 10.733841776766788 ], [ 122.552822820271103, 10.733651300678082 ], [ 122.552812564613888, 10.733474589561805 ], [ 122.552789609876882, 10.733304514637773 ], [ 122.552767500444077, 10.733113147563003 ], [ 122.552768159657191, 10.732920362034839 ], [ 122.552716747723508, 10.732746913412543 ], [ 122.552635350316848, 10.732583683503551 ], [ 122.552581639303696, 10.732367508121049 ], [ 122.552389653277913, 10.732479225210994 ], [ 122.552189602716837, 10.73257666749838 ], [ 122.552023512279106, 10.732637186749301 ], [ 122.551835354250144, 10.732694179303355 ], [ 122.55166145954675, 10.732760537680276 ], [ 122.551489211173077, 10.732842768487874 ], [ 122.55129215382712, 10.732916219137584 ], [ 122.551093399981397, 10.733044563895993 ] ] ] ] } },
{ "type": "Feature", "properties": { "psgc": "0603022064", "admin_type": "Barangay", "region": "Region VI (Western Visayas)", "province": "Iloilo", "municity": "Iloilo City", "district": "Mandurriao", "barangay": "Guzman-Jesena", "population": "5641" }, "geometry": { "type": "MultiPolygon", "coordinates": [ [ [ [ 122.52629747106883, 10.723527040481981 ], [ 122.525360778979405, 10.724257838128612 ], [ 122.525483323137777, 10.724336005779907 ], [ 122.525665562356437, 10.724448555377466 ], [ 122.526554816090837, 10.724903050851387 ], [ 122.526807947821538, 10.724796762818348 ], [ 122.527291019342698, 10.725063509026638 ], [ 122.527697056820401, 10.725786934769028 ], [ 122.527936163859238, 10.726116483202807 ], [ 122.528005468623348, 10.726190356467461 ], [ 122.529209809946195, 10.727330959559428 ], [ 122.52995146793323, 10.7260965854856 ], [ 122.530260845606264, 10.726516540525781 ], [ 122.531241749675758, 10.727959637468633 ], [ 122.531521797521762, 10.728324583302161 ], [ 122.531790682984649, 10.728130562582797 ], [ 122.532185145077904, 10.728697265108638 ], [ 122.533562166216242, 10.727680372411047 ], [ 122.534839398539418, 10.726685751890473 ], [ 122.534777300722382, 10.726595887440988 ], [ 122.535496849449814, 10.726016953230909 ], [ 122.534831688278672, 10.725112027824498 ], [ 122.534993649036053, 10.724973316746665 ], [ 122.534167248298758, 10.723878033280618 ], [ 122.534083787741565, 10.723768115001132 ], [ 122.535049784432289, 10.723040074598488 ], [ 122.534475537916876, 10.722170976435649 ], [ 122.534364678563165, 10.721959206346989 ], [ 122.53478569042511, 10.721622758859016 ], [ 122.534565492423496, 10.721351085940375 ], [ 122.534446422174142, 10.721159634538667 ], [ 122.534664497341183, 10.721001175231185 ], [ 122.53494814647722, 10.720824956003545 ], [ 122.535077676580784, 10.720706534994582 ], [ 122.535281508496368, 10.720525980924675 ], [ 122.53512344242273, 10.720356993653894 ], [ 122.535871770252584, 10.719725915054562 ], [ 122.536078869229087, 10.719547380259181 ], [ 122.535770986123225, 10.719171287742466 ], [ 122.536079506200977, 10.718955497929594 ], [ 122.535895700081525, 10.718743581057547 ], [ 122.536377642824817, 10.718329157156321 ], [ 122.535893018382765, 10.71777499972292 ], [ 122.535592989410347, 10.718089949947665 ], [ 122.535434742580435, 10.718281178466711 ], [ 122.53508926135936, 10.718784950698069 ], [ 122.534859853474586, 10.718793257890511 ], [ 122.534678209510787, 10.718880968402075 ], [ 122.534482994598093, 10.718987905834014 ], [ 122.534159414602371, 10.719261506098809 ], [ 122.533123126046064, 10.718131539796392 ], [ 122.5324937242179, 10.718728619790085 ], [ 122.532207880807348, 10.718408943554833 ], [ 122.530169935033356, 10.716264143322611 ], [ 122.52909657326154, 10.717206969269681 ], [ 122.52940495447038, 10.717506224121472 ], [ 122.528700302708131, 10.71810102318925 ], [ 122.529217410822369, 10.718544593940136 ], [ 122.52948084142453, 10.7188940625479 ], [ 122.529223801017068, 10.719149460357146 ], [ 122.528686566412858, 10.719590466805178 ], [ 122.528905345174238, 10.719833974691971 ], [ 122.529248174214032, 10.719644168162604 ], [ 122.529707806759347, 10.719422877689439 ], [ 122.529953155392462, 10.719766865801901 ], [ 122.529160992662966, 10.720426436196176 ], [ 122.52879492971303, 10.720011100933657 ], [ 122.528492972468001, 10.72032496631787 ], [ 122.527801988541626, 10.719722421393588 ], [ 122.527399240088855, 10.720125350851383 ], [ 122.526733649293845, 10.720750438800273 ], [ 122.527929203465007, 10.721937592354848 ], [ 122.527717984874442, 10.722109119002972 ], [ 122.5274618625904, 10.721817975706841 ], [ 122.526706736839301, 10.72242949350559 ], [ 122.526912369293683, 10.722661718536285 ], [ 122.526436212326317, 10.722920010458406 ], [ 122.526688388763063, 10.723244012400375 ], [ 122.52629747106883, 10.723527040481981 ] ] ] ] } },
{ "type": "Feature", "properties": { "psgc": "0603022031", "admin_type": "Barangay", "region": "Region VI (Western Visayas)", "province": "Iloilo", "municity": "Iloilo City", "district": "Arevalo", "barangay": "Calaparan", "population": "9242" }, "geometry": { "type": "MultiPolygon", "coordinates": [ [ [ [ 122.523527435139485, 10.679412075768791 ], [ 122.523354073693696, 10.680430343256418 ], [ 122.523289411322494, 10.680752775685885 ], [ 122.523022203366651, 10.680699486075225 ], [ 122.522892978521483, 10.681280901791459 ], [ 122.522736351447548, 10.6813478988544 ], [ 122.522625509439806, 10.681391521564871 ], [ 122.522588919705186, 10.681473846360683 ], [ 122.522464825982354, 10.682002780352429 ], [ 122.522413532740941, 10.682232998880471 ], [ 122.522576076004867, 10.682221570166639 ], [ 122.522768543972674, 10.682211294840357 ], [ 122.522994825998012, 10.682196664968904 ], [ 122.523155370750359, 10.682181401190491 ], [ 122.523345981428136, 10.682159318502086 ], [ 122.523485024294118, 10.682127810004584 ], [ 122.523657576571097, 10.682096122575429 ], [ 122.52375554402991, 10.682093984814063 ], [ 122.523941556226106, 10.682084239238565 ], [ 122.524192778291194, 10.682105778767138 ], [ 122.5244385791095, 10.682174896514516 ], [ 122.52477513416548, 10.682323466086844 ], [ 122.525052876604605, 10.682477231660785 ], [ 122.525303940154757, 10.682599231151276 ], [ 122.525581750015931, 10.682710696972961 ], [ 122.525928998018045, 10.682859281886481 ], [ 122.526190804124482, 10.682949572739446 ], [ 122.526404242222057, 10.682982783762187 ], [ 122.526568502373621, 10.683037200989059 ], [ 122.526714092838048, 10.683087896559604 ], [ 122.526854712756261, 10.683132429048531 ], [ 122.527101103261444, 10.683214054511634 ], [ 122.527349985873826, 10.683294452457458 ], [ 122.527541629480908, 10.683353834999492 ], [ 122.527844118859292, 10.683452780084616 ], [ 122.528241181572369, 10.68358387624221 ], [ 122.528610009980895, 10.683702618330896 ], [ 122.528995010861877, 10.683830002062347 ], [ 122.529339286690515, 10.683941013411024 ], [ 122.529476317968019, 10.683985198863754 ], [ 122.529807336383314, 10.684090340550453 ], [ 122.529896274353362, 10.684120597707617 ], [ 122.529946604073061, 10.68385331343543 ], [ 122.530031370369542, 10.683264604866901 ], [ 122.530364281162022, 10.682431802929459 ], [ 122.530705436732603, 10.681637647351147 ], [ 122.530990007384361, 10.680844968236313 ], [ 122.531039177963351, 10.680168252358811 ], [ 122.531149986053833, 10.679084700532579 ], [ 122.53107207304798, 10.679084526290291 ], [ 122.530864460236913, 10.679084061896448 ], [ 122.530714164559996, 10.679081519751785 ], [ 122.53053224626376, 10.679087330428953 ], [ 122.530313824582436, 10.679093794032909 ], [ 122.530143138256847, 10.67906597928356 ], [ 122.529977046071735, 10.679055731042631 ], [ 122.529784958640406, 10.679066525811521 ], [ 122.529597607861959, 10.67909131099794 ], [ 122.529420281706166, 10.679097244601925 ], [ 122.529249760028321, 10.679092605742857 ], [ 122.529041487186035, 10.679112992780869 ], [ 122.528874277703167, 10.679111705759444 ], [ 122.528699097948873, 10.67909809583753 ], [ 122.528506846224715, 10.679116741940463 ], [ 122.528329428623351, 10.67912945148568 ], [ 122.528154081816297, 10.679111628988013 ], [ 122.528009806355755, 10.679091578483128 ], [ 122.527779896954769, 10.679073507307027 ], [ 122.527598566350846, 10.679071258470401 ], [ 122.527411005228373, 10.679115772494308 ], [ 122.527249562947134, 10.679124588289222 ], [ 122.527082397167064, 10.67911208630243 ], [ 122.526859211055154, 10.679088117203218 ], [ 122.526687461120986, 10.679085671420179 ], [ 122.526517288178354, 10.679075220573466 ], [ 122.526309850966314, 10.679061199810146 ], [ 122.526143835702783, 10.679082882093926 ], [ 122.525959140435774, 10.679092530631454 ], [ 122.52577513214294, 10.679090710659901 ], [ 122.525569438431191, 10.679104555737357 ], [ 122.525392944309289, 10.679110090373063 ], [ 122.525213867416568, 10.679117667223558 ], [ 122.525005380714873, 10.679117344487617 ], [ 122.524860434416183, 10.679120031971586 ], [ 122.524667486502651, 10.679123609360509 ], [ 122.524502857578284, 10.67912714086596 ], [ 122.524320208220473, 10.679142719995687 ], [ 122.524123304897415, 10.679126552353297 ], [ 122.523946072644719, 10.679154567283348 ], [ 122.523765085146493, 10.67915772104876 ], [ 122.523551261042883, 10.679152101631034 ], [ 122.523527435139485, 10.679412075768791 ] ] ] ] } },
{ "type": "Feature", "properties": { "psgc": "0603022167", "admin_type": "Barangay", "region": "Region VI (Western Visayas)", "province": "Iloilo", "municity": "Iloilo City", "district": "Arevalo", "barangay": "Santo Niño Norte", "population": "4342" }, "geometry": { "type": "MultiPolygon", "coordinates": [ [ [ [ 122.522413532740941, 10.682232998880471 ], [ 122.522464825982354, 10.682002780352429 ], [ 122.522588919705186, 10.681473846360683 ], [ 122.522625509439806, 10.681391521564871 ], [ 122.522736351447548, 10.6813478988544 ], [ 122.522892978521483, 10.681280901791459 ], [ 122.523022203366651, 10.680699486075225 ], [ 122.523289411322494, 10.680752775685885 ], [ 122.523354073693696, 10.680430343256418 ], [ 122.523527435139485, 10.679412075768791 ], [ 122.523551261042883, 10.679152101631034 ], [ 122.523389926046661, 10.679170401575483 ], [ 122.523215161264119, 10.679182261261825 ], [ 122.523034573418542, 10.679200489498074 ], [ 122.52285656341202, 10.679206233295689 ], [ 122.522684310034194, 10.679185800958001 ], [ 122.522459750925108, 10.679211946524189 ], [ 122.52230531912744, 10.679211693819068 ], [ 122.522304722366044, 10.679211705186258 ], [ 122.522112264706749, 10.679216692898597 ], [ 122.521935844483053, 10.67922170548148 ], [ 122.521754086870573, 10.679221422220893 ], [ 122.521572312407287, 10.679231713676206 ], [ 122.521406575372794, 10.679242030041793 ], [ 122.521219438214175, 10.67926288777309 ], [ 122.521032309472218, 10.679278457980846 ], [ 122.520855863901005, 10.679299332182447 ], [ 122.520647419428315, 10.67927256948405 ], [ 122.520476328103129, 10.679288164412165 ], [ 122.520299907852205, 10.679293176068649 ], [ 122.520112770616052, 10.67931403313262 ], [ 122.519936392634776, 10.679292607535503 ], [ 122.519743934950554, 10.679297593785579 ], [ 122.519556831539902, 10.679297300878096 ], [ 122.519369702736341, 10.679312870085775 ], [ 122.519203965635327, 10.679323185278168 ], [ 122.519000824788918, 10.679322866907437 ], [ 122.518819092621641, 10.67930671971167 ], [ 122.518642663895818, 10.679317017839532 ], [ 122.518471580973852, 10.679327324256294 ], [ 122.518273794442848, 10.67932172639367 ], [ 122.51810274546682, 10.679310882975622 ], [ 122.517915633602158, 10.679315876493281 ], [ 122.517723141947428, 10.679342011127956 ], [ 122.517505333989632, 10.679387211756984 ], [ 122.517431341886791, 10.680227793094746 ], [ 122.517352179453027, 10.681012268887347 ], [ 122.517335698265853, 10.681191352493883 ], [ 122.517549042097329, 10.681229346631248 ], [ 122.517725403970445, 10.681261348428739 ], [ 122.517901765884744, 10.681293350128234 ], [ 122.518099502734458, 10.681330672725281 ], [ 122.518281185124138, 10.681378544833313 ], [ 122.518452184362729, 10.68142111264881 ], [ 122.518639221199209, 10.681463705536286 ], [ 122.518831578510827, 10.681522168922161 ], [ 122.519013269620658, 10.681564753205915 ], [ 122.519194952314592, 10.681612624794258 ], [ 122.519376668941121, 10.681639346646218 ], [ 122.519563722992459, 10.68167136417436 ], [ 122.519745414310989, 10.681713948040301 ], [ 122.51993245999779, 10.681751252759897 ], [ 122.52011416833453, 10.681783261597916 ], [ 122.520283992869594, 10.681822575293484 ], [ 122.520466876523642, 10.681857837066513 ], [ 122.520653913958981, 10.68190042877073 ], [ 122.520851609398804, 10.681964186703086 ], [ 122.521022600942175, 10.682012040549614 ], [ 122.521204284265423, 10.682059910993532 ], [ 122.521380621787671, 10.682107772992856 ], [ 122.521567667956305, 10.682145076751794 ], [ 122.521760068466222, 10.682177101325639 ], [ 122.521936456700161, 10.682193238557204 ], [ 122.522118190821701, 10.682209384018812 ], [ 122.52227379150446, 10.682225827335639 ], [ 122.522413532740941, 10.682232998880471 ] ] ] ] } },
{ "type": "Feature", "properties": { "psgc": "0603022194", "admin_type": "Barangay", "region": "Region VI (Western Visayas)", "province": "Iloilo", "municity": "Iloilo City", "district": "Arevalo", "barangay": "Yulo Drive", "population": "4050" }, "geometry": { "type": "MultiPolygon", "coordinates": [ [ [ [ 122.511961794607828, 10.682514285956133 ], [ 122.51205292465815, 10.682591051848862 ], [ 122.512237594914922, 10.682972642366698 ], [ 122.512517540166769, 10.683558905987994 ], [ 122.512612092287284, 10.683683838559833 ], [ 122.512601400643632, 10.684622284081561 ], [ 122.512783293683796, 10.684633198518602 ], [ 122.512810154942613, 10.684548660095626 ], [ 122.51371865758864, 10.684618823706311 ], [ 122.51376208173356, 10.684268710509237 ], [ 122.513799942838943, 10.683931731143165 ], [ 122.514147370528818, 10.683921708931678 ], [ 122.514131960961151, 10.683535783244476 ], [ 122.515922578957785, 10.683464605481783 ], [ 122.515911299097866, 10.683830529787883 ], [ 122.516991851534556, 10.683846190427404 ], [ 122.517049203745259, 10.683853785165351 ], [ 122.517030083553806, 10.684076876424552 ], [ 122.5170054234015, 10.684380074942002 ], [ 122.516989570277843, 10.684474992346862 ], [ 122.517734919207541, 10.684539625736855 ], [ 122.518525816838121, 10.684578137081838 ], [ 122.518718174374811, 10.684493210308345 ], [ 122.519552999669827, 10.684544238716255 ], [ 122.520016233452438, 10.684570154286082 ], [ 122.520690854951155, 10.684584938130229 ], [ 122.521176897570072, 10.684619011474204 ], [ 122.521432873422114, 10.684640075527099 ], [ 122.521684555069129, 10.684654055872974 ], [ 122.521955828007592, 10.684659853433709 ], [ 122.522160030628314, 10.684671946411505 ], [ 122.522293678321958, 10.684672154631075 ], [ 122.522398043249751, 10.684681060619116 ], [ 122.52266515679419, 10.684693190976718 ], [ 122.522889613244814, 10.684694591920351 ], [ 122.523067068007336, 10.684730885026621 ], [ 122.523330010901418, 10.683415720295447 ], [ 122.523589649396655, 10.683465728675053 ], [ 122.52375554402991, 10.682093984814063 ], [ 122.523657576571097, 10.682096122575429 ], [ 122.523485024294118, 10.682127810004584 ], [ 122.523345981428136, 10.682159318502086 ], [ 122.523155370750359, 10.682181401190491 ], [ 122.522994825998012, 10.682196664968904 ], [ 122.522768543972674, 10.682211294840357 ], [ 122.522576076004867, 10.682221570166639 ], [ 122.522413532740941, 10.682232998880471 ], [ 122.52227379150446, 10.682225827335639 ], [ 122.522118190821701, 10.682209384018812 ], [ 122.521936456700161, 10.682193238557204 ], [ 122.521760068466222, 10.682177101325639 ], [ 122.521567667956305, 10.682145076751794 ], [ 122.521380621787671, 10.682107772992856 ], [ 122.521204284265423, 10.682059910993532 ], [ 122.521022600942175, 10.682012040549614 ], [ 122.520851609398804, 10.681964186703086 ], [ 122.520653913958981, 10.68190042877073 ], [ 122.520466876523642, 10.681857837066513 ], [ 122.520283992869594, 10.681822575293484 ], [ 122.52011416833453, 10.681783261597916 ], [ 122.51993245999779, 10.681751252759897 ], [ 122.519745414310989, 10.681713948040301 ], [ 122.519563722992459, 10.68167136417436 ], [ 122.519376668941121, 10.681639346646218 ], [ 122.519194952314592, 10.681612624794258 ], [ 122.519013269620658, 10.681564753205915 ], [ 122.518831578510827, 10.681522168922161 ], [ 122.518639221199209, 10.681463705536286 ], [ 122.518452184362729, 10.68142111264881 ], [ 122.518281185124138, 10.681378544833313 ], [ 122.518099502734458, 10.681330672725281 ], [ 122.517901765884744, 10.681293350128234 ], [ 122.517725403970445, 10.681261348428739 ], [ 122.517549042097329, 10.681229346631248 ], [ 122.517335698265853, 10.681191352493883 ], [ 122.517180891439409, 10.681149472315113 ], [ 122.517007706336301, 10.681122250560739 ], [ 122.516815281578388, 10.681106085328555 ], [ 122.516622822786076, 10.681111069603961 ], [ 122.516451713284724, 10.681137237085462 ], [ 122.516259228912787, 10.681158083353834 ], [ 122.516077436203474, 10.681178946365309 ], [ 122.515895652001689, 10.681194521864207 ], [ 122.515708513413088, 10.681215376224459 ], [ 122.515526754782599, 10.681215089290745 ], [ 122.515350307850511, 10.681235960316208 ], [ 122.515168515056345, 10.681256822794063 ], [ 122.514992025367775, 10.681304130639854 ], [ 122.514799472457, 10.681367275238195 ], [ 122.514612290966667, 10.68141456595694 ], [ 122.514435818220221, 10.681451298671393 ], [ 122.514259328323249, 10.681498606092868 ], [ 122.514072138123055, 10.681551183884601 ], [ 122.513879593452714, 10.681609040495953 ], [ 122.513703086259639, 10.681666922402627 ], [ 122.5135158701666, 10.681735362062788 ], [ 122.513339319978058, 10.68181968077471 ], [ 122.513157355238448, 10.681946290126733 ], [ 122.512964741535868, 10.682046445379273 ], [ 122.512788156697042, 10.682151913375256 ], [ 122.512611597495194, 10.682241519057097 ], [ 122.51241367193461, 10.682320515850094 ], [ 122.512231886960478, 10.682336089178378 ], [ 122.511961794607828, 10.682514285956133 ] ] ] ] } },
{ "type": "Feature", "properties": { "psgc": "0603022168", "admin_type": "Barangay", "region": "Region VI (Western Visayas)", "province": "Iloilo", "municity": "Iloilo City", "district": "Arevalo", "barangay": "Santo Niño Sur", "population": "9266" }, "geometry": { "type": "MultiPolygon", "coordinates": [ [ [ [ 122.49684365119559, 10.686420434345751 ], [ 122.49705504269383, 10.686322111874956 ], [ 122.497254800632888, 10.686278120840345 ], [ 122.497418714930106, 10.686220528037005 ], [ 122.497619610862742, 10.686126597764064 ], [ 122.497788274152455, 10.686045696370451 ], [ 122.497979196698921, 10.685973869048286 ], [ 122.498157621791293, 10.685871177970872 ], [ 122.498323697757442, 10.68579341453143 ], [ 122.498526293557163, 10.685686823193146 ], [ 122.498711623462455, 10.685602404160706 ], [ 122.498895813563649, 10.685487041856414 ], [ 122.49907849271905, 10.685404972545545 ], [ 122.499259945667006, 10.685308506191797 ], [ 122.499452237119755, 10.685218292192403 ], [ 122.499608707760856, 10.685155365342602 ], [ 122.499787407569499, 10.685096885749301 ], [ 122.499981789361428, 10.685034096208812 ], [ 122.500161740373144, 10.684964152127424 ], [ 122.500368093822559, 10.684888534764323 ], [ 122.500500640417314, 10.684855169287474 ], [ 122.500703854722317, 10.684813200708977 ], [ 122.500895812690004, 10.684757560095436 ], [ 122.501092010516288, 10.684642184054855 ], [ 122.501270592068238, 10.684596671477788 ], [ 122.501452872752807, 10.684565680952478 ], [ 122.501626689357778, 10.684516536765576 ], [ 122.501811016207284, 10.684476605894085 ], [ 122.502010246072871, 10.68441986614995 ], [ 122.502196165637102, 10.684329183447199 ], [ 122.502366653008593, 10.684275043255772 ], [ 122.502548543596831, 10.684217281718418 ], [ 122.502733443777757, 10.684158564315917 ], [ 122.502916314297295, 10.684099706994829 ], [ 122.5030943590871, 10.684084593127402 ], [ 122.503275275592557, 10.684038948834401 ], [ 122.503454308466871, 10.684015908292805 ], [ 122.503663334258022, 10.683996954857378 ], [ 122.50383421208258, 10.683959084315035 ], [ 122.504015586798843, 10.683924931198625 ], [ 122.5041961422545, 10.683875853347018 ], [ 122.504380596177654, 10.683841890123139 ], [ 122.50456724431217, 10.683806683645038 ], [ 122.504737184225704, 10.683778938428144 ], [ 122.504911391512792, 10.683745035168576 ], [ 122.505131084058647, 10.683713621635771 ], [ 122.505277154848699, 10.683693460301368 ], [ 122.505471893210284, 10.683683696596223 ], [ 122.505658630734146, 10.683666874059886 ], [ 122.505763985182313, 10.683694034156924 ], [ 122.506031270363351, 10.683699751925733 ], [ 122.506213062603692, 10.683725051379502 ], [ 122.506421484682647, 10.68372152944759 ], [ 122.506619325642063, 10.683695410541752 ], [ 122.506870581923906, 10.68369581440988 ], [ 122.50711647497387, 10.683706784285247 ], [ 122.507426492572648, 10.683733719144398 ], [ 122.50771510070517, 10.683776481588545 ], [ 122.508019763906944, 10.683808694686482 ], [ 122.508223571188879, 10.683806937527832 ], [ 122.508410047894003, 10.683788170545871 ], [ 122.508618623824347, 10.68373563050185 ], [ 122.50881657714622, 10.683640774006253 ], [ 122.509030628520321, 10.683508931244353 ], [ 122.509164487269643, 10.683379603767204 ], [ 122.509282278034959, 10.683268756478704 ], [ 122.509491060844041, 10.683089318228731 ], [ 122.509637894771018, 10.682973354242378 ], [ 122.509779093545035, 10.682897489461467 ], [ 122.510026131175195, 10.682794077893094 ], [ 122.510272135868078, 10.682736309048874 ], [ 122.510507465993172, 10.682667948149367 ], [ 122.51078555430243, 10.682604942655415 ], [ 122.511018776879837, 10.68253787670864 ], [ 122.511295109553686, 10.682497796115133 ], [ 122.511513564985151, 10.682481257473736 ], [ 122.511721308236204, 10.682466316621273 ], [ 122.511961794607828, 10.682514285956133 ], [ 122.512231886960478, 10.682336089178378 ], [ 122.51241367193461, 10.682320515850094 ], [ 122.512611597495194, 10.682241519057097 ], [ 122.512788156697042, 10.682151913375256 ], [ 122.512964741535868, 10.682046445379273 ], [ 122.513157355238448, 10.681946290126733 ], [ 122.513339319978058, 10.68181968077471 ], [ 122.5135158701666, 10.681735362062788 ], [ 122.513703086259639, 10.681666922402627 ], [ 122.513879593452714, 10.681609040495953 ], [ 122.514072138123055, 10.681551183884601 ], [ 122.514259328323249, 10.681498606092868 ], [ 122.514435818220221, 10.681451298671393 ], [ 122.514612290966667, 10.68141456595694 ], [ 122.514799472457, 10.681367275238195 ], [ 122.514992025367775, 10.681304130639854 ], [ 122.515168515056345, 10.681256822794063 ], [ 122.515350307850511, 10.681235960316208 ], [ 122.515526754782599, 10.681215089290745 ], [ 122.515708513413088, 10.681215376224459 ], [ 122.515895652001689, 10.681194521864207 ], [ 122.516077436203474, 10.681178946365309 ], [ 122.516259228912787, 10.681158083353834 ], [ 122.516451713284724, 10.681137237085462 ], [ 122.516622822786076, 10.681111069603961 ], [ 122.516815281578388, 10.681106085328555 ], [ 122.517007706336301, 10.681122250560739 ], [ 122.517180891439409, 10.681149472315113 ], [ 122.517335698265853, 10.681191352493883 ], [ 122.517352179453027, 10.681012268887347 ], [ 122.517431341886791, 10.680227793094746 ], [ 122.517505333989632, 10.679387211756984 ], [ 122.517370403022866, 10.679414977960544 ], [ 122.517177919777836, 10.679435824847202 ], [ 122.516996136643925, 10.679451401035786 ], [ 122.51681437051694, 10.679456402303796 ], [ 122.516637950200959, 10.679461411886317 ], [ 122.516456209621225, 10.679450550725333 ], [ 122.516269089168347, 10.679460830658861 ], [ 122.516087331565743, 10.679460544096841 ], [ 122.51590020257801, 10.679476111214981 ], [ 122.515718410858838, 10.679496974062587 ], [ 122.515520556084113, 10.679533673702885 ], [ 122.515349490083324, 10.679533403588916 ], [ 122.515167732462444, 10.679533116490248 ], [ 122.514991295032829, 10.679548699951219 ], [ 122.514797629367933, 10.679539814114987 ], [ 122.514627728507591, 10.679579849662309 ], [ 122.514440599411472, 10.679595415899939 ], [ 122.514253530184732, 10.679573970190052 ], [ 122.514082498424543, 10.679552549762358 ], [ 122.513900749387403, 10.679546974521733 ], [ 122.513713611729941, 10.679567827727904 ], [ 122.513531879834559, 10.679551677463886 ], [ 122.51334472501803, 10.679583105256418 ], [ 122.513162967421906, 10.679582816990647 ], [ 122.512981192677316, 10.679593103427083 ], [ 122.512794132173696, 10.679566369444425 ], [ 122.512617703247216, 10.679576664155556 ], [ 122.512419882482618, 10.679592212200109 ], [ 122.512248790759827, 10.679607802597754 ], [ 122.512061678774998, 10.679612792598473 ], [ 122.511895984415972, 10.67959666688194 ], [ 122.511703604020752, 10.679554061540173 ], [ 122.511521906700338, 10.679516760501187 ], [ 122.511334837804995, 10.679495313055357 ], [ 122.511153106140625, 10.67947916141552 ], [ 122.51097135727737, 10.679473584475632 ], [ 122.510784297076484, 10.679446849300847 ], [ 122.510602625808787, 10.679393685528575 ], [ 122.51043357475038, 10.679354223910435 ], [ 122.510292620794118, 10.679361466594509 ], [ 122.510056894686912, 10.679345917471119 ], [ 122.509871359113163, 10.679368897131905 ], [ 122.509693838815721, 10.679392235194939 ], [ 122.509517431081449, 10.679408187204178 ], [ 122.509313865062452, 10.679424130002925 ], [ 122.509125921476823, 10.679438849170802 ], [ 122.509016087028002, 10.679435630445226 ], [ 122.508950841069648, 10.679348748163987 ], [ 122.50877024153769, 10.679336342626177 ], [ 122.508674673972493, 10.679367612784459 ], [ 122.508588014069218, 10.679450178728043 ], [ 122.508410741764592, 10.679453631971514 ], [ 122.50822295601337, 10.679376776884384 ], [ 122.508052763366479, 10.679336735367981 ], [ 122.507850064082817, 10.679321858245823 ], [ 122.507670529333666, 10.679349253877918 ], [ 122.507486099583829, 10.679341114134038 ], [ 122.507298853047175, 10.67939837676926 ], [ 122.507164577812887, 10.679406220833711 ], [ 122.506951415156706, 10.679403704781119 ], [ 122.506758843867743, 10.679399388890324 ], [ 122.50658239847418, 10.679395819200252 ], [ 122.506400814805673, 10.679392245134604 ], [ 122.50621902273862, 10.679413102430413 ], [ 122.50603719586455, 10.679455109213199 ], [ 122.50586082784676, 10.679428388314552 ], [ 122.505755897689014, 10.679356214892291 ], [ 122.505677262792304, 10.679361654567911 ], [ 122.505481380320731, 10.679364328371852 ], [ 122.505301117402297, 10.679399326731975 ], [ 122.505091023548061, 10.679432435683264 ], [ 122.504931123403935, 10.679438632688758 ], [ 122.504743099234844, 10.679519722583702 ], [ 122.504562945561617, 10.679512648186279 ], [ 122.504482947748556, 10.679448207726598 ], [ 122.504358540245647, 10.67944299676634 ], [ 122.504198311878753, 10.679458263045875 ], [ 122.50401643876171, 10.679478288210252 ], [ 122.503845105443958, 10.679473823150936 ], [ 122.503650176005195, 10.679501182856379 ], [ 122.503532835271912, 10.679483183126017 ], [ 122.503449976047278, 10.679361049526635 ], [ 122.503292272336523, 10.679425143161328 ], [ 122.503102159657701, 10.679432300331298 ], [ 122.502916296602791, 10.679466088053763 ], [ 122.502729337307329, 10.679507494609858 ], [ 122.502546683991923, 10.679515947324729 ], [ 122.502380822173706, 10.679523622880211 ], [ 122.502193883799137, 10.679532273685236 ], [ 122.502016986260031, 10.679549075367694 ], [ 122.50182412919159, 10.679593826003309 ], [ 122.501641911226159, 10.679617640690619 ], [ 122.501443016725389, 10.679646641052409 ], [ 122.501329183843012, 10.679643055670235 ], [ 122.501226262280042, 10.679568602934975 ], [ 122.501028067657813, 10.679596726746245 ], [ 122.50079893170107, 10.679560712020962 ], [ 122.500737844800241, 10.679461577604732 ], [ 122.500546994630469, 10.679509667030668 ], [ 122.500384504306211, 10.679541972827165 ], [ 122.50020512321332, 10.679559595926422 ], [ 122.500019177199377, 10.679620623451608 ], [ 122.499844385361811, 10.679663075406038 ], [ 122.499632914144527, 10.679768436042256 ], [ 122.499387325233101, 10.679859416630302 ], [ 122.49930717697606, 10.679811713515578 ], [ 122.499127090681299, 10.679853054401537 ], [ 122.49889694131393, 10.679889518629302 ], [ 122.498714040346272, 10.679947874430798 ], [ 122.498546830599892, 10.679992344556915 ], [ 122.498389873300098, 10.680038723049108 ], [ 122.498138770068877, 10.680143025492395 ], [ 122.4979874391979, 10.680168672092037 ], [ 122.497796610547169, 10.68022528390355 ], [ 122.496893235854515, 10.680455653612912 ], [ 122.496682157448632, 10.680531773460373 ], [ 122.496554656800953, 10.680566419220479 ], [ 122.496351152584552, 10.680659454299333 ], [ 122.496157071884824, 10.680766371779482 ], [ 122.49596101417265, 10.680846987329049 ], [ 122.495778329214829, 10.680921014613618 ], [ 122.495613425418441, 10.681023114127569 ], [ 122.495403331385006, 10.681107262024016 ], [ 122.495236993569392, 10.681187092398483 ], [ 122.495054462451179, 10.681285498903954 ], [ 122.494877020192078, 10.681371164356296 ], [ 122.494695399205767, 10.681432648619165 ], [ 122.494567778994735, 10.681514722946744 ], [ 122.495197855310266, 10.682693360179941 ], [ 122.495845681355092, 10.684151305022738 ], [ 122.496113578053638, 10.684503145072597 ], [ 122.49684365119559, 10.686420434345751 ] ] ] ] } },
{ "type": "Feature", "properties": { "psgc": "0603022023", "admin_type": "Barangay", "region": "Region VI (Western Visayas)", "province": "Iloilo", "municity": "Iloilo City", "district": "Arevalo", "barangay": "Bonifacio (Arevalo)", "population": "2023" }, "geometry": { "type": "MultiPolygon", "coordinates": [ [ [ [ 122.511477738982677, 10.687077837530151 ], [ 122.511500171212504, 10.686952336069771 ], [ 122.511633791723071, 10.686159548230362 ], [ 122.512089372361885, 10.686247404048697 ], [ 122.512186802439501, 10.685507320927783 ], [ 122.512300141806733, 10.685254612210299 ], [ 122.512428330772408, 10.684915514409166 ], [ 122.512599622988944, 10.684778313805959 ], [ 122.512601400643632, 10.684622284081561 ], [ 122.512612092287284, 10.683683838559833 ], [ 122.512517540166769, 10.683558905987994 ], [ 122.512237594914922, 10.682972642366698 ], [ 122.51205292465815, 10.682591051848862 ], [ 122.511961794607828, 10.682514285956133 ], [ 122.511721308236204, 10.682466316621273 ], [ 122.511513564985151, 10.682481257473736 ], [ 122.511295109553686, 10.682497796115133 ], [ 122.511018776879837, 10.68253787670864 ], [ 122.51078555430243, 10.682604942655415 ], [ 122.510507465993172, 10.682667948149367 ], [ 122.510272135868078, 10.682736309048874 ], [ 122.510026131175195, 10.682794077893094 ], [ 122.509779093545035, 10.682897489461467 ], [ 122.509637894771018, 10.682973354242378 ], [ 122.509491060844041, 10.683089318228731 ], [ 122.509282278034959, 10.683268756478704 ], [ 122.509164487269643, 10.683379603767204 ], [ 122.509030628520321, 10.683508931244353 ], [ 122.50881657714622, 10.683640774006253 ], [ 122.508618623824347, 10.68373563050185 ], [ 122.508410047894003, 10.683788170545871 ], [ 122.508223571188879, 10.683806937527832 ], [ 122.508019763906944, 10.683808694686482 ], [ 122.50771510070517, 10.683776481588545 ], [ 122.507426492572648, 10.683733719144398 ], [ 122.50711647497387, 10.683706784285247 ], [ 122.506870581923906, 10.68369581440988 ], [ 122.506619325642063, 10.683695410541752 ], [ 122.506421484682647, 10.68372152944759 ], [ 122.506213062603692, 10.683725051379502 ], [ 122.506031270363351, 10.683699751925733 ], [ 122.505763985182313, 10.683694034156924 ], [ 122.505726241929793, 10.683889607566668 ], [ 122.505684845150753, 10.684294841946548 ], [ 122.505643052150702, 10.684766702241895 ], [ 122.505469897708792, 10.684755383896988 ], [ 122.505464879088763, 10.685477348737635 ], [ 122.505548787992382, 10.685555582899896 ], [ 122.505540079057539, 10.68656209349902 ], [ 122.505675843244191, 10.687858754501061 ], [ 122.505766566506523, 10.688619260749231 ], [ 122.505824466459217, 10.689169244585319 ], [ 122.50611321865388, 10.68912741039003 ], [ 122.506244217130259, 10.689123556407035 ], [ 122.506420142918046, 10.689152691864178 ], [ 122.506808003952699, 10.689244851363672 ], [ 122.507189457497418, 10.689311027735069 ], [ 122.507262872106622, 10.688965349710498 ], [ 122.507472342373731, 10.688998933808735 ], [ 122.50777150768991, 10.689009236293893 ], [ 122.508035535559415, 10.689023890652296 ], [ 122.508519045479034, 10.689046676365987 ], [ 122.508842776495271, 10.689088427928738 ], [ 122.509046903788416, 10.689118607460093 ], [ 122.509278085701354, 10.689163632904595 ], [ 122.509575424630469, 10.689209451673252 ], [ 122.509851426201081, 10.689197428511532 ], [ 122.509881689734101, 10.688686158663772 ], [ 122.510583065958144, 10.688759169372194 ], [ 122.511355093275057, 10.688769516576411 ], [ 122.511362428379854, 10.688574434324037 ], [ 122.511370700106909, 10.688268738280691 ], [ 122.51138543251281, 10.688075273543824 ], [ 122.511406740743652, 10.687766345898339 ], [ 122.511452964068695, 10.68730573623942 ], [ 122.511477738982677, 10.687077837530151 ] ] ] ] } },
{ "type": "Feature", "properties": { "psgc": "0603022001", "admin_type": "Barangay", "region": "Region VI (Western Visayas)", "province": "Iloilo", "municity": "Iloilo City", "district": "Arevalo", "barangay": "Santa Cruz", "population": "4019" }, "geometry": { "type": "MultiPolygon", "coordinates": [ [ [ [ 122.500584514603574, 10.690717163331872 ], [ 122.500580339169105, 10.691187654647289 ], [ 122.500610690672744, 10.69184911714809 ], [ 122.500603868358283, 10.691964983852074 ], [ 122.501646149835835, 10.692139325523989 ], [ 122.501572155120101, 10.691075818655699 ], [ 122.504187160813942, 10.691087800735472 ], [ 122.504169224710978, 10.690786713053095 ], [ 122.504156325653014, 10.690336939048404 ], [ 122.505963297473727, 10.690323992781247 ], [ 122.505824466459217, 10.689169244585319 ], [ 122.505766566506523, 10.688619260749231 ], [ 122.505675843244191, 10.687858754501061 ], [ 122.505540079057539, 10.68656209349902 ], [ 122.505548787992382, 10.685555582899896 ], [ 122.505464879088763, 10.685477348737635 ], [ 122.505469897708792, 10.684755383896988 ], [ 122.505643052150702, 10.684766702241895 ], [ 122.505684845150753, 10.684294841946548 ], [ 122.505726241929793, 10.683889607566668 ], [ 122.505763985182313, 10.683694034156924 ], [ 122.505658630734146, 10.683666874059886 ], [ 122.505471893210284, 10.683683696596223 ], [ 122.505277154848699, 10.683693460301368 ], [ 122.505131084058647, 10.683713621635771 ], [ 122.504911391512792, 10.683745035168576 ], [ 122.504737184225704, 10.683778938428144 ], [ 122.50456724431217, 10.683806683645038 ], [ 122.504380596177654, 10.683841890123139 ], [ 122.5041961422545, 10.683875853347018 ], [ 122.504015586798843, 10.683924931198625 ], [ 122.50383421208258, 10.683959084315035 ], [ 122.503663334258022, 10.683996954857378 ], [ 122.503454308466871, 10.684015908292805 ], [ 122.503275275592557, 10.684038948834401 ], [ 122.5030943590871, 10.684084593127402 ], [ 122.502916314297295, 10.684099706994829 ], [ 122.502733443777757, 10.684158564315917 ], [ 122.502548543596831, 10.684217281718418 ], [ 122.502366653008593, 10.684275043255772 ], [ 122.502196165637102, 10.684329183447199 ], [ 122.502010246072871, 10.68441986614995 ], [ 122.501811016207284, 10.684476605894085 ], [ 122.501626689357778, 10.684516536765576 ], [ 122.501452872752807, 10.684565680952478 ], [ 122.501270592068238, 10.684596671477788 ], [ 122.501092010516288, 10.684642184054855 ], [ 122.500895812690004, 10.684757560095436 ], [ 122.500703854722317, 10.684813200708977 ], [ 122.500500640417314, 10.684855169287474 ], [ 122.500368093822559, 10.684888534764323 ], [ 122.500161740373144, 10.684964152127424 ], [ 122.499981789361428, 10.685034096208812 ], [ 122.499787407569499, 10.685096885749301 ], [ 122.499608707760856, 10.685155365342602 ], [ 122.499452237119755, 10.685218292192403 ], [ 122.499259945667006, 10.685308506191797 ], [ 122.49907849271905, 10.685404972545545 ], [ 122.498895813563649, 10.685487041856414 ], [ 122.498711623462455, 10.685602404160706 ], [ 122.498526293557163, 10.685686823193146 ], [ 122.498323697757442, 10.68579341453143 ], [ 122.498157621791293, 10.685871177970872 ], [ 122.497979196698921, 10.685973869048286 ], [ 122.497788274152455, 10.686045696370451 ], [ 122.497619610862742, 10.686126597764064 ], [ 122.497418714930106, 10.686220528037005 ], [ 122.497254800632888, 10.686278120840345 ], [ 122.49705504269383, 10.686322111874956 ], [ 122.49684365119559, 10.686420434345751 ], [ 122.497890275304727, 10.690712714667416 ], [ 122.500584514603574, 10.690717163331872 ] ] ] ] } },
{ "type": "Feature", "properties": { "psgc": "0603022109", "admin_type": "Barangay", "region": "Region VI (Western Visayas)", "province": "Iloilo", "municity": "Iloilo City", "district": "Arevalo", "barangay": "Mohon", "population": "1320" }, "geometry": { "type": "MultiPolygon", "coordinates": [ [ [ [ 122.498611985076934, 10.693667214648753 ], [ 122.4987427935299, 10.694788409690664 ], [ 122.498867068826684, 10.694769761805532 ], [ 122.49904884389376, 10.694764771406247 ], [ 122.499241372880206, 10.69472278664627 ], [ 122.499417837153516, 10.694696637748441 ], [ 122.499605002350862, 10.694665218809027 ], [ 122.499781466569019, 10.694639069702591 ], [ 122.499973968953086, 10.694612946647677 ], [ 122.500166488931185, 10.694576248695194 ], [ 122.500348378395714, 10.694502521478327 ], [ 122.500530294189602, 10.694412931984157 ], [ 122.50070686382098, 10.694323333674026 ], [ 122.500888832198072, 10.694202019624187 ], [ 122.501070730075256, 10.69412300457715 ], [ 122.501263319972168, 10.694044006809447 ], [ 122.501439862824469, 10.693970270232889 ], [ 122.501616908439786, 10.693895112750234 ], [ 122.501809395485168, 10.69381926324585 ], [ 122.501919885378783, 10.693768971563093 ], [ 122.50172271790494, 10.692839789944319 ], [ 122.501646149835835, 10.692139325523989 ], [ 122.500603868358283, 10.691964983852074 ], [ 122.500610690672744, 10.69184911714809 ], [ 122.500580339169105, 10.691187654647289 ], [ 122.500584514603574, 10.690717163331872 ], [ 122.497890275304727, 10.690712714667416 ], [ 122.498611985076934, 10.693667214648753 ] ] ] ] } },
{ "type": "Feature", "properties": { "psgc": "0603022166", "admin_type": "Barangay", "region": "Region VI (Western Visayas)", "province": "Iloilo", "municity": "Iloilo City", "district": "Arevalo", "barangay": "Santo Domingo", "population": "1218" }, "geometry": { "type": "MultiPolygon", "coordinates": [ [ [ [ 122.511320483538782, 10.690378124569143 ], [ 122.511322348273964, 10.689562924906573 ], [ 122.511355093275057, 10.688769516576411 ], [ 122.510583065958144, 10.688759169372194 ], [ 122.509881689734101, 10.688686158663772 ], [ 122.509851426201081, 10.689197428511532 ], [ 122.509575424630469, 10.689209451673252 ], [ 122.509278085701354, 10.689163632904595 ], [ 122.509046903788416, 10.689118607460093 ], [ 122.508842776495271, 10.689088427928738 ], [ 122.508519045479034, 10.689046676365987 ], [ 122.508035535559415, 10.689023890652296 ], [ 122.50777150768991, 10.689009236293893 ], [ 122.507472342373731, 10.688998933808735 ], [ 122.507262872106622, 10.688965349710498 ], [ 122.507189457497418, 10.689311027735069 ], [ 122.506808003952699, 10.689244851363672 ], [ 122.506420142918046, 10.689152691864178 ], [ 122.506244217130259, 10.689123556407035 ], [ 122.50611321865388, 10.68912741039003 ], [ 122.505824466459217, 10.689169244585319 ], [ 122.505874039757245, 10.689581578899189 ], [ 122.505963297473727, 10.690323992781247 ], [ 122.504156325653014, 10.690336939048404 ], [ 122.504169224710978, 10.690786713053095 ], [ 122.504187160813942, 10.691087800735472 ], [ 122.501572155120101, 10.691075818655699 ], [ 122.501646149835835, 10.692139325523989 ], [ 122.50172271790494, 10.692839789944319 ], [ 122.501919885378783, 10.693768971563093 ], [ 122.501987159325651, 10.693734553340311 ], [ 122.502174942710866, 10.693650471062227 ], [ 122.502346103533313, 10.693576740587577 ], [ 122.502538617720631, 10.693518903577601 ], [ 122.502715079505023, 10.693471613028507 ], [ 122.502896859891905, 10.693440189921228 ], [ 122.503083993938645, 10.693403489074479 ], [ 122.503271101682714, 10.693382646993893 ], [ 122.503447528288362, 10.693356501196215 ], [ 122.503639963427233, 10.693346240134728 ], [ 122.503821717434519, 10.693330675362802 ], [ 122.504014126331128, 10.693336272951619 ], [ 122.504174483108557, 10.693331245979191 ], [ 122.504366857081038, 10.693357988528376 ], [ 122.504553833764419, 10.693416440091342 ], [ 122.504735483044328, 10.693464310322883 ], [ 122.504917141111562, 10.69350689415637 ], [ 122.505098764343089, 10.693570623065858 ], [ 122.505274990395236, 10.693666061018792 ], [ 122.505456483053337, 10.693809084153648 ], [ 122.505632587367458, 10.693978530047049 ], [ 122.505824839966053, 10.694079279854861 ], [ 122.506022455060929, 10.694169465570189 ], [ 122.506204026715324, 10.694264911635077 ], [ 122.506374934681787, 10.694344481500442 ], [ 122.506567318241338, 10.694365936433117 ], [ 122.506738365487635, 10.694360925371008 ], [ 122.506925473672169, 10.694340081116191 ], [ 122.5071073845873, 10.694229361118401 ], [ 122.507268071910758, 10.694023453311072 ], [ 122.507466494865042, 10.693622012538636 ], [ 122.507648674191898, 10.693347416986366 ], [ 122.507841464976892, 10.693120415143193 ], [ 122.508023548269691, 10.692903968607139 ], [ 122.508210993565115, 10.692676957928192 ], [ 122.508387636090063, 10.692518651854011 ], [ 122.508557747569441, 10.692354124535932 ], [ 122.508749212387642, 10.692096240058619 ], [ 122.50894221377267, 10.691891429021521 ], [ 122.509123817609122, 10.691737583719716 ], [ 122.509304940808065, 10.69163917422131 ], [ 122.509492330111314, 10.69152721815461 ], [ 122.509670429790191, 10.691453946677468 ], [ 122.509857892124984, 10.691396956771381 ], [ 122.510025363871094, 10.691347677470111 ], [ 122.510215371759543, 10.69129152963178 ], [ 122.510402830146347, 10.691254542963604 ], [ 122.510569160633054, 10.691207339799714 ], [ 122.510757657305092, 10.691196391379762 ], [ 122.510939363411538, 10.691174722761527 ], [ 122.511131562005772, 10.691167676956299 ], [ 122.511312805541479, 10.691152050315525 ], [ 122.5115033992778, 10.691147621921331 ], [ 122.511686261802922, 10.691152878124317 ], [ 122.511858712488191, 10.69116032883751 ], [ 122.512047504163192, 10.691178954408802 ], [ 122.512216709217512, 10.69122962068236 ], [ 122.512042081824873, 10.690150934537723 ], [ 122.511320483538782, 10.690378124569143 ] ] ] ] } },
{ "type": "Feature", "properties": { "psgc": "0603022164", "admin_type": "Barangay", "region": "Region VI (Western Visayas)", "province": "Iloilo", "municity": "Iloilo City", "district": "Arevalo", "barangay": "Santa Filomena", "population": "2823" }, "geometry": { "type": "MultiPolygon", "coordinates": [ [ [ [ 122.512585570189259, 10.691531834917182 ], [ 122.512782590647092, 10.691648139361485 ], [ 122.512954788881032, 10.691724947215162 ], [ 122.513113752059922, 10.69178610966296 ], [ 122.51331649110486, 10.691833027659341 ], [ 122.513503819363706, 10.691855451003358 ], [ 122.51368292595717, 10.691846182087918 ], [ 122.513872584320183, 10.691877181240496 ], [ 122.514043707330345, 10.691824589384398 ], [ 122.514236545230958, 10.691693578979148 ], [ 122.514431093470264, 10.691532430232359 ], [ 122.514609177080843, 10.691425308788691 ], [ 122.514798118900558, 10.691344729506964 ], [ 122.514960579127134, 10.691309513588839 ], [ 122.515141875660504, 10.691289389727299 ], [ 122.515317691144446, 10.691283798747259 ], [ 122.515498412968029, 10.691277114934792 ], [ 122.51570058878437, 10.691274519819085 ], [ 122.515880540992711, 10.691303227115176 ], [ 122.516046817197875, 10.691373831834788 ], [ 122.516232267097507, 10.691419013645518 ], [ 122.516311478495837, 10.690881925009235 ], [ 122.516323489821573, 10.690062564625153 ], [ 122.516606666598236, 10.690126447064021 ], [ 122.516464221099369, 10.688968518639888 ], [ 122.516379150264541, 10.688890024734569 ], [ 122.516642105247882, 10.687052544565212 ], [ 122.516829600739655, 10.685839927467374 ], [ 122.516989570277843, 10.684474992346862 ], [ 122.5170054234015, 10.684380074942002 ], [ 122.517030083553806, 10.684076876424552 ], [ 122.517049203745259, 10.683853785165351 ], [ 122.516991851534556, 10.683846190427404 ], [ 122.515911299097866, 10.683830529787883 ], [ 122.515922578957785, 10.683464605481783 ], [ 122.514131960961151, 10.683535783244476 ], [ 122.514147370528818, 10.683921708931678 ], [ 122.513799942838943, 10.683931731143165 ], [ 122.51376208173356, 10.684268710509237 ], [ 122.51371865758864, 10.684618823706311 ], [ 122.512810154942613, 10.684548660095626 ], [ 122.512783293683796, 10.684633198518602 ], [ 122.512601400643632, 10.684622284081561 ], [ 122.512599622988944, 10.684778313805959 ], [ 122.512428330772408, 10.684915514409166 ], [ 122.512300141806733, 10.685254612210299 ], [ 122.512186802439501, 10.685507320927783 ], [ 122.512089372361885, 10.686247404048697 ], [ 122.511633791723071, 10.686159548230362 ], [ 122.511500171212504, 10.686952336069771 ], [ 122.511477738982677, 10.687077837530151 ], [ 122.511452964068695, 10.68730573623942 ], [ 122.511406740743652, 10.687766345898339 ], [ 122.51138543251281, 10.688075273543824 ], [ 122.511370700106909, 10.688268738280691 ], [ 122.511362428379854, 10.688574434324037 ], [ 122.511355093275057, 10.688769516576411 ], [ 122.511322348273964, 10.689562924906573 ], [ 122.511320483538782, 10.690378124569143 ], [ 122.512042081824873, 10.690150934537723 ], [ 122.512216709217512, 10.69122962068236 ], [ 122.51240352303725, 10.691388507288206 ], [ 122.512585570189259, 10.691531834917182 ] ] ] ] } },
{ "type": "Feature", "properties": { "psgc": "0603022134", "admin_type": "Barangay", "region": "Region VI (Western Visayas)", "province": "Iloilo", "municity": "Iloilo City", "district": "Arevalo", "barangay": "Quezon", "population": "1742" }, "geometry": { "type": "MultiPolygon", "coordinates": [ [ [ [ 122.521176897570072, 10.684619011474204 ], [ 122.520690854951155, 10.684584938130229 ], [ 122.520016233452438, 10.684570154286082 ], [ 122.519552999669827, 10.684544238716255 ], [ 122.518718174374811, 10.684493210308345 ], [ 122.518525816838121, 10.684578137081838 ], [ 122.517734919207541, 10.684539625736855 ], [ 122.516989570277843, 10.684474992346862 ], [ 122.516829600739655, 10.685839927467374 ], [ 122.516642105247882, 10.687052544565212 ], [ 122.519303857996817, 10.6873337950008 ], [ 122.521512136037472, 10.687584354404514 ], [ 122.52171969825082, 10.687609918164176 ], [ 122.521930582409084, 10.68653524501927 ], [ 122.521956249343333, 10.686367692182458 ], [ 122.522067246438681, 10.685839998947737 ], [ 122.52215631175963, 10.68540936307882 ], [ 122.522205806766394, 10.685175889970266 ], [ 122.522237233598233, 10.684981409502292 ], [ 122.522293678321958, 10.684672154631075 ], [ 122.522160030628314, 10.684671946411505 ], [ 122.521955828007592, 10.684659853433709 ], [ 122.521684555069129, 10.684654055872974 ], [ 122.521432873422114, 10.684640075527099 ], [ 122.521176897570072, 10.684619011474204 ] ] ] ] } },
{ "type": "Feature", "properties": { "psgc": "0603022155", "admin_type": "Barangay", "region": "Region VI (Western Visayas)", "province": "Iloilo", "municity": "Iloilo City", "district": "Arevalo", "barangay": "San Jose (Arevalo)", "population": "2218" }, "geometry": { "type": "MultiPolygon", "coordinates": [ [ [ [ 122.518300947358753, 10.693818964690045 ], [ 122.518337439536609, 10.694009329516151 ], [ 122.518356626448053, 10.694195507958511 ], [ 122.518363017650074, 10.694358483985843 ], [ 122.518365969544732, 10.694537905055846 ], [ 122.518363009176255, 10.694728309015796 ], [ 122.518366956319397, 10.694900426831769 ], [ 122.518397670823063, 10.695096870143884 ], [ 122.518467783327466, 10.695273405248242 ], [ 122.518613076642822, 10.695442354939102 ], [ 122.518806898951823, 10.695626197043129 ], [ 122.518976034942682, 10.695754817735166 ], [ 122.519170889053441, 10.695855516880448 ], [ 122.51933480243369, 10.695945952407463 ], [ 122.519535043104312, 10.696023152492936 ], [ 122.519681090600741, 10.696057243984432 ], [ 122.519878779189114, 10.696105130705849 ], [ 122.520086933602514, 10.696126588919753 ], [ 122.520263056370865, 10.696123739340564 ], [ 122.520461559776919, 10.696114951617245 ], [ 122.52063759670385, 10.696116500254679 ], [ 122.520813294383558, 10.696118048874892 ], [ 122.520989979042398, 10.696130209062733 ], [ 122.521182023963704, 10.696145284290258 ], [ 122.521375259962255, 10.696181480667954 ], [ 122.52152491991481, 10.696181714441479 ], [ 122.521707710532681, 10.696160066575549 ], [ 122.521888429393499, 10.696117025253209 ], [ 122.522067732640735, 10.696081205795092 ], [ 122.522260614818848, 10.696078536833426 ], [ 122.52245548532521, 10.696063461235392 ], [ 122.522638777242818, 10.696025369261909 ], [ 122.522826458861459, 10.695971820687154 ], [ 122.52302279081681, 10.695947879359641 ], [ 122.52318064721338, 10.695878049951007 ], [ 122.523374363737233, 10.695804218374654 ], [ 122.523554299528172, 10.69575920596751 ], [ 122.523739839780674, 10.695709153626593 ], [ 122.523911480054252, 10.69563197933242 ], [ 122.524150708824251, 10.695566490387383 ], [ 122.52429297985968, 10.695461463635072 ], [ 122.524478161444662, 10.695264863252532 ], [ 122.524554754443628, 10.695111692699699 ], [ 122.524594032678294, 10.694911942680097 ], [ 122.524607661144501, 10.694778766561468 ], [ 122.524571621498112, 10.694716833019701 ], [ 122.524515380141395, 10.694563257505921 ], [ 122.524446691126016, 10.694351668898459 ], [ 122.524342943631652, 10.694192504525519 ], [ 122.524236483155079, 10.694032491385688 ], [ 122.524027575393262, 10.693825152997967 ], [ 122.523889301657903, 10.693656134308325 ], [ 122.523718319246328, 10.693475430723634 ], [ 122.523541085964766, 10.693285999895997 ], [ 122.523428562712212, 10.693111304939801 ], [ 122.523378429883252, 10.692917715531076 ], [ 122.523381741454642, 10.692747957272765 ], [ 122.523437075204285, 10.692565900297335 ], [ 122.523075824349348, 10.692288113515881 ], [ 122.522738628290355, 10.692228932892297 ], [ 122.523299644520222, 10.691604466716857 ], [ 122.523357812538976, 10.691011549107627 ], [ 122.523264507936915, 10.69056824788696 ], [ 122.523478369547888, 10.69054176045071 ], [ 122.523607022036302, 10.690474193166903 ], [ 122.523483599010603, 10.68989425568277 ], [ 122.523468237345952, 10.689655737150364 ], [ 122.523540280545959, 10.689026002866969 ], [ 122.524352970835196, 10.689050150133964 ], [ 122.524370024090089, 10.688990076378856 ], [ 122.521416840338389, 10.688432705914082 ], [ 122.521458894174941, 10.688165554987219 ], [ 122.521470828167665, 10.688071695125961 ], [ 122.521512136037472, 10.687584354404514 ], [ 122.519303857996817, 10.6873337950008 ], [ 122.516642105247882, 10.687052544565212 ], [ 122.516379150264541, 10.688890024734569 ], [ 122.516464221099369, 10.688968518639888 ], [ 122.516606666598236, 10.690126447064021 ], [ 122.516323489821573, 10.690062564625153 ], [ 122.516311478495837, 10.690881925009235 ], [ 122.516232267097507, 10.691419013645518 ], [ 122.516444080648284, 10.691463629192111 ], [ 122.516620394566189, 10.691506197809066 ], [ 122.51680200233973, 10.691580492582721 ], [ 122.516972911858844, 10.691660056714831 ], [ 122.517165081965032, 10.691813662704636 ], [ 122.517351873307661, 10.69198840538767 ], [ 122.517538562789127, 10.692226583628891 ], [ 122.517725116505517, 10.692549342651633 ], [ 122.517884962919837, 10.692861486926187 ], [ 122.518050027119614, 10.693252934111054 ], [ 122.518193231950676, 10.693533478621221 ], [ 122.518242579521782, 10.693644801647075 ], [ 122.518300947358753, 10.693818964690045 ] ] ] ] } },
{ "type": "Feature", "properties": { "psgc": "0603022171", "admin_type": "Barangay", "region": "Region VI (Western Visayas)", "province": "Iloilo", "municity": "Iloilo City", "district": "Arevalo", "barangay": "So-oc", "population": "8877" }, "geometry": { "type": "MultiPolygon", "coordinates": [ [ [ [ 122.524427965082211, 10.699498813954641 ], [ 122.524945352774196, 10.698597012900322 ], [ 122.526134881284577, 10.696769392077433 ], [ 122.526104127095167, 10.696617478237549 ], [ 122.526228081298314, 10.696466556344612 ], [ 122.526832818492139, 10.695991721985468 ], [ 122.526942150647798, 10.695966241932052 ], [ 122.527297800075814, 10.696013585220264 ], [ 122.527372921939659, 10.695828679788992 ], [ 122.527506838637862, 10.695643865033274 ], [ 122.527683622004659, 10.695470402350356 ], [ 122.527929278160585, 10.695267960565353 ], [ 122.528106310536202, 10.695116156658546 ], [ 122.528154888269498, 10.694987959193009 ], [ 122.528149420057602, 10.694894197405555 ], [ 122.528147202910873, 10.694730824233813 ], [ 122.528137319240003, 10.694561899875643 ], [ 122.52810878955907, 10.694365301500135 ], [ 122.528048347612568, 10.694191276368837 ], [ 122.527926321679544, 10.694011037337077 ], [ 122.527739278964475, 10.693844437528904 ], [ 122.527567369819593, 10.693728405995545 ], [ 122.527393331708154, 10.693652578006109 ], [ 122.527205418613619, 10.693587019599876 ], [ 122.527026136349392, 10.693547513865482 ], [ 122.526840259342649, 10.693508867963187 ], [ 122.526647854138147, 10.693468420173312 ], [ 122.526473405897278, 10.693429942494994 ], [ 122.526291842296402, 10.69337071961159 ], [ 122.526110131227185, 10.693308192799844 ], [ 122.525928488188924, 10.693259937438013 ], [ 122.525727440946639, 10.693193419058421 ], [ 122.525575897182136, 10.693148378874453 ], [ 122.525400796991022, 10.693066020519261 ], [ 122.525190867771187, 10.6929570898725 ], [ 122.525006555386966, 10.692836647844221 ], [ 122.524836282661624, 10.692707155885223 ], [ 122.52465019185847, 10.692544959896555 ], [ 122.524470616777904, 10.692438298164191 ], [ 122.52428060282719, 10.692354397647291 ], [ 122.524080721891963, 10.692257957872901 ], [ 122.523920120353452, 10.692240185524843 ], [ 122.523743999603553, 10.69225214841528 ], [ 122.52354064854417, 10.692405135675724 ], [ 122.523437075204285, 10.692565900297335 ], [ 122.523381741454642, 10.692747957272765 ], [ 122.523378429883252, 10.692917715531076 ], [ 122.523428562712212, 10.693111304939801 ], [ 122.523541085964766, 10.693285999895997 ], [ 122.523718319246328, 10.693475430723634 ], [ 122.523889301657903, 10.693656134308325 ], [ 122.524027575393262, 10.693825152997967 ], [ 122.524236483155079, 10.694032491385688 ], [ 122.524342943631652, 10.694192504525519 ], [ 122.524446691126016, 10.694351668898459 ], [ 122.524515380141395, 10.694563257505921 ], [ 122.524571621498112, 10.694716833019701 ], [ 122.524607661144501, 10.694778766561468 ], [ 122.524594032678294, 10.694911942680097 ], [ 122.524554754443628, 10.695111692699699 ], [ 122.524478161444662, 10.695264863252532 ], [ 122.52429297985968, 10.695461463635072 ], [ 122.524150708824251, 10.695566490387383 ], [ 122.523911480054252, 10.69563197933242 ], [ 122.523739839780674, 10.695709153626593 ], [ 122.523554299528172, 10.69575920596751 ], [ 122.523374363737233, 10.695804218374654 ], [ 122.52318064721338, 10.695878049951007 ], [ 122.52302279081681, 10.695947879359641 ], [ 122.522826458861459, 10.695971820687154 ], [ 122.522638777242818, 10.696025369261909 ], [ 122.52245548532521, 10.696063461235392 ], [ 122.522260614818848, 10.696078536833426 ], [ 122.522067732640735, 10.696081205795092 ], [ 122.521888429393499, 10.696117025253209 ], [ 122.521707710532681, 10.696160066575549 ], [ 122.52152491991481, 10.696181714441479 ], [ 122.521375259962255, 10.696181480667954 ], [ 122.521182023963704, 10.696145284290258 ], [ 122.520989979042398, 10.696130209062733 ], [ 122.520813294383558, 10.696118048874892 ], [ 122.52063759670385, 10.696116500254679 ], [ 122.520461559776919, 10.696114951617245 ], [ 122.520263056370865, 10.696123739340564 ], [ 122.520086933602514, 10.696126588919753 ], [ 122.519878779189114, 10.696105130705849 ], [ 122.519681090600741, 10.696057243984432 ], [ 122.519535043104312, 10.696023152492936 ], [ 122.51933480243369, 10.695945952407463 ], [ 122.519170889053441, 10.695855516880448 ], [ 122.518976034942682, 10.695754817735166 ], [ 122.518806898951823, 10.695626197043129 ], [ 122.518613076642822, 10.695442354939102 ], [ 122.518467783327466, 10.695273405248242 ], [ 122.518397670823063, 10.695096870143884 ], [ 122.518366956319397, 10.694900426831769 ], [ 122.518363009176255, 10.694728309015796 ], [ 122.518365969544732, 10.694537905055846 ], [ 122.518363017650074, 10.694358483985843 ], [ 122.518356626448053, 10.694195507958511 ], [ 122.518337439536609, 10.694009329516151 ], [ 122.518300947358753, 10.693818964690045 ], [ 122.518242579521782, 10.693644801647075 ], [ 122.518193231950676, 10.693533478621221 ], [ 122.518050027119614, 10.693252934111054 ], [ 122.517884962919837, 10.692861486926187 ], [ 122.517725116505517, 10.692549342651633 ], [ 122.517538562789127, 10.692226583628891 ], [ 122.517351873307661, 10.69198840538767 ], [ 122.517165081965032, 10.691813662704636 ], [ 122.516972911858844, 10.691660056714831 ], [ 122.51680200233973, 10.691580492582721 ], [ 122.516620394566189, 10.691506197809066 ], [ 122.516444080648284, 10.691463629192111 ], [ 122.516232267097507, 10.691419013645518 ], [ 122.516046817197875, 10.691373831834788 ], [ 122.515880540992711, 10.691303227115176 ], [ 122.51570058878437, 10.691274519819085 ], [ 122.515498412968029, 10.691277114934792 ], [ 122.515317691144446, 10.691283798747259 ], [ 122.515141875660504, 10.691289389727299 ], [ 122.514960579127134, 10.691309513588839 ], [ 122.514798118900558, 10.691344729506964 ], [ 122.514609177080843, 10.691425308788691 ], [ 122.514431093470264, 10.691532430232359 ], [ 122.514236545230958, 10.691693578979148 ], [ 122.514043707330345, 10.691824589384398 ], [ 122.513872584320183, 10.691877181240496 ], [ 122.51368292595717, 10.691846182087918 ], [ 122.513503819363706, 10.691855451003358 ], [ 122.51331649110486, 10.691833027659341 ], [ 122.513113752059922, 10.69178610966296 ], [ 122.512954788881032, 10.691724947215162 ], [ 122.512782590647092, 10.691648139361485 ], [ 122.512585570189259, 10.691531834917182 ], [ 122.512405957215336, 10.691809939312478 ], [ 122.512237273202629, 10.692014807537674 ], [ 122.512112870611602, 10.692171425499723 ], [ 122.511974054328661, 10.692365897800363 ], [ 122.511847089736648, 10.692527997012892 ], [ 122.511759461778325, 10.692732664223731 ], [ 122.511672214759784, 10.692895812639334 ], [ 122.511580001307266, 10.693074864408631 ], [ 122.511502562070291, 10.693264244891925 ], [ 122.511392078909125, 10.693457653941245 ], [ 122.511315070981397, 10.693640513814252 ], [ 122.511250138698003, 10.693808288796884 ], [ 122.511167952621676, 10.69400871621335 ], [ 122.511090304244121, 10.694164771978821 ], [ 122.511017717968627, 10.69433792028282 ], [ 122.510949371461948, 10.694532062490261 ], [ 122.510989789202696, 10.69471688867592 ], [ 122.511126585625192, 10.694851602519869 ], [ 122.511301939077129, 10.694897931923194 ], [ 122.511492107890632, 10.694957217385562 ], [ 122.511688209212451, 10.694979071682223 ], [ 122.511836325854006, 10.695011373037854 ], [ 122.512039417517144, 10.695022269057947 ], [ 122.512215758544059, 10.69504898131628 ], [ 122.512402823939837, 10.695054565281948 ], [ 122.512573828648897, 10.695075982536618 ], [ 122.512755488965212, 10.695118561894937 ], [ 122.512953098377011, 10.695214029637418 ], [ 122.513140052303498, 10.695288335075585 ], [ 122.513310937064489, 10.695383760145656 ], [ 122.513503141802374, 10.695516223172005 ], [ 122.513631249799531, 10.695622152797242 ], [ 122.513737875049813, 10.695791484063031 ], [ 122.513731082006942, 10.695891466434304 ], [ 122.513668072918549, 10.695986966938856 ], [ 122.513602398600753, 10.696059092036014 ], [ 122.513491465226622, 10.69612413079617 ], [ 122.513314986117479, 10.696182000037259 ], [ 122.513133161952652, 10.696239860683912 ], [ 122.512951389257154, 10.696266003419987 ], [ 122.512758917956148, 10.69629741535306 ], [ 122.512582507388515, 10.69631299376935 ], [ 122.51240611400425, 10.696317999485538 ], [ 122.512224358421946, 10.696333569193927 ], [ 122.512042628640245, 10.696333279897146 ], [ 122.511834079204448, 10.696391097218953 ], [ 122.511662858547297, 10.696501837009563 ], [ 122.511470145782326, 10.696681264505672 ], [ 122.511368246126864, 10.696892554554735 ], [ 122.511298468073235, 10.697072177912951 ], [ 122.511116444746676, 10.697251622206077 ], [ 122.511041278328747, 10.69745766845714 ], [ 122.510934136583572, 10.697605514222778 ], [ 122.510928463811993, 10.697806385022266 ], [ 122.51113121239753, 10.69802873364157 ], [ 122.51129145964326, 10.698092424996377 ], [ 122.511483828804231, 10.698124449610146 ], [ 122.511660162935428, 10.698156448552711 ], [ 122.511847273255938, 10.698135601440228 ], [ 122.512034478225544, 10.698056604926476 ], [ 122.512221700308388, 10.697967035697561 ], [ 122.512398215043817, 10.697888021938885 ], [ 122.512585428327512, 10.697803738780932 ], [ 122.512761882727517, 10.697761728904499 ], [ 122.512959725747194, 10.697714466609579 ], [ 122.5131306653401, 10.697664556964462 ], [ 122.513299354960083, 10.697639333124943 ], [ 122.513497557375487, 10.697651433412027 ], [ 122.513677199527464, 10.6976255067546 ], [ 122.513857903264594, 10.697583735073428 ], [ 122.514055780312674, 10.697515326867784 ], [ 122.514228815659465, 10.697477327796376 ], [ 122.514423009126617, 10.697468332212631 ], [ 122.514583061226588, 10.697473021830818 ], [ 122.514787514497016, 10.69751513715299 ], [ 122.514953580479229, 10.697617189390327 ], [ 122.514981419448233, 10.697702689580218 ], [ 122.514969341768079, 10.697786376417229 ], [ 122.514922543752292, 10.697877155914181 ], [ 122.514840761743955, 10.697971193861731 ], [ 122.514573330720012, 10.698081782885724 ], [ 122.514393800723326, 10.698161905929293 ], [ 122.514225655545431, 10.698234534971364 ], [ 122.514049843223589, 10.69829905253963 ], [ 122.513859380501259, 10.698371199941667 ], [ 122.513658911587484, 10.698501277346699 ], [ 122.513566846853081, 10.698695112247623 ], [ 122.51349281926224, 10.698880972143137 ], [ 122.513425419716526, 10.699057916806135 ], [ 122.513305750143232, 10.699246221727012 ], [ 122.513202831759202, 10.699417045804177 ], [ 122.513105009073314, 10.699600295948875 ], [ 122.513071288538825, 10.699779580311636 ], [ 122.513084338803537, 10.699971920355681 ], [ 122.513157169366039, 10.700065221688742 ], [ 122.513303305883255, 10.700083280868101 ], [ 122.513480534792421, 10.700073256322732 ], [ 122.513682959595727, 10.699988730147702 ], [ 122.513878129553234, 10.699882351651475 ], [ 122.514032154789305, 10.699807849404484 ], [ 122.51421788542828, 10.699730549488869 ], [ 122.514403510175057, 10.699621166839668 ], [ 122.51461383050912, 10.699477434015137 ], [ 122.514806509115573, 10.699319149808273 ], [ 122.514960154682086, 10.69919820864493 ], [ 122.515133287534184, 10.699053985080551 ], [ 122.515303961361568, 10.699005946777245 ], [ 122.515482967286104, 10.699098383880122 ], [ 122.515704652894385, 10.699175076298282 ], [ 122.515855941837415, 10.699328846410344 ], [ 122.516041760885983, 10.699605010817935 ], [ 122.516153569056129, 10.699787990969094 ], [ 122.516140993650339, 10.699962288015888 ], [ 122.516056621613345, 10.700108453709507 ], [ 122.515858936622863, 10.700228371841209 ], [ 122.515677403692678, 10.700301736484928 ], [ 122.515485241187037, 10.700367311776827 ], [ 122.515296381741564, 10.700443536138184 ], [ 122.515165083272237, 10.70048156574725 ], [ 122.514950747750873, 10.700561951043904 ], [ 122.514762285036852, 10.700619372364455 ], [ 122.514593251742696, 10.700716941948613 ], [ 122.514547135000527, 10.700818482937624 ], [ 122.514530786735307, 10.701009527776035 ], [ 122.514550849114684, 10.701222032988646 ], [ 122.514551078191261, 10.701396679977645 ], [ 122.514548464071282, 10.701587198097446 ], [ 122.514529254583636, 10.701806644868805 ], [ 122.51442184897239, 10.702503544197924 ], [ 122.51439012867813, 10.702852596957237 ], [ 122.514303099628876, 10.703217008118534 ], [ 122.514361630226858, 10.703380976627011 ], [ 122.514571562375224, 10.703528050597896 ], [ 122.514777524938665, 10.703687941065867 ], [ 122.514943537690399, 10.703820662810461 ], [ 122.515130420317263, 10.703942543962606 ], [ 122.515299147973039, 10.704051939313194 ], [ 122.515482379206063, 10.704197834534515 ], [ 122.515645642849606, 10.704344323113739 ], [ 122.515858121658709, 10.704518446720735 ], [ 122.516000659875374, 10.704572991947938 ], [ 122.516219699651515, 10.704642060172093 ], [ 122.516405379760087, 10.704604318603341 ], [ 122.51660291012233, 10.704555161455527 ], [ 122.516777822462927, 10.704491085801511 ], [ 122.516952248514187, 10.7044793409733 ], [ 122.51704237248012, 10.704540706556649 ], [ 122.517085561628363, 10.704675144881051 ], [ 122.517058517484756, 10.704784824339116 ], [ 122.51697303225022, 10.704849415742771 ], [ 122.51674835696366, 10.704960073809957 ], [ 122.51658246963791, 10.705076110844418 ], [ 122.516397010764564, 10.70520130061513 ], [ 122.516389549106776, 10.705382412369172 ], [ 122.516581360289138, 10.705763329846729 ], [ 122.516597149500925, 10.705843939630737 ], [ 122.516667579142734, 10.705959700196235 ], [ 122.516773368140051, 10.706022662319288 ], [ 122.516879270684242, 10.706073479992794 ], [ 122.516997737256688, 10.706102311080562 ], [ 122.517100452157777, 10.70604829719918 ], [ 122.517153011392423, 10.705938680287558 ], [ 122.51711282938237, 10.70573569856715 ], [ 122.517126873738746, 10.705573883413045 ], [ 122.51716313895011, 10.705458963280682 ], [ 122.517248266937102, 10.705449904977261 ], [ 122.517319444333538, 10.705484319733831 ], [ 122.517383483994237, 10.705547856457384 ], [ 122.517444115711513, 10.70576698452515 ], [ 122.51748983351159, 10.705891634496899 ], [ 122.517589293572314, 10.705952568489241 ], [ 122.51770354646753, 10.705950120703182 ], [ 122.517833927976085, 10.705899326143166 ], [ 122.51789622779431, 10.705791834761097 ], [ 122.517916437249696, 10.705560048052138 ], [ 122.517941477425779, 10.705402935257313 ], [ 122.518044882076225, 10.705204747919709 ], [ 122.518111259352509, 10.705030944002369 ], [ 122.518239986352114, 10.704900597218257 ], [ 122.518410919350742, 10.704825249222703 ], [ 122.518597846544111, 10.704920696867706 ], [ 122.518651094101898, 10.705047652151489 ], [ 122.518913201858012, 10.704926478879118 ], [ 122.519331273501535, 10.70468141124876 ], [ 122.519528606550409, 10.70448339476116 ], [ 122.519708772158168, 10.704493595546918 ], [ 122.519922156360067, 10.7045336935275 ], [ 122.520137808781342, 10.70457421758146 ], [ 122.520730248330452, 10.705119636219203 ], [ 122.521430459546281, 10.705852721838724 ], [ 122.521733486702061, 10.70610613445989 ], [ 122.522041900178053, 10.70581850002792 ], [ 122.522188167980175, 10.705941294487038 ], [ 122.523085072664571, 10.70497150030412 ], [ 122.52427780209851, 10.706150715831591 ], [ 122.524448595773094, 10.706309570820693 ], [ 122.524804262873758, 10.70589090360582 ], [ 122.52497317821279, 10.70583461673321 ], [ 122.525186196503327, 10.705865614624534 ], [ 122.525379017230733, 10.706083703375958 ], [ 122.525523504532046, 10.705978201015816 ], [ 122.525283491490242, 10.705650077011926 ], [ 122.525919686606528, 10.705113335088589 ], [ 122.525281539106643, 10.704480093785914 ], [ 122.525162682285455, 10.704307164370046 ], [ 122.525328333842836, 10.704212938304945 ], [ 122.525676423258076, 10.703924702643929 ], [ 122.526077810617153, 10.70360814509575 ], [ 122.525877531863443, 10.703388684896789 ], [ 122.525267806462182, 10.702787551286084 ], [ 122.52519206113169, 10.702634089546224 ], [ 122.525492124681634, 10.70216935853224 ], [ 122.525817992016897, 10.702286162487423 ], [ 122.526111845336473, 10.70166470943151 ], [ 122.526150510746504, 10.701565502530686 ], [ 122.526284362848187, 10.701435786690816 ], [ 122.525739541330211, 10.700823317114727 ], [ 122.525729586495729, 10.700731847053662 ], [ 122.525922469653935, 10.7004413980554 ], [ 122.525324424330691, 10.700059856392286 ], [ 122.524904823377653, 10.699800033563404 ], [ 122.524609317367691, 10.699635501711663 ], [ 122.524427965082211, 10.699498813954641 ] ] ] ] } },
{ "type": "Feature", "properties": { "psgc": "0603022030", "admin_type": "Barangay", "region": "Region VI (Western Visayas)", "province": "Iloilo", "municity": "Iloilo City", "district": "Mandurriao", "barangay": "Calahunan", "population": "5659" }, "geometry": { "type": "MultiPolygon", "coordinates": [ [ [ [ 122.527141821672345, 10.708307612298002 ], [ 122.527039810702334, 10.708105477471175 ], [ 122.526950239790096, 10.707938934353164 ], [ 122.526813975105611, 10.70776140875155 ], [ 122.526259548687165, 10.707013459609925 ], [ 122.525523504532046, 10.705978201015816 ], [ 122.525379017230733, 10.706083703375958 ], [ 122.525186196503327, 10.705865614624534 ], [ 122.52497317821279, 10.70583461673321 ], [ 122.524804262873758, 10.70589090360582 ], [ 122.524448595773094, 10.706309570820693 ], [ 122.52427780209851, 10.706150715831591 ], [ 122.523085072664571, 10.70497150030412 ], [ 122.522188167980175, 10.705941294487038 ], [ 122.522041900178053, 10.70581850002792 ], [ 122.521733486702061, 10.70610613445989 ], [ 122.521430459546281, 10.705852721838724 ], [ 122.520730248330452, 10.705119636219203 ], [ 122.520137808781342, 10.70457421758146 ], [ 122.519922156360067, 10.7045336935275 ], [ 122.519708772158168, 10.704493595546918 ], [ 122.519528606550409, 10.70448339476116 ], [ 122.519331273501535, 10.70468141124876 ], [ 122.518913201858012, 10.704926478879118 ], [ 122.518651094101898, 10.705047652151489 ], [ 122.518608090695068, 10.705198244517169 ], [ 122.518597776561137, 10.705388952718661 ], [ 122.518425726352632, 10.705589145016843 ], [ 122.518425505308741, 10.705726588852739 ], [ 122.518601572740849, 10.705927745726493 ], [ 122.518673060045387, 10.706116324555497 ], [ 122.518846855785497, 10.706298173380485 ], [ 122.518985119770861, 10.706469526255173 ], [ 122.519161660715909, 10.70664756481087 ], [ 122.519234715100197, 10.706720756906515 ], [ 122.519278957601998, 10.706832770064135 ], [ 122.519248201716692, 10.706913364194094 ], [ 122.51914775933885, 10.706969892696019 ], [ 122.518963379467948, 10.706964432173383 ], [ 122.518781575199654, 10.707006436935336 ], [ 122.5186784281493, 10.707209974912352 ], [ 122.518663471186542, 10.707323430110847 ], [ 122.518697871989829, 10.707435203832787 ], [ 122.518770145591631, 10.707466328326522 ], [ 122.518934952945628, 10.707457003150616 ], [ 122.519139014924662, 10.707435190144738 ], [ 122.519274568916472, 10.7074589907713 ], [ 122.519313043649873, 10.70755238219197 ], [ 122.519257734545036, 10.70763489758648 ], [ 122.519282856347928, 10.707751062250368 ], [ 122.519356800167444, 10.707825672560977 ], [ 122.519325324324072, 10.707916537418193 ], [ 122.519137936565429, 10.708106550400492 ], [ 122.519137775230035, 10.708206990121321 ], [ 122.519209263465584, 10.70829274072179 ], [ 122.519319367975484, 10.708297142714111 ], [ 122.519463756503157, 10.708255078928676 ], [ 122.519508404909473, 10.708097158288529 ], [ 122.519582825346376, 10.708025474263833 ], [ 122.519677946525164, 10.708017530976781 ], [ 122.519819803354181, 10.708042923763076 ], [ 122.519880894722618, 10.708123575703773 ], [ 122.519826784886376, 10.708406502625772 ], [ 122.519848229945453, 10.708493566504067 ], [ 122.520077785934518, 10.70867366126771 ], [ 122.520237803508451, 10.70888536475741 ], [ 122.520413992491925, 10.709012512473345 ], [ 122.520597832413557, 10.709074370539932 ], [ 122.52077197851149, 10.709102940630418 ], [ 122.520971641810192, 10.709043772492073 ], [ 122.521141120365002, 10.708902638484087 ], [ 122.521234164836102, 10.708839819091073 ], [ 122.521349893235097, 10.70890185929807 ], [ 122.521344052781515, 10.709019254905144 ], [ 122.521284816252319, 10.709145526385219 ], [ 122.521156657061866, 10.709214555415105 ], [ 122.521079857847027, 10.709273094551925 ], [ 122.521092269053028, 10.709367757805937 ], [ 122.521209728790495, 10.70945252265412 ], [ 122.521332964284142, 10.709496267616309 ], [ 122.52143410169171, 10.709532168365079 ], [ 122.521541923233912, 10.709692666848678 ], [ 122.521604743535818, 10.709786178340536 ], [ 122.521695409801637, 10.70991319165158 ], [ 122.521871743576256, 10.70995047144304 ], [ 122.521923926134377, 10.710017302985779 ], [ 122.522080165725853, 10.709977228624822 ], [ 122.522251330771383, 10.710059324822096 ], [ 122.522422117717213, 10.710067629904801 ], [ 122.522597633262592, 10.710001487592061 ], [ 122.522780198386684, 10.710099906492845 ], [ 122.522940462988089, 10.710158305892282 ], [ 122.522940269166, 10.710279890869485 ], [ 122.522806536851917, 10.710343118125209 ], [ 122.52261125515659, 10.710438391740663 ], [ 122.522432984006144, 10.710500728070656 ], [ 122.522239662143377, 10.710516681930441 ], [ 122.522050286806902, 10.710576307275266 ], [ 122.521976225276489, 10.710690838096594 ], [ 122.522052139367901, 10.710791277482684 ], [ 122.522319334604887, 10.710833985278937 ], [ 122.522437048063551, 10.710919163297174 ], [ 122.522520961788217, 10.710987472663083 ], [ 122.522607776019427, 10.710961307057079 ], [ 122.522650748900105, 10.710829216204633 ], [ 122.522791949786736, 10.710710700506239 ], [ 122.522971615946503, 10.710734562955286 ], [ 122.523147967227459, 10.710761269443326 ], [ 122.523241476760006, 10.710839616197894 ], [ 122.523243802816026, 10.7109993030376 ], [ 122.523109910165559, 10.711162970170349 ], [ 122.522986733181071, 10.711310794997141 ], [ 122.522803506468733, 10.711375873005297 ], [ 122.522591450194724, 10.711365637830886 ], [ 122.522516082971066, 10.711334115701032 ], [ 122.522420067662367, 10.711352201482594 ], [ 122.522359227427444, 10.711411366093083 ], [ 122.522350301257219, 10.711559937657263 ], [ 122.522423637489624, 10.711731252769686 ], [ 122.522444780899264, 10.711803360720552 ], [ 122.522611738156698, 10.711828269041369 ], [ 122.522782871217359, 10.711775672878616 ], [ 122.522975417835823, 10.711869381634587 ], [ 122.523144065094499, 10.711936937833171 ], [ 122.523359705942141, 10.712062033215888 ], [ 122.523440825519302, 10.712054753269868 ], [ 122.523525527420773, 10.711988283105022 ], [ 122.523680363723912, 10.712099536873353 ], [ 122.523714860970145, 10.712279436479054 ], [ 122.523717200027932, 10.712464350056235 ], [ 122.52363677666014, 10.7126175279988 ], [ 122.523504954392067, 10.71269985980657 ], [ 122.523470769620104, 10.712807576816482 ], [ 122.523668309735655, 10.712955901336642 ], [ 122.523755480272911, 10.712981728311062 ], [ 122.523919420785845, 10.71303030069395 ], [ 122.524111733700209, 10.713104608381062 ], [ 122.524148772398092, 10.713342550239862 ], [ 122.524066817068601, 10.713540413331749 ], [ 122.524105429737148, 10.713707238627887 ], [ 122.524048224347737, 10.713817474444323 ], [ 122.524067709813053, 10.713897487317046 ], [ 122.52411017795886, 10.714082574459319 ], [ 122.52400832258428, 10.714267437020073 ], [ 122.523895969958673, 10.714330697936493 ], [ 122.52369810901385, 10.714383253028387 ], [ 122.523521764009431, 10.714351260463175 ], [ 122.523355890680037, 10.714456728319188 ], [ 122.523291494108577, 10.714615217415526 ], [ 122.52327150487946, 10.714795612077767 ], [ 122.523141386860772, 10.714889871803193 ], [ 122.522996885994289, 10.715000659084374 ], [ 122.522932497543053, 10.715153861786373 ], [ 122.522857359327404, 10.715344051903212 ], [ 122.522803627668452, 10.715518416453868 ], [ 122.522600217952942, 10.715697833693348 ], [ 122.522511192486519, 10.715753195072558 ], [ 122.522482316628341, 10.715887956941627 ], [ 122.522583751608039, 10.715967410021422 ], [ 122.522818904665655, 10.715994208600799 ], [ 122.52288152562555, 10.716085561025189 ], [ 122.522845243464218, 10.716237420162219 ], [ 122.522752174389254, 10.716339280468196 ], [ 122.522604449547387, 10.716395633787304 ], [ 122.52241759852464, 10.716247325246789 ], [ 122.52233745203317, 10.716226054818376 ], [ 122.522230511251564, 10.716247033023127 ], [ 122.522064551973443, 10.71640536312132 ], [ 122.521874697865314, 10.716518334331882 ], [ 122.52175954565115, 10.716605766217016 ], [ 122.521593526746443, 10.716801100142447 ], [ 122.521497014262778, 10.716985970107688 ], [ 122.52145398492415, 10.717152421639602 ], [ 122.521325400022931, 10.717337241347423 ], [ 122.52118614960861, 10.717506185355349 ], [ 122.521078945891006, 10.717691038422545 ], [ 122.521073321157075, 10.717865477929843 ], [ 122.520998172590197, 10.71806095378582 ], [ 122.520976494705437, 10.718245940762321 ], [ 122.520979756805829, 10.718409284599037 ], [ 122.520949208888624, 10.718594794629217 ], [ 122.521029110342738, 10.718769368105997 ], [ 122.521071594105862, 10.718943882957097 ], [ 122.521060581579235, 10.719144745570645 ], [ 122.521068203617261, 10.719312231301341 ], [ 122.521070713578766, 10.719493658040415 ], [ 122.521075754179961, 10.719683973168841 ], [ 122.521027374520671, 10.719853059362798 ], [ 122.521009711376252, 10.719952565182174 ], [ 122.521346127700426, 10.720321788271887 ], [ 122.522502174013241, 10.719424922899393 ], [ 122.522983266326904, 10.719982071554707 ], [ 122.523670485198068, 10.72089105430063 ], [ 122.521470754018523, 10.722610956325587 ], [ 122.521443705119623, 10.722811793804585 ], [ 122.521448593581866, 10.723097262261176 ], [ 122.521175356442143, 10.723482735023651 ], [ 122.520758645431755, 10.724147703121018 ], [ 122.520516412761111, 10.724385661036727 ], [ 122.519868843992924, 10.724860412257332 ], [ 122.520602848196532, 10.725730647704625 ], [ 122.520715117510747, 10.725843126971169 ], [ 122.521141997237592, 10.725547376710111 ], [ 122.521534610924192, 10.7252257046305 ], [ 122.521690006410111, 10.725483459211944 ], [ 122.521839421591892, 10.725554215718702 ], [ 122.522063665207313, 10.725886536447661 ], [ 122.522230863188852, 10.725792011925432 ], [ 122.522700524649181, 10.726565620867209 ], [ 122.523851057487178, 10.725724707141362 ], [ 122.523312395485974, 10.724976527333084 ], [ 122.524300679474948, 10.724369234969807 ], [ 122.524375968542373, 10.724322970224881 ], [ 122.524987935912705, 10.723876269784926 ], [ 122.525360778979433, 10.724257838128713 ], [ 122.52629747106883, 10.723527040481981 ], [ 122.526688388763063, 10.723244012400375 ], [ 122.526436212326317, 10.722920010458406 ], [ 122.526912369293683, 10.722661718536285 ], [ 122.526706736839301, 10.72242949350559 ], [ 122.5274618625904, 10.721817975706841 ], [ 122.527717984874442, 10.722109119002972 ], [ 122.527929203465007, 10.721937592354848 ], [ 122.526733649293845, 10.720750438800273 ], [ 122.527399240088855, 10.720125350851383 ], [ 122.527801988541626, 10.719722421393588 ], [ 122.528492972468001, 10.72032496631787 ], [ 122.52879492971303, 10.720011100933657 ], [ 122.529160992662966, 10.720426436196176 ], [ 122.529953155392462, 10.719766865801901 ], [ 122.529707806759347, 10.719422877689439 ], [ 122.529248174214032, 10.719644168162604 ], [ 122.528905345174238, 10.719833974691971 ], [ 122.528686566412858, 10.719590466805178 ], [ 122.529223801017068, 10.719149460357146 ], [ 122.52948084142453, 10.7188940625479 ], [ 122.529217410822369, 10.718544593940136 ], [ 122.528700302708131, 10.71810102318925 ], [ 122.52940495447038, 10.717506224121472 ], [ 122.52909657326154, 10.717206969269681 ], [ 122.530169935033356, 10.716264143322611 ], [ 122.530316808464576, 10.71606377220164 ], [ 122.529922328760662, 10.715574767428963 ], [ 122.530608951802634, 10.715011896325008 ], [ 122.530967598737561, 10.714660870448979 ], [ 122.531301602614704, 10.714340030829572 ], [ 122.531741663190388, 10.713987831405577 ], [ 122.53145765493862, 10.713668134318544 ], [ 122.531351384757869, 10.713410740185173 ], [ 122.531329397952675, 10.712974248027136 ], [ 122.531183955350755, 10.712924264564586 ], [ 122.529787078490983, 10.711398009446274 ], [ 122.529971901460598, 10.709981587066068 ], [ 122.529732747841024, 10.709735037358399 ], [ 122.529088326440416, 10.710303444200674 ], [ 122.528750670486374, 10.711031658291768 ], [ 122.528672042440206, 10.710995905562003 ], [ 122.528330852253902, 10.710602056394697 ], [ 122.528226928723356, 10.7104817616171 ], [ 122.52761424088358, 10.709692466490225 ], [ 122.527474816626111, 10.709557956409492 ], [ 122.527396933738586, 10.709379775799343 ], [ 122.527349406990936, 10.709196703553408 ], [ 122.527214993276175, 10.708650444734566 ], [ 122.52717644298238, 10.708469824330519 ], [ 122.527141821672345, 10.708307612298002 ] ] ] ] } },
{ "type": "Feature", "properties": { "psgc": "0603022152", "admin_type": "Barangay", "region": "Region VI (Western Visayas)", "province": "Iloilo", "municity": "Iloilo City", "district": "Mandurriao", "barangay": "Hibao-an Norte", "population": "2167" }, "geometry": { "type": "MultiPolygon", "coordinates": [ [ [ [ 122.525044079726968, 10.738453690591987 ], [ 122.525361296314813, 10.738250932152674 ], [ 122.525205341432482, 10.73794558471884 ], [ 122.525463638641426, 10.737764750868781 ], [ 122.524972878857739, 10.737105841997385 ], [ 122.524287495686664, 10.736137380109572 ], [ 122.524198377700031, 10.73612609042941 ], [ 122.524029810449647, 10.735951717133188 ], [ 122.52356716584714, 10.735253004839864 ], [ 122.522200251644634, 10.733412260381309 ], [ 122.521893457133785, 10.732943815697183 ], [ 122.52143076223723, 10.733260888271968 ], [ 122.521579949198014, 10.733567727885076 ], [ 122.521309425405846, 10.733729642044176 ], [ 122.521255724573493, 10.733687906870754 ], [ 122.521003632227135, 10.733885355319028 ], [ 122.521150769105176, 10.734162266781773 ], [ 122.520685468586848, 10.734660590725928 ], [ 122.520253394834583, 10.734083704775664 ], [ 122.51969669776895, 10.734548024614222 ], [ 122.519590022496061, 10.734399840238858 ], [ 122.519290290709577, 10.734631966000441 ], [ 122.519637104537509, 10.735039557322006 ], [ 122.519241022182825, 10.735350825990187 ], [ 122.519337006220667, 10.735498993653293 ], [ 122.518839371855364, 10.735799529269876 ], [ 122.518364551802421, 10.735212000845154 ], [ 122.517818643672086, 10.735612898448242 ], [ 122.517268986465439, 10.735025250260851 ], [ 122.517841690816965, 10.734582105465874 ], [ 122.517462976831681, 10.734068735760044 ], [ 122.51766635949356, 10.733915754205267 ], [ 122.517111488066973, 10.733248803013998 ], [ 122.517439676351984, 10.733014664278249 ], [ 122.518430622842743, 10.732117228532687 ], [ 122.519042439228258, 10.73162263407173 ], [ 122.518733386304163, 10.731200043803435 ], [ 122.518537329686836, 10.731314900161923 ], [ 122.518291830365825, 10.730953689837081 ], [ 122.517948162732694, 10.731167905623471 ], [ 122.517984620383501, 10.73122685838208 ], [ 122.516958550249541, 10.731958702834129 ], [ 122.516531850127564, 10.731371247958558 ], [ 122.517102466511176, 10.731066840044406 ], [ 122.517278764793389, 10.730945484958729 ], [ 122.517402306396079, 10.731120443777543 ], [ 122.51776624294574, 10.730851416919204 ], [ 122.517803576843718, 10.730904338911108 ], [ 122.518028331036845, 10.730756677032947 ], [ 122.517702957654535, 10.730317400114791 ], [ 122.517660064442666, 10.730330223607584 ], [ 122.517280961866447, 10.73053060201808 ], [ 122.517094080604593, 10.730163097593069 ], [ 122.516625136096422, 10.730161647953718 ], [ 122.516543575698947, 10.730359797196444 ], [ 122.516445454103419, 10.73044271354572 ], [ 122.51635987089044, 10.730367365160602 ], [ 122.516172810723859, 10.730328162302897 ], [ 122.515986489601573, 10.730403166771366 ], [ 122.515957280340103, 10.730454616032061 ], [ 122.515980052512148, 10.730523450254735 ], [ 122.516114368871555, 10.730594445012992 ], [ 122.516193610995032, 10.730687663970565 ], [ 122.516255803143451, 10.730867481292082 ], [ 122.516237397616479, 10.731058989056335 ], [ 122.516091196926965, 10.731210845922556 ], [ 122.51608591005143, 10.731259723289789 ], [ 122.515999931360625, 10.731239982153932 ], [ 122.515892820655395, 10.731209081822147 ], [ 122.515797154197756, 10.731231525226153 ], [ 122.515780116732628, 10.73131113436599 ], [ 122.515808113320475, 10.7314324049983 ], [ 122.515834375560303, 10.731607054518731 ], [ 122.515821437373162, 10.731786609196554 ], [ 122.51584073222908, 10.731966351873265 ], [ 122.515849128152524, 10.732146138222245 ], [ 122.515805657182455, 10.732219431271274 ], [ 122.515698995410972, 10.732269571875303 ], [ 122.515641888521458, 10.73232963374976 ], [ 122.515658681038815, 10.732406420601183 ], [ 122.515729920377282, 10.732486137621422 ], [ 122.515811126127787, 10.732505546656423 ], [ 122.516003765276807, 10.732503091129436 ], [ 122.516174543421656, 10.732558985544111 ], [ 122.516218933924463, 10.732696606146616 ], [ 122.516272763281577, 10.732767221960511 ], [ 122.516323681855994, 10.732892258900032 ], [ 122.516288387709167, 10.73306478424527 ], [ 122.51616823877508, 10.733151041607883 ], [ 122.51609694157537, 10.733119524580045 ], [ 122.516096332554142, 10.733035057629731 ], [ 122.516087382152946, 10.732947448068378 ], [ 122.515997555107049, 10.732918173819648 ], [ 122.515817749752145, 10.733006858873486 ], [ 122.515644707269018, 10.73305014830971 ], [ 122.515443511599983, 10.733069826465215 ], [ 122.515311929482237, 10.73324192919012 ], [ 122.515349943803102, 10.733403486862956 ], [ 122.515435932822541, 10.733460154754122 ], [ 122.515631309809351, 10.733496632793557 ], [ 122.515817723983716, 10.73345192646962 ], [ 122.515910596811878, 10.733463406545484 ], [ 122.515948373516366, 10.733578883849734 ], [ 122.515980147586589, 10.733763954830691 ], [ 122.516121639902806, 10.73387059377564 ], [ 122.516279195959626, 10.733954735538292 ], [ 122.51630565028546, 10.734123939154957 ], [ 122.516272980053756, 10.734238152898392 ], [ 122.516177046162582, 10.734314042380115 ], [ 122.516007937697978, 10.734238462714275 ], [ 122.5157923898322, 10.734170702585233 ], [ 122.515658820400915, 10.73419778236215 ], [ 122.515669199620376, 10.734318523743607 ], [ 122.515798950714199, 10.734496915405057 ], [ 122.51599589130862, 10.734683078486855 ], [ 122.516079941976486, 10.734858377781171 ], [ 122.516138470300177, 10.735027632223826 ], [ 122.516127773328833, 10.73511753411506 ], [ 122.516064223804889, 10.735223443745758 ], [ 122.515908006421981, 10.73539730820154 ], [ 122.515816838421728, 10.735576897966277 ], [ 122.515650830678098, 10.735756369004873 ], [ 122.51559055903104, 10.735860602915453 ], [ 122.515463422819082, 10.735946378594521 ], [ 122.515265529278736, 10.736009500159804 ], [ 122.515068487470643, 10.73610158065614 ], [ 122.514898380545645, 10.736301808040084 ], [ 122.514724832666332, 10.736489694878955 ], [ 122.514681792138745, 10.736658788131722 ], [ 122.514774939616188, 10.736838635703705 ], [ 122.514788070553394, 10.737050143347814 ], [ 122.514723715845335, 10.73717691231626 ], [ 122.514531218641039, 10.737208324137136 ], [ 122.514333384287184, 10.737234441047061 ], [ 122.514173065034456, 10.737332761638836 ], [ 122.514022454715857, 10.737427814483159 ], [ 122.513940616104193, 10.737506712324693 ], [ 122.513851762356737, 10.73754556639161 ], [ 122.513723508170486, 10.737518930666603 ], [ 122.513605816278641, 10.737571606223092 ], [ 122.513581777785561, 10.737660925566271 ], [ 122.513600160559264, 10.737761904033054 ], [ 122.513680863731764, 10.7378037312663 ], [ 122.513682545807043, 10.737862676813487 ], [ 122.513603944275403, 10.737925314007366 ], [ 122.513508981841923, 10.737946779290279 ], [ 122.513412474511455, 10.738121073421773 ], [ 122.513414632548233, 10.738281364627635 ], [ 122.513251782027396, 10.738346564997222 ], [ 122.513081063386124, 10.738153026633903 ], [ 122.512883236885187, 10.738192042134145 ], [ 122.512701216686921, 10.738289100733393 ], [ 122.512700923356988, 10.738468834452707 ], [ 122.512604432653887, 10.738632555728616 ], [ 122.512497492039174, 10.738648243901634 ], [ 122.512947142748374, 10.739390476658919 ], [ 122.513234013521782, 10.739571869029804 ], [ 122.513601257930617, 10.7395678891973 ], [ 122.514892131735138, 10.740294229554253 ], [ 122.516176518508146, 10.741031241935584 ], [ 122.516366730034775, 10.741187691557988 ], [ 122.516443305632194, 10.741237347094097 ], [ 122.517444817628615, 10.740989370158577 ], [ 122.517628564225788, 10.740830627728608 ], [ 122.518911834822433, 10.740472513621809 ], [ 122.520190259103629, 10.740106029145997 ], [ 122.521463716538662, 10.739755509687079 ], [ 122.524563633297589, 10.738906821686317 ], [ 122.525205521379888, 10.738721171324995 ], [ 122.525044079726968, 10.738453690591987 ] ] ] ] } },
{ "type": "Feature", "properties": { "psgc": "0603022049", "admin_type": "Barangay", "region": "Region VI (Western Visayas)", "province": "Iloilo", "municity": "Iloilo City", "district": "Mandurriao", "barangay": "Dungon", "population": "3865" }, "geometry": { "type": "MultiPolygon", "coordinates": [ [ [ [ 122.538793306729971, 10.725085878073141 ], [ 122.538379424893549, 10.725478367453542 ], [ 122.537856012872112, 10.724868114323625 ], [ 122.536266203943612, 10.726277152157822 ], [ 122.53615247958389, 10.726138193489772 ], [ 122.535828699674141, 10.725742569127805 ], [ 122.535496849449814, 10.726016953230909 ], [ 122.534777300722382, 10.726595887440988 ], [ 122.534839398539418, 10.726685751890473 ], [ 122.533562166216242, 10.727680372411047 ], [ 122.532185145077904, 10.728697265108638 ], [ 122.530361797908057, 10.730043737054238 ], [ 122.530072873517611, 10.730209811471891 ], [ 122.529997951890067, 10.730262559309846 ], [ 122.530195248489633, 10.73057475550835 ], [ 122.529975878849328, 10.730701289457917 ], [ 122.530061175666972, 10.730849437558716 ], [ 122.529932756126769, 10.730928534602407 ], [ 122.529596781882063, 10.730420531002553 ], [ 122.528944001010387, 10.730810711929907 ], [ 122.529173270509602, 10.731186393826791 ], [ 122.528820005596785, 10.731431784028343 ], [ 122.528606017441959, 10.731576705811799 ], [ 122.528280585722484, 10.731163870787807 ], [ 122.528087959713829, 10.731279872039382 ], [ 122.527748504710857, 10.730793191250054 ], [ 122.527607581547869, 10.730819220031597 ], [ 122.527195484111232, 10.731125188388772 ], [ 122.527264489963002, 10.731243027219929 ], [ 122.526622564718636, 10.731716367740717 ], [ 122.526698728980108, 10.731816073582207 ], [ 122.526295810691849, 10.732138765948857 ], [ 122.525867035314235, 10.732846466161588 ], [ 122.52603242108421, 10.733018385223984 ], [ 122.525373706652772, 10.733807808225961 ], [ 122.524907406003351, 10.734578884232217 ], [ 122.525161813342621, 10.734963888453088 ], [ 122.524693055975646, 10.735274794713163 ], [ 122.524988463972406, 10.73571028062125 ], [ 122.524662014667669, 10.735937083773562 ], [ 122.524595340765273, 10.73584446953739 ], [ 122.524418772769252, 10.735944634383108 ], [ 122.524342172000132, 10.736021089499097 ], [ 122.524287495686664, 10.736137380109572 ], [ 122.524972878857739, 10.737105841997385 ], [ 122.525463638641426, 10.737764750868781 ], [ 122.525205341432482, 10.73794558471884 ], [ 122.525361296314813, 10.738250932152674 ], [ 122.525044079726968, 10.738453690591987 ], [ 122.525205521379888, 10.738721171324995 ], [ 122.526612124000053, 10.738300451702051 ], [ 122.527725433355258, 10.7380101040811 ], [ 122.528269901500806, 10.737925047552235 ], [ 122.528757243080463, 10.737868872498268 ], [ 122.529531562705046, 10.737797993525303 ], [ 122.529532024442105, 10.737797951258649 ], [ 122.531448226719192, 10.737625805932575 ], [ 122.53156854923121, 10.73772131970307 ], [ 122.532253375127709, 10.737357614598585 ], [ 122.532451110913456, 10.737240824051836 ], [ 122.532621381498515, 10.737063394326107 ], [ 122.53299154910863, 10.737062711654668 ], [ 122.532992111700665, 10.736703243113842 ], [ 122.533350274826546, 10.736703791055758 ], [ 122.533359234908986, 10.736346058943683 ], [ 122.533730390807023, 10.736339616370607 ], [ 122.533721809144623, 10.735989053584627 ], [ 122.53391804394397, 10.73598571990482 ], [ 122.5339172185747, 10.735611507486729 ], [ 122.534068582115438, 10.735436172943974 ], [ 122.53418530773952, 10.735261215194836 ], [ 122.5343150451112, 10.735077079646961 ], [ 122.534380235154089, 10.734920028420843 ], [ 122.534464445897285, 10.734891027129089 ], [ 122.534650543641419, 10.734850567619906 ], [ 122.534717900657, 10.734786739751284 ], [ 122.534815876097497, 10.734536353009151 ], [ 122.534920235579463, 10.73442086137003 ], [ 122.535020809278407, 10.734351024101414 ], [ 122.535325973040116, 10.734165704528763 ], [ 122.535339140546725, 10.734076818085262 ], [ 122.535303769022406, 10.733993818986818 ], [ 122.535323146209677, 10.733873072729402 ], [ 122.535378733327647, 10.733805153326623 ], [ 122.535474183439533, 10.733799433770175 ], [ 122.535553913243916, 10.733686167214234 ], [ 122.535734324852484, 10.733574300034386 ], [ 122.53593233036618, 10.733451284516651 ], [ 122.536042937711983, 10.733352431254476 ], [ 122.536106528648759, 10.733269709235737 ], [ 122.536116444233969, 10.733085131678704 ], [ 122.53617836173089, 10.732973198126301 ], [ 122.536305613517627, 10.732902237962641 ], [ 122.536482066016546, 10.732874365353569 ], [ 122.536544784667299, 10.732791093534885 ], [ 122.536655172351885, 10.732717844728235 ], [ 122.536849403895459, 10.732580157355981 ], [ 122.536941408342486, 10.732500679411205 ], [ 122.537022817139729, 10.732362543930337 ], [ 122.537096836382048, 10.732184798803695 ], [ 122.53720829670641, 10.7320901733854 ], [ 122.537390324116146, 10.731983062847096 ], [ 122.53756605747509, 10.731928931166369 ], [ 122.537743291930255, 10.731826739549888 ], [ 122.537898620825061, 10.731636712356947 ], [ 122.537934514629072, 10.731471154491734 ], [ 122.53802847174704, 10.731385284527461 ], [ 122.53811996980825, 10.731393904337272 ], [ 122.538218789068935, 10.731390979621242 ], [ 122.538303585857321, 10.731346622877387 ], [ 122.538447059801001, 10.731214029563878 ], [ 122.538489281232287, 10.731102017115141 ], [ 122.538657071343223, 10.730920843675174 ], [ 122.538854071616484, 10.730783354801597 ], [ 122.539042749531063, 10.730740078406257 ], [ 122.539218689689534, 10.730722617661328 ], [ 122.539388055960345, 10.730682365572813 ], [ 122.539491175643491, 10.730615006067673 ], [ 122.539582602880287, 10.730485307892875 ], [ 122.539665250186815, 10.730471300153139 ], [ 122.539805344543254, 10.730489160725652 ], [ 122.539938000933702, 10.730474433956223 ], [ 122.540127307224694, 10.730487290363984 ], [ 122.540320043107187, 10.730372976863336 ], [ 122.540497184343053, 10.730239984442493 ], [ 122.540671736414041, 10.730147882567389 ], [ 122.540744588083143, 10.73006371254699 ], [ 122.540849123016898, 10.730038812083187 ], [ 122.54104513826988, 10.730068271194243 ], [ 122.541102948236386, 10.729954806404251 ], [ 122.541106462243889, 10.729831297755398 ], [ 122.541211375877538, 10.729686089358385 ], [ 122.541421823052573, 10.729565347556051 ], [ 122.541605984403304, 10.729567238006654 ], [ 122.541768529702765, 10.7295854502705 ], [ 122.541969966393964, 10.729507819763574 ], [ 122.542155176255122, 10.729410624777781 ], [ 122.542334491670601, 10.729377698896027 ], [ 122.542506273011284, 10.729153502526804 ], [ 122.542678481342563, 10.728983090109054 ], [ 122.542879289753586, 10.72891836729961 ], [ 122.543055054302371, 10.728757938807794 ], [ 122.543167389876956, 10.728613105123232 ], [ 122.543249826368495, 10.728570262388926 ], [ 122.543421511881519, 10.7285617207088 ], [ 122.543614732713621, 10.728518037793211 ], [ 122.543784313597158, 10.728390430919879 ], [ 122.543979568523071, 10.728282457104035 ], [ 122.544162394465275, 10.728201812855502 ], [ 122.544353810484722, 10.728113796301335 ], [ 122.544515412224641, 10.728039488759316 ], [ 122.544651385350562, 10.727906279476713 ], [ 122.544128560663211, 10.727223563081859 ], [ 122.543450362472669, 10.726302800580546 ], [ 122.5433334590128, 10.726315769871016 ], [ 122.542369778374436, 10.726966625398603 ], [ 122.542018698693639, 10.726155210693934 ], [ 122.541730599368648, 10.725790022011633 ], [ 122.541473705318282, 10.72599051665428 ], [ 122.540990568658586, 10.725321609327674 ], [ 122.540835832942932, 10.725136355341721 ], [ 122.540118447896234, 10.724252980859422 ], [ 122.539777664955324, 10.723763571563712 ], [ 122.539392896046365, 10.724129081504618 ], [ 122.539589828716231, 10.724334811969566 ], [ 122.538793306729971, 10.725085878073141 ] ] ] ] } },
{ "type": "Feature", "properties": { "psgc": "0603022127", "admin_type": "Barangay", "region": "Region VI (Western Visayas)", "province": "Iloilo", "municity": "Iloilo City", "district": "Mandurriao", "barangay": "PHHC Block 17", "population": "1787" }, "geometry": { "type": "MultiPolygon", "coordinates": [ [ [ [ 122.538902642886072, 10.722351547629502 ], [ 122.539235175174682, 10.722760317420882 ], [ 122.539630466131257, 10.723313710509393 ], [ 122.539545797478922, 10.723497864382052 ], [ 122.539777664955324, 10.723763571563712 ], [ 122.540118447896234, 10.724252980859422 ], [ 122.540835832942932, 10.725136355341721 ], [ 122.540990568658586, 10.725321609327674 ], [ 122.541473705318282, 10.72599051665428 ], [ 122.541730599368648, 10.725790022011633 ], [ 122.542018698693639, 10.726155210693934 ], [ 122.542369778374436, 10.726966625398603 ], [ 122.5433334590128, 10.726315769871016 ], [ 122.543450362472669, 10.726302800580546 ], [ 122.544128560663211, 10.727223563081859 ], [ 122.544651385350562, 10.727906279476713 ], [ 122.544770430113374, 10.727672683866277 ], [ 122.544891501377762, 10.727499329113096 ], [ 122.544945994544534, 10.72741992537361 ], [ 122.545057443853992, 10.727375137064831 ], [ 122.545171081365794, 10.727416206285266 ], [ 122.545260970363515, 10.727410811039862 ], [ 122.545431762978737, 10.727327293939867 ], [ 122.545613724039555, 10.727198250115499 ], [ 122.545791483311149, 10.727125723690333 ], [ 122.545972544897523, 10.727027908678426 ], [ 122.546008881267966, 10.7269536269037 ], [ 122.545986609460954, 10.726760111434483 ], [ 122.546016502689781, 10.726622560365115 ], [ 122.54609584152476, 10.726564191487947 ], [ 122.545702700273551, 10.72572639806746 ], [ 122.545109727969489, 10.72483000952244 ], [ 122.544516524372071, 10.725299956978711 ], [ 122.543863303092024, 10.725792858737119 ], [ 122.543374739851743, 10.725208817474064 ], [ 122.543082505373306, 10.724807953012137 ], [ 122.542157412796954, 10.723433959728954 ], [ 122.541830953130756, 10.722988063349142 ], [ 122.541763731501533, 10.723033745294165 ], [ 122.541433224630183, 10.72259612503721 ], [ 122.540837547756254, 10.723050895318298 ], [ 122.539820398343522, 10.721674032124355 ], [ 122.539501924942499, 10.721889417370436 ], [ 122.538813827931662, 10.720993221451581 ], [ 122.538562771143546, 10.720663912784675 ], [ 122.538141269872568, 10.720153145604375 ], [ 122.537477578373185, 10.720551170000094 ], [ 122.538902642886072, 10.722351547629502 ] ] ] ] } },
{ "type": "Feature", "properties": { "psgc": "0603022051", "admin_type": "Barangay", "region": "Region VI (Western Visayas)", "province": "Iloilo", "municity": "Iloilo City", "district": "Jaro", "barangay": "Dungon B", "population": "3076" }, "geometry": { "type": "MultiPolygon", "coordinates": [ [ [ [ 122.544878537189135, 10.732089884450644 ], [ 122.545054931039317, 10.731897402900888 ], [ 122.545260615090697, 10.731704368142292 ], [ 122.545453564111156, 10.731579575361847 ], [ 122.545617021172575, 10.731506911844885 ], [ 122.545616830734801, 10.732745143698738 ], [ 122.54561642411015, 10.732863529129078 ], [ 122.546453130918579, 10.733782092629236 ], [ 122.546747610374311, 10.733544560190836 ], [ 122.546770523247446, 10.733105746623512 ], [ 122.546818077014947, 10.732920654312336 ], [ 122.54696647676306, 10.732560187203404 ], [ 122.546410678043003, 10.7317170453821 ], [ 122.546319954564538, 10.73168242486145 ], [ 122.546232552290718, 10.731466277698322 ], [ 122.546329425322753, 10.731449009211307 ], [ 122.546511562897805, 10.731299311792929 ], [ 122.546699020217403, 10.73112121799832 ], [ 122.546893980119236, 10.730919951983001 ], [ 122.547083902548962, 10.730744837322215 ], [ 122.547171489949378, 10.730553710469177 ], [ 122.547140859323761, 10.73038374348058 ], [ 122.547063297163291, 10.730228801471608 ], [ 122.547066184761789, 10.730036765153267 ], [ 122.547112435571592, 10.729839135638688 ], [ 122.547175333145887, 10.729658910053184 ], [ 122.547202959655934, 10.729491811182191 ], [ 122.547131955962257, 10.729302537484749 ], [ 122.547078018405188, 10.729117117377724 ], [ 122.546820876327274, 10.728940338890176 ], [ 122.54670672435681, 10.728777163894479 ], [ 122.546696107438095, 10.728570901586716 ], [ 122.546716735220684, 10.728396629544489 ], [ 122.546689539237605, 10.728202421892044 ], [ 122.546533957203692, 10.728040482930117 ], [ 122.546331290260099, 10.727861854892964 ], [ 122.546143092465599, 10.727685515801078 ], [ 122.546075696383099, 10.727511063217287 ], [ 122.546033187130249, 10.72732964630174 ], [ 122.546021674446322, 10.727147677980673 ], [ 122.545972544897523, 10.727027908678426 ], [ 122.545791483311149, 10.727125723690333 ], [ 122.545613724039555, 10.727198250115499 ], [ 122.545431762978737, 10.727327293939867 ], [ 122.545260970363515, 10.727410811039862 ], [ 122.545171081365794, 10.727416206285266 ], [ 122.545057443853992, 10.727375137064831 ], [ 122.544945994544534, 10.72741992537361 ], [ 122.544891501377762, 10.727499329113096 ], [ 122.544770430113374, 10.727672683866277 ], [ 122.544651385350562, 10.727906279476713 ], [ 122.544515412224641, 10.728039488759316 ], [ 122.544353810484722, 10.728113796301335 ], [ 122.544162394465275, 10.728201812855502 ], [ 122.543979568523071, 10.728282457104035 ], [ 122.543784313597158, 10.728390430919879 ], [ 122.543614732713621, 10.728518037793211 ], [ 122.543421511881519, 10.7285617207088 ], [ 122.543249826368495, 10.728570262388926 ], [ 122.543167389876956, 10.728613105123232 ], [ 122.543055054302371, 10.728757938807794 ], [ 122.542879289753586, 10.72891836729961 ], [ 122.542678481342563, 10.728983090109054 ], [ 122.542506273011284, 10.729153502526804 ], [ 122.542334491670601, 10.729377698896027 ], [ 122.542155176255122, 10.729410624777781 ], [ 122.541969966393964, 10.729507819763574 ], [ 122.541768529702765, 10.7295854502705 ], [ 122.541605984403304, 10.729567238006654 ], [ 122.541421823052573, 10.729565347556051 ], [ 122.541211375877538, 10.729686089358385 ], [ 122.541106462243889, 10.729831297755398 ], [ 122.541102948236386, 10.729954806404251 ], [ 122.54104513826988, 10.730068271194243 ], [ 122.540849123016898, 10.730038812083187 ], [ 122.540744588083143, 10.73006371254699 ], [ 122.540671736414041, 10.730147882567389 ], [ 122.540497184343053, 10.730239984442493 ], [ 122.540320043107187, 10.730372976863336 ], [ 122.540127307224694, 10.730487290363984 ], [ 122.539938000933702, 10.730474433956223 ], [ 122.539805344543254, 10.730489160725652 ], [ 122.539665250186815, 10.730471300153139 ], [ 122.540949853873485, 10.73254423109665 ], [ 122.541080244774065, 10.732832754577229 ], [ 122.541253270664114, 10.733078221235639 ], [ 122.541549718494025, 10.733557946629736 ], [ 122.542143883203508, 10.734375809795814 ], [ 122.542313223367827, 10.734341749698276 ], [ 122.542503765293986, 10.734309389880176 ], [ 122.542695578675165, 10.734272292640314 ], [ 122.542875313297614, 10.734159222578635 ], [ 122.543055432712947, 10.733989099947705 ], [ 122.543278004524808, 10.733815672284454 ], [ 122.543481908854091, 10.733637119831531 ], [ 122.543611614868084, 10.73345333858834 ], [ 122.543669262206166, 10.733265737963423 ], [ 122.5437992394221, 10.733098804681644 ], [ 122.544003160703824, 10.732983358499018 ], [ 122.544171027950881, 10.732914066770991 ], [ 122.544243281968733, 10.732828668592807 ], [ 122.544211123596938, 10.73273710281018 ], [ 122.544085325849608, 10.732551726333821 ], [ 122.544048140019939, 10.732408657711828 ], [ 122.544146385950555, 10.732354175635763 ], [ 122.544341823228947, 10.732321653770828 ], [ 122.544524489966292, 10.732283099863182 ], [ 122.544707665455363, 10.732230410820661 ], [ 122.544878537189135, 10.732089884450644 ] ] ] ] } },
{ "type": "Feature", "properties": { "psgc": "0603022144", "admin_type": "Barangay", "region": "Region VI (Western Visayas)", "province": "Iloilo", "municity": "Iloilo City", "district": "Jaro", "barangay": "Sambag", "population": "5876" }, "geometry": { "type": "MultiPolygon", "coordinates": [ [ [ [ 122.537021614684946, 10.746107532077623 ], [ 122.537122384529809, 10.746038388011433 ], [ 122.537081072248768, 10.74592417697913 ], [ 122.537073160058071, 10.745820080826682 ], [ 122.537188941956572, 10.74575659083516 ], [ 122.537394947024112, 10.745556603458603 ], [ 122.537480490301476, 10.745365241501375 ], [ 122.537551438763643, 10.745205203305206 ], [ 122.53771331296366, 10.745005317560821 ], [ 122.537554617405675, 10.744842323546154 ], [ 122.537441190450622, 10.744671866950947 ], [ 122.537484942167708, 10.744455316967196 ], [ 122.53758632690861, 10.744204142877114 ], [ 122.537693614079814, 10.743918949856925 ], [ 122.537848634719737, 10.743740314968793 ], [ 122.538055665673411, 10.74355347976592 ], [ 122.53821840791575, 10.743338250370476 ], [ 122.538474631759385, 10.743581808871062 ], [ 122.539192973652078, 10.743887436257546 ], [ 122.539618042302976, 10.743972081870632 ], [ 122.540809678602415, 10.744291058127819 ], [ 122.540971006723936, 10.743672801896432 ], [ 122.542181337711838, 10.743673211102788 ], [ 122.542352014797459, 10.743574599434959 ], [ 122.542270857985542, 10.743389506637937 ], [ 122.542213274954861, 10.743226426236733 ], [ 122.542157775288899, 10.743032546830085 ], [ 122.542090037780753, 10.742857871225073 ], [ 122.542030178527966, 10.742675324231596 ], [ 122.541983891101339, 10.742497392160901 ], [ 122.541935975309059, 10.742313200330042 ], [ 122.541881435271492, 10.742135089935235 ], [ 122.541819596595047, 10.741896203669981 ], [ 122.541788488011363, 10.741750605723665 ], [ 122.541789052594751, 10.741583262304578 ], [ 122.541818425338889, 10.741401864716206 ], [ 122.541926687452232, 10.741217276677423 ], [ 122.541997268163598, 10.741044784332205 ], [ 122.542037283127883, 10.740871255161654 ], [ 122.542147317998555, 10.740678076483848 ], [ 122.542376802004, 10.740489614060314 ], [ 122.542518491876621, 10.740425882090783 ], [ 122.542672228453071, 10.740449880256426 ], [ 122.542861066617348, 10.740507360928275 ], [ 122.543046266175324, 10.740547334786433 ], [ 122.543239047142507, 10.74057814891299 ], [ 122.543421310788972, 10.740596602747008 ], [ 122.543603203950227, 10.740615300894966 ], [ 122.543769631048747, 10.740597642121282 ], [ 122.543967201182241, 10.740585221502347 ], [ 122.544150920088626, 10.740566907920021 ], [ 122.544327667234342, 10.740550953778511 ], [ 122.544489437672027, 10.740516099427863 ], [ 122.544692541545658, 10.740453838730721 ], [ 122.544881085700624, 10.740382088223413 ], [ 122.545050969038684, 10.740320699522764 ], [ 122.545237853454609, 10.74020877756589 ], [ 122.545424200153235, 10.740095013282289 ], [ 122.54560262389262, 10.739958197605828 ], [ 122.545775340467912, 10.739785694778446 ], [ 122.545831802692447, 10.739619434279081 ], [ 122.545837756036207, 10.73942568434928 ], [ 122.545773953543915, 10.739249544552338 ], [ 122.545774484970281, 10.739085033364988 ], [ 122.545773192620643, 10.738882836916284 ], [ 122.545809689140611, 10.738703085237756 ], [ 122.545843320245865, 10.738518352945949 ], [ 122.545853030437684, 10.738353969344297 ], [ 122.545821581767044, 10.738158934178729 ], [ 122.545819899315845, 10.737976358979866 ], [ 122.545879933640833, 10.737808619357011 ], [ 122.545490100089964, 10.737404271832908 ], [ 122.545539766908121, 10.737344052330956 ], [ 122.545406662593336, 10.737202311339098 ], [ 122.545068624694295, 10.736842336988284 ], [ 122.545359311139109, 10.736590799560467 ], [ 122.544854516972336, 10.735988994993773 ], [ 122.544690828021928, 10.735840549818278 ], [ 122.544522532472158, 10.735743459213559 ], [ 122.544332600926438, 10.735618394668048 ], [ 122.544152680914408, 10.735437180580458 ], [ 122.543620376599662, 10.734871330988708 ], [ 122.54342508101854, 10.734748101307991 ], [ 122.543201997206609, 10.734925840553208 ], [ 122.542881505454105, 10.734625916534906 ], [ 122.542684924877761, 10.73462137828321 ], [ 122.542516192762463, 10.734675081934222 ], [ 122.542086032058506, 10.734955391074598 ], [ 122.542046598550272, 10.734718914072671 ], [ 122.542024076544777, 10.734541675244266 ], [ 122.542143883203508, 10.734375809795814 ], [ 122.541549718494025, 10.733557946629736 ], [ 122.541253270664114, 10.733078221235639 ], [ 122.541080244774065, 10.732832754577229 ], [ 122.540949853873485, 10.73254423109665 ], [ 122.539665250186815, 10.730471300153139 ], [ 122.539582602880287, 10.730485307892875 ], [ 122.539491175643491, 10.730615006067673 ], [ 122.539388055960345, 10.730682365572813 ], [ 122.539218689689534, 10.730722617661328 ], [ 122.539042749531063, 10.730740078406257 ], [ 122.538854071616484, 10.730783354801597 ], [ 122.538657071343223, 10.730920843675174 ], [ 122.538489281232287, 10.731102017115141 ], [ 122.538447059801001, 10.731214029563878 ], [ 122.538303585857321, 10.731346622877387 ], [ 122.538218789068935, 10.731390979621242 ], [ 122.53811996980825, 10.731393904337272 ], [ 122.53802847174704, 10.731385284527461 ], [ 122.537934514629072, 10.731471154491734 ], [ 122.537898620825061, 10.731636712356947 ], [ 122.537743291930255, 10.731826739549888 ], [ 122.53756605747509, 10.731928931166369 ], [ 122.537390324116146, 10.731983062847096 ], [ 122.53720829670641, 10.7320901733854 ], [ 122.537096836382048, 10.732184798803695 ], [ 122.537022817139729, 10.732362543930337 ], [ 122.536941408342486, 10.732500679411205 ], [ 122.536849403895459, 10.732580157355981 ], [ 122.536655172351885, 10.732717844728235 ], [ 122.536544784667299, 10.732791093534885 ], [ 122.536482066016546, 10.732874365353569 ], [ 122.536305613517627, 10.732902237962641 ], [ 122.53617836173089, 10.732973198126301 ], [ 122.536116444233969, 10.733085131678704 ], [ 122.536106528648759, 10.733269709235737 ], [ 122.536042937711983, 10.733352431254476 ], [ 122.53593233036618, 10.733451284516651 ], [ 122.535734324852484, 10.733574300034386 ], [ 122.535553913243916, 10.733686167214234 ], [ 122.535474183439533, 10.733799433770175 ], [ 122.535378733327647, 10.733805153326623 ], [ 122.535323146209677, 10.733873072729402 ], [ 122.535303769022406, 10.733993818986818 ], [ 122.535339140546725, 10.734076818085262 ], [ 122.535325973040116, 10.734165704528763 ], [ 122.535020809278407, 10.734351024101414 ], [ 122.534920235579463, 10.73442086137003 ], [ 122.534815876097497, 10.734536353009151 ], [ 122.534717900657, 10.734786739751284 ], [ 122.534650543641419, 10.734850567619906 ], [ 122.534464445897285, 10.734891027129089 ], [ 122.534380235154089, 10.734920028420843 ], [ 122.5343150451112, 10.735077079646961 ], [ 122.53418530773952, 10.735261215194836 ], [ 122.534068582115438, 10.735436172943974 ], [ 122.5339172185747, 10.735611507486729 ], [ 122.53391804394397, 10.73598571990482 ], [ 122.533721809144623, 10.735989053584627 ], [ 122.533730390807023, 10.736339616370607 ], [ 122.533359234908986, 10.736346058943683 ], [ 122.533350274826546, 10.736703791055758 ], [ 122.532992111700665, 10.736703243113842 ], [ 122.53299154910863, 10.737062711654668 ], [ 122.532621381498515, 10.737063394326107 ], [ 122.532451110913456, 10.737240824051836 ], [ 122.532253375127709, 10.737357614598585 ], [ 122.532803115397414, 10.737759839142258 ], [ 122.535747375653145, 10.743570707433051 ], [ 122.537021614684946, 10.746107532077623 ] ] ] ] } },
{ "type": "Feature", "properties": { "psgc": "0603022187", "admin_type": "Barangay", "region": "Region VI (Western Visayas)", "province": "Iloilo", "municity": "Iloilo City", "district": "Jaro", "barangay": "Ungka", "population": "3323" }, "geometry": { "type": "MultiPolygon", "coordinates": [ [ [ [ 122.537122384529809, 10.746038388011433 ], [ 122.537198497021919, 10.746043297346844 ], [ 122.53736886026492, 10.74613680252147 ], [ 122.537528311438322, 10.746304216098023 ], [ 122.53768482073437, 10.746482231468788 ], [ 122.537817693548348, 10.74664159035026 ], [ 122.537724879571456, 10.746759832717331 ], [ 122.537547378833324, 10.746757416929718 ], [ 122.537459533054104, 10.746821281507485 ], [ 122.53744828525646, 10.746989926780289 ], [ 122.537506786748438, 10.747181742723772 ], [ 122.537549184831818, 10.747423557662129 ], [ 122.537456424613751, 10.747549364189668 ], [ 122.537363765668204, 10.747728231098144 ], [ 122.537227695402137, 10.747925035066038 ], [ 122.537171870027905, 10.748088173318052 ], [ 122.537074702927669, 10.748272294894669 ], [ 122.536991616998833, 10.74844825610319 ], [ 122.537052476867899, 10.748649413865152 ], [ 122.537188825247895, 10.748829170214689 ], [ 122.537352882128928, 10.748917240188485 ], [ 122.537536048491944, 10.748998859339508 ], [ 122.537733462779585, 10.749247615599025 ], [ 122.538038230675312, 10.749216359851305 ], [ 122.538155743085198, 10.749279973732216 ], [ 122.538396638093261, 10.749068886137531 ], [ 122.539001040086291, 10.748868921065093 ], [ 122.539855445129646, 10.748928878832105 ], [ 122.539816204001824, 10.748635089490724 ], [ 122.539810209723996, 10.748460122740832 ], [ 122.539845659997042, 10.748290322547758 ], [ 122.539932549865924, 10.748101326717912 ], [ 122.540038647937166, 10.747916576023709 ], [ 122.540159997906059, 10.74777101559445 ], [ 122.540322922016074, 10.747637410933738 ], [ 122.540485179447884, 10.747495575434341 ], [ 122.540645826711767, 10.747386669912288 ], [ 122.540845495322003, 10.747303500674274 ], [ 122.541031977572956, 10.747269842320957 ], [ 122.541212278359083, 10.747244100618593 ], [ 122.541399602225411, 10.747231585105901 ], [ 122.541574529628306, 10.747227067166982 ], [ 122.541762010210022, 10.747239159278609 ], [ 122.541968439286691, 10.74724075722483 ], [ 122.542119353340354, 10.74725318213761 ], [ 122.542295115076342, 10.747267652692821 ], [ 122.542494368276039, 10.747280506226797 ], [ 122.542667250118285, 10.747309207935904 ], [ 122.542860660825085, 10.747354717118725 ], [ 122.543026543627477, 10.747393748930488 ], [ 122.543221570747178, 10.747436124985217 ], [ 122.543408252312176, 10.747476687568998 ], [ 122.543584586503172, 10.747504168190604 ], [ 122.543770082676716, 10.747535147079549 ], [ 122.543945025229775, 10.747563411702354 ], [ 122.544135185146473, 10.747583667962433 ], [ 122.544316482518752, 10.747561609098556 ], [ 122.54451033976747, 10.747512290031189 ], [ 122.544691945516064, 10.747374011326503 ], [ 122.544787669959149, 10.747204418327804 ], [ 122.54481923295549, 10.747024229906353 ], [ 122.544860965723188, 10.746845263403218 ], [ 122.544864387044655, 10.746662362107447 ], [ 122.544803116734855, 10.746485382814004 ], [ 122.544641465519845, 10.746302512574216 ], [ 122.544575476855101, 10.746134685616047 ], [ 122.544383183971462, 10.745929382343133 ], [ 122.544147627997773, 10.745761144158035 ], [ 122.543908547242367, 10.745580257611016 ], [ 122.54370285676471, 10.745391631786116 ], [ 122.543500197813486, 10.745221105100482 ], [ 122.543300880189705, 10.745023289838075 ], [ 122.543140962669668, 10.744848665722694 ], [ 122.542992030611401, 10.744676057257964 ], [ 122.542840360880305, 10.744498109488168 ], [ 122.542711510918977, 10.744308052574201 ], [ 122.542608455919677, 10.744130505430281 ], [ 122.54249533881719, 10.743940825388515 ], [ 122.542421294674, 10.743764842650645 ], [ 122.542352014797459, 10.743574599434959 ], [ 122.542181337711838, 10.743673211102788 ], [ 122.540971006723936, 10.743672801896432 ], [ 122.540809678602415, 10.744291058127819 ], [ 122.539618042302976, 10.743972081870632 ], [ 122.539192973652078, 10.743887436257546 ], [ 122.538474631759385, 10.743581808871062 ], [ 122.53821840791575, 10.743338250370476 ], [ 122.538055665673411, 10.74355347976592 ], [ 122.537848634719737, 10.743740314968793 ], [ 122.537693614079814, 10.743918949856925 ], [ 122.53758632690861, 10.744204142877114 ], [ 122.537484942167708, 10.744455316967196 ], [ 122.537441190450622, 10.744671866950947 ], [ 122.537554617405675, 10.744842323546154 ], [ 122.53771331296366, 10.745005317560821 ], [ 122.537551438763643, 10.745205203305206 ], [ 122.537480490301476, 10.745365241501375 ], [ 122.537394947024112, 10.745556603458603 ], [ 122.537188941956572, 10.74575659083516 ], [ 122.537073160058071, 10.745820080826682 ], [ 122.537081072248768, 10.74592417697913 ], [ 122.537122384529809, 10.746038388011433 ] ] ] ] } },
{ "type": "Feature", "properties": { "psgc": "0603022050", "admin_type": "Barangay", "region": "Region VI (Western Visayas)", "province": "Iloilo", "municity": "Iloilo City", "district": "Jaro", "barangay": "Dungon A", "population": "1120" }, "geometry": { "type": "MultiPolygon", "coordinates": [ [ [ [ 122.546533957203692, 10.728040482930117 ], [ 122.546689539237605, 10.728202421892044 ], [ 122.546716735220684, 10.728396629544489 ], [ 122.546696107438095, 10.728570901586716 ], [ 122.54670672435681, 10.728777163894479 ], [ 122.546820876327274, 10.728940338890176 ], [ 122.547078018405188, 10.729117117377724 ], [ 122.547131955962257, 10.729302537484749 ], [ 122.547202959655934, 10.729491811182191 ], [ 122.547175333145887, 10.729658910053184 ], [ 122.547112435571592, 10.729839135638688 ], [ 122.547066184761789, 10.730036765153267 ], [ 122.547063297163291, 10.730228801471608 ], [ 122.547140859323761, 10.73038374348058 ], [ 122.547171489949378, 10.730553710469177 ], [ 122.547083902548962, 10.730744837322215 ], [ 122.546893980119236, 10.730919951983001 ], [ 122.546699020217403, 10.73112121799832 ], [ 122.546511562897805, 10.731299311792929 ], [ 122.546329425322753, 10.731449009211307 ], [ 122.546232552290718, 10.731466277698322 ], [ 122.546319954564538, 10.73168242486145 ], [ 122.546410678043003, 10.7317170453821 ], [ 122.54696647676306, 10.732560187203404 ], [ 122.547115365866887, 10.732447005355723 ], [ 122.547468220847151, 10.732144443756896 ], [ 122.547960299776548, 10.732648510115403 ], [ 122.548921460358542, 10.731836932432751 ], [ 122.549658970457671, 10.731251169533111 ], [ 122.549757346368878, 10.731349924463869 ], [ 122.550175966262401, 10.731034133628123 ], [ 122.550538922677561, 10.730760332177157 ], [ 122.550763717005751, 10.730441254493142 ], [ 122.550937708310855, 10.730241078718983 ], [ 122.551261929775634, 10.729914511768115 ], [ 122.551671514978693, 10.729528143325613 ], [ 122.551038395088526, 10.728810106769719 ], [ 122.552044060513339, 10.728071477491637 ], [ 122.551928713010923, 10.727952939514831 ], [ 122.551616129307192, 10.72763937794479 ], [ 122.550934993251943, 10.726756514253298 ], [ 122.550720598762766, 10.726911284039842 ], [ 122.550658323335938, 10.726815387047274 ], [ 122.551219011140361, 10.726380022668197 ], [ 122.550933469688829, 10.726056912602736 ], [ 122.550792673025256, 10.725986694378774 ], [ 122.550204981481144, 10.725357760483602 ], [ 122.549989871968577, 10.725134765007192 ], [ 122.550080192044462, 10.725068988384342 ], [ 122.54997244156155, 10.724983315165561 ], [ 122.54975052672458, 10.72487346198133 ], [ 122.549643815238454, 10.724837950508176 ], [ 122.549450971514929, 10.724761621601044 ], [ 122.549326410350503, 10.724620687807674 ], [ 122.549251300356644, 10.724426374627905 ], [ 122.549210759674182, 10.724237973860665 ], [ 122.549164766997819, 10.724024236310127 ], [ 122.549078730106132, 10.724064441837319 ], [ 122.548912884375298, 10.724128046630121 ], [ 122.548724303618826, 10.7242745714025 ], [ 122.548544767642397, 10.724428020798156 ], [ 122.548360288853743, 10.72459692632035 ], [ 122.54823099426909, 10.724785379115175 ], [ 122.548161532642141, 10.724962190049256 ], [ 122.548099564406712, 10.725152000267023 ], [ 122.547992336208381, 10.725351098633077 ], [ 122.54781567794268, 10.725506990621144 ], [ 122.547622160541493, 10.725651474742818 ], [ 122.547433220835103, 10.725777255364568 ], [ 122.547254032418294, 10.725971368661767 ], [ 122.547087692499161, 10.72610368982553 ], [ 122.546900360403725, 10.726233544283906 ], [ 122.546724292027136, 10.726337656974865 ], [ 122.546522557175706, 10.726417200007557 ], [ 122.546336592115239, 10.726432391201707 ], [ 122.546176894859599, 10.726479323722794 ], [ 122.54609584152476, 10.726564191487947 ], [ 122.546016502689781, 10.726622560365115 ], [ 122.545986609460954, 10.726760111434483 ], [ 122.546008881267966, 10.7269536269037 ], [ 122.545972544897523, 10.727027908678426 ], [ 122.546021674446322, 10.727147677980673 ], [ 122.546033187130249, 10.72732964630174 ], [ 122.546075696383099, 10.727511063217287 ], [ 122.546143092465599, 10.727685515801078 ], [ 122.546331290260099, 10.727861854892964 ], [ 122.546533957203692, 10.728040482930117 ] ] ] ] } },
{ "type": "Feature", "properties": { "psgc": "0603022026", "admin_type": "Barangay", "region": "Region VI (Western Visayas)", "province": "Iloilo", "municity": "Iloilo City", "district": "Jaro", "barangay": "Buntatala", "population": "4558" }, "geometry": { "type": "MultiPolygon", "coordinates": [ [ [ [ 122.57414704150608, 10.773585727448769 ], [ 122.573775446498885, 10.773151870561605 ], [ 122.57336501986947, 10.773435967085577 ], [ 122.572574421483992, 10.772216405329646 ], [ 122.571163111204683, 10.773191479212541 ], [ 122.575190544247405, 10.778541743982746 ], [ 122.577606976434652, 10.776341354478202 ], [ 122.577733196272916, 10.776066686626482 ], [ 122.577909952714123, 10.775806825816343 ], [ 122.578101448834872, 10.775534760186749 ], [ 122.578526992406353, 10.774902598339764 ], [ 122.579024818313613, 10.774175219799391 ], [ 122.579144952186397, 10.773995791081024 ], [ 122.579236804538326, 10.77385138315052 ], [ 122.579631872782727, 10.773352278027065 ], [ 122.579783248566244, 10.773103268467802 ], [ 122.579930273817098, 10.773048049425503 ], [ 122.580143225648385, 10.773040633180896 ], [ 122.580456958048856, 10.773042464098403 ], [ 122.580676301841436, 10.77289724950133 ], [ 122.580837477382943, 10.772660562428028 ], [ 122.580996039883019, 10.772379534014773 ], [ 122.581281505976307, 10.772282273028113 ], [ 122.581668122259487, 10.772284173564545 ], [ 122.581753106831385, 10.772278333410544 ], [ 122.582198126625769, 10.77222073289591 ], [ 122.582672950018136, 10.772038632786877 ], [ 122.582864358072555, 10.771961285524453 ], [ 122.583114280975494, 10.772212901824556 ], [ 122.58338664990832, 10.772492014759434 ], [ 122.583578032775392, 10.77262962620398 ], [ 122.583689330077831, 10.772694134831573 ], [ 122.584128346638593, 10.772916012278246 ], [ 122.584506026762824, 10.773016720839921 ], [ 122.584669274085158, 10.773046723152861 ], [ 122.585119567831427, 10.773048622466806 ], [ 122.585407208011119, 10.772994385096666 ], [ 122.585610415488176, 10.772943921090878 ], [ 122.58632560628925, 10.77257053611452 ], [ 122.586407576276557, 10.772552131989645 ], [ 122.586834759454817, 10.772873869238309 ], [ 122.587015667535027, 10.77305123399448 ], [ 122.587104891169318, 10.773102455540494 ], [ 122.587249148024057, 10.773179413766853 ], [ 122.587317132569197, 10.773120841911643 ], [ 122.587333229382494, 10.772884738197124 ], [ 122.58730122129073, 10.772505703221524 ], [ 122.587251047772654, 10.772213711676139 ], [ 122.587214343434567, 10.772101369146236 ], [ 122.587256604532911, 10.771798473189719 ], [ 122.587382289049529, 10.771538634427655 ], [ 122.587698693383231, 10.771429911744111 ], [ 122.587758676275641, 10.771293181896965 ], [ 122.587957975200425, 10.770903973944723 ], [ 122.588162281821795, 10.770628098602444 ], [ 122.588285970468121, 10.770475080277619 ], [ 122.588321816250414, 10.770408369968715 ], [ 122.588296150387023, 10.770230286185615 ], [ 122.588147446184777, 10.770081907175294 ], [ 122.587856503935129, 10.770033399176898 ], [ 122.587466562170889, 10.770109920756067 ], [ 122.587246202652111, 10.770156839009465 ], [ 122.586944617606321, 10.770156403981096 ], [ 122.586722388498259, 10.769912139607479 ], [ 122.58656565797564, 10.769685446470938 ], [ 122.586730803790857, 10.769503505790226 ], [ 122.589394121432406, 10.766526084417077 ], [ 122.592119375383817, 10.763502386126452 ], [ 122.592360489929391, 10.763231162677176 ], [ 122.591934745895429, 10.76276608549836 ], [ 122.591042475993703, 10.763571460305705 ], [ 122.589909342289573, 10.762259734217551 ], [ 122.589491531905693, 10.762451493038858 ], [ 122.588851355231483, 10.761462080816592 ], [ 122.587941470145552, 10.762093934986174 ], [ 122.588471215000013, 10.76288028159593 ], [ 122.586678766334018, 10.764218770334709 ], [ 122.587049664040933, 10.764515575108254 ], [ 122.584177599312113, 10.766343862824108 ], [ 122.583716688678408, 10.765620255931339 ], [ 122.583172208108564, 10.766173344823843 ], [ 122.583376325875108, 10.766377741417275 ], [ 122.583492283658529, 10.766587291701651 ], [ 122.583470550061648, 10.76691395897118 ], [ 122.583440801992325, 10.767114867599597 ], [ 122.581930878858074, 10.768264403753133 ], [ 122.581882608854642, 10.768177290944596 ], [ 122.580169992169189, 10.76876727216175 ], [ 122.580544115595913, 10.769186559559369 ], [ 122.580656270372145, 10.769255636783276 ], [ 122.58044019005348, 10.76939208571576 ], [ 122.580178250623078, 10.769569176795683 ], [ 122.579806593264081, 10.769808213614574 ], [ 122.579580876451914, 10.769964932917988 ], [ 122.579326571881538, 10.770121623198721 ], [ 122.579105938797284, 10.770272668861951 ], [ 122.578879157716287, 10.770417457754947 ], [ 122.578645565212653, 10.770589013631481 ], [ 122.57841633931028, 10.770738007690142 ], [ 122.578216874691833, 10.77088131997737 ], [ 122.577996195989854, 10.771040040353922 ], [ 122.57777573063818, 10.771178112375255 ], [ 122.577550899745503, 10.771344375538847 ], [ 122.577247616501708, 10.771519753920732 ], [ 122.576344510831134, 10.771997631714404 ], [ 122.576108358514958, 10.772191785673551 ], [ 122.575827570482346, 10.772468504629034 ], [ 122.57414704150608, 10.773585727448769 ] ] ] ] } },
{ "type": "Feature", "properties": { "psgc": "0603022179", "admin_type": "Barangay", "region": "Region VI (Western Visayas)", "province": "Iloilo", "municity": "Iloilo City", "district": "Jaro", "barangay": "Tagbac", "population": "5329" }, "geometry": { "type": "MultiPolygon", "coordinates": [ [ [ [ 122.567020644445222, 10.774903226761801 ], [ 122.566481945881023, 10.775102611063749 ], [ 122.567050957565911, 10.776113838374529 ], [ 122.571023832776859, 10.782334399032372 ], [ 122.572638627552479, 10.780867582630808 ], [ 122.575190544247405, 10.778541743982746 ], [ 122.571163111204683, 10.773191479212541 ], [ 122.572574421483992, 10.772216405329646 ], [ 122.57336501986947, 10.773435967085577 ], [ 122.573775446498885, 10.773151870561605 ], [ 122.57414704150608, 10.773585727448769 ], [ 122.575827570482346, 10.772468504629034 ], [ 122.576108358514958, 10.772191785673551 ], [ 122.576344510831134, 10.771997631714404 ], [ 122.577247616501708, 10.771519753920732 ], [ 122.577550899745503, 10.771344375538847 ], [ 122.57777573063818, 10.771178112375255 ], [ 122.577996195989854, 10.771040040353922 ], [ 122.578216874691833, 10.77088131997737 ], [ 122.57841633931028, 10.770738007690142 ], [ 122.578645565212653, 10.770589013631481 ], [ 122.578879157716287, 10.770417457754947 ], [ 122.579105938797284, 10.770272668861951 ], [ 122.579326571881538, 10.770121623198721 ], [ 122.579580876451914, 10.769964932917988 ], [ 122.579806593264081, 10.769808213614574 ], [ 122.580178250623078, 10.769569176795683 ], [ 122.58044019005348, 10.76939208571576 ], [ 122.580656270372145, 10.769255636783276 ], [ 122.580544115595913, 10.769186559559369 ], [ 122.580169992169189, 10.76876727216175 ], [ 122.581882608854642, 10.768177290944596 ], [ 122.581930878858074, 10.768264403753133 ], [ 122.583440801992325, 10.767114867599597 ], [ 122.583470550061648, 10.76691395897118 ], [ 122.583492283658529, 10.766587291701651 ], [ 122.583376325875108, 10.766377741417275 ], [ 122.583172208108564, 10.766173344823843 ], [ 122.583716688678408, 10.765620255931339 ], [ 122.584177599312113, 10.766343862824108 ], [ 122.587049664040933, 10.764515575108254 ], [ 122.586678766334018, 10.764218770334709 ], [ 122.588471215000013, 10.76288028159593 ], [ 122.587941470145552, 10.762093934986174 ], [ 122.588851355231483, 10.761462080816592 ], [ 122.588340809381208, 10.760745846950305 ], [ 122.587721177429941, 10.76125698240925 ], [ 122.587430063665948, 10.760994778467914 ], [ 122.587470029737531, 10.760907703832887 ], [ 122.585440520272627, 10.758335112380523 ], [ 122.586398516497241, 10.757591043545307 ], [ 122.586293427207352, 10.757423686912785 ], [ 122.586025267414314, 10.756887451634702 ], [ 122.58622858161587, 10.756771428983329 ], [ 122.586194490198082, 10.75668257199313 ], [ 122.585908603306251, 10.756205354399905 ], [ 122.585450316621177, 10.756511420820198 ], [ 122.584511970560385, 10.757133844505706 ], [ 122.583525142037601, 10.7577519640313 ], [ 122.58413402072263, 10.758682379639065 ], [ 122.581619396391147, 10.760285743144259 ], [ 122.580981677430643, 10.759297380873877 ], [ 122.57802090996104, 10.761182573904568 ], [ 122.577539102695255, 10.761525207091765 ], [ 122.576705033978229, 10.760257188271902 ], [ 122.575594129378899, 10.761148975048595 ], [ 122.575778143285646, 10.761263455146091 ], [ 122.575947220236628, 10.761356205384182 ], [ 122.576068536571086, 10.761552540234153 ], [ 122.576140791646765, 10.761709449405172 ], [ 122.576216331123618, 10.761886411267479 ], [ 122.576286761520819, 10.76201042362996 ], [ 122.576461512080641, 10.762248823943937 ], [ 122.576691395012759, 10.762437016857858 ], [ 122.57688396678995, 10.762715895803371 ], [ 122.577037534272478, 10.762859831754627 ], [ 122.577200345784036, 10.762936648291795 ], [ 122.577386838502207, 10.762972394907161 ], [ 122.577547770785785, 10.763063909260186 ], [ 122.577641764745053, 10.763157058363269 ], [ 122.577679178292598, 10.763289351550572 ], [ 122.577704695261687, 10.763475800904217 ], [ 122.577699458321433, 10.763661215004243 ], [ 122.577697252939799, 10.763840732415339 ], [ 122.577675476374978, 10.764047011956732 ], [ 122.577649374754756, 10.764219241618108 ], [ 122.57764089459684, 10.764375050393513 ], [ 122.577646132279924, 10.764575771999313 ], [ 122.576478429409946, 10.764368522597701 ], [ 122.576284162613206, 10.764380933910351 ], [ 122.575749427495879, 10.76444639348535 ], [ 122.575373688674574, 10.764612047101783 ], [ 122.575209751648046, 10.764693538527812 ], [ 122.574956539833707, 10.76489822768575 ], [ 122.574795625712468, 10.764652103266014 ], [ 122.57015091310808, 10.767618795569842 ], [ 122.571704911636388, 10.769986831727012 ], [ 122.571702162725217, 10.77019283007141 ], [ 122.572263723818594, 10.770111354225469 ], [ 122.572242309268631, 10.770378997525885 ], [ 122.572199715763787, 10.770689672695985 ], [ 122.572195800252018, 10.770980730483485 ], [ 122.57213521037275, 10.771260243113483 ], [ 122.571870535646013, 10.771472865997163 ], [ 122.571507565580802, 10.771565047346249 ], [ 122.571318704955772, 10.771547732239824 ], [ 122.571739747726383, 10.77220595327142 ], [ 122.567742276746586, 10.774764158507557 ], [ 122.567579465154935, 10.774512591772863 ], [ 122.567450573524752, 10.774654794624251 ], [ 122.567122618535549, 10.774837892185946 ], [ 122.567020644445222, 10.774903226761801 ] ] ] ] } },
{ "type": "Feature", "properties": { "psgc": "0603022177", "admin_type": "Barangay", "region": "Region VI (Western Visayas)", "province": "Iloilo", "municity": "Iloilo City", "district": "Jaro", "barangay": "Tacas", "population": "6892" }, "geometry": { "type": "MultiPolygon", "coordinates": [ [ [ [ 122.539810209723996, 10.748460122740832 ], [ 122.539816204001824, 10.748635089490724 ], [ 122.539855445129646, 10.748928878832105 ], [ 122.53993964287524, 10.749127419481789 ], [ 122.540014286669205, 10.749242335278771 ], [ 122.540084378258499, 10.749378485994921 ], [ 122.540213075091302, 10.749540921912972 ], [ 122.54073072901987, 10.750453940518437 ], [ 122.540840209009673, 10.750674173236161 ], [ 122.540959515119241, 10.750876399048783 ], [ 122.541107971808756, 10.751046915644434 ], [ 122.541192452425321, 10.751178510420051 ], [ 122.541269174330012, 10.751357535047301 ], [ 122.541391524230491, 10.751535680336364 ], [ 122.541476753193848, 10.751712825821027 ], [ 122.54157142509311, 10.751858240603358 ], [ 122.541701445226067, 10.752050016779696 ], [ 122.541791191738483, 10.752257219059743 ], [ 122.54185288482843, 10.752448952488983 ], [ 122.541935305307405, 10.752626207731126 ], [ 122.542037789089974, 10.752808684723068 ], [ 122.542117467638491, 10.752988365691353 ], [ 122.542182999290802, 10.753174172088126 ], [ 122.54224110919732, 10.753317929179648 ], [ 122.542304903393742, 10.753492646287826 ], [ 122.542389735565493, 10.753659313353586 ], [ 122.542468400302226, 10.753810682735033 ], [ 122.542603253995125, 10.754081213772578 ], [ 122.542662000244292, 10.754244849143943 ], [ 122.542693108471639, 10.754425438453644 ], [ 122.542662039791111, 10.754613611919378 ], [ 122.542611348965607, 10.754793814073979 ], [ 122.542531346293771, 10.754975221419834 ], [ 122.542482642257042, 10.755152763002094 ], [ 122.54234944378787, 10.755396824941636 ], [ 122.542140103945101, 10.755603743585386 ], [ 122.541976673698159, 10.755739515874998 ], [ 122.541740500622183, 10.755878940982878 ], [ 122.541531976575939, 10.755937883721495 ], [ 122.541368414615377, 10.756009272046626 ], [ 122.541197827968219, 10.756077514671608 ], [ 122.541030552662988, 10.756159623133636 ], [ 122.540850424392218, 10.756263208554902 ], [ 122.540639147780723, 10.756361750920217 ], [ 122.540475846002792, 10.756447074053444 ], [ 122.540272295060944, 10.756508838333689 ], [ 122.540072805037056, 10.75663212851207 ], [ 122.539900561383675, 10.756777365246343 ], [ 122.539835330110549, 10.756977559563117 ], [ 122.539863387952494, 10.757164626804494 ], [ 122.539924901398834, 10.757357189115872 ], [ 122.540005567000875, 10.757508803693705 ], [ 122.540133478396186, 10.757686272314187 ], [ 122.540352782454491, 10.757944453113158 ], [ 122.540634905180539, 10.758224207510393 ], [ 122.541022982307808, 10.758594735202399 ], [ 122.541135621080016, 10.758790938052355 ], [ 122.541213764440869, 10.758985279934443 ], [ 122.541369760593682, 10.759523525878095 ], [ 122.541456256205606, 10.759697204066685 ], [ 122.541544945688912, 10.759861804980851 ], [ 122.541694228823033, 10.759986876284669 ], [ 122.541850734748664, 10.760108234626545 ], [ 122.54203783357768, 10.760166581147997 ], [ 122.542252439465599, 10.760200115321972 ], [ 122.542454222680902, 10.760235421631235 ], [ 122.542654048184502, 10.760212362881825 ], [ 122.542836630335998, 10.760156711724688 ], [ 122.543055548799472, 10.760075747484766 ], [ 122.543231057515257, 10.759977887550166 ], [ 122.543374614705158, 10.759969086533159 ], [ 122.543571773719606, 10.760022168058391 ], [ 122.543716836398531, 10.759969792165773 ], [ 122.543911125875439, 10.759846292269833 ], [ 122.544281820504096, 10.75965417197019 ], [ 122.544486403947147, 10.75949901352949 ], [ 122.544643077613657, 10.759355567275342 ], [ 122.544907676047302, 10.759031068998585 ], [ 122.545211687153227, 10.758698135773408 ], [ 122.545317925157619, 10.758580824318008 ], [ 122.545922041846268, 10.757993865844718 ], [ 122.546136466404988, 10.75783252536074 ], [ 122.546347488137968, 10.75774282907374 ], [ 122.54653195155548, 10.757708050786528 ], [ 122.54669930256847, 10.757716031037535 ], [ 122.546888797131885, 10.757770875831444 ], [ 122.547024948149073, 10.757835154775316 ], [ 122.547276523809188, 10.757951355206282 ], [ 122.547635258213234, 10.758177311567534 ], [ 122.547951947782096, 10.758460427384463 ], [ 122.548074982096665, 10.758601753392288 ], [ 122.548213922562567, 10.758758716542017 ], [ 122.548327877786136, 10.758924687270321 ], [ 122.548443983065653, 10.759118492773077 ], [ 122.548534990015895, 10.759291851478727 ], [ 122.548680660185909, 10.759513558588607 ], [ 122.548865944179113, 10.75976233094922 ], [ 122.549210271964, 10.760086446423237 ], [ 122.549460880026103, 10.760403450866734 ], [ 122.549786728196295, 10.760815015467065 ], [ 122.550190540614366, 10.76131838816543 ], [ 122.550357888522726, 10.761506859000022 ], [ 122.550468795158494, 10.761657323014283 ], [ 122.550562255125115, 10.761787888449353 ], [ 122.550688451104108, 10.761956372788633 ], [ 122.550843110600027, 10.762101845874943 ], [ 122.551136152307933, 10.762218763183917 ], [ 122.553236855230224, 10.76236451967047 ], [ 122.559035603386761, 10.765144202504487 ], [ 122.560745466439499, 10.763753620520774 ], [ 122.560746073777636, 10.763138135296574 ], [ 122.558006135197473, 10.76313084250188 ], [ 122.558018420373699, 10.754183434525524 ], [ 122.558018570914768, 10.75407374233809 ], [ 122.558019700879257, 10.750472521583802 ], [ 122.558029025608406, 10.747848341167433 ], [ 122.558232005058599, 10.747816362687473 ], [ 122.558420532633676, 10.747744486015126 ], [ 122.558632055694005, 10.747644254957835 ], [ 122.55860138375283, 10.747473286952244 ], [ 122.55857190615734, 10.747318997275045 ], [ 122.558799582496093, 10.747203971392405 ], [ 122.557538143589824, 10.745334676397221 ], [ 122.558097313235976, 10.744916615939854 ], [ 122.557617345874121, 10.744133542560231 ], [ 122.553129064884757, 10.744128272276379 ], [ 122.553106223129859, 10.742700002595642 ], [ 122.553068846223269, 10.740618858555656 ], [ 122.552919468339709, 10.740637336375967 ], [ 122.552728044103304, 10.740685187675343 ], [ 122.552559213533414, 10.74082415807904 ], [ 122.552446987994841, 10.740923465816348 ], [ 122.552371984729618, 10.740935237521446 ], [ 122.552189172170898, 10.740977678985359 ], [ 122.552012123909805, 10.741043176931809 ], [ 122.551848561336641, 10.741103685812078 ], [ 122.551850870898491, 10.741246704666084 ], [ 122.551816726122908, 10.74143515526089 ], [ 122.551746765662912, 10.741523360279576 ], [ 122.551626576407955, 10.741605713981803 ], [ 122.551167361941424, 10.74195861987725 ], [ 122.550899537696637, 10.742320573811737 ], [ 122.550741195106198, 10.742510250453112 ], [ 122.550535990892456, 10.7426776440736 ], [ 122.550388444444323, 10.742871921444191 ], [ 122.550385197888986, 10.743037232236267 ], [ 122.550511316318548, 10.743211595867688 ], [ 122.550645572143281, 10.743402162846465 ], [ 122.55078357086677, 10.743578091291118 ], [ 122.55098017121739, 10.743776589498431 ], [ 122.551049335333758, 10.743951141982357 ], [ 122.551066655169862, 10.744133979876368 ], [ 122.551007912209485, 10.744309195879508 ], [ 122.550919997264074, 10.744393034526547 ], [ 122.55073482205762, 10.744540351980545 ], [ 122.55056203774447, 10.744681284483583 ], [ 122.550482878789964, 10.744862275778214 ], [ 122.550158928376021, 10.746126662449733 ], [ 122.550074006843971, 10.746310215703433 ], [ 122.549952127748739, 10.746480786298626 ], [ 122.549779920915896, 10.746651298797095 ], [ 122.549448678702447, 10.746876566985112 ], [ 122.54869294880227, 10.747387340639262 ], [ 122.547963597103617, 10.747911409083983 ], [ 122.547418381826176, 10.748278157158435 ], [ 122.547243758712057, 10.748405203214164 ], [ 122.546895900604213, 10.748398483037827 ], [ 122.546493053636581, 10.748359488771388 ], [ 122.54631627021071, 10.748340124400345 ], [ 122.546131598157331, 10.748276631147112 ], [ 122.545873091716913, 10.748109224085706 ], [ 122.545655207310773, 10.747923345692911 ], [ 122.545493607061005, 10.747736072278775 ], [ 122.545367936579623, 10.747566871214239 ], [ 122.545185114756606, 10.747377508342449 ], [ 122.544920951254952, 10.747131735930544 ], [ 122.54481923295549, 10.747024229906353 ], [ 122.544787669959149, 10.747204418327804 ], [ 122.544691945516064, 10.747374011326503 ], [ 122.54451033976747, 10.747512290031189 ], [ 122.544316482518752, 10.747561609098556 ], [ 122.544135185146473, 10.747583667962433 ], [ 122.543945025229775, 10.747563411702354 ], [ 122.543770082676716, 10.747535147079549 ], [ 122.543584586503172, 10.747504168190604 ], [ 122.543408252312176, 10.747476687568998 ], [ 122.543221570747178, 10.747436124985217 ], [ 122.543026543627477, 10.747393748930488 ], [ 122.542860660825085, 10.747354717118725 ], [ 122.542667250118285, 10.747309207935904 ], [ 122.542494368276039, 10.747280506226797 ], [ 122.542295115076342, 10.747267652692821 ], [ 122.542119353340354, 10.74725318213761 ], [ 122.541968439286691, 10.74724075722483 ], [ 122.541762010210022, 10.747239159278609 ], [ 122.541574529628306, 10.747227067166982 ], [ 122.541399602225411, 10.747231585105901 ], [ 122.541212278359083, 10.747244100618593 ], [ 122.541031977572956, 10.747269842320957 ], [ 122.540845495322003, 10.747303500674274 ], [ 122.540645826711767, 10.747386669912288 ], [ 122.540485179447884, 10.747495575434341 ], [ 122.540322922016074, 10.747637410933738 ], [ 122.540159997906059, 10.74777101559445 ], [ 122.540038647937166, 10.747916576023709 ], [ 122.539932549865924, 10.748101326717912 ], [ 122.539845659997042, 10.748290322547758 ], [ 122.539810209723996, 10.748460122740832 ] ] ] ] } },
{ "type": "Feature", "properties": { "psgc": "0603022086", "admin_type": "Barangay", "region": "Region VI (Western Visayas)", "province": "Iloilo", "municity": "Iloilo City", "district": "Jaro", "barangay": "Lanit", "population": "8346" }, "geometry": { "type": "MultiPolygon", "coordinates": [ [ [ [ 122.563842192656921, 10.770392745821487 ], [ 122.563624023673412, 10.770586381646963 ], [ 122.564162701775757, 10.771394975893228 ], [ 122.564095391592403, 10.771459990738837 ], [ 122.563892063764101, 10.77156810442809 ], [ 122.56347252913109, 10.771843966845941 ], [ 122.563469556049029, 10.772009733531206 ], [ 122.562760073126512, 10.77275253225689 ], [ 122.563219262792856, 10.773160239672334 ], [ 122.563719411807384, 10.772738771259311 ], [ 122.564700174317068, 10.771932956341278 ], [ 122.566481945881023, 10.775102611063749 ], [ 122.567020644445222, 10.774903226761801 ], [ 122.567122618535549, 10.774837892185946 ], [ 122.567450573524752, 10.774654794624251 ], [ 122.567579465154935, 10.774512591772863 ], [ 122.567742276746586, 10.774764158507557 ], [ 122.571739747726383, 10.77220595327142 ], [ 122.571318704955772, 10.771547732239824 ], [ 122.571507565580802, 10.771565047346249 ], [ 122.571870535646013, 10.771472865997163 ], [ 122.57213521037275, 10.771260243113483 ], [ 122.572195800252018, 10.770980730483485 ], [ 122.572199715763787, 10.770689672695985 ], [ 122.572242309268631, 10.770378997525885 ], [ 122.572263723818594, 10.770111354225469 ], [ 122.571702162725217, 10.77019283007141 ], [ 122.571704911636388, 10.769986831727012 ], [ 122.57015091310808, 10.767618795569842 ], [ 122.569502351520271, 10.766628356671845 ], [ 122.566868997201979, 10.768326287481235 ], [ 122.566185736895093, 10.767361458779227 ], [ 122.565763617666462, 10.766764642897961 ], [ 122.565161478320604, 10.765872607120333 ], [ 122.564593873341181, 10.764949101015995 ], [ 122.564133121954868, 10.764048905817981 ], [ 122.563472324983707, 10.762738137535699 ], [ 122.563145100876099, 10.763136343448892 ], [ 122.563014980582096, 10.763137538269058 ], [ 122.562906580852285, 10.763592461736184 ], [ 122.563111534190256, 10.764246397469815 ], [ 122.562592618130623, 10.764728767357102 ], [ 122.561883307893822, 10.765450933779485 ], [ 122.561670412432136, 10.765857580276997 ], [ 122.561586343843459, 10.766074690951937 ], [ 122.561511837246542, 10.7662218665248 ], [ 122.561487130870375, 10.766315959174555 ], [ 122.561571618712833, 10.766367281897274 ], [ 122.563842192656921, 10.770392745821487 ] ] ] ] } },
{ "type": "Feature", "properties": { "psgc": "0603022137", "admin_type": "Barangay", "region": "Region VI (Western Visayas)", "province": "Iloilo", "municity": "Iloilo City", "district": "City Proper", "barangay": "Rizal Estanzuela", "population": "3351" }, "geometry": { "type": "MultiPolygon", "coordinates": [ [ [ [ 122.559462059487416, 10.692422585773123 ], [ 122.559591044617179, 10.693009741933889 ], [ 122.560124129736494, 10.692883554892058 ], [ 122.561615405876211, 10.692537798471957 ], [ 122.561491647960793, 10.69130011990209 ], [ 122.561033254136234, 10.691346500454708 ], [ 122.560109357713003, 10.691355326409306 ], [ 122.559379581932163, 10.691362296001483 ], [ 122.559376073276511, 10.691789765669764 ], [ 122.559399315814176, 10.692430195683725 ], [ 122.559462059487416, 10.692422585773123 ] ] ] ] } },
{ "type": "Feature", "properties": { "psgc": "0603022010", "admin_type": "Barangay", "region": "Region VI (Western Visayas)", "province": "Iloilo", "municity": "Iloilo City", "district": "Jaro", "barangay": "Balabago", "population": "10441" }, "geometry": { "type": "MultiPolygon", "coordinates": [ [ [ [ 122.587433832030115, 10.746766362594773 ], [ 122.586799632869742, 10.745746380977689 ], [ 122.586685806544779, 10.745580036821183 ], [ 122.586555308181246, 10.745423863883591 ], [ 122.586342250568677, 10.745238657722581 ], [ 122.586091120093485, 10.745060403393538 ], [ 122.585970774684426, 10.744943633496829 ], [ 122.586102709643853, 10.744887404733456 ], [ 122.58819775457421, 10.743893919995424 ], [ 122.588375581885501, 10.743878116567659 ], [ 122.588755388985248, 10.743698307031906 ], [ 122.58874485801671, 10.743581993108013 ], [ 122.588666212243069, 10.743522911466545 ], [ 122.588573846182058, 10.743541056971164 ], [ 122.588579786484132, 10.743111284799848 ], [ 122.588574718444676, 10.74291039666487 ], [ 122.588575186359122, 10.742572070924265 ], [ 122.58875694564891, 10.74257231667902 ], [ 122.588746524321877, 10.742376707649449 ], [ 122.588933629356958, 10.742376960523082 ], [ 122.58892852455412, 10.742202504076877 ], [ 122.589115629486272, 10.742202756836994 ], [ 122.589110531879328, 10.74202301404779 ], [ 122.589495447829876, 10.742012960974092 ], [ 122.58949033540776, 10.741843790861992 ], [ 122.589666741142125, 10.741849315195878 ], [ 122.589666996344647, 10.741664293269384 ], [ 122.589854093674731, 10.741669831913653 ], [ 122.589854319606673, 10.741505955344552 ], [ 122.590052130388429, 10.741495649256644 ], [ 122.590057731188153, 10.741310634520369 ], [ 122.590405218088279, 10.741305816201011 ], [ 122.590410818665461, 10.741120801448087 ], [ 122.590592591679354, 10.741110473414251 ], [ 122.590587507741887, 10.740920157921913 ], [ 122.590774604652054, 10.740925695996093 ], [ 122.590773141997531, 10.74077007718895 ], [ 122.59114369242296, 10.740762315335521 ], [ 122.591139094891119, 10.740217814908458 ], [ 122.590973384446272, 10.740210298965311 ], [ 122.590973606985088, 10.740048429210022 ], [ 122.590588622527747, 10.740043211307604 ], [ 122.590594323014955, 10.739852324065044 ], [ 122.590038343714966, 10.739862148163171 ], [ 122.59004296114523, 10.740390789521596 ], [ 122.589668753472424, 10.740390285087473 ], [ 122.589664657665537, 10.739483867228554 ], [ 122.589498938135094, 10.739483273783879 ], [ 122.589504775958304, 10.739126625975185 ], [ 122.589296289705118, 10.739126344659967 ], [ 122.589291191974084, 10.738946601836485 ], [ 122.589130818031947, 10.738946385345914 ], [ 122.589125734995562, 10.73875606983858 ], [ 122.588313693020737, 10.738760690644831 ], [ 122.588144057613093, 10.738947065064123 ], [ 122.588047967843451, 10.739116501460328 ], [ 122.587850171858861, 10.739194482952943 ], [ 122.587727259859747, 10.739208662466721 ], [ 122.586478524590234, 10.738834473645044 ], [ 122.585913244173938, 10.739198206159497 ], [ 122.586037009373086, 10.739453447600225 ], [ 122.582817786894211, 10.740563192822414 ], [ 122.582513885989073, 10.74003182791864 ], [ 122.582296372071795, 10.739658435425278 ], [ 122.582099466662854, 10.739303238687748 ], [ 122.581918407932108, 10.738937501467497 ], [ 122.58118554446331, 10.737296801377131 ], [ 122.579802344349972, 10.733510524142574 ], [ 122.579520552338707, 10.732787075124309 ], [ 122.57948162847228, 10.732643866432669 ], [ 122.579312038319898, 10.7328003185089 ], [ 122.578973072361478, 10.733168492060656 ], [ 122.577943346795436, 10.734394453385491 ], [ 122.577679756159029, 10.734749162166869 ], [ 122.577414451890675, 10.735099309716896 ], [ 122.577179770822127, 10.735345315348416 ], [ 122.576509840707061, 10.734671218592611 ], [ 122.575819822975745, 10.734012695339306 ], [ 122.574258484444357, 10.732285885280881 ], [ 122.574363056987153, 10.732094650566841 ], [ 122.574685909559548, 10.731560930065569 ], [ 122.574787830816078, 10.73134524804852 ], [ 122.574691513152274, 10.73132181825642 ], [ 122.573471866298021, 10.730629071874375 ], [ 122.573541031021819, 10.730510215096821 ], [ 122.57210095887622, 10.728507405043269 ], [ 122.571954325441482, 10.728646019153853 ], [ 122.571943209412822, 10.728802915381042 ], [ 122.571854501887799, 10.729529977369371 ], [ 122.571841879312416, 10.72969303055565 ], [ 122.571683392490215, 10.729834342718203 ], [ 122.570983173495065, 10.730367363102674 ], [ 122.57050752954747, 10.730714133767112 ], [ 122.570849323157901, 10.731176976399976 ], [ 122.571179282614693, 10.731586545047048 ], [ 122.57150319529768, 10.732025518456 ], [ 122.57181679009733, 10.732436664768434 ], [ 122.570986152949075, 10.733069797419724 ], [ 122.570109087298519, 10.733736766090153 ], [ 122.569703343740258, 10.734073011181783 ], [ 122.569180471773052, 10.734540255807568 ], [ 122.569673814338955, 10.734804942846882 ], [ 122.568982482598031, 10.735312095669089 ], [ 122.568829852736158, 10.735437202314772 ], [ 122.568652340925354, 10.735581254686181 ], [ 122.568454349947174, 10.735632905982953 ], [ 122.568328253012268, 10.735550159134766 ], [ 122.568221952033653, 10.735373859550004 ], [ 122.568111542906578, 10.735321634201435 ], [ 122.567972300263321, 10.735366528651154 ], [ 122.56684674660896, 10.736127672721791 ], [ 122.566575880984928, 10.735777626823447 ], [ 122.566287729244564, 10.735966671634207 ], [ 122.565798877716588, 10.736239349520606 ], [ 122.565305375002069, 10.736516774013207 ], [ 122.564836210630347, 10.736793201470684 ], [ 122.564751409310745, 10.73692427234492 ], [ 122.564734232990872, 10.737022920354333 ], [ 122.564744688658905, 10.737135863882184 ], [ 122.564803534549512, 10.73724039025077 ], [ 122.565244965730557, 10.73783381906077 ], [ 122.565460071505356, 10.738104523699105 ], [ 122.565853793972977, 10.737865227487704 ], [ 122.566451265518481, 10.738727751182516 ], [ 122.56606333873772, 10.738955923611792 ], [ 122.566255313092384, 10.739268574432472 ], [ 122.566408832763571, 10.739448148371416 ], [ 122.566642219526528, 10.739604021596863 ], [ 122.567036490509921, 10.739844066700936 ], [ 122.567418670131147, 10.740082013035954 ], [ 122.567800285299199, 10.740330172600132 ], [ 122.568101175872854, 10.740064895044258 ], [ 122.568252947295477, 10.74010485596752 ], [ 122.568416162417449, 10.740234462432561 ], [ 122.568671709499711, 10.740536839255419 ], [ 122.569001954906412, 10.740933299815575 ], [ 122.569264810222364, 10.741277114246815 ], [ 122.570071034760034, 10.740680889355444 ], [ 122.570328432271793, 10.740996891425274 ], [ 122.570562545799874, 10.741284307449234 ], [ 122.57078722292286, 10.741550688751637 ], [ 122.571034343404563, 10.741852142119953 ], [ 122.571255115276415, 10.742121453112219 ], [ 122.571443799047103, 10.742351620590769 ], [ 122.572002994392903, 10.743026698297969 ], [ 122.572288875661556, 10.74339338606255 ], [ 122.5706954302252, 10.744162292260631 ], [ 122.571047348801002, 10.744642480573784 ], [ 122.571341702579517, 10.745083387430435 ], [ 122.571906821539983, 10.74604993623236 ], [ 122.572052033136629, 10.746055740715656 ], [ 122.572214860775176, 10.746334153768496 ], [ 122.572157075906162, 10.746388978425923 ], [ 122.572305465148801, 10.74667412313376 ], [ 122.572418661319759, 10.746607829056718 ], [ 122.572803854992685, 10.746309669621137 ], [ 122.57330773625371, 10.74598534253289 ], [ 122.573916457866744, 10.745538557709496 ], [ 122.574204815899975, 10.745973671508082 ], [ 122.575403432040716, 10.745977935314146 ], [ 122.575403128552196, 10.747781832746719 ], [ 122.576310639801349, 10.747784883207386 ], [ 122.576309110282295, 10.748687914264774 ], [ 122.576315546482689, 10.748927793221469 ], [ 122.577265043812048, 10.750187789358646 ], [ 122.577336353994525, 10.750341863624781 ], [ 122.577320173289777, 10.750442281600435 ], [ 122.578598618927856, 10.752410822208148 ], [ 122.580596826782752, 10.751129598337968 ], [ 122.587433832030115, 10.746766362594773 ] ] ] ] } },
{ "type": "Feature", "properties": { "psgc": "0603022061", "admin_type": "Barangay", "region": "Region VI (Western Visayas)", "province": "Iloilo", "municity": "Iloilo City", "district": "City Proper", "barangay": "General Hughes-Montes", "population": "1943" }, "geometry": { "type": "MultiPolygon", "coordinates": [ [ [ [ 122.576737481425681, 10.688490783678841 ], [ 122.576597311079766, 10.688366803279026 ], [ 122.576742161908498, 10.687986385824543 ], [ 122.576684073919864, 10.687957478123824 ], [ 122.57608249230168, 10.689383857924149 ], [ 122.57567513270115, 10.689519883088224 ], [ 122.575670851012759, 10.68944143700946 ], [ 122.57528586665218, 10.689546629797301 ], [ 122.575294494891097, 10.689577825184285 ], [ 122.574963849346858, 10.689691977758738 ], [ 122.574970208332587, 10.689762931986882 ], [ 122.574360668726754, 10.689915388672079 ], [ 122.57428606540735, 10.689756694087503 ], [ 122.573938437683893, 10.68986161321209 ], [ 122.573908572580294, 10.689806680923571 ], [ 122.57319533126018, 10.690014205459772 ], [ 122.572869475449266, 10.690088279824604 ], [ 122.572697021933479, 10.690146200949426 ], [ 122.572789028146246, 10.690267940947589 ], [ 122.572682883372551, 10.69035636645709 ], [ 122.573062222431389, 10.690791445553874 ], [ 122.573371124321625, 10.691142715809617 ], [ 122.573665239412719, 10.691511646070065 ], [ 122.573683148949797, 10.691612093707755 ], [ 122.573850977378441, 10.691743932855893 ], [ 122.573869924219125, 10.691883533035289 ], [ 122.574086704948272, 10.692081772751271 ], [ 122.574381659233808, 10.69177022836244 ], [ 122.574746086784288, 10.69151706940583 ], [ 122.574685603322408, 10.691424290933165 ], [ 122.575131937095591, 10.691115501387474 ], [ 122.575177129500275, 10.691173204353623 ], [ 122.575780009637498, 10.690783123634219 ], [ 122.575736929529995, 10.690715671851427 ], [ 122.576236248281006, 10.690361083141662 ], [ 122.576255307752106, 10.690387452098458 ], [ 122.576672061708337, 10.690219311725091 ], [ 122.576754929437385, 10.690311647551093 ], [ 122.577469026125158, 10.68930060056711 ], [ 122.577434846092345, 10.689262412114793 ], [ 122.577595707448225, 10.689141652127772 ], [ 122.577638974216626, 10.689154679564325 ], [ 122.578027386331868, 10.688854331733758 ], [ 122.577952291141003, 10.688713359343971 ], [ 122.577638595569965, 10.688867947692112 ], [ 122.577588813808077, 10.688713330378162 ], [ 122.577485941182331, 10.688683988746734 ], [ 122.577420598972353, 10.688631694261986 ], [ 122.577413839397465, 10.688617571367415 ], [ 122.577478882849022, 10.688418386410707 ], [ 122.577452195662588, 10.688391917735721 ], [ 122.577406078376228, 10.688480074933766 ], [ 122.577291123787504, 10.688699820349969 ], [ 122.577184554522759, 10.688671724946795 ], [ 122.577162979426433, 10.688753481798484 ], [ 122.577146960837013, 10.688798545621404 ], [ 122.577061590958195, 10.688774670966675 ], [ 122.577022691694609, 10.68876379233758 ], [ 122.577037906845035, 10.688673475487693 ], [ 122.576906093052045, 10.688591307071043 ], [ 122.576874557338158, 10.688666009851326 ], [ 122.576698332458903, 10.688554752425299 ], [ 122.576737481425681, 10.688490783678841 ] ] ] ] } },
{ "type": "Feature", "properties": { "psgc": "0603022122", "admin_type": "Barangay", "region": "Region VI (Western Visayas)", "province": "Iloilo", "municity": "Iloilo City", "district": "City Proper", "barangay": "Ortiz", "population": "1281" }, "geometry": { "type": "MultiPolygon", "coordinates": [ [ [ [ 122.5723151140363, 10.689396599320881 ], [ 122.572132703482296, 10.689304348955087 ], [ 122.572416739428419, 10.68877611039801 ], [ 122.572374025504004, 10.688744332544591 ], [ 122.571522043217371, 10.690239179277539 ], [ 122.57054976266879, 10.690363010473424 ], [ 122.570568363520366, 10.691042989087537 ], [ 122.570606370494332, 10.692023514230181 ], [ 122.571719517542135, 10.693510208674667 ], [ 122.572066867133188, 10.69331344371008 ], [ 122.572537882049303, 10.692934116141839 ], [ 122.572872955109574, 10.692695271658621 ], [ 122.57295108991687, 10.692624472430373 ], [ 122.573850977378441, 10.691743932855893 ], [ 122.573683148949797, 10.691612093707755 ], [ 122.573665239412719, 10.691511646070065 ], [ 122.573371124321625, 10.691142715809617 ], [ 122.573062222431389, 10.690791445553874 ], [ 122.572682883372551, 10.69035636645709 ], [ 122.572789028146246, 10.690267940947589 ], [ 122.572697021933479, 10.690146200949426 ], [ 122.572869475449266, 10.690088279824604 ], [ 122.572863581889408, 10.689931970822247 ], [ 122.572799957504444, 10.689907926331523 ], [ 122.572879877096057, 10.689690100268161 ], [ 122.572414468363348, 10.689446845649968 ], [ 122.572356842391372, 10.689547834827037 ], [ 122.572260716960344, 10.68948955049154 ], [ 122.5723151140363, 10.689396599320881 ] ] ] ] } },
{ "type": "Feature", "properties": { "psgc": "0603022067", "admin_type": "Barangay", "region": "Region VI (Western Visayas)", "province": "Iloilo", "municity": "Iloilo City", "district": "Mandurriao", "barangay": "Hibao-an Sur", "population": "5281" }, "geometry": { "type": "MultiPolygon", "coordinates": [ [ [ [ 122.524693055975646, 10.735274794713163 ], [ 122.525161813342621, 10.734963888453088 ], [ 122.524907406003351, 10.734578884232217 ], [ 122.525373706652772, 10.733807808225961 ], [ 122.52603242108421, 10.733018385223984 ], [ 122.525867035314235, 10.732846466161588 ], [ 122.526295810691849, 10.732138765948857 ], [ 122.526698728980108, 10.731816073582207 ], [ 122.526622564718636, 10.731716367740717 ], [ 122.527264489963002, 10.731243027219929 ], [ 122.527195484111232, 10.731125188388772 ], [ 122.527607581547869, 10.730819220031597 ], [ 122.527748504710857, 10.730793191250054 ], [ 122.528087959713829, 10.731279872039382 ], [ 122.528280585722484, 10.731163870787807 ], [ 122.528606017441959, 10.731576705811799 ], [ 122.528820005596785, 10.731431784028343 ], [ 122.529173270509602, 10.731186393826791 ], [ 122.528944001010387, 10.730810711929907 ], [ 122.529596781882063, 10.730420531002553 ], [ 122.529932756126769, 10.730928534602407 ], [ 122.530061175666972, 10.730849437558716 ], [ 122.529975878849328, 10.730701289457917 ], [ 122.530195248489633, 10.73057475550835 ], [ 122.529997951890067, 10.730262559309846 ], [ 122.530072873517611, 10.730209811471891 ], [ 122.530361797908057, 10.730043737054238 ], [ 122.532185145077904, 10.728697265108638 ], [ 122.531790682984649, 10.728130562582797 ], [ 122.531521797521762, 10.728324583302161 ], [ 122.531241749675758, 10.727959637468633 ], [ 122.530260845606264, 10.726516540525781 ], [ 122.52995146793323, 10.7260965854856 ], [ 122.529209809946195, 10.727330959559428 ], [ 122.528005468623348, 10.726190356467461 ], [ 122.527936163859238, 10.726116483202807 ], [ 122.527697056820401, 10.725786934769028 ], [ 122.527291019342698, 10.725063509026638 ], [ 122.52680794782151, 10.724796762818331 ], [ 122.526554816090709, 10.724903050851102 ], [ 122.525665562356409, 10.724448555377478 ], [ 122.525483323137735, 10.724336005779938 ], [ 122.525360778979433, 10.724257838128713 ], [ 122.524987935912648, 10.723876269784862 ], [ 122.524375968542373, 10.724322970224881 ], [ 122.524300679474948, 10.724369234969807 ], [ 122.523312395485974, 10.724976527333084 ], [ 122.523851057487178, 10.725724707141362 ], [ 122.522700524649181, 10.726565620867209 ], [ 122.522230863188852, 10.725792011925432 ], [ 122.522063665207313, 10.725886536447661 ], [ 122.521839421591892, 10.725554215718702 ], [ 122.521690006410111, 10.725483459211944 ], [ 122.521534610924192, 10.7252257046305 ], [ 122.521141997237592, 10.725547376710111 ], [ 122.520715117510747, 10.725843126971169 ], [ 122.520602848196532, 10.725730647704625 ], [ 122.519868843992924, 10.724860412257332 ], [ 122.520516412761111, 10.724385661036727 ], [ 122.520758645431755, 10.724147703121018 ], [ 122.521175356442143, 10.723482735023651 ], [ 122.521448593581866, 10.723097262261176 ], [ 122.521443705119623, 10.722811793804585 ], [ 122.521470754018523, 10.722610956325587 ], [ 122.523670485198068, 10.72089105430063 ], [ 122.522983266326904, 10.719982071554707 ], [ 122.522502174013241, 10.719424922899393 ], [ 122.521346127700426, 10.720321788271887 ], [ 122.521009711376252, 10.719952565182174 ], [ 122.521005798098358, 10.719974610732796 ], [ 122.520962916210678, 10.720048551911722 ], [ 122.520903234083761, 10.720098662926098 ], [ 122.52077321319193, 10.720129725214564 ], [ 122.520710871266132, 10.720233187568711 ], [ 122.520720666692441, 10.720396184502313 ], [ 122.520753555314613, 10.720603286515338 ], [ 122.520815213722997, 10.720688624155606 ], [ 122.520897619220278, 10.720767387974018 ], [ 122.521136274521695, 10.720879878143981 ], [ 122.521246756573433, 10.720896818157831 ], [ 122.521287539293084, 10.720953019708586 ], [ 122.521291096239281, 10.721129870541466 ], [ 122.521206782135053, 10.721312362426408 ], [ 122.520960612442664, 10.721486425041597 ], [ 122.520752063960728, 10.721533674964714 ], [ 122.520591548114382, 10.721628576875395 ], [ 122.520404092938406, 10.721855594205234 ], [ 122.520339667679522, 10.722029941375235 ], [ 122.520324847152011, 10.722117232499363 ], [ 122.520221779323677, 10.722209490930206 ], [ 122.520120308224989, 10.722206380090464 ], [ 122.520034646014054, 10.72223562871481 ], [ 122.519987700144398, 10.722316477065972 ], [ 122.519852662856366, 10.722383359610133 ], [ 122.519735939868269, 10.722325759847649 ], [ 122.519660515209168, 10.722203323194126 ], [ 122.519577649615485, 10.722112564166093 ], [ 122.519443722143819, 10.722116258604908 ], [ 122.519280839186393, 10.722124449022875 ], [ 122.519184752898141, 10.72221314787039 ], [ 122.519173806932898, 10.722371719945899 ], [ 122.519292173447283, 10.722560098731774 ], [ 122.519451158821738, 10.722752770382993 ], [ 122.519632632729127, 10.722922217537731 ], [ 122.519646852671784, 10.723027708909552 ], [ 122.519600237118908, 10.723123046398301 ], [ 122.519493191781919, 10.723207459096944 ], [ 122.519393668350389, 10.723189826712057 ], [ 122.519316944258549, 10.723112028413036 ], [ 122.519131401613592, 10.722919915620738 ], [ 122.519033596545242, 10.722821478622517 ], [ 122.518943481725543, 10.72279215294537 ], [ 122.518844097221816, 10.722825701847633 ], [ 122.518743322386143, 10.722860124437382 ], [ 122.518584896000405, 10.722936428164507 ], [ 122.518392305969456, 10.723031278358567 ], [ 122.518330503129164, 10.723100631159019 ], [ 122.518298877810238, 10.723290188467356 ], [ 122.518382218377596, 10.72347765210346 ], [ 122.51839163865175, 10.723645076120404 ], [ 122.518359616628445, 10.723735486974697 ], [ 122.518401736493345, 10.723813666918877 ], [ 122.518505582461046, 10.723826761645169 ], [ 122.518583380666584, 10.723877388768955 ], [ 122.518662199867677, 10.723907670859363 ], [ 122.518690086019276, 10.72400442822579 ], [ 122.518570455221607, 10.72409697681589 ], [ 122.518401131803515, 10.724188993877203 ], [ 122.518299311109217, 10.724279805868862 ], [ 122.518208387544021, 10.724378997221812 ], [ 122.518023839602648, 10.724468526119342 ], [ 122.517855286773042, 10.724563461213029 ], [ 122.51777810960634, 10.724750513556117 ], [ 122.517784057238586, 10.724921245354892 ], [ 122.51777520314306, 10.725097325487427 ], [ 122.517791758393273, 10.725276030440432 ], [ 122.517746783696012, 10.72545137470069 ], [ 122.517744375302854, 10.725630094753582 ], [ 122.517775912604989, 10.725805427397971 ], [ 122.517826248288159, 10.72599600480812 ], [ 122.517874042431728, 10.726191673589714 ], [ 122.517884469121171, 10.726355565570456 ], [ 122.517852071899938, 10.726556394139424 ], [ 122.517788721695609, 10.726643910812497 ], [ 122.517656839303726, 10.726667650667395 ], [ 122.517477739851586, 10.72664567053681 ], [ 122.51730707619457, 10.726653768608736 ], [ 122.517108243644003, 10.726652647963055 ], [ 122.516916365301341, 10.726702933019871 ], [ 122.516886490718207, 10.726809009426455 ], [ 122.516921369043189, 10.72691439319321 ], [ 122.517058480300179, 10.727094415059877 ], [ 122.51722550939111, 10.727258483759442 ], [ 122.517283967071492, 10.727328937205023 ], [ 122.517283994393352, 10.727454169498177 ], [ 122.517243474419885, 10.727547106210856 ], [ 122.517107335201715, 10.727612479576496 ], [ 122.516911776041411, 10.727704875179864 ], [ 122.516819190572051, 10.727818879567456 ], [ 122.51678973091947, 10.727992659550576 ], [ 122.516763728162843, 10.728177287430245 ], [ 122.516695379019069, 10.728267649242911 ], [ 122.51667847745226, 10.728362457022405 ], [ 122.516761428933123, 10.728484992727232 ], [ 122.516913417116484, 10.728526704038357 ], [ 122.516984719436024, 10.728620281154218 ], [ 122.516993292929627, 10.728717137331056 ], [ 122.516923544192608, 10.728875616242679 ], [ 122.51674168284562, 10.729012421677261 ], [ 122.516538338284235, 10.729075886590568 ], [ 122.516455171301033, 10.729143016306869 ], [ 122.516445110359598, 10.729254609510283 ], [ 122.51652171137161, 10.72944061535941 ], [ 122.516745934940957, 10.729620704480892 ], [ 122.516744368678744, 10.729670648251226 ], [ 122.516735532121615, 10.729795123629255 ], [ 122.51669699855654, 10.729970575426865 ], [ 122.516625136096422, 10.730161647953718 ], [ 122.517094080604593, 10.730163097593069 ], [ 122.517280961866447, 10.73053060201808 ], [ 122.517660064442666, 10.730330223607584 ], [ 122.517702957654535, 10.730317400114791 ], [ 122.518028331036845, 10.730756677032947 ], [ 122.517803576843718, 10.730904338911108 ], [ 122.51776624294574, 10.730851416919204 ], [ 122.517402306396079, 10.731120443777543 ], [ 122.517278764793389, 10.730945484958729 ], [ 122.517102466511176, 10.731066840044406 ], [ 122.516531850127564, 10.731371247958558 ], [ 122.516958550249541, 10.731958702834129 ], [ 122.517984620383501, 10.73122685838208 ], [ 122.517948162732694, 10.731167905623471 ], [ 122.518291830365825, 10.730953689837081 ], [ 122.518537329686836, 10.731314900161923 ], [ 122.518733386304163, 10.731200043803435 ], [ 122.519042439228258, 10.73162263407173 ], [ 122.518430622842743, 10.732117228532687 ], [ 122.517439676351984, 10.733014664278249 ], [ 122.517111488066973, 10.733248803013998 ], [ 122.51766635949356, 10.733915754205267 ], [ 122.517462976831681, 10.734068735760044 ], [ 122.517841690816965, 10.734582105465874 ], [ 122.517268986465439, 10.735025250260851 ], [ 122.517818643672086, 10.735612898448242 ], [ 122.518364551802421, 10.735212000845154 ], [ 122.518839371855364, 10.735799529269876 ], [ 122.519337006220667, 10.735498993653293 ], [ 122.519241022182825, 10.735350825990187 ], [ 122.519637104537509, 10.735039557322006 ], [ 122.519290290709577, 10.734631966000441 ], [ 122.519590022496061, 10.734399840238858 ], [ 122.51969669776895, 10.734548024614222 ], [ 122.520253394834583, 10.734083704775664 ], [ 122.520685468586848, 10.734660590725928 ], [ 122.521150769105176, 10.734162266781773 ], [ 122.521003632227135, 10.733885355319028 ], [ 122.521255724573493, 10.733687906870754 ], [ 122.521309425405846, 10.733729642044176 ], [ 122.521579949198014, 10.733567727885076 ], [ 122.52143076223723, 10.733260888271968 ], [ 122.521893457133785, 10.732943815697183 ], [ 122.522200251644634, 10.733412260381309 ], [ 122.52356716584714, 10.735253004839864 ], [ 122.524029810449647, 10.735951717133188 ], [ 122.524198377700031, 10.73612609042941 ], [ 122.524287495686664, 10.736137380109572 ], [ 122.524342172000132, 10.736021089499097 ], [ 122.524418772769252, 10.735944634383108 ], [ 122.524595340765273, 10.73584446953739 ], [ 122.524662014667669, 10.735937083773562 ], [ 122.524988463972406, 10.73571028062125 ], [ 122.524693055975646, 10.735274794713163 ] ] ] ] } },
{ "type": "Feature", "properties": { "psgc": "0603022094", "admin_type": "Barangay", "region": "Region VI (Western Visayas)", "province": "Iloilo", "municity": "Iloilo City", "district": "Lapuz", "barangay": "Loboc-Lapuz", "population": "2564" }, "geometry": { "type": "MultiPolygon", "coordinates": [ [ [ [ 122.584088811754057, 10.713600889281766 ], [ 122.583825350953163, 10.712956335668853 ], [ 122.584729194696394, 10.713026276950698 ], [ 122.584717432702163, 10.712827513012526 ], [ 122.584747588975418, 10.71265625121657 ], [ 122.585030036986282, 10.712725835838903 ], [ 122.585411746789276, 10.711968374789034 ], [ 122.585699302390395, 10.71145134165886 ], [ 122.586618249619264, 10.712171849314016 ], [ 122.586872281754836, 10.711872322856216 ], [ 122.587154211110104, 10.711464735099536 ], [ 122.587802084858239, 10.710787679006275 ], [ 122.588496283419573, 10.711597854922649 ], [ 122.59040067958621, 10.709947986123552 ], [ 122.590777269435392, 10.709675509507621 ], [ 122.591020797449119, 10.70954090706593 ], [ 122.591187505241635, 10.70944399762266 ], [ 122.593919533427595, 10.708212266591829 ], [ 122.594474108207422, 10.709381659029255 ], [ 122.595501026148639, 10.708923108926857 ], [ 122.593497086674176, 10.704560539762191 ], [ 122.592541672363183, 10.704974692507022 ], [ 122.591910921448473, 10.703605531307101 ], [ 122.591188945799303, 10.70387945604922 ], [ 122.591172519302759, 10.704164897711065 ], [ 122.591008165980497, 10.704171493116137 ], [ 122.590824057209048, 10.704145006781459 ], [ 122.590591865975739, 10.704126990812952 ], [ 122.590450181813864, 10.704129681558056 ], [ 122.590269356565699, 10.704036813847919 ], [ 122.590082640584654, 10.704190887206641 ], [ 122.589886640290274, 10.704430626024109 ], [ 122.589807934370569, 10.704466153064542 ], [ 122.589718933103867, 10.7044151677384 ], [ 122.589627636339614, 10.704252692614071 ], [ 122.589713297407684, 10.704152366873744 ], [ 122.589654660197183, 10.704035988056138 ], [ 122.589529767539858, 10.704097156701113 ], [ 122.589346750954292, 10.704126444756271 ], [ 122.589214148691624, 10.704137117495 ], [ 122.589136097186099, 10.704093440460927 ], [ 122.589072908704907, 10.70387386880746 ], [ 122.589061904884076, 10.703628140647675 ], [ 122.589168997573296, 10.703490839362972 ], [ 122.589226349552575, 10.703305761932443 ], [ 122.589199687061893, 10.70314329362126 ], [ 122.589224860085309, 10.703028387005382 ], [ 122.590886675333692, 10.702123978065329 ], [ 122.590924207287642, 10.702039446529788 ], [ 122.589891845265882, 10.702582556843957 ], [ 122.589878032536092, 10.702495960140212 ], [ 122.589731577142501, 10.702545676666954 ], [ 122.589555053423581, 10.702582842490823 ], [ 122.589347091903292, 10.702548813534239 ], [ 122.589169928182571, 10.702537839388835 ], [ 122.58898152549078, 10.702492834615269 ], [ 122.588791419189505, 10.702421257853736 ], [ 122.58863603853213, 10.702321493709684 ], [ 122.588449888311402, 10.702418170538042 ], [ 122.588302121411829, 10.702422315172706 ], [ 122.588076773767156, 10.702103365975274 ], [ 122.587896485589624, 10.701956523338733 ], [ 122.587336712089382, 10.701773615779263 ], [ 122.58716751727664, 10.701831161718484 ], [ 122.587001974492594, 10.701900074085659 ], [ 122.586797055627585, 10.702054599689555 ], [ 122.586635833713842, 10.702237617526601 ], [ 122.586525382614127, 10.702348356286596 ], [ 122.585493091313793, 10.700621359781922 ], [ 122.585261072817417, 10.700246328110012 ], [ 122.585169190456668, 10.700157718415726 ], [ 122.584967418508683, 10.699986430284973 ], [ 122.583663183717988, 10.699093967921113 ], [ 122.583337965716851, 10.698946153592523 ], [ 122.582952872005094, 10.698790819039591 ], [ 122.5823846078343, 10.698646459947815 ], [ 122.582191700483804, 10.699143705552855 ], [ 122.582195752634078, 10.699313306412105 ], [ 122.582219769682709, 10.69950615590842 ], [ 122.582200656554093, 10.699671934788585 ], [ 122.582074734352034, 10.699859553305897 ], [ 122.58190953126018, 10.700070445538092 ], [ 122.581677801712289, 10.700266302562124 ], [ 122.581500548405899, 10.700363180025194 ], [ 122.580974450206796, 10.700517322278321 ], [ 122.580601803330779, 10.70068368148066 ], [ 122.580197822053165, 10.700898868937621 ], [ 122.580054496226268, 10.70098326576824 ], [ 122.58009049638531, 10.701164405945406 ], [ 122.579819773374567, 10.701310761931577 ], [ 122.579611045485436, 10.701500783614847 ], [ 122.579584766039417, 10.701680509734764 ], [ 122.57957211988105, 10.701854616873989 ], [ 122.579599574152709, 10.702055835382657 ], [ 122.579673170968206, 10.702241430862532 ], [ 122.579860043593968, 10.702579823264143 ], [ 122.579948624035524, 10.702755233343328 ], [ 122.580009448387955, 10.702940993993106 ], [ 122.580122519173273, 10.703126685933745 ], [ 122.580223169186041, 10.703320139772105 ], [ 122.58028782872897, 10.703368190574878 ], [ 122.58028166450373, 10.703476686268758 ], [ 122.580181107556925, 10.703674076872916 ], [ 122.580059207298135, 10.703860813824138 ], [ 122.580034923615315, 10.70402293580748 ], [ 122.580171393654837, 10.70421421975831 ], [ 122.580263548168446, 10.704325617195423 ], [ 122.579214212439908, 10.705508324088003 ], [ 122.578920479612691, 10.70532818306461 ], [ 122.578543819212513, 10.706045355809648 ], [ 122.578047251641692, 10.706722568285119 ], [ 122.577797047106586, 10.706612675571074 ], [ 122.57749089918633, 10.706948335705196 ], [ 122.577062734423606, 10.707333646798084 ], [ 122.577396755589106, 10.707740005550768 ], [ 122.577151619067251, 10.707887183005614 ], [ 122.57661347035824, 10.708332882137189 ], [ 122.576174451976485, 10.708837152178585 ], [ 122.576728857204017, 10.709077680862004 ], [ 122.576396925811892, 10.709447265196591 ], [ 122.576572997414758, 10.709674822642658 ], [ 122.577276171136418, 10.710346219586041 ], [ 122.577741537379907, 10.709934689403331 ], [ 122.578185535339728, 10.709602204272683 ], [ 122.578494479861007, 10.709315257194342 ], [ 122.579030448863634, 10.708758395770138 ], [ 122.581101962486855, 10.710505743054577 ], [ 122.581299805575171, 10.710583966713441 ], [ 122.582779303311028, 10.710546964512957 ], [ 122.582938839313925, 10.710593307063121 ], [ 122.583034610040002, 10.710724488606553 ], [ 122.58392607762643, 10.711592660849693 ], [ 122.581682648136223, 10.713696473558057 ], [ 122.581378434269894, 10.713915179760017 ], [ 122.581586384117799, 10.713918213792835 ], [ 122.581766049127353, 10.713921652829857 ], [ 122.581950612588244, 10.713909310432335 ], [ 122.582128881450473, 10.713900783063064 ], [ 122.582311930622808, 10.713906274910611 ], [ 122.58248436651769, 10.71392429336113 ], [ 122.58392040316275, 10.71416813822824 ], [ 122.584288697409178, 10.714227815054517 ], [ 122.584088811754057, 10.713600889281766 ] ] ] ] } },
{ "type": "Feature", "properties": { "psgc": "0603022072", "admin_type": "Barangay", "region": "Region VI (Western Visayas)", "province": "Iloilo", "municity": "Iloilo City", "district": "La Paz", "barangay": "Ingore", "population": "4640" }, "geometry": { "type": "MultiPolygon", "coordinates": [ [ [ [ 122.594511518579807, 10.734299596740369 ], [ 122.594673820315947, 10.734456168485222 ], [ 122.594840725734173, 10.734598085369202 ], [ 122.595091701469826, 10.734788728218827 ], [ 122.595406840223575, 10.734984742543997 ], [ 122.595705978611832, 10.735149017165105 ], [ 122.596095966188273, 10.735334557536586 ], [ 122.596443181143641, 10.735525327065877 ], [ 122.596801095200618, 10.735710824041291 ], [ 122.597169722676128, 10.735880475730701 ], [ 122.597538336274027, 10.736060699691985 ], [ 122.597896244519049, 10.73625148179576 ], [ 122.598082580892978, 10.736269779011844 ], [ 122.598270729277715, 10.736250208977124 ], [ 122.598441518834449, 10.736246915630492 ], [ 122.598639357304222, 10.736256997423123 ], [ 122.598815724331388, 10.736256580040223 ], [ 122.598991723338827, 10.736248066102203 ], [ 122.598997962086841, 10.735888177230652 ], [ 122.599120907233512, 10.735893625616445 ], [ 122.599220415114161, 10.735836664049932 ], [ 122.599238748751759, 10.735719331043764 ], [ 122.599329746486788, 10.735664487651134 ], [ 122.59939394173611, 10.735518656873722 ], [ 122.599389697499461, 10.735417958667435 ], [ 122.599404993673716, 10.735328359452616 ], [ 122.599474566593258, 10.735270301105828 ], [ 122.59950172844411, 10.735180478373911 ], [ 122.599500199085796, 10.735091706293458 ], [ 122.599555754205852, 10.734990232018024 ], [ 122.599582946008084, 10.734872805468635 ], [ 122.599640110402277, 10.734745089878862 ], [ 122.599630411139614, 10.734662574952317 ], [ 122.59956102337415, 10.734583188251134 ], [ 122.599555867553647, 10.734442076342596 ], [ 122.599556353530673, 10.734080977987793 ], [ 122.599556623875372, 10.733880096692207 ], [ 122.599519388850766, 10.733742602345286 ], [ 122.599526101094611, 10.733637107061163 ], [ 122.599557079180912, 10.733541770293808 ], [ 122.599503871103039, 10.733356677687809 ], [ 122.599434497888922, 10.733266718263641 ], [ 122.599375809005309, 10.733182059251051 ], [ 122.599378770287174, 10.732997002825556 ], [ 122.599376228898677, 10.732870164595836 ], [ 122.599296114609714, 10.732817195518699 ], [ 122.599194546366519, 10.732817061759878 ], [ 122.599119288435077, 10.732721961495988 ], [ 122.599138601191029, 10.732621205089691 ], [ 122.599141516637161, 10.73249981034359 ], [ 122.599120105328026, 10.732448942621431 ], [ 122.599082892070797, 10.732367574128871 ], [ 122.59904561468997, 10.732261797827253 ], [ 122.599003041507743, 10.732119010026718 ], [ 122.598933531552802, 10.73206288560662 ], [ 122.598821359492518, 10.73206590698881 ], [ 122.598749576516596, 10.731907179123775 ], [ 122.598715307439534, 10.731791043708906 ], [ 122.598768424506943, 10.731678742085492 ], [ 122.598717750736981, 10.731624511128448 ], [ 122.598640297749839, 10.731552891394417 ], [ 122.598619245104501, 10.731463112453618 ], [ 122.598746843592352, 10.731367224736843 ], [ 122.598773194331244, 10.73119840793327 ], [ 122.598669913127509, 10.731139033930852 ], [ 122.59866403818657, 10.730986433494456 ], [ 122.598712443619604, 10.730807264726113 ], [ 122.598744281655726, 10.730685683117301 ], [ 122.598663849245384, 10.730557479441602 ], [ 122.598649321252694, 10.730511932976636 ], [ 122.598721979507914, 10.730442863554387 ], [ 122.598712313515321, 10.730357662859074 ], [ 122.598642015646448, 10.730278880966898 ], [ 122.598460139784763, 10.730151978935909 ], [ 122.598472586757481, 10.730006244937556 ], [ 122.598631702118581, 10.729998690288719 ], [ 122.598818799768893, 10.729998936936736 ], [ 122.599027251529492, 10.730020357044106 ], [ 122.599182310906144, 10.729994129466025 ], [ 122.599185810487413, 10.729854667663753 ], [ 122.599749091713917, 10.729889148081204 ], [ 122.599917788810572, 10.729188826884723 ], [ 122.599934389489789, 10.729019591524967 ], [ 122.599986726025193, 10.728837721866958 ], [ 122.600106984342844, 10.728294922774907 ], [ 122.600125887480147, 10.728113267762408 ], [ 122.600217337822741, 10.727755247671391 ], [ 122.600243372003504, 10.727563669188061 ], [ 122.600134639040988, 10.727179124085277 ], [ 122.599947333845677, 10.726671391911044 ], [ 122.599727486740377, 10.725934295553817 ], [ 122.599580936681903, 10.7257489211435 ], [ 122.599395811786337, 10.72584894811099 ], [ 122.599220454284563, 10.725948700981631 ], [ 122.599027153063403, 10.726124308924874 ], [ 122.598834733575956, 10.726108196389264 ], [ 122.598465617773002, 10.726308591590076 ], [ 122.598328666574957, 10.726125454167988 ], [ 122.598273668883934, 10.725943579492231 ], [ 122.598068046684062, 10.725780268135109 ], [ 122.597936839536402, 10.725578546009723 ], [ 122.597917010977966, 10.725402864158566 ], [ 122.597761815934589, 10.725202687159761 ], [ 122.597729626921861, 10.725049466270869 ], [ 122.597922869804563, 10.724844036053637 ], [ 122.598077587678986, 10.724679880405139 ], [ 122.59810202106253, 10.724489487076704 ], [ 122.598083411184888, 10.724325701867942 ], [ 122.598189407190389, 10.724129613053252 ], [ 122.598281688395616, 10.723961204508363 ], [ 122.5983403282317, 10.723768866326923 ], [ 122.598408634474268, 10.723584079256637 ], [ 122.59846489601766, 10.72339691486656 ], [ 122.598485802342395, 10.723231955704433 ], [ 122.598353743366474, 10.723041550320543 ], [ 122.598288995645603, 10.72286875529686 ], [ 122.599171406448775, 10.722209947567933 ], [ 122.597665950049944, 10.720743640451039 ], [ 122.597285297439612, 10.721031569326831 ], [ 122.595965751537747, 10.718928963302208 ], [ 122.595967624605464, 10.718694144833567 ], [ 122.596006421472538, 10.71858989511939 ], [ 122.595883813122398, 10.718341273527937 ], [ 122.595673178571801, 10.718435087586194 ], [ 122.595557755599302, 10.718330268256731 ], [ 122.595374905926889, 10.718281394732404 ], [ 122.595184870043838, 10.718341453648513 ], [ 122.595010791352436, 10.71835391164981 ], [ 122.59491990092188, 10.718163959800133 ], [ 122.594831947259408, 10.717980145257965 ], [ 122.594836818217274, 10.717816533566189 ], [ 122.594459355315038, 10.717612604381301 ], [ 122.594275680439495, 10.717430377255411 ], [ 122.59409458798811, 10.717239332582583 ], [ 122.593914040517475, 10.717438042714946 ], [ 122.593714803805085, 10.717429135601702 ], [ 122.593531259505255, 10.717433749200447 ], [ 122.592951849946772, 10.71701530689765 ], [ 122.593384562831474, 10.716567018364975 ], [ 122.593817853296599, 10.716175460777489 ], [ 122.593850171451791, 10.716157946058598 ], [ 122.595246505426303, 10.715287553482023 ], [ 122.594276047047657, 10.712930837113674 ], [ 122.594282198433504, 10.712928553849389 ], [ 122.593920447676922, 10.712033197241521 ], [ 122.593744327638376, 10.711452942418971 ], [ 122.593324079864615, 10.709961627867488 ], [ 122.592339144785711, 10.710985867445855 ], [ 122.591907312567173, 10.711126256371958 ], [ 122.591326976839824, 10.711339881348303 ], [ 122.591200173849955, 10.71129095200115 ], [ 122.591339419952888, 10.711095543211005 ], [ 122.591164943723712, 10.710918052042654 ], [ 122.591026776591022, 10.710881723620284 ], [ 122.590896062952197, 10.710745251671055 ], [ 122.590976670871115, 10.71056113444291 ], [ 122.590811205808336, 10.710386462584442 ], [ 122.590811459566723, 10.710201440260288 ], [ 122.590619021715668, 10.710206468424632 ], [ 122.590563502721977, 10.710139859137792 ], [ 122.59053908896469, 10.710026624843417 ], [ 122.590621674842708, 10.709837733434959 ], [ 122.590648930474046, 10.709955181802915 ], [ 122.590795720948847, 10.709984678309997 ], [ 122.590977636049701, 10.709890369876479 ], [ 122.591115400413528, 10.709660356753778 ], [ 122.591187505241635, 10.70944399762266 ], [ 122.591020797449119, 10.70954090706593 ], [ 122.590777269435392, 10.709675509507621 ], [ 122.59040067958621, 10.709947986123552 ], [ 122.588496283419573, 10.711597854922649 ], [ 122.587802084858239, 10.710787679006275 ], [ 122.587154211110104, 10.711464735099536 ], [ 122.586872281754836, 10.711872322856216 ], [ 122.586618249619264, 10.712171849314016 ], [ 122.585699302390395, 10.71145134165886 ], [ 122.585411746789276, 10.711968374789034 ], [ 122.585030036986282, 10.712725835838903 ], [ 122.584747588975418, 10.71265625121657 ], [ 122.584717432702163, 10.712827513012526 ], [ 122.584729194696394, 10.713026276950698 ], [ 122.583825350953163, 10.712956335668853 ], [ 122.584088811754057, 10.713600889281766 ], [ 122.584288697409178, 10.714227815054517 ], [ 122.584459673642272, 10.714235863556242 ], [ 122.584645595415253, 10.714198125167377 ], [ 122.585005163767292, 10.714104570986395 ], [ 122.585182551394354, 10.714062079924743 ], [ 122.585538368582064, 10.713927705895541 ], [ 122.585718094237365, 10.713864446369639 ], [ 122.585884617813704, 10.7138029965142 ], [ 122.586078145451694, 10.713709679034441 ], [ 122.58625436581687, 10.713679632966356 ], [ 122.58631673039713, 10.713740293694118 ], [ 122.586386486627603, 10.713925453794282 ], [ 122.586452222344633, 10.714013062348208 ], [ 122.586620772228855, 10.71416862866583 ], [ 122.586723468549195, 10.714252094807444 ], [ 122.586800709417602, 10.714294386248245 ], [ 122.586899442284007, 10.71430277081134 ], [ 122.586975517303429, 10.714284164927133 ], [ 122.587157883459227, 10.714269663893818 ], [ 122.58724760167803, 10.714292460843721 ], [ 122.587331405310366, 10.714363112842916 ], [ 122.587516752071423, 10.714571953298757 ], [ 122.58777833959212, 10.714944700278979 ], [ 122.58788667571207, 10.715096429782587 ], [ 122.588015022484655, 10.715206191228145 ], [ 122.58824081777928, 10.715322958667331 ], [ 122.588632999969718, 10.715649900116281 ], [ 122.588490650129486, 10.715795691974877 ], [ 122.588713621654122, 10.715992645735771 ], [ 122.588872036127285, 10.716168098432227 ], [ 122.589033550515651, 10.716348671548296 ], [ 122.589156180112241, 10.716518771915091 ], [ 122.589255977000533, 10.716703571563873 ], [ 122.58936168512497, 10.717074270646759 ], [ 122.589410618128255, 10.717243969757188 ], [ 122.589420737220749, 10.717428020036049 ], [ 122.589394647043193, 10.717602275184504 ], [ 122.589363206098653, 10.717782448212652 ], [ 122.589329072612088, 10.717967109725128 ], [ 122.589303603803572, 10.718154197444029 ], [ 122.589248834782026, 10.7185157343564 ], [ 122.589226271297164, 10.718865652111603 ], [ 122.58919668474438, 10.719409935654657 ], [ 122.589203636623651, 10.719774875156659 ], [ 122.589218905115175, 10.720150864387415 ], [ 122.589273197735878, 10.720511214667805 ], [ 122.589332777047176, 10.720852475671025 ], [ 122.58942587424734, 10.721424518136098 ], [ 122.589522997312187, 10.722137175453279 ], [ 122.589547999099238, 10.722487364534652 ], [ 122.589549897769501, 10.722823202259214 ], [ 122.589527365228079, 10.723021480133911 ], [ 122.589482191664601, 10.723227241734747 ], [ 122.589437376326487, 10.723390394950044 ], [ 122.589364166633416, 10.723565426916137 ], [ 122.589288052583257, 10.723765661040712 ], [ 122.589112771887727, 10.724129903384 ], [ 122.588892137077281, 10.724480622039485 ], [ 122.588589282909751, 10.724849452161322 ], [ 122.588424508982655, 10.725025969664046 ], [ 122.588238690260425, 10.725202702573538 ], [ 122.588051754889321, 10.72536265173051 ], [ 122.587883940599156, 10.725462987928495 ], [ 122.587885508157143, 10.72574855923845 ], [ 122.587789064513913, 10.72598483271395 ], [ 122.58688778446195, 10.727708198009024 ], [ 122.585481712680064, 10.728391442606096 ], [ 122.586016876559583, 10.728305672701261 ], [ 122.586943468946941, 10.728118155900786 ], [ 122.587333201107128, 10.728057331855181 ], [ 122.58767493367948, 10.728041558618056 ], [ 122.588038324377024, 10.728015833696624 ], [ 122.58841248237556, 10.72800354007952 ], [ 122.588775854769636, 10.728043715471522 ], [ 122.589136705472825, 10.728107610168371 ], [ 122.589327552727113, 10.728174296432623 ], [ 122.589508328789563, 10.728278673033936 ], [ 122.58976342309785, 10.728461464690275 ], [ 122.590240128148253, 10.728999456822262 ], [ 122.591136603645083, 10.730083884960042 ], [ 122.592230405793629, 10.731510663694902 ], [ 122.592786798226669, 10.732255493642322 ], [ 122.59369225603298, 10.733348074084732 ], [ 122.594296456611929, 10.734069565050421 ], [ 122.594511185929406, 10.734299257615328 ], [ 122.594511518579807, 10.734299596740369 ] ] ] ] } },
{ "type": "Feature", "properties": { "psgc": "0603022019", "admin_type": "Barangay", "region": "Region VI (Western Visayas)", "province": "Iloilo", "municity": "Iloilo City", "district": "Jaro", "barangay": "Bito-on", "population": "7026" }, "geometry": { "type": "MultiPolygon", "coordinates": [ [ [ [ 122.588375581885501, 10.743878116567659 ], [ 122.58819775457421, 10.743893919995424 ], [ 122.586102709643853, 10.744887404733456 ], [ 122.585970774684426, 10.744943633496829 ], [ 122.586091120093485, 10.745060403393538 ], [ 122.586342250568677, 10.745238657722581 ], [ 122.586555308181246, 10.745423863883591 ], [ 122.586685813890711, 10.745574750483696 ], [ 122.586799632869742, 10.745746380977689 ], [ 122.587433832030115, 10.746766362594773 ], [ 122.580596826782752, 10.751129598337968 ], [ 122.584463000756543, 10.757028693328085 ], [ 122.584511970560385, 10.757133844505706 ], [ 122.585450316621177, 10.756511420820198 ], [ 122.585908603306251, 10.756205354399905 ], [ 122.586194490198082, 10.75668257199313 ], [ 122.58622858161587, 10.756771428983329 ], [ 122.586025267414314, 10.756887451634702 ], [ 122.586293427207352, 10.757423686912785 ], [ 122.586398516497241, 10.757591043545307 ], [ 122.585440520272627, 10.758335112380523 ], [ 122.587470029737531, 10.760907703832887 ], [ 122.587430063665948, 10.760994778467914 ], [ 122.587721177429941, 10.76125698240925 ], [ 122.588340809381208, 10.760745846950305 ], [ 122.588851355231483, 10.761462080816592 ], [ 122.589491531905693, 10.762451493038858 ], [ 122.589909342289573, 10.762259734217551 ], [ 122.591042475993703, 10.763571460305705 ], [ 122.591934745895429, 10.76276608549836 ], [ 122.592360489929391, 10.763231162677176 ], [ 122.59437700462172, 10.760959816725148 ], [ 122.595213506615934, 10.760028128475419 ], [ 122.595222478980787, 10.759926266131565 ], [ 122.594960344021487, 10.759746347452056 ], [ 122.594823472369669, 10.759665131074375 ], [ 122.594775156336155, 10.759565230737371 ], [ 122.59477095423135, 10.759381882580881 ], [ 122.594735290487463, 10.759196036650827 ], [ 122.594691463401176, 10.759027188497679 ], [ 122.594619091992328, 10.758867141798504 ], [ 122.594401882658005, 10.75868976647873 ], [ 122.594215158762253, 10.758643980536217 ], [ 122.594059188562113, 10.758565971357735 ], [ 122.594033121428822, 10.758470016014909 ], [ 122.594094999916535, 10.758290869789574 ], [ 122.594049093035892, 10.758110500969373 ], [ 122.593902643716476, 10.758051796845875 ], [ 122.59383081876112, 10.757940099928735 ], [ 122.593752475814654, 10.75775936851282 ], [ 122.593798600375706, 10.757573352527594 ], [ 122.593663543437188, 10.757381063443251 ], [ 122.593475142963953, 10.757387381835741 ], [ 122.593396009208902, 10.757231815744356 ], [ 122.59333639063378, 10.757050015488456 ], [ 122.593226771982216, 10.756849000341093 ], [ 122.593122739516048, 10.756663673133463 ], [ 122.593005094430069, 10.756612284955212 ], [ 122.592952407383635, 10.756498736660358 ], [ 122.592949052906334, 10.756319008622029 ], [ 122.59275370540584, 10.756131652411172 ], [ 122.592571788663435, 10.75595717721917 ], [ 122.592391806136419, 10.75578455682391 ], [ 122.592294244278705, 10.755575212861364 ], [ 122.592107673764602, 10.754772437050587 ], [ 122.592273920638974, 10.754709224007454 ], [ 122.592215404021545, 10.754497691565044 ], [ 122.592043780444982, 10.754487056678313 ], [ 122.591959922744167, 10.754387204587564 ], [ 122.591854567695378, 10.75431624105267 ], [ 122.591828311272124, 10.754124238932022 ], [ 122.591814202088983, 10.754021280080268 ], [ 122.591846391173547, 10.753969317256598 ], [ 122.591847119676871, 10.753769231309736 ], [ 122.591886132537468, 10.753669888585762 ], [ 122.591970268778866, 10.753577486667943 ], [ 122.592045816037228, 10.753416111065425 ], [ 122.59217080719894, 10.753380976368419 ], [ 122.592261102518805, 10.753308543212853 ], [ 122.592311674871908, 10.753133923564047 ], [ 122.592292352701591, 10.752964753849893 ], [ 122.592176655114201, 10.75290056344091 ], [ 122.592041226403907, 10.752863976212142 ], [ 122.591859509834165, 10.752821771034105 ], [ 122.591703350967748, 10.752790119837726 ], [ 122.591488204932446, 10.752774402843489 ], [ 122.591347050739941, 10.752691996184767 ], [ 122.591287643056646, 10.75250863598251 ], [ 122.591271780012889, 10.752313203949964 ], [ 122.591267479800109, 10.752128687599637 ], [ 122.59124706692198, 10.751948842982509 ], [ 122.591163203895434, 10.751791149350645 ], [ 122.591135809386145, 10.751599016122793 ], [ 122.591111160693117, 10.751466391017523 ], [ 122.591016764685392, 10.7514247126191 ], [ 122.590834007686865, 10.751239097226861 ], [ 122.590755297461826, 10.751070175368648 ], [ 122.590656040370916, 10.750881429843856 ], [ 122.590563343483637, 10.750705158853021 ], [ 122.59051533965129, 10.750525244348296 ], [ 122.590474155049421, 10.750340125715661 ], [ 122.590371637645433, 10.750160406723044 ], [ 122.590303112232618, 10.749972686837101 ], [ 122.59021176060871, 10.749795433226012 ], [ 122.590164487791313, 10.749612762772349 ], [ 122.5900983981102, 10.749439982898906 ], [ 122.59006935718746, 10.749245160799378 ], [ 122.590025642481947, 10.749076238930561 ], [ 122.589929670114529, 10.748891087307959 ], [ 122.589855074448764, 10.748711250843543 ], [ 122.589748505895471, 10.748526656371578 ], [ 122.589599022473195, 10.748309142859288 ], [ 122.589495484658741, 10.74801223869728 ], [ 122.589428623253312, 10.747822568768784 ], [ 122.589357568251472, 10.74760989678769 ], [ 122.58924223053252, 10.747304254894926 ], [ 122.589140957054852, 10.747087377793243 ], [ 122.588949014698201, 10.746717074013196 ], [ 122.588805156909984, 10.746367980534664 ], [ 122.588746629500761, 10.746167020151752 ], [ 122.588634926714221, 10.746019897769319 ], [ 122.588597012563881, 10.745819182979153 ], [ 122.58864040566506, 10.745664673379121 ], [ 122.588706275535628, 10.745571813915184 ], [ 122.58870760328729, 10.745459008914615 ], [ 122.588560728857658, 10.74529452119733 ], [ 122.588459288249908, 10.745199229681178 ], [ 122.588419164388611, 10.745077710636906 ], [ 122.588421039845045, 10.744903131080598 ], [ 122.588422459440821, 10.744770985599626 ], [ 122.58848768004961, 10.744755286609346 ], [ 122.588556568474942, 10.74487865857065 ], [ 122.588646026435299, 10.744827543556227 ], [ 122.588577567756673, 10.744715375182205 ], [ 122.588543277106865, 10.744549079315025 ], [ 122.588492741197015, 10.744385173490539 ], [ 122.58837230107477, 10.744214910900567 ], [ 122.588483749107183, 10.744031006662629 ], [ 122.588375581885501, 10.743878116567659 ] ] ] ] } },
{ "type": "Feature", "properties": { "psgc": "0603022017", "admin_type": "Barangay", "region": "Region VI (Western Visayas)", "province": "Iloilo", "municity": "Iloilo City", "district": "City Proper", "barangay": "Baybay Tanza", "population": "2108" }, "geometry": { "type": "MultiPolygon", "coordinates": [ [ [ [ 122.555926068898629, 10.688421590618624 ], [ 122.555293040925164, 10.687834524130972 ], [ 122.555273184223466, 10.686808944042379 ], [ 122.557131329040203, 10.684459212345114 ], [ 122.557056595357068, 10.684395668069765 ], [ 122.555166404790924, 10.686729493730089 ], [ 122.555180934217333, 10.688464945366587 ], [ 122.55455891527977, 10.688477479805622 ], [ 122.554572633443414, 10.690453686974299 ], [ 122.554606129007553, 10.691394732743541 ], [ 122.556020798419141, 10.691386920645424 ], [ 122.556084071074324, 10.691448889883862 ], [ 122.556333279605497, 10.691464225113137 ], [ 122.556297236561136, 10.691566719285323 ], [ 122.556213474839737, 10.691698083618778 ], [ 122.556039600659346, 10.691990546839754 ], [ 122.555798701964477, 10.692461158115282 ], [ 122.555550349633563, 10.69293321444629 ], [ 122.556480988804992, 10.693691495028158 ], [ 122.556547464997223, 10.693709230421033 ], [ 122.556639866748355, 10.693695137676789 ], [ 122.557049884636825, 10.693602777561747 ], [ 122.557202837334003, 10.693560864504866 ], [ 122.557311793092367, 10.693535722178664 ], [ 122.557972778896044, 10.693406920499251 ], [ 122.557552216899808, 10.692180368948378 ], [ 122.557583095474669, 10.691319985333577 ], [ 122.559379581932163, 10.691362296001483 ], [ 122.560109357713003, 10.691355326409306 ], [ 122.561033254136234, 10.691346500454708 ], [ 122.561491647960793, 10.69130011990209 ], [ 122.561087406732696, 10.691110169173198 ], [ 122.561039473309179, 10.691019914328104 ], [ 122.560895967268976, 10.691027952828541 ], [ 122.560764627490087, 10.690765752968623 ], [ 122.560762880944935, 10.689470348899151 ], [ 122.559803036309944, 10.689433218399655 ], [ 122.559820020998444, 10.688428168250683 ], [ 122.557741435747928, 10.688444677571907 ], [ 122.55773464334581, 10.688519999972321 ], [ 122.556215803653203, 10.688555830919926 ], [ 122.555926068898629, 10.688421590618624 ] ] ] ] } }
]
}
