{
"type": "FeatureCollection",
"name": "BOUNDARIES_IloiloCity_District",
"crs": { "type": "name", "properties": { "name": "urn:ogc:def:crs:OGC:1.3:CRS84" } },
"features": [
{ "type": "Feature", "properties": { "psgc": null, "admin_type": "District", "region": "Region VI (Western Visayas)", "province": "Iloilo", "municity": "Iloilo City", "district": "City Proper", "barangay": null, "population": null }, "geometry": { "type": "MultiPolygon", "coordinates": [ [ [ [ 122.561146624042706, 10.701430026919274 ], [ 122.561291368986701, 10.701477152680052 ], [ 122.561495388911325, 10.701561506143911 ], [ 122.561625151416237, 10.701617729280525 ], [ 122.56170291139675, 10.701659584051823 ], [ 122.561890501494602, 10.70176055541082 ], [ 122.562115829344009, 10.701889587263894 ], [ 122.562284367241404, 10.702006286651828 ], [ 122.562456438451221, 10.702157159498103 ], [ 122.562531876500046, 10.702231986317727 ], [ 122.56272048684427, 10.702408545670657 ], [ 122.562938480198952, 10.702615523399217 ], [ 122.563079950413837, 10.70273947827754 ], [ 122.563250908926008, 10.702878652093622 ], [ 122.563362504943385, 10.702965111601044 ], [ 122.563412444468739, 10.70300380244065 ], [ 122.563707137856213, 10.703229572740748 ], [ 122.564011361823702, 10.703452993693649 ], [ 122.564296696511775, 10.703678723007613 ], [ 122.564416272537926, 10.703760036891618 ], [ 122.564547878337223, 10.70384953113987 ], [ 122.564807231148521, 10.703991184479275 ], [ 122.565287248224223, 10.704253399421802 ], [ 122.565736642366033, 10.704492198791479 ], [ 122.565832551325997, 10.70454801844223 ], [ 122.566132813637296, 10.704722772780562 ], [ 122.566346302448196, 10.704838653822057 ], [ 122.566632890279749, 10.705015347156195 ], [ 122.566944225534954, 10.705221262510529 ], [ 122.567016157383932, 10.705272733107893 ], [ 122.567077472227282, 10.705319518885226 ], [ 122.567116242168481, 10.705354631041205 ], [ 122.567277745863663, 10.705504297272876 ], [ 122.567383851693251, 10.705596678278317 ], [ 122.567492331648282, 10.70567972241243 ], [ 122.567642125953626, 10.705762823797018 ], [ 122.567704654498201, 10.705786260814191 ], [ 122.567770732551125, 10.705803865157803 ], [ 122.567847430980805, 10.705823819239036 ], [ 122.567939483003457, 10.705837956994353 ], [ 122.568028005384605, 10.705843917218944 ], [ 122.568066962178122, 10.705841636150893 ], [ 122.568109097441365, 10.705833278878494 ], [ 122.568156375597098, 10.705816208484451 ], [ 122.56818948640344, 10.705792887238157 ], [ 122.568239934655168, 10.705761800961112 ], [ 122.568307720343284, 10.705722949644516 ], [ 122.568370771809072, 10.705690322986104 ], [ 122.568405448897337, 10.705673235110297 ], [ 122.568498536408555, 10.705602499123978 ], [ 122.568801458036489, 10.705426522567707 ], [ 122.568928432373681, 10.705382449150534 ], [ 122.569001106129036, 10.705361600995843 ], [ 122.569088914072012, 10.705340773737214 ], [ 122.569163593019084, 10.705328906289523 ], [ 122.56923322863787, 10.705316034304255 ], [ 122.569293787960063, 10.705300157109006 ], [ 122.569327310216153, 10.705287358719962 ], [ 122.569343253092498, 10.705281271922297 ], [ 122.569394744561336, 10.705256404208809 ], [ 122.569453316950558, 10.7052185780764 ], [ 122.5695149246108, 10.705174770805522 ], [ 122.569594219470474, 10.705103561045295 ], [ 122.569656864181795, 10.70503980411892 ], [ 122.56970133237094, 10.704986995180091 ], [ 122.569747847984203, 10.704913240448862 ], [ 122.569771131108666, 10.704858407163538 ], [ 122.569818769862323, 10.704703655001019 ], [ 122.569848219300312, 10.70456892739014 ], [ 122.569861455140398, 10.70448415364976 ], [ 122.569880818193084, 10.704347219829947 ], [ 122.569894121664859, 10.704214465046888 ], [ 122.569895320627012, 10.704079698462753 ], [ 122.569894484823834, 10.703956899706576 ], [ 122.569890626414164, 10.703831104122235 ], [ 122.569885763283906, 10.703702314492492 ], [ 122.569886966597124, 10.703564456658736 ], [ 122.569889133701849, 10.703458620440356 ], [ 122.569896346909843, 10.703351793626906 ], [ 122.569906578492109, 10.703250956292505 ], [ 122.569916825535728, 10.703139145895269 ], [ 122.569935201876206, 10.702986348440117 ], [ 122.569950482339422, 10.702882525403457 ], [ 122.569970828572579, 10.702763746053829 ], [ 122.569993198287435, 10.702640979278852 ], [ 122.570047571307867, 10.70235516250612 ], [ 122.570096298259088, 10.702143748416365 ], [ 122.570130797444307, 10.702005136082764 ], [ 122.570170368666894, 10.701847084260597 ], [ 122.570206850519696, 10.701733413473409 ], [ 122.570238234280055, 10.701657642675363 ], [ 122.570263553179245, 10.701589843943324 ], [ 122.570332405546296, 10.701416068762558 ], [ 122.570409337584067, 10.701236417961825 ], [ 122.570499439006866, 10.701018878246972 ], [ 122.570616373099782, 10.700727359307646 ], [ 122.570656343464577, 10.700638139118617 ], [ 122.570736297404906, 10.700461682217515 ], [ 122.570781852219412, 10.700353011589167 ], [ 122.570816265279404, 10.700275249776789 ], [ 122.570852443199911, 10.700200253110568 ], [ 122.570864835601583, 10.700174563707639 ], [ 122.570908344412402, 10.700085841307427 ], [ 122.570940722287034, 10.700020354724177 ], [ 122.570973101247191, 10.699950274741651 ], [ 122.571012557450643, 10.699873517390392 ], [ 122.571024703857304, 10.699845602598096 ], [ 122.571050009798569, 10.699786781744571 ], [ 122.571070261274244, 10.699734936812998 ], [ 122.571090514144799, 10.699682094328271 ], [ 122.57110775003818, 10.699622264820928 ], [ 122.571131117994284, 10.699506580752574 ], [ 122.571152458264478, 10.699397876767572 ], [ 122.571174832675013, 10.699271218240114 ], [ 122.571192138606321, 10.699161511151376 ], [ 122.571229761355951, 10.698953381598367 ], [ 122.571242992304747, 10.698871600399352 ], [ 122.571254215620513, 10.69878253778883 ], [ 122.571311948250681, 10.698492935401211 ], [ 122.571418503053621, 10.698007379928528 ], [ 122.571463330461739, 10.697803107120302 ], [ 122.571510976376416, 10.697582558451678 ], [ 122.571596360173729, 10.697170034797416 ], [ 122.571648351008292, 10.696918845433085 ], [ 122.571703425932753, 10.696680237815972 ], [ 122.571751136036156, 10.69648788619088 ], [ 122.57177154517818, 10.696400017728811 ], [ 122.571824484870746, 10.696237218137506 ], [ 122.571890637019308, 10.696049680078355 ], [ 122.571950136245079, 10.695907737101175 ], [ 122.572012241743991, 10.69578664532966 ], [ 122.572104397667374, 10.695650523826913 ], [ 122.572145327307183, 10.695594551887227 ], [ 122.572198135188074, 10.695525566443367 ], [ 122.572256210502573, 10.695459194164236 ], [ 122.572315588966347, 10.695403247482576 ], [ 122.572384200970745, 10.695340798549221 ], [ 122.57244883954597, 10.69529267691464 ], [ 122.572521384759156, 10.695244566094791 ], [ 122.57260314708688, 10.695201679790692 ], [ 122.572698087152361, 10.69515881150512 ], [ 122.57279433220549, 10.695125065822248 ], [ 122.572928792735482, 10.695091372400533 ], [ 122.573039509588568, 10.695074585156716 ], [ 122.573104954061051, 10.695072513419309 ], [ 122.573118420017607, 10.69507208713368 ], [ 122.573214614002566, 10.695074824636544 ], [ 122.573321333808124, 10.695089303302412 ], [ 122.573422771598501, 10.695111592582354 ], [ 122.573507076496142, 10.69513516139761 ], [ 122.573596632494628, 10.695173070124532 ], [ 122.573691443247284, 10.695222712807631 ], [ 122.573755150145644, 10.69526970703099 ], [ 122.573845976705954, 10.695341494857663 ], [ 122.573955194006302, 10.695455003067039 ], [ 122.574057808348527, 10.695578643645764 ], [ 122.574174868873882, 10.695737766725021 ], [ 122.57424062334394, 10.695834276821561 ], [ 122.57430032118657, 10.695921375386957 ], [ 122.574360790081172, 10.696028302076433 ], [ 122.574450188434099, 10.696179569463148 ], [ 122.574522464795805, 10.696324298592513 ], [ 122.57462100971297, 10.69653160646817 ], [ 122.574685895811527, 10.69667836662682 ], [ 122.574758128833068, 10.696854367124384 ], [ 122.574763417947182, 10.696867837251393 ], [ 122.574834290273671, 10.697048332244416 ], [ 122.574886796603579, 10.697195640316458 ], [ 122.574928800810213, 10.697314127349156 ], [ 122.574966838792193, 10.697441871026729 ], [ 122.574982067962495, 10.697490546682134 ], [ 122.575024167052732, 10.697625104215948 ], [ 122.575073999895778, 10.697799771159733 ], [ 122.575115933315885, 10.697969215427012 ], [ 122.575173624816031, 10.698178508648258 ], [ 122.575226029935365, 10.698398783306999 ], [ 122.575250937789576, 10.698492349233792 ], [ 122.575299862085629, 10.698672110188673 ], [ 122.575353294612313, 10.698798365940148 ], [ 122.57540736834909, 10.698945177803097 ], [ 122.575465970274863, 10.699088416836172 ], [ 122.575537202265949, 10.69925672591757 ], [ 122.575594929537374, 10.699378489844387 ], [ 122.575629458409054, 10.699459263498934 ], [ 122.575682635215657, 10.699600705623887 ], [ 122.575747526289959, 10.699775269255776 ], [ 122.575790778339112, 10.699897908210517 ], [ 122.575835853094048, 10.700010907023048 ], [ 122.575875546357707, 10.700090593341271 ], [ 122.575906223130033, 10.700148793504813 ], [ 122.575943246039543, 10.700197160090312 ], [ 122.575955221368915, 10.700207578740759 ], [ 122.575994748104264, 10.700241967368054 ], [ 122.57603631410737, 10.700276024188449 ], [ 122.576100607422518, 10.700325322559824 ], [ 122.576178335279195, 10.700376428660904 ], [ 122.57623373285071, 10.700412725043556 ], [ 122.576309665145402, 10.700453986472791 ], [ 122.576367527090596, 10.700479117926044 ], [ 122.576409118009124, 10.700495279820835 ], [ 122.576499782466911, 10.700532084306833 ], [ 122.576577600454357, 10.700562602313061 ], [ 122.576691927009819, 10.700606475256173 ], [ 122.57676783574415, 10.700627486757083 ], [ 122.576852389035608, 10.700653261899557 ], [ 122.576911003427682, 10.700668547587073 ], [ 122.576946558669007, 10.700676198899673 ], [ 122.577090677001195, 10.700702054747898 ], [ 122.577299262904901, 10.700704238215135 ], [ 122.577501894934343, 10.70065034065102 ], [ 122.577696167476816, 10.700576473510555 ], [ 122.577863548959726, 10.700485462894049 ], [ 122.578024238486847, 10.700367832295992 ], [ 122.578165703167727, 10.700250175616041 ], [ 122.578281171984557, 10.700140208096359 ], [ 122.57840345322974, 10.699992502167801 ], [ 122.578531563993536, 10.699799746681252 ], [ 122.578632794152256, 10.699582244766328 ], [ 122.57888965040361, 10.699029875089529 ], [ 122.579072329970955, 10.698644370936728 ], [ 122.579546277320745, 10.697726125982996 ], [ 122.579728290561846, 10.697388658704922 ], [ 122.57986150927718, 10.697098703003107 ], [ 122.579949749916537, 10.696906643475433 ], [ 122.580101771455631, 10.696556687047268 ], [ 122.580241711976171, 10.696263096136635 ], [ 122.580344003767777, 10.696070348385248 ], [ 122.580426721026157, 10.695928021208966 ], [ 122.58056497503847, 10.695769447581085 ], [ 122.580921616236807, 10.695506636677614 ], [ 122.581479875388652, 10.695095250599097 ], [ 122.58273287144452, 10.694161497113736 ], [ 122.584413964124366, 10.692921527858847 ], [ 122.583860594137875, 10.692344333777164 ], [ 122.58338747756676, 10.691251030434383 ], [ 122.583427315178255, 10.691229942855788 ], [ 122.583935673953789, 10.692164699633883 ], [ 122.584026612063099, 10.692111959780416 ], [ 122.581851492116812, 10.688238714902981 ], [ 122.580948866734573, 10.687609061202071 ], [ 122.581023835902926, 10.687508723023948 ], [ 122.580842294812996, 10.68737631516044 ], [ 122.580584978101328, 10.687708821658653 ], [ 122.580582848626818, 10.687705752919721 ], [ 122.580584823189838, 10.687700751800278 ], [ 122.580356782083101, 10.687670057901174 ], [ 122.580052826350794, 10.687529099672131 ], [ 122.579885749911455, 10.687389222994527 ], [ 122.580019783238825, 10.686946991300468 ], [ 122.579980039939556, 10.686931989657358 ], [ 122.579842875081297, 10.687322080065096 ], [ 122.579778669616147, 10.687369569112782 ], [ 122.579505188718628, 10.688003556690196 ], [ 122.57907736630824, 10.688166845351649 ], [ 122.579062412931918, 10.688073111325371 ], [ 122.579211762140687, 10.687617248651355 ], [ 122.579179744847252, 10.687580200061609 ], [ 122.578932934942429, 10.688251228309918 ], [ 122.57813117475277, 10.68863084681106 ], [ 122.578361350836033, 10.688023127239783 ], [ 122.578318614009746, 10.688007209231785 ], [ 122.578045092227427, 10.688667627121768 ], [ 122.577952291141003, 10.688713359343971 ], [ 122.577638595569965, 10.688867947692112 ], [ 122.577588813808077, 10.688713330378162 ], [ 122.577485941182331, 10.688683988746734 ], [ 122.577420598972353, 10.688631694261986 ], [ 122.577413839397465, 10.688617571367415 ], [ 122.577478882849022, 10.688418386410707 ], [ 122.577452195662588, 10.688391917735721 ], [ 122.577406078376228, 10.688480074933766 ], [ 122.577291123787504, 10.688699820349969 ], [ 122.577184554522759, 10.688671724946795 ], [ 122.577162979426433, 10.688753481798484 ], [ 122.577146960837013, 10.688798545621404 ], [ 122.577061590958195, 10.688774670966675 ], [ 122.577022691694609, 10.68876379233758 ], [ 122.577037906845035, 10.688673475487693 ], [ 122.576906093052045, 10.688591307071043 ], [ 122.576874557338158, 10.688666009851326 ], [ 122.576698332458903, 10.688554752425299 ], [ 122.576737481425681, 10.688490783678841 ], [ 122.576597311079766, 10.688366803279026 ], [ 122.576742161908498, 10.687986385824543 ], [ 122.576684073919864, 10.687957478123824 ], [ 122.57608249230168, 10.689383857924149 ], [ 122.57567513270115, 10.689519883088224 ], [ 122.575670851012759, 10.68944143700946 ], [ 122.57528586665218, 10.689546629797301 ], [ 122.575294494891097, 10.689577825184285 ], [ 122.574963849346858, 10.689691977758738 ], [ 122.574970208332587, 10.689762931986882 ], [ 122.574360668726754, 10.689915388672079 ], [ 122.57428606540735, 10.689756694087503 ], [ 122.573938437683893, 10.68986161321209 ], [ 122.573908572580294, 10.689806680923571 ], [ 122.57319533126018, 10.690014205459772 ], [ 122.572869475449266, 10.690088279824604 ], [ 122.572863581889408, 10.689931970822247 ], [ 122.572799957504444, 10.689907926331523 ], [ 122.572879877096057, 10.689690100268161 ], [ 122.572414468363348, 10.689446845649968 ], [ 122.572356842391372, 10.689547834827037 ], [ 122.572260716960344, 10.68948955049154 ], [ 122.5723151140363, 10.689396599320881 ], [ 122.572132703482296, 10.689304348955087 ], [ 122.572416739428419, 10.68877611039801 ], [ 122.572374025504004, 10.688744332544591 ], [ 122.571522043217371, 10.690239179277539 ], [ 122.57054976266879, 10.690363010473424 ], [ 122.570431464761839, 10.69038566758643 ], [ 122.570426028753829, 10.690449096219307 ], [ 122.569126920539205, 10.690648150537525 ], [ 122.569120752425192, 10.690588164217614 ], [ 122.568927510181624, 10.69060948003197 ], [ 122.568950316776025, 10.690801206008782 ], [ 122.568741879374102, 10.690790339508357 ], [ 122.568736312799786, 10.690725962521782 ], [ 122.56841236548722, 10.690797295728874 ], [ 122.56841051602396, 10.690774013104575 ], [ 122.568335686882534, 10.690773907520086 ], [ 122.568339428154061, 10.690813356480209 ], [ 122.568267463193166, 10.690829203097307 ], [ 122.5682500730275, 10.690840529608408 ], [ 122.56826348016827, 10.690991867741927 ], [ 122.568171708937086, 10.690992928212136 ], [ 122.56814993704684, 10.690828735977833 ], [ 122.568142798647983, 10.69078120599932 ], [ 122.568127933801321, 10.690672609472719 ], [ 122.568051258006207, 10.690697381290896 ], [ 122.568075171612477, 10.690851663012614 ], [ 122.568026794210269, 10.69085637873202 ], [ 122.568045949041448, 10.690990358638819 ], [ 122.568013044011863, 10.690996985980314 ], [ 122.568019272738809, 10.691040553289969 ], [ 122.567975735812254, 10.691042883820522 ], [ 122.567975791246553, 10.691004488986696 ], [ 122.567951598902084, 10.691009361516731 ], [ 122.567944743480737, 10.690965442709636 ], [ 122.567910539225096, 10.690971031277455 ], [ 122.567896142058444, 10.690892074436629 ], [ 122.567932149370961, 10.690884759342403 ], [ 122.567922842544448, 10.690825135722827 ], [ 122.567869909452511, 10.690828095651941 ], [ 122.567864835953614, 10.690798741617487 ], [ 122.567787425900889, 10.690810592331815 ], [ 122.56778559646331, 10.690832810273223 ], [ 122.567755950531605, 10.690834468011634 ], [ 122.567760690834959, 10.690901451136648 ], [ 122.567695387201795, 10.690903750872009 ], [ 122.567695519305204, 10.690812310274383 ], [ 122.567695573810056, 10.690774582312937 ], [ 122.5676205891953, 10.690781652383036 ], [ 122.56762050988138, 10.690836543606794 ], [ 122.567535386270009, 10.690864044508041 ], [ 122.567528370104711, 10.690783535168839 ], [ 122.567525625186747, 10.690761937537326 ], [ 122.56747065453203, 10.690771872365859 ], [ 122.567458617232703, 10.690733583103244 ], [ 122.567502181773619, 10.690712116560706 ], [ 122.567480959105239, 10.690638251938642 ], [ 122.56738057778972, 10.690645458553012 ], [ 122.567031207385909, 10.690730252795094 ], [ 122.567047032771384, 10.690816661606293 ], [ 122.566421406923396, 10.691000797904925 ], [ 122.5663964641642, 10.69091151639568 ], [ 122.566302288136214, 10.690623549555847 ], [ 122.566084805880237, 10.690296345356799 ], [ 122.566032792921462, 10.690236727728543 ], [ 122.566198776855003, 10.690036081710781 ], [ 122.566166799265446, 10.689972600133318 ], [ 122.565545813624865, 10.690643085734415 ], [ 122.564965597472764, 10.690772303025643 ], [ 122.564814238036774, 10.6908081407864 ], [ 122.562975643480399, 10.691153623279652 ], [ 122.562923053340668, 10.690857281823257 ], [ 122.562890290593785, 10.690863633913178 ], [ 122.562942082268236, 10.691152153460857 ], [ 122.561491647960793, 10.69130011990209 ], [ 122.561087406732696, 10.691110169173198 ], [ 122.561039473309179, 10.691019914328104 ], [ 122.560895967268976, 10.691027952828541 ], [ 122.560764627490087, 10.690765752968623 ], [ 122.560762880944935, 10.689470348899151 ], [ 122.559803036309944, 10.689433218399655 ], [ 122.559820020998444, 10.688428168250683 ], [ 122.557741435747928, 10.688444677571907 ], [ 122.55773464334581, 10.688519999972321 ], [ 122.556215803653203, 10.688555830919926 ], [ 122.555926068898629, 10.688421590618624 ], [ 122.555293040925164, 10.687834524130972 ], [ 122.555273184223466, 10.686808944042379 ], [ 122.557131329040203, 10.684459212345114 ], [ 122.557056595357068, 10.684395668069765 ], [ 122.555166404790924, 10.686729493730089 ], [ 122.555180934217333, 10.688464945366587 ], [ 122.55455891527977, 10.688477479805622 ], [ 122.554572633443414, 10.690453686974299 ], [ 122.554606129007553, 10.691394732743541 ], [ 122.556020798419141, 10.691386920645424 ], [ 122.556084071074324, 10.691448889883862 ], [ 122.556333279605497, 10.691464225113137 ], [ 122.556297236561136, 10.691566719285323 ], [ 122.556213474839737, 10.691698083618778 ], [ 122.556039600659346, 10.691990546839754 ], [ 122.555798701964477, 10.692461158115282 ], [ 122.555552708188799, 10.692928731424589 ], [ 122.555534436427834, 10.692913717543998 ], [ 122.555315768437495, 10.692807025781381 ], [ 122.555245267044555, 10.692951160528221 ], [ 122.555101221035244, 10.694011392646365 ], [ 122.555057025444654, 10.694447143333036 ], [ 122.555032114240973, 10.694714359105983 ], [ 122.554897534341137, 10.695895860610126 ], [ 122.554829208064405, 10.696495705268049 ], [ 122.554668989957847, 10.697838923748215 ], [ 122.554607292169706, 10.698356174944362 ], [ 122.554573774871997, 10.698678767805426 ], [ 122.554541911826888, 10.698821121351854 ], [ 122.554279486581166, 10.699471088382687 ], [ 122.554204372513396, 10.699724750586054 ], [ 122.553691827200879, 10.701652428672356 ], [ 122.553843804982449, 10.701681993125735 ], [ 122.553939769974008, 10.701712520904255 ], [ 122.553990947239015, 10.701731588167839 ], [ 122.554022928174433, 10.701746829161602 ], [ 122.55409583798351, 10.701786187837556 ], [ 122.554205847421713, 10.701842061061008 ], [ 122.554417662710875, 10.701942399224997 ], [ 122.554520004447639, 10.701989397481061 ], [ 122.554595483879368, 10.702022428351675 ], [ 122.554713769055425, 10.70206311794877 ], [ 122.554883250129663, 10.70211021192484 ], [ 122.555042505011016, 10.702147161042957 ], [ 122.555130106004015, 10.702161214990083 ], [ 122.555256105305887, 10.702179122481317 ], [ 122.555442268797179, 10.702198381946982 ], [ 122.555610519744164, 10.702211284420283 ], [ 122.555796698034811, 10.702220413515711 ], [ 122.55595984324691, 10.702223178349049 ], [ 122.556131389644108, 10.702217091143108 ], [ 122.55625045078034, 10.702210929180563 ], [ 122.556353448385181, 10.70220094550757 ], [ 122.556430845261914, 10.702189659123432 ], [ 122.556538981773784, 10.702167019968408 ], [ 122.556620804516911, 10.702146875919004 ], [ 122.556737347679928, 10.702111585914981 ], [ 122.556874394931171, 10.702061129720784 ], [ 122.556997940705173, 10.702005589198521 ], [ 122.557082342016216, 10.701972785958116 ], [ 122.55737567305502, 10.701847841304831 ], [ 122.557699311247319, 10.701730496136447 ], [ 122.557897835436307, 10.701658599999123 ], [ 122.558107877001873, 10.701589252593239 ], [ 122.558334585772329, 10.701502200816728 ], [ 122.558607380761856, 10.70141394781036 ], [ 122.55883149423633, 10.701350951180292 ], [ 122.558976910145574, 10.701314366017636 ], [ 122.559362225303403, 10.701240275595179 ], [ 122.559531430190205, 10.70122249922621 ], [ 122.559697404022771, 10.701222733532683 ], [ 122.559955065335828, 10.701230817955382 ], [ 122.560425343525949, 10.701269283279823 ], [ 122.560765215212697, 10.70131412760535 ], [ 122.561146624042706, 10.701430026919274 ] ] ] ] } },
{ "type": "Feature", "properties": { "psgc": null, "admin_type": "District", "region": "Region VI (Western Visayas)", "province": "Iloilo", "municity": "Iloilo City", "district": "Jaro", "barangay": null, "population": null }, "geometry": { "type": "MultiPolygon", "coordinates": [ [ [ [ 122.559035603386761, 10.765144202504487 ], [ 122.561487130870375, 10.766315959174555 ], [ 122.561571618712833, 10.766367281897274 ], [ 122.563842192656921, 10.770392745821487 ], [ 122.563624023673412, 10.770586381646963 ], [ 122.564162701775757, 10.771394975893228 ], [ 122.564095391592403, 10.771459990738837 ], [ 122.563892063764101, 10.77156810442809 ], [ 122.56347252913109, 10.771843966845941 ], [ 122.563469556049029, 10.772009733531206 ], [ 122.562760073126512, 10.77275253225689 ], [ 122.563219262792856, 10.773160239672334 ], [ 122.563719411807384, 10.772738771259311 ], [ 122.564700174317068, 10.771932956341278 ], [ 122.566481945881023, 10.775102611063749 ], [ 122.567050957565911, 10.776113838374529 ], [ 122.571023832776859, 10.782334399032372 ], [ 122.572638627552479, 10.780867582630808 ], [ 122.575190544247405, 10.778541743982746 ], [ 122.577606976434652, 10.776341354478202 ], [ 122.577733196272916, 10.776066686626482 ], [ 122.577909952714123, 10.775806825816343 ], [ 122.578101448834872, 10.775534760186749 ], [ 122.578526992406353, 10.774902598339764 ], [ 122.579024818313613, 10.774175219799391 ], [ 122.579144952186397, 10.773995791081024 ], [ 122.579236804538326, 10.77385138315052 ], [ 122.579631872782727, 10.773352278027065 ], [ 122.579783248566244, 10.773103268467802 ], [ 122.579930273817098, 10.773048049425503 ], [ 122.580143225648385, 10.773040633180896 ], [ 122.580456958048856, 10.773042464098403 ], [ 122.580676301841436, 10.77289724950133 ], [ 122.580837477382943, 10.772660562428028 ], [ 122.580996039883019, 10.772379534014773 ], [ 122.581281505976307, 10.772282273028113 ], [ 122.581668122259487, 10.772284173564545 ], [ 122.581753106831385, 10.772278333410544 ], [ 122.582198126625769, 10.77222073289591 ], [ 122.582672950018136, 10.772038632786877 ], [ 122.582864358072555, 10.771961285524453 ], [ 122.583114280975494, 10.772212901824556 ], [ 122.58338664990832, 10.772492014759434 ], [ 122.583578032775392, 10.77262962620398 ], [ 122.583689330077831, 10.772694134831573 ], [ 122.584128346638593, 10.772916012278246 ], [ 122.584506026762824, 10.773016720839921 ], [ 122.584669274085158, 10.773046723152861 ], [ 122.585119567831427, 10.773048622466806 ], [ 122.585407208011119, 10.772994385096666 ], [ 122.585610415488176, 10.772943921090878 ], [ 122.58632560628925, 10.77257053611452 ], [ 122.586407576276557, 10.772552131989645 ], [ 122.586834759454817, 10.772873869238309 ], [ 122.587015667535027, 10.77305123399448 ], [ 122.587104891169318, 10.773102455540494 ], [ 122.587249148024057, 10.773179413766853 ], [ 122.587317132569197, 10.773120841911643 ], [ 122.587333229382494, 10.772884738197124 ], [ 122.58730122129073, 10.772505703221524 ], [ 122.587251047772654, 10.772213711676139 ], [ 122.587214343434567, 10.772101369146236 ], [ 122.587256604532911, 10.771798473189719 ], [ 122.587382289049529, 10.771538634427655 ], [ 122.587698693383231, 10.771429911744111 ], [ 122.587758676275641, 10.771293181896965 ], [ 122.587957975200425, 10.770903973944723 ], [ 122.588162281821795, 10.770628098602444 ], [ 122.588285970468121, 10.770475080277619 ], [ 122.588321816250414, 10.770408369968715 ], [ 122.588296150387023, 10.770230286185615 ], [ 122.588147446184777, 10.770081907175294 ], [ 122.587856503935129, 10.770033399176898 ], [ 122.587466562170889, 10.770109920756067 ], [ 122.587246202652111, 10.770156839009465 ], [ 122.586944617606321, 10.770156403981096 ], [ 122.586722388498259, 10.769912139607479 ], [ 122.58656565797564, 10.769685446470938 ], [ 122.586730803790857, 10.769503505790226 ], [ 122.589394121432406, 10.766526084417077 ], [ 122.592119375383817, 10.763502386126452 ], [ 122.592360489929391, 10.763231162677176 ], [ 122.59437700462172, 10.760959816725148 ], [ 122.595213506615934, 10.760028128475419 ], [ 122.595222478980787, 10.759926266131565 ], [ 122.594960344021487, 10.759746347452056 ], [ 122.594823472369669, 10.759665131074375 ], [ 122.594775156336155, 10.759565230737371 ], [ 122.59477095423135, 10.759381882580881 ], [ 122.594735290487463, 10.759196036650827 ], [ 122.594691463401176, 10.759027188497679 ], [ 122.594619091992328, 10.758867141798504 ], [ 122.594401882658005, 10.75868976647873 ], [ 122.594215158762253, 10.758643980536217 ], [ 122.594059188562113, 10.758565971357735 ], [ 122.594033121428822, 10.758470016014909 ], [ 122.594094999916535, 10.758290869789574 ], [ 122.594049093035892, 10.758110500969373 ], [ 122.593902643716476, 10.758051796845875 ], [ 122.59383081876112, 10.757940099928735 ], [ 122.593752475814654, 10.75775936851282 ], [ 122.593798600375706, 10.757573352527594 ], [ 122.593663543437188, 10.757381063443251 ], [ 122.593475142963953, 10.757387381835741 ], [ 122.593396009208902, 10.757231815744356 ], [ 122.59333639063378, 10.757050015488456 ], [ 122.593226771982216, 10.756849000341093 ], [ 122.593122739516048, 10.756663673133463 ], [ 122.593005094430069, 10.756612284955212 ], [ 122.592952407383635, 10.756498736660358 ], [ 122.592949052906334, 10.756319008622029 ], [ 122.59275370540584, 10.756131652411172 ], [ 122.592571788663435, 10.75595717721917 ], [ 122.592391806136419, 10.75578455682391 ], [ 122.592294244278705, 10.755575212861364 ], [ 122.592107673764602, 10.754772437050587 ], [ 122.592273920638974, 10.754709224007454 ], [ 122.592215404021545, 10.754497691565044 ], [ 122.592043780444982, 10.754487056678313 ], [ 122.591959922744167, 10.754387204587564 ], [ 122.591854567695378, 10.75431624105267 ], [ 122.591828311272124, 10.754124238932022 ], [ 122.591814202088983, 10.754021280080268 ], [ 122.591846391173547, 10.753969317256598 ], [ 122.591847119676871, 10.753769231309736 ], [ 122.591886132537468, 10.753669888585762 ], [ 122.591970268778866, 10.753577486667943 ], [ 122.592045816037228, 10.753416111065425 ], [ 122.59217080719894, 10.753380976368419 ], [ 122.592261102518805, 10.753308543212853 ], [ 122.592311674871908, 10.753133923564047 ], [ 122.592292352701591, 10.752964753849893 ], [ 122.592176655114201, 10.75290056344091 ], [ 122.592041226403907, 10.752863976212142 ], [ 122.591859509834165, 10.752821771034105 ], [ 122.591703350967748, 10.752790119837726 ], [ 122.591488204932446, 10.752774402843489 ], [ 122.591347050739941, 10.752691996184767 ], [ 122.591287643056646, 10.75250863598251 ], [ 122.591271780012889, 10.752313203949964 ], [ 122.591267479800109, 10.752128687599637 ], [ 122.59124706692198, 10.751948842982509 ], [ 122.591163203895434, 10.751791149350645 ], [ 122.591135809386145, 10.751599016122793 ], [ 122.591111160693117, 10.751466391017523 ], [ 122.591016764685392, 10.7514247126191 ], [ 122.590834007686865, 10.751239097226861 ], [ 122.590755297461826, 10.751070175368648 ], [ 122.590656040370916, 10.750881429843856 ], [ 122.590563343483637, 10.750705158853021 ], [ 122.59051533965129, 10.750525244348296 ], [ 122.590474155049421, 10.750340125715661 ], [ 122.590371637645433, 10.750160406723044 ], [ 122.590303112232618, 10.749972686837101 ], [ 122.59021176060871, 10.749795433226012 ], [ 122.590164487791313, 10.749612762772349 ], [ 122.5900983981102, 10.749439982898906 ], [ 122.59006935718746, 10.749245160799378 ], [ 122.590025642481947, 10.749076238930561 ], [ 122.589929670114529, 10.748891087307959 ], [ 122.589855074448764, 10.748711250843543 ], [ 122.589748505895471, 10.748526656371578 ], [ 122.589599022473195, 10.748309142859288 ], [ 122.589495484658741, 10.74801223869728 ], [ 122.589428623253312, 10.747822568768784 ], [ 122.589357568251472, 10.74760989678769 ], [ 122.58924223053252, 10.747304254894926 ], [ 122.589140957054852, 10.747087377793243 ], [ 122.588949014698201, 10.746717074013196 ], [ 122.588805156909984, 10.746367980534664 ], [ 122.588746629500761, 10.746167020151752 ], [ 122.588634926714221, 10.746019897769319 ], [ 122.588597012563881, 10.745819182979153 ], [ 122.58864040566506, 10.745664673379121 ], [ 122.588706275535628, 10.745571813915184 ], [ 122.58870760328729, 10.745459008914615 ], [ 122.588560728857658, 10.74529452119733 ], [ 122.588459288249908, 10.745199229681178 ], [ 122.588419164388611, 10.745077710636906 ], [ 122.588421039845045, 10.744903131080598 ], [ 122.588422459440821, 10.744770985599626 ], [ 122.58848768004961, 10.744755286609346 ], [ 122.588556568474942, 10.74487865857065 ], [ 122.588646026435299, 10.744827543556227 ], [ 122.588577567756673, 10.744715375182205 ], [ 122.588543277106865, 10.744549079315025 ], [ 122.588492741197015, 10.744385173490539 ], [ 122.58837230107477, 10.744214910900567 ], [ 122.588483749107183, 10.744031006662629 ], [ 122.588375581885501, 10.743878116567659 ], [ 122.588755388985248, 10.743698307031906 ], [ 122.58874485801671, 10.743581993108013 ], [ 122.588666212243069, 10.743522911466545 ], [ 122.588573846182058, 10.743541056971164 ], [ 122.588579786484132, 10.743111284799848 ], [ 122.588574718444676, 10.74291039666487 ], [ 122.588575186359122, 10.742572070924265 ], [ 122.58875694564891, 10.74257231667902 ], [ 122.588746524321877, 10.742376707649449 ], [ 122.588933629356958, 10.742376960523082 ], [ 122.58892852455412, 10.742202504076877 ], [ 122.589115629486272, 10.742202756836994 ], [ 122.589110531879328, 10.74202301404779 ], [ 122.589495447829876, 10.742012960974092 ], [ 122.58949033540776, 10.741843790861992 ], [ 122.589666741142125, 10.741849315195878 ], [ 122.589666996344647, 10.741664293269384 ], [ 122.589854093674731, 10.741669831913653 ], [ 122.589854319606673, 10.741505955344552 ], [ 122.590052130388429, 10.741495649256644 ], [ 122.590057731188153, 10.741310634520369 ], [ 122.590405218088279, 10.741305816201011 ], [ 122.590410818665461, 10.741120801448087 ], [ 122.590592591679354, 10.741110473414251 ], [ 122.590587507741887, 10.740920157921913 ], [ 122.590774604652054, 10.740925695996093 ], [ 122.590773141997531, 10.74077007718895 ], [ 122.59114369242296, 10.740762315335521 ], [ 122.591139094891119, 10.740217814908458 ], [ 122.590973384446272, 10.740210298965311 ], [ 122.590973606985088, 10.740048429210022 ], [ 122.590588622527747, 10.740043211307604 ], [ 122.590594323014955, 10.739852324065044 ], [ 122.590038343714966, 10.739862148163171 ], [ 122.59004296114523, 10.740390789521596 ], [ 122.589668753472424, 10.740390285087473 ], [ 122.589664657665537, 10.739483867228554 ], [ 122.589498938135094, 10.739483273783879 ], [ 122.589504775958304, 10.739126625975185 ], [ 122.589296289705118, 10.739126344659967 ], [ 122.589291191974084, 10.738946601836485 ], [ 122.589130818031947, 10.738946385345914 ], [ 122.589125734995562, 10.73875606983858 ], [ 122.588313693020737, 10.738760690644831 ], [ 122.588144057613093, 10.738947065064123 ], [ 122.588047967843451, 10.739116501460328 ], [ 122.587850171858861, 10.739194482952943 ], [ 122.587727259859747, 10.739208662466721 ], [ 122.586478524590234, 10.738834473645044 ], [ 122.585913244173938, 10.739198206159497 ], [ 122.586037009373086, 10.739453447600225 ], [ 122.582817786894211, 10.740563192822414 ], [ 122.582513885989073, 10.74003182791864 ], [ 122.582296372071795, 10.739658435425278 ], [ 122.582099466662854, 10.739303238687748 ], [ 122.581918407932108, 10.738937501467497 ], [ 122.58118554446331, 10.737296801377131 ], [ 122.579802344349972, 10.733510524142574 ], [ 122.579520552338707, 10.732787075124309 ], [ 122.57948162847228, 10.732643866432669 ], [ 122.579312038319898, 10.7328003185089 ], [ 122.578973072361478, 10.733168492060656 ], [ 122.577943346795436, 10.734394453385491 ], [ 122.577679756159029, 10.734749162166869 ], [ 122.577414451890675, 10.735099309716896 ], [ 122.577179770822127, 10.735345315348416 ], [ 122.576509840707061, 10.734671218592611 ], [ 122.575819822975745, 10.734012695339306 ], [ 122.574258484444357, 10.732285885280881 ], [ 122.574363056987153, 10.732094650566841 ], [ 122.574685909559548, 10.731560930065569 ], [ 122.574787830816078, 10.73134524804852 ], [ 122.574691513152274, 10.73132181825642 ], [ 122.573471866298021, 10.730629071874375 ], [ 122.573541031021819, 10.730510215096821 ], [ 122.57210095887622, 10.728507405043269 ], [ 122.571907765367911, 10.728238714735513 ], [ 122.570302181884273, 10.726120832067382 ], [ 122.568240308094076, 10.723365689560692 ], [ 122.56661370960903, 10.721479850708148 ], [ 122.56646421165614, 10.721356916233937 ], [ 122.565968996259102, 10.720884343007794 ], [ 122.565692419834718, 10.720624317148864 ], [ 122.565910962697075, 10.720455245726642 ], [ 122.566278536719082, 10.720066787585454 ], [ 122.566470166434982, 10.719793252297267 ], [ 122.566645531461219, 10.719510253826776 ], [ 122.56622661230044, 10.719200121158813 ], [ 122.565616510649278, 10.718476184887937 ], [ 122.565121367266002, 10.717883966576236 ], [ 122.565198817116666, 10.717495551158438 ], [ 122.565071577712956, 10.717395673740517 ], [ 122.564950502244486, 10.717499513276772 ], [ 122.564699410860044, 10.717750330969437 ], [ 122.563560421100846, 10.716507138631902 ], [ 122.563463333961309, 10.716338554790946 ], [ 122.562737433893147, 10.7155488775624 ], [ 122.562575884845771, 10.715421630826489 ], [ 122.561460595154998, 10.714121029083833 ], [ 122.561327639290255, 10.713912539682765 ], [ 122.560790180667667, 10.713294093396572 ], [ 122.56052772393781, 10.713419329293 ], [ 122.560283073310984, 10.712965791891374 ], [ 122.559379105812752, 10.713376823714167 ], [ 122.559191944530312, 10.71304363822312 ], [ 122.559251487038139, 10.7127341979912 ], [ 122.559212580897167, 10.712331134835495 ], [ 122.559196888160699, 10.712098513188588 ], [ 122.559004207323042, 10.712238952270914 ], [ 122.558818691968924, 10.712346158653595 ], [ 122.558624440650391, 10.712436012370519 ], [ 122.558459969671958, 10.712498340704641 ], [ 122.558279364687948, 10.712571568293479 ], [ 122.558085702527322, 10.712605045361014 ], [ 122.557882559854392, 10.712641901977856 ], [ 122.557713930162535, 10.712687021416919 ], [ 122.557528166543293, 10.712762179433714 ], [ 122.557386127213903, 10.712864635484165 ], [ 122.557266958287201, 10.713047760320061 ], [ 122.557206781617552, 10.713211052581102 ], [ 122.557212541749578, 10.713396060823914 ], [ 122.557245012865835, 10.713591680462546 ], [ 122.557223897596984, 10.713760796221237 ], [ 122.557168267310288, 10.713951084225352 ], [ 122.557094130211681, 10.714113059200836 ], [ 122.556997600973048, 10.714221910804039 ], [ 122.556914442391516, 10.714271116602868 ], [ 122.556800400550813, 10.714303324367268 ], [ 122.556685469355358, 10.714335244737294 ], [ 122.556432782033582, 10.714384061500429 ], [ 122.556261265091251, 10.714419960054093 ], [ 122.556062449437533, 10.714497585267059 ], [ 122.555892625727438, 10.714600478842726 ], [ 122.555790400961669, 10.714685254107263 ], [ 122.555697762022803, 10.714855276483309 ], [ 122.555618349347256, 10.715029004015458 ], [ 122.555585222635216, 10.715215368728481 ], [ 122.555613755441243, 10.715408250292848 ], [ 122.555696030910354, 10.71558394762854 ], [ 122.555744068428922, 10.715631594545007 ], [ 122.555791547694582, 10.715745443019568 ], [ 122.555880763790739, 10.715894898954312 ], [ 122.556055155767467, 10.716000656616163 ], [ 122.55625074858122, 10.716084430489607 ], [ 122.55642372922685, 10.716175074454735 ], [ 122.556593732961389, 10.716169204191688 ], [ 122.556731568488075, 10.716291297847352 ], [ 122.556806115929433, 10.716471145334785 ], [ 122.556809401141592, 10.716656001031881 ], [ 122.556823404542143, 10.716835893857542 ], [ 122.556783895476386, 10.717020892217302 ], [ 122.556738749401447, 10.717185760421959 ], [ 122.5566860867618, 10.717372820321676 ], [ 122.556601351655559, 10.71755983363709 ], [ 122.556570666009179, 10.717760956559371 ], [ 122.556539817870927, 10.717910589665937 ], [ 122.556473531276907, 10.718100502361525 ], [ 122.556413171202493, 10.718294361189642 ], [ 122.556423587190793, 10.718479398117344 ], [ 122.556524891009857, 10.718653994395279 ], [ 122.556648377588573, 10.718765888287251 ], [ 122.556786549753525, 10.718834109802552 ], [ 122.556984244099098, 10.718892546435102 ], [ 122.557326178776179, 10.719009341830603 ], [ 122.557582306420358, 10.719189791038414 ], [ 122.55773188300418, 10.719379973452007 ], [ 122.557822506426035, 10.719549422077765 ], [ 122.55786488810665, 10.719638387292155 ], [ 122.557875677366198, 10.719739652689737 ], [ 122.557853570524742, 10.719837094606865 ], [ 122.557790780728951, 10.719909556594864 ], [ 122.557607372087887, 10.720098145571413 ], [ 122.557340326222445, 10.720283369610545 ], [ 122.55715412960204, 10.720417237925931 ], [ 122.556976198457164, 10.720504166431196 ], [ 122.556787469923677, 10.720579879810966 ], [ 122.556608447356226, 10.72067550722914 ], [ 122.556415388026565, 10.720769323599956 ], [ 122.556232993567036, 10.720836827230436 ], [ 122.556063974726243, 10.72091342371613 ], [ 122.555875844565264, 10.720959351279463 ], [ 122.555687269815692, 10.720977300954354 ], [ 122.555500674373803, 10.721000982275381 ], [ 122.555318668557319, 10.721004659472495 ], [ 122.555140172476925, 10.720986595874532 ], [ 122.554957382225894, 10.720917183082605 ], [ 122.554780075375177, 10.720876142398723 ], [ 122.554591985829489, 10.720802719372665 ], [ 122.554412581433994, 10.720724230994229 ], [ 122.554223394106103, 10.720638305016305 ], [ 122.554043784895669, 10.720542358931899 ], [ 122.553828277217022, 10.720483930333911 ], [ 122.553666790223218, 10.720456080811863 ], [ 122.553510020899722, 10.720536884487386 ], [ 122.553319067224621, 10.720635307649047 ], [ 122.553316547497673, 10.720788575294321 ], [ 122.553341602020041, 10.720910251552992 ], [ 122.553313168196368, 10.721005342406515 ], [ 122.553239935374734, 10.721117689001435 ], [ 122.553115030230273, 10.721242937473798 ], [ 122.553019698812335, 10.721290630123166 ], [ 122.55293326870553, 10.721253244033038 ], [ 122.552860402167695, 10.721167249657512 ], [ 122.552757232705105, 10.721009814858743 ], [ 122.552777990519758, 10.720898874988954 ], [ 122.552756103379437, 10.720808979711201 ], [ 122.552794950203193, 10.720708531379223 ], [ 122.552776496559133, 10.720639892779463 ], [ 122.552790728552765, 10.720529424722439 ], [ 122.552764766428112, 10.720449721454726 ], [ 122.552726292278962, 10.720253823802524 ], [ 122.552582187064715, 10.720105595324718 ], [ 122.552500085517678, 10.720108361743586 ], [ 122.552389671942223, 10.720158176505107 ], [ 122.552213082109645, 10.720284789588831 ], [ 122.55202040821095, 10.720443096968307 ], [ 122.551854619117023, 10.720542513135362 ], [ 122.551678021847664, 10.720627616098897 ], [ 122.551495255582722, 10.72073088358607 ], [ 122.551303546477428, 10.720822660346363 ], [ 122.551116217232973, 10.720980974983433 ], [ 122.551034545871332, 10.721020451891473 ], [ 122.550934392248024, 10.721033570945703 ], [ 122.55077925472807, 10.72111263772552 ], [ 122.550560019360688, 10.721159892088954 ], [ 122.550388694078961, 10.721339375146629 ], [ 122.550261535517976, 10.721405600929227 ], [ 122.550137162737755, 10.721534598933374 ], [ 122.550142229466317, 10.721719628007939 ], [ 122.55014484147047, 10.721771648164143 ], [ 122.550125962098193, 10.721872907657026 ], [ 122.550029520578988, 10.722020782823794 ], [ 122.549931949349642, 10.722114812421426 ], [ 122.549836230389275, 10.722253492849214 ], [ 122.549784747626475, 10.72236003454438 ], [ 122.549641972744652, 10.722429438291503 ], [ 122.549541292950764, 10.722497958368677 ], [ 122.549483587909435, 10.722621477329715 ], [ 122.549477971234481, 10.722801204291819 ], [ 122.549464942967319, 10.722970129239036 ], [ 122.549445371835191, 10.723150054016294 ], [ 122.549470657691458, 10.723331886269436 ], [ 122.549577599303689, 10.723515435699966 ], [ 122.549669037336585, 10.723710735081275 ], [ 122.549620204898844, 10.723833273880816 ], [ 122.549456520130761, 10.723902737141144 ], [ 122.549279995474791, 10.723970389334736 ], [ 122.549164766997819, 10.724024236310127 ], [ 122.549078730106132, 10.724064441837319 ], [ 122.548912884375298, 10.724128046630121 ], [ 122.548724303618826, 10.7242745714025 ], [ 122.548544767642397, 10.724428020798156 ], [ 122.548360288853743, 10.72459692632035 ], [ 122.54823099426909, 10.724785379115175 ], [ 122.548161532642141, 10.724962190049256 ], [ 122.548099564406712, 10.725152000267023 ], [ 122.547992336208381, 10.725351098633077 ], [ 122.54781567794268, 10.725506990621144 ], [ 122.547622160541493, 10.725651474742818 ], [ 122.547433220835103, 10.725777255364568 ], [ 122.547254032418294, 10.725971368661767 ], [ 122.547087692499161, 10.72610368982553 ], [ 122.546900360403725, 10.726233544283906 ], [ 122.546724292027136, 10.726337656974865 ], [ 122.546522557175706, 10.726417200007557 ], [ 122.546336592115239, 10.726432391201707 ], [ 122.546176894859599, 10.726479323722794 ], [ 122.54609584152476, 10.726564191487947 ], [ 122.546016502689781, 10.726622560365115 ], [ 122.545986609460954, 10.726760111434483 ], [ 122.546008881267966, 10.7269536269037 ], [ 122.545972544897523, 10.727027908678426 ], [ 122.545791483311149, 10.727125723690333 ], [ 122.545613724039555, 10.727198250115499 ], [ 122.545431762978737, 10.727327293939867 ], [ 122.545260970363515, 10.727410811039862 ], [ 122.545171081365794, 10.727416206285266 ], [ 122.545057443853992, 10.727375137064831 ], [ 122.544945994544534, 10.72741992537361 ], [ 122.544891501377762, 10.727499329113096 ], [ 122.544770430113374, 10.727672683866277 ], [ 122.544651385350562, 10.727906279476713 ], [ 122.544515412224641, 10.728039488759316 ], [ 122.544353810484722, 10.728113796301335 ], [ 122.544162394465275, 10.728201812855502 ], [ 122.543979568523071, 10.728282457104035 ], [ 122.543784313597158, 10.728390430919879 ], [ 122.543614732713621, 10.728518037793211 ], [ 122.543421511881519, 10.7285617207088 ], [ 122.543249826368495, 10.728570262388926 ], [ 122.543167389876956, 10.728613105123232 ], [ 122.543055054302371, 10.728757938807794 ], [ 122.542879289753586, 10.72891836729961 ], [ 122.542678481342563, 10.728983090109054 ], [ 122.542506273011284, 10.729153502526804 ], [ 122.542334491670601, 10.729377698896027 ], [ 122.542155176255122, 10.729410624777781 ], [ 122.541969966393964, 10.729507819763574 ], [ 122.541768529702765, 10.7295854502705 ], [ 122.541605984403304, 10.729567238006654 ], [ 122.541421823052573, 10.729565347556051 ], [ 122.541211375877538, 10.729686089358385 ], [ 122.541106462243889, 10.729831297755398 ], [ 122.541102948236386, 10.729954806404251 ], [ 122.54104513826988, 10.730068271194243 ], [ 122.540849123016898, 10.730038812083187 ], [ 122.540744588083143, 10.73006371254699 ], [ 122.540671736414041, 10.730147882567389 ], [ 122.540497184343053, 10.730239984442493 ], [ 122.540320043107187, 10.730372976863336 ], [ 122.540127307224694, 10.730487290363984 ], [ 122.539938000933702, 10.730474433956223 ], [ 122.539805344543254, 10.730489160725652 ], [ 122.539665250186815, 10.730471300153139 ], [ 122.539582602880287, 10.730485307892875 ], [ 122.539491175643491, 10.730615006067673 ], [ 122.539388055960345, 10.730682365572813 ], [ 122.539218689689534, 10.730722617661328 ], [ 122.539042749531063, 10.730740078406257 ], [ 122.538854071616484, 10.730783354801597 ], [ 122.538657071343223, 10.730920843675174 ], [ 122.538489281232287, 10.731102017115141 ], [ 122.538447059801001, 10.731214029563878 ], [ 122.538303585857321, 10.731346622877387 ], [ 122.538218789068935, 10.731390979621242 ], [ 122.53811996980825, 10.731393904337272 ], [ 122.53802847174704, 10.731385284527461 ], [ 122.537934514629072, 10.731471154491734 ], [ 122.537898620825061, 10.731636712356947 ], [ 122.537743291930255, 10.731826739549888 ], [ 122.53756605747509, 10.731928931166369 ], [ 122.537390324116146, 10.731983062847096 ], [ 122.53720829670641, 10.7320901733854 ], [ 122.537096836382048, 10.732184798803695 ], [ 122.537022817139729, 10.732362543930337 ], [ 122.536941408342486, 10.732500679411205 ], [ 122.536849403895459, 10.732580157355981 ], [ 122.536655172351885, 10.732717844728235 ], [ 122.536544784667299, 10.732791093534885 ], [ 122.536482066016546, 10.732874365353569 ], [ 122.536305613517627, 10.732902237962641 ], [ 122.53617836173089, 10.732973198126301 ], [ 122.536116444233969, 10.733085131678704 ], [ 122.536106528648759, 10.733269709235737 ], [ 122.536042937711983, 10.733352431254476 ], [ 122.53593233036618, 10.733451284516651 ], [ 122.535734324852484, 10.733574300034386 ], [ 122.535553913243916, 10.733686167214234 ], [ 122.535474183439533, 10.733799433770175 ], [ 122.535378733327647, 10.733805153326623 ], [ 122.535323146209677, 10.733873072729402 ], [ 122.535303769022406, 10.733993818986818 ], [ 122.535339140546725, 10.734076818085262 ], [ 122.535325973040116, 10.734165704528763 ], [ 122.535020809278407, 10.734351024101414 ], [ 122.534920235579463, 10.73442086137003 ], [ 122.534815876097497, 10.734536353009151 ], [ 122.534717900657, 10.734786739751284 ], [ 122.534650543641419, 10.734850567619906 ], [ 122.534464445897285, 10.734891027129089 ], [ 122.534380235154089, 10.734920028420843 ], [ 122.5343150451112, 10.735077079646961 ], [ 122.53418530773952, 10.735261215194836 ], [ 122.534068582115438, 10.735436172943974 ], [ 122.5339172185747, 10.735611507486729 ], [ 122.53391804394397, 10.73598571990482 ], [ 122.533721809144623, 10.735989053584627 ], [ 122.533730390807023, 10.736339616370607 ], [ 122.533359234908986, 10.736346058943683 ], [ 122.533350274826546, 10.736703791055758 ], [ 122.532992111700665, 10.736703243113842 ], [ 122.53299154910863, 10.737062711654668 ], [ 122.532621381498515, 10.737063394326107 ], [ 122.532451110913456, 10.737240824051836 ], [ 122.532253375127709, 10.737357614598585 ], [ 122.532803115397414, 10.737759839142258 ], [ 122.535747375653145, 10.743570707433051 ], [ 122.537021614684946, 10.746107532077623 ], [ 122.537122384529809, 10.746038388011433 ], [ 122.537198497021919, 10.746043297346844 ], [ 122.53736886026492, 10.74613680252147 ], [ 122.537528311438322, 10.746304216098023 ], [ 122.53768482073437, 10.746482231468788 ], [ 122.537817693548348, 10.74664159035026 ], [ 122.537724879571456, 10.746759832717331 ], [ 122.537547378833324, 10.746757416929718 ], [ 122.537459533054104, 10.746821281507485 ], [ 122.53744828525646, 10.746989926780289 ], [ 122.537506786748438, 10.747181742723772 ], [ 122.537549184831818, 10.747423557662129 ], [ 122.537456424613751, 10.747549364189668 ], [ 122.537363765668204, 10.747728231098144 ], [ 122.537227695402137, 10.747925035066038 ], [ 122.537171870027905, 10.748088173318052 ], [ 122.537074702927669, 10.748272294894669 ], [ 122.536991616998833, 10.74844825610319 ], [ 122.537052476867899, 10.748649413865152 ], [ 122.537188825247895, 10.748829170214689 ], [ 122.537352882128928, 10.748917240188485 ], [ 122.537536048491944, 10.748998859339508 ], [ 122.537733462779585, 10.749247615599025 ], [ 122.538038230675312, 10.749216359851305 ], [ 122.538155743085198, 10.749279973732216 ], [ 122.538396638093261, 10.749068886137531 ], [ 122.539001040086291, 10.748868921065093 ], [ 122.539855445129646, 10.748928878832105 ], [ 122.53993964287524, 10.749127419481789 ], [ 122.540014286669205, 10.749242335278771 ], [ 122.540084378258499, 10.749378485994921 ], [ 122.540213075091302, 10.749540921912972 ], [ 122.54073072901987, 10.750453940518437 ], [ 122.540840209009673, 10.750674173236161 ], [ 122.540959515119241, 10.750876399048783 ], [ 122.541107971808756, 10.751046915644434 ], [ 122.541192452425321, 10.751178510420051 ], [ 122.541269174330012, 10.751357535047301 ], [ 122.541391524230491, 10.751535680336364 ], [ 122.541476753193848, 10.751712825821027 ], [ 122.54157142509311, 10.751858240603358 ], [ 122.541701445226067, 10.752050016779696 ], [ 122.541791191738483, 10.752257219059743 ], [ 122.54185288482843, 10.752448952488983 ], [ 122.541935305307405, 10.752626207731126 ], [ 122.542037789089974, 10.752808684723068 ], [ 122.542117467638491, 10.752988365691353 ], [ 122.542182999290802, 10.753174172088126 ], [ 122.54224110919732, 10.753317929179648 ], [ 122.542304903393742, 10.753492646287826 ], [ 122.542389735565493, 10.753659313353586 ], [ 122.542468400302226, 10.753810682735033 ], [ 122.542603253995125, 10.754081213772578 ], [ 122.542662000244292, 10.754244849143943 ], [ 122.542693108471639, 10.754425438453644 ], [ 122.542662039791111, 10.754613611919378 ], [ 122.542611348965607, 10.754793814073979 ], [ 122.542531346293771, 10.754975221419834 ], [ 122.542482642257042, 10.755152763002094 ], [ 122.54234944378787, 10.755396824941636 ], [ 122.542140103945101, 10.755603743585386 ], [ 122.541976673698159, 10.755739515874998 ], [ 122.541740500622183, 10.755878940982878 ], [ 122.541531976575939, 10.755937883721495 ], [ 122.541368414615377, 10.756009272046626 ], [ 122.541197827968219, 10.756077514671608 ], [ 122.541030552662988, 10.756159623133636 ], [ 122.540850424392218, 10.756263208554902 ], [ 122.540639147780723, 10.756361750920217 ], [ 122.540475846002792, 10.756447074053444 ], [ 122.540272295060944, 10.756508838333689 ], [ 122.540072805037056, 10.75663212851207 ], [ 122.539900561383675, 10.756777365246343 ], [ 122.539835330110549, 10.756977559563117 ], [ 122.539863387952494, 10.757164626804494 ], [ 122.539924901398834, 10.757357189115872 ], [ 122.540005567000875, 10.757508803693705 ], [ 122.540133478396186, 10.757686272314187 ], [ 122.540352782454491, 10.757944453113158 ], [ 122.540634905180539, 10.758224207510393 ], [ 122.541022982307808, 10.758594735202399 ], [ 122.541135621080016, 10.758790938052355 ], [ 122.541213764440869, 10.758985279934443 ], [ 122.541369760593682, 10.759523525878095 ], [ 122.541456256205606, 10.759697204066685 ], [ 122.541544945688912, 10.759861804980851 ], [ 122.541694228823033, 10.759986876284669 ], [ 122.541850734748664, 10.760108234626545 ], [ 122.54203783357768, 10.760166581147997 ], [ 122.542252439465599, 10.760200115321972 ], [ 122.542454222680902, 10.760235421631235 ], [ 122.542654048184502, 10.760212362881825 ], [ 122.542836630335998, 10.760156711724688 ], [ 122.543055548799472, 10.760075747484766 ], [ 122.543231057515257, 10.759977887550166 ], [ 122.543374614705158, 10.759969086533159 ], [ 122.543571773719606, 10.760022168058391 ], [ 122.543716836398531, 10.759969792165773 ], [ 122.543911125875439, 10.759846292269833 ], [ 122.544281820504096, 10.75965417197019 ], [ 122.544486403947147, 10.75949901352949 ], [ 122.544643077613657, 10.759355567275342 ], [ 122.544907676047302, 10.759031068998585 ], [ 122.545211687153227, 10.758698135773408 ], [ 122.545317925157619, 10.758580824318008 ], [ 122.545922041846268, 10.757993865844718 ], [ 122.546136466404988, 10.75783252536074 ], [ 122.546347488137968, 10.75774282907374 ], [ 122.54653195155548, 10.757708050786528 ], [ 122.54669930256847, 10.757716031037535 ], [ 122.546888797131885, 10.757770875831444 ], [ 122.547024948149073, 10.757835154775316 ], [ 122.547276523809188, 10.757951355206282 ], [ 122.547635258213234, 10.758177311567534 ], [ 122.547951947782096, 10.758460427384463 ], [ 122.548074982096665, 10.758601753392288 ], [ 122.548213922562567, 10.758758716542017 ], [ 122.548327877786136, 10.758924687270321 ], [ 122.548443983065653, 10.759118492773077 ], [ 122.548534990015895, 10.759291851478727 ], [ 122.548680660185909, 10.759513558588607 ], [ 122.548865944179113, 10.75976233094922 ], [ 122.549210271964, 10.760086446423237 ], [ 122.549460880026103, 10.760403450866734 ], [ 122.549786728196295, 10.760815015467065 ], [ 122.550190540614366, 10.76131838816543 ], [ 122.550357888522726, 10.761506859000022 ], [ 122.550468795158494, 10.761657323014283 ], [ 122.550562255125115, 10.761787888449353 ], [ 122.550688451104108, 10.761956372788633 ], [ 122.550843110600027, 10.762101845874943 ], [ 122.551136152307933, 10.762218763183917 ], [ 122.553236855230224, 10.76236451967047 ], [ 122.559035603386761, 10.765144202504487 ] ] ] ] } },
{ "type": "Feature", "properties": { "psgc": null, "admin_type": "District", "region": "Region VI (Western Visayas)", "province": "Iloilo", "municity": "Iloilo City", "district": "Lapuz", "barangay": null, "population": null }, "geometry": { "type": "MultiPolygon", "coordinates": [ [ [ [ 122.576923279440123, 10.700670528755497 ], [ 122.576852389035608, 10.700653261899557 ], [ 122.57676783574415, 10.700627486757083 ], [ 122.576691927009819, 10.700606475256173 ], [ 122.576577600454357, 10.700562602313061 ], [ 122.576499782466911, 10.700532084306833 ], [ 122.576409118009124, 10.700495279820835 ], [ 122.576367527090596, 10.700479117926044 ], [ 122.576309665145402, 10.700453986472791 ], [ 122.57623373285071, 10.700412725043556 ], [ 122.576178335279195, 10.700376428660904 ], [ 122.576100607422518, 10.700325322559824 ], [ 122.576096811176726, 10.700322411702228 ], [ 122.57603631410737, 10.700276024188449 ], [ 122.575994748104264, 10.700241967368054 ], [ 122.575955221368915, 10.700207578740759 ], [ 122.575943246039543, 10.700197160090312 ], [ 122.575906223130033, 10.700148793504813 ], [ 122.575875546357707, 10.700090593341271 ], [ 122.575835853094048, 10.700010907023048 ], [ 122.575790778339112, 10.699897908210517 ], [ 122.575747526289959, 10.699775269255776 ], [ 122.575682635215657, 10.699600705623887 ], [ 122.575629458409054, 10.699459263498934 ], [ 122.575594929537374, 10.699378489844387 ], [ 122.575537202265949, 10.69925672591757 ], [ 122.575465970274863, 10.699088416836172 ], [ 122.57540736834909, 10.698945177803097 ], [ 122.575353294612313, 10.698798365940148 ], [ 122.575299862085629, 10.698672110188673 ], [ 122.575250937789576, 10.698492349233792 ], [ 122.575226029935365, 10.698398783306999 ], [ 122.575173624816031, 10.698178508648258 ], [ 122.575115933315885, 10.697969215427012 ], [ 122.575073999895778, 10.697799771159733 ], [ 122.575024167052732, 10.697625104215948 ], [ 122.574982067962495, 10.697490546682134 ], [ 122.574966838792193, 10.697441871026729 ], [ 122.574928800810213, 10.697314127349156 ], [ 122.574886796603579, 10.697195640316458 ], [ 122.574834290273671, 10.697048332244416 ], [ 122.574758128833068, 10.696854367124384 ], [ 122.574685895811527, 10.69667836662682 ], [ 122.57462100971297, 10.69653160646817 ], [ 122.574522464795805, 10.696324298592513 ], [ 122.574450188434099, 10.696179569463148 ], [ 122.574360790081172, 10.696028302076433 ], [ 122.57430032118657, 10.695921375386957 ], [ 122.57424062334394, 10.695834276821561 ], [ 122.574174868873882, 10.695737766725021 ], [ 122.574057808348527, 10.695578643645764 ], [ 122.573955194006302, 10.695455003067039 ], [ 122.573845976705954, 10.695341494857663 ], [ 122.573755150145644, 10.69526970703099 ], [ 122.573691443247284, 10.695222712807631 ], [ 122.573596632494628, 10.695173070124532 ], [ 122.573507076496142, 10.69513516139761 ], [ 122.573422771598501, 10.695111592582354 ], [ 122.573321333808124, 10.695089303302412 ], [ 122.573214614002566, 10.695074824636544 ], [ 122.573118420017607, 10.69507208713368 ], [ 122.573104954061051, 10.695072513419309 ], [ 122.573039509588568, 10.695074585156716 ], [ 122.572928792735482, 10.695091372400533 ], [ 122.57279433220549, 10.695125065822248 ], [ 122.572698087152361, 10.69515881150512 ], [ 122.57260314708688, 10.695201679790692 ], [ 122.572521384759156, 10.695244566094791 ], [ 122.57244883954597, 10.69529267691464 ], [ 122.572384200970745, 10.695340798549221 ], [ 122.572315588966347, 10.695403247482576 ], [ 122.572256210502573, 10.695459194164236 ], [ 122.572198135188074, 10.695525566443367 ], [ 122.572145327307183, 10.695594551887227 ], [ 122.572104397667374, 10.695650523826913 ], [ 122.572012241743991, 10.69578664532966 ], [ 122.571950136245079, 10.695907737101175 ], [ 122.571890637019308, 10.696049680078355 ], [ 122.571824484870746, 10.696237218137506 ], [ 122.57177154517818, 10.696400017728811 ], [ 122.571751136036156, 10.69648788619088 ], [ 122.571703425932753, 10.696680237815972 ], [ 122.571648351008292, 10.696918845433085 ], [ 122.571596360173729, 10.697170034797416 ], [ 122.571510976376416, 10.697582558451678 ], [ 122.571463330461739, 10.697803107120302 ], [ 122.571418503053621, 10.698007379928528 ], [ 122.571311948250681, 10.698492935401211 ], [ 122.571254215620513, 10.69878253778883 ], [ 122.571242992304747, 10.698871600399352 ], [ 122.571229761355951, 10.698953381598367 ], [ 122.571192138606321, 10.699161511151376 ], [ 122.571174832675013, 10.699271218240114 ], [ 122.571152458264478, 10.699397876767572 ], [ 122.571131117994284, 10.699506580752574 ], [ 122.57110775003818, 10.699622264820928 ], [ 122.571090514144799, 10.699682094328271 ], [ 122.571070261274244, 10.699734936812998 ], [ 122.571050009798569, 10.699786781744571 ], [ 122.571024703857304, 10.699845602598096 ], [ 122.571012557450643, 10.699873517390392 ], [ 122.570973101247191, 10.699950274741651 ], [ 122.570940722287034, 10.700020354724177 ], [ 122.570908344412402, 10.700085841307427 ], [ 122.570864835601583, 10.700174563707639 ], [ 122.570852443199911, 10.700200253110568 ], [ 122.570816265279404, 10.700275249776789 ], [ 122.570781852219412, 10.700353011589167 ], [ 122.570736297404906, 10.700461682217515 ], [ 122.570656343464577, 10.700638139118617 ], [ 122.570616373099782, 10.700727359307646 ], [ 122.570579572250423, 10.700819104600756 ], [ 122.570499439006866, 10.701018878246972 ], [ 122.570409337584067, 10.701236417961825 ], [ 122.570332405546296, 10.701416068762558 ], [ 122.570263553179245, 10.701589843943324 ], [ 122.570238234280055, 10.701657642675363 ], [ 122.570206850519696, 10.701733413473409 ], [ 122.570170368666894, 10.701847084260597 ], [ 122.570130797444307, 10.702005136082764 ], [ 122.570096298259088, 10.702143748416365 ], [ 122.570047571307867, 10.70235516250612 ], [ 122.569993198287435, 10.702640979278852 ], [ 122.569970828572579, 10.702763746053829 ], [ 122.569950482339422, 10.702882525403457 ], [ 122.569935201876206, 10.702986348440117 ], [ 122.569916825535728, 10.703139145895269 ], [ 122.569906578492109, 10.703250956292505 ], [ 122.569896346909843, 10.703351793626906 ], [ 122.569889133701849, 10.703458620440356 ], [ 122.569886966597124, 10.703564456658736 ], [ 122.569885763283906, 10.703702314492492 ], [ 122.569890626414164, 10.703831104122235 ], [ 122.569894484823834, 10.703956899706576 ], [ 122.569895320627012, 10.704079698462753 ], [ 122.569894121664859, 10.704214465046888 ], [ 122.569880818193084, 10.704347219829947 ], [ 122.569861455140398, 10.70448415364976 ], [ 122.569848219300312, 10.70456892739014 ], [ 122.569818769862323, 10.704703655001019 ], [ 122.569771131108666, 10.704858407163538 ], [ 122.569747847984203, 10.704913240448862 ], [ 122.56970133237094, 10.704986995180091 ], [ 122.569656864181795, 10.70503980411892 ], [ 122.569592843687474, 10.705099736083262 ], [ 122.570148630377048, 10.705829193866713 ], [ 122.570277656864221, 10.70603460821814 ], [ 122.570640205335863, 10.706444087784773 ], [ 122.570728732160191, 10.706452738037477 ], [ 122.570712542675125, 10.706514989690666 ], [ 122.570853251876756, 10.70655493605811 ], [ 122.57083445723552, 10.706625550346336 ], [ 122.571065006108498, 10.706679264902828 ], [ 122.571246443737067, 10.706674188676242 ], [ 122.571333916451636, 10.706758921009182 ], [ 122.571400356797952, 10.706633550618239 ], [ 122.571649670061547, 10.706395079632443 ], [ 122.571682449905936, 10.70642856800321 ], [ 122.571740771085373, 10.706214861828125 ], [ 122.571845997658755, 10.706236974118861 ], [ 122.5719004414088, 10.706089732041006 ], [ 122.571900441408872, 10.70608973204107 ], [ 122.572033766731309, 10.705717005724125 ], [ 122.572799093924331, 10.705182193452282 ], [ 122.572799094535327, 10.705182193843655 ], [ 122.572799186647629, 10.705182252846965 ], [ 122.572853771583596, 10.705217217682936 ], [ 122.572796750521533, 10.705289580694719 ], [ 122.57279672856302, 10.705289615898264 ], [ 122.572884669886307, 10.705362014095057 ], [ 122.572815742903273, 10.705422735150492 ], [ 122.572972611209863, 10.705625917055333 ], [ 122.572768207052903, 10.705770713272116 ], [ 122.572929828945306, 10.705966888682765 ], [ 122.5727515529166, 10.706115244243293 ], [ 122.573436069163918, 10.706951323318963 ], [ 122.573126728675135, 10.707201697233613 ], [ 122.573590560678952, 10.707670629732013 ], [ 122.573115960867099, 10.70810409123856 ], [ 122.572593091984274, 10.707773966702597 ], [ 122.572588516902101, 10.708021395480712 ], [ 122.572923806477547, 10.708275628732036 ], [ 122.573238913955961, 10.708502432846837 ], [ 122.573853948419043, 10.708948270949765 ], [ 122.574006106129403, 10.708776101991988 ], [ 122.574216955065452, 10.708873855059695 ], [ 122.574361618067343, 10.708551341460373 ], [ 122.574474142411688, 10.708382034523826 ], [ 122.574694195178722, 10.708117508915134 ], [ 122.574950539412399, 10.707912212689001 ], [ 122.575626456667266, 10.70854425086624 ], [ 122.57599917772275, 10.708771290517104 ], [ 122.576174451976897, 10.70883715217917 ], [ 122.576174451977138, 10.708837152178869 ], [ 122.576728857204017, 10.709077680862004 ], [ 122.576396925811892, 10.709447265196591 ], [ 122.576572997414758, 10.709674822642658 ], [ 122.577276171136418, 10.710346219586041 ], [ 122.577741537379907, 10.709934689403331 ], [ 122.578185535339728, 10.709602204272683 ], [ 122.578494479861007, 10.709315257194342 ], [ 122.579030448863634, 10.708758395770138 ], [ 122.581101962486855, 10.710505743054577 ], [ 122.581299805575171, 10.710583966713441 ], [ 122.582779303311028, 10.710546964512957 ], [ 122.582938839313925, 10.710593307063121 ], [ 122.583034610040002, 10.710724488606553 ], [ 122.58392607762643, 10.711592660849693 ], [ 122.581682648136223, 10.713696473558057 ], [ 122.581378434269894, 10.713915179760017 ], [ 122.581586384117799, 10.713918213792835 ], [ 122.581766049127353, 10.713921652829857 ], [ 122.581950612588244, 10.713909310432335 ], [ 122.582128881450473, 10.713900783063064 ], [ 122.582311930622808, 10.713906274910611 ], [ 122.58248436651769, 10.71392429336113 ], [ 122.58392040316275, 10.71416813822824 ], [ 122.584288697409178, 10.714227815054517 ], [ 122.584088811754057, 10.713600889281766 ], [ 122.583825350953163, 10.712956335668853 ], [ 122.584729194696394, 10.713026276950698 ], [ 122.584717432702163, 10.712827513012526 ], [ 122.584747588975418, 10.71265625121657 ], [ 122.585030036986282, 10.712725835838903 ], [ 122.585411746789276, 10.711968374789034 ], [ 122.585699302390395, 10.71145134165886 ], [ 122.586618249619264, 10.712171849314016 ], [ 122.586872281754836, 10.711872322856216 ], [ 122.587154211110104, 10.711464735099536 ], [ 122.587802084858239, 10.710787679006275 ], [ 122.588496283419573, 10.711597854922649 ], [ 122.59040067958621, 10.709947986123552 ], [ 122.590777269435392, 10.709675509507621 ], [ 122.591020797449119, 10.70954090706593 ], [ 122.591187505241635, 10.70944399762266 ], [ 122.593919533427595, 10.708212266591829 ], [ 122.594474108207422, 10.709381659029255 ], [ 122.595501026148639, 10.708923108926857 ], [ 122.593497086674176, 10.704560539762191 ], [ 122.592541672363183, 10.704974692507022 ], [ 122.591910921448473, 10.703605531307101 ], [ 122.591188945799303, 10.70387945604922 ], [ 122.591172519302759, 10.704164897711065 ], [ 122.591008165980497, 10.704171493116137 ], [ 122.590824057209048, 10.704145006781459 ], [ 122.590591865975739, 10.704126990812952 ], [ 122.590450181813864, 10.704129681558056 ], [ 122.590269356565699, 10.704036813847919 ], [ 122.590082640584654, 10.704190887206641 ], [ 122.589886640290274, 10.704430626024109 ], [ 122.589807934370569, 10.704466153064542 ], [ 122.589718933103867, 10.7044151677384 ], [ 122.589627636339614, 10.704252692614071 ], [ 122.589713297407684, 10.704152366873744 ], [ 122.589654660197183, 10.704035988056138 ], [ 122.589529767539858, 10.704097156701113 ], [ 122.589346750954292, 10.704126444756271 ], [ 122.589214148691624, 10.704137117495 ], [ 122.589136097186099, 10.704093440460927 ], [ 122.589072908704907, 10.70387386880746 ], [ 122.589061904884076, 10.703628140647675 ], [ 122.589168997573296, 10.703490839362972 ], [ 122.589226349552575, 10.703305761932443 ], [ 122.589199687061893, 10.70314329362126 ], [ 122.589224860085309, 10.703028387005382 ], [ 122.590886675333692, 10.702123978065329 ], [ 122.590924207287642, 10.702039446529788 ], [ 122.589891845265882, 10.702582556843957 ], [ 122.589878032536092, 10.702495960140212 ], [ 122.589731577142501, 10.702545676666954 ], [ 122.589555053423581, 10.702582842490823 ], [ 122.589347091903292, 10.702548813534239 ], [ 122.589169928182571, 10.702537839388835 ], [ 122.58898152549078, 10.702492834615269 ], [ 122.588791419189505, 10.702421257853736 ], [ 122.58863603853213, 10.702321493709684 ], [ 122.588449888311402, 10.702418170538042 ], [ 122.588302121411829, 10.702422315172706 ], [ 122.588076773767156, 10.702103365975274 ], [ 122.587896485589624, 10.701956523338733 ], [ 122.588001631522019, 10.701730943638001 ], [ 122.588266216176976, 10.701870597473507 ], [ 122.588240031680328, 10.701930126815515 ], [ 122.588434703519454, 10.702038540779602 ], [ 122.588623238562931, 10.702084578797798 ], [ 122.588798181225073, 10.702136645449251 ], [ 122.588987216797491, 10.702055138283551 ], [ 122.589229239452251, 10.701931770435786 ], [ 122.589155246011302, 10.701830902755271 ], [ 122.589267632244287, 10.701730613066955 ], [ 122.589322772312059, 10.70180518954702 ], [ 122.589809824304851, 10.701442392641981 ], [ 122.589773898064777, 10.701368969076945 ], [ 122.590512302937853, 10.700804319374384 ], [ 122.590459540366737, 10.700302043936823 ], [ 122.589488406896265, 10.69907958954737 ], [ 122.588752064242939, 10.698148198626528 ], [ 122.587729637137983, 10.696806750992321 ], [ 122.585720462418791, 10.694335788 ], [ 122.585869585414528, 10.694240585440989 ], [ 122.585821641476585, 10.694124220444131 ], [ 122.585655916872398, 10.694145141213394 ], [ 122.585148933380168, 10.693573526012623 ], [ 122.585202500748963, 10.693489016908178 ], [ 122.585383903876007, 10.693431461938401 ], [ 122.58536305601389, 10.693341216614218 ], [ 122.585159858152409, 10.693404377197574 ], [ 122.584936074387429, 10.693542514913778 ], [ 122.584413964124366, 10.692921527858847 ], [ 122.58273287144452, 10.694161497113736 ], [ 122.581479875388652, 10.695095250599097 ], [ 122.580921616236807, 10.695506636677614 ], [ 122.58056497503847, 10.695769447581085 ], [ 122.580426721026157, 10.695928021208966 ], [ 122.580344003767777, 10.696070348385248 ], [ 122.580241711976171, 10.696263096136635 ], [ 122.580101771455631, 10.696556687047268 ], [ 122.579949749916537, 10.696906643475433 ], [ 122.57986150927718, 10.697098703003107 ], [ 122.579728290561846, 10.697388658704922 ], [ 122.579546277320745, 10.697726125982996 ], [ 122.579072329970955, 10.698644370936728 ], [ 122.57888965040361, 10.699029875089529 ], [ 122.578632794152256, 10.699582244766328 ], [ 122.578531563993536, 10.699799746681252 ], [ 122.57840345322974, 10.699992502167801 ], [ 122.578281171984557, 10.700140208096359 ], [ 122.578165703167727, 10.700250175616041 ], [ 122.578024238486847, 10.700367832295992 ], [ 122.577863548959726, 10.700485462894049 ], [ 122.577696167476816, 10.700576473510555 ], [ 122.577501894934343, 10.70065034065102 ], [ 122.577299262904901, 10.700704238215135 ], [ 122.577090677001195, 10.700702054747898 ], [ 122.576946558669007, 10.700676198899673 ], [ 122.576923279440123, 10.700670528755497 ] ] ] ] } },
{ "type": "Feature", "properties": { "psgc": null, "admin_type": "District", "region": "Region VI (Western Visayas)", "province": "Iloilo", "municity": "Iloilo City", "district": "Molo", "barangay": null, "population": null }, "geometry": { "type": "MultiPolygon", "coordinates": [ [ [ [ 122.555245267044555, 10.692951160528221 ], [ 122.555315768437495, 10.692807025781381 ], [ 122.555534436427834, 10.692913717543998 ], [ 122.555550349633563, 10.69293321444629 ], [ 122.555798701964477, 10.692461158115282 ], [ 122.556039600659346, 10.691990546839754 ], [ 122.556213474839737, 10.691698083618778 ], [ 122.556297236561136, 10.691566719285323 ], [ 122.556333279605497, 10.691464225113137 ], [ 122.556084071074324, 10.691448889883862 ], [ 122.556020798419141, 10.691386920645424 ], [ 122.554606129007553, 10.691394732743541 ], [ 122.554572633443414, 10.690453686974299 ], [ 122.554563951493051, 10.68920297931427 ], [ 122.55455891527977, 10.688477479805622 ], [ 122.555180934217333, 10.688464945366587 ], [ 122.555166404790924, 10.686729493730089 ], [ 122.554632036871254, 10.686649421751088 ], [ 122.554573149114688, 10.686712772250136 ], [ 122.554564910188915, 10.686864006984536 ], [ 122.554620773345192, 10.687035308651598 ], [ 122.554540553223063, 10.687066910032184 ], [ 122.554383680372212, 10.686996999815145 ], [ 122.554120146507969, 10.686922970028032 ], [ 122.553920783003136, 10.686907416278249 ], [ 122.553752417501428, 10.686838579665507 ], [ 122.553347938207821, 10.686792560642159 ], [ 122.553074766256742, 10.68673968455689 ], [ 122.552353327103646, 10.686674367750829 ], [ 122.551893958688069, 10.686623126591376 ], [ 122.551581158098401, 10.686602157414919 ], [ 122.551403862944468, 10.686565414548422 ], [ 122.551233708734401, 10.686549636929033 ], [ 122.551061042283592, 10.6865068476414 ], [ 122.550777128412861, 10.686516336682658 ], [ 122.550441535708558, 10.686474086657466 ], [ 122.550363838190165, 10.686422253865411 ], [ 122.550215848791652, 10.686438689509396 ], [ 122.549542831464152, 10.686343431492507 ], [ 122.549307321160271, 10.686317493974226 ], [ 122.549249324356396, 10.68628631249195 ], [ 122.549162258986954, 10.686286184347436 ], [ 122.548940893087504, 10.686233841641773 ], [ 122.548908616340469, 10.686232445143983 ], [ 122.548836074488548, 10.686223966262675 ], [ 122.548660959803655, 10.686164295264616 ], [ 122.54862095212512, 10.686142320968131 ], [ 122.548586538949976, 10.686144942361073 ], [ 122.548515842148817, 10.686117116587079 ], [ 122.548443476380001, 10.686122297678661 ], [ 122.548338085705083, 10.686088402231276 ], [ 122.548187131178054, 10.685984474760753 ], [ 122.548067457921178, 10.686000810609492 ], [ 122.547877024953422, 10.685942206885819 ], [ 122.547615371833814, 10.685877894147598 ], [ 122.547305607946555, 10.685734715172496 ], [ 122.547261478425796, 10.685684369992371 ], [ 122.547242106255808, 10.685676524973813 ], [ 122.547036670548223, 10.68562348350471 ], [ 122.546834940406626, 10.685540071518977 ], [ 122.546692596689198, 10.685448259162085 ], [ 122.546605999110469, 10.685358345857075 ], [ 122.546631840383711, 10.685244925343946 ], [ 122.546542405590515, 10.685194841164421 ], [ 122.546426572337325, 10.685152096253063 ], [ 122.546349738774055, 10.685167662587688 ], [ 122.54581551270104, 10.684997708128421 ], [ 122.545568553203793, 10.684925964227023 ], [ 122.545364197564936, 10.684776638981143 ], [ 122.545292249581308, 10.684648033463889 ], [ 122.545228927172474, 10.684594374661943 ], [ 122.545169383021985, 10.684605560363678 ], [ 122.544850639480899, 10.684406155779946 ], [ 122.544813280604117, 10.684300807147862 ], [ 122.544730109782506, 10.684214263459419 ], [ 122.544579745190632, 10.684097327873648 ], [ 122.544427460548121, 10.684031847505471 ], [ 122.544213855792876, 10.683904654379893 ], [ 122.544187277875679, 10.683804165594868 ], [ 122.544053738297791, 10.683751110104408 ], [ 122.543984199627502, 10.683788011005204 ], [ 122.543845333610676, 10.683724372624123 ], [ 122.543779443193131, 10.683592983150465 ], [ 122.543677013354937, 10.683600615277561 ], [ 122.543595755688372, 10.683549529050353 ], [ 122.543505944489866, 10.683523441139686 ], [ 122.543324328747886, 10.683427996650817 ], [ 122.543301749378671, 10.683365860194808 ], [ 122.543265652719867, 10.683343310196014 ], [ 122.543140719424741, 10.683314136480089 ], [ 122.542987706196286, 10.683316458617574 ], [ 122.542861792481133, 10.683283256819688 ], [ 122.542667161928136, 10.683178507037933 ], [ 122.542572038053791, 10.683104485890237 ], [ 122.542523000212014, 10.683061968241672 ], [ 122.54235203649867, 10.682992976295779 ], [ 122.542314450992222, 10.68297253370122 ], [ 122.542239756582575, 10.683003383478976 ], [ 122.54215602872253, 10.682981019000628 ], [ 122.542031436339613, 10.682892036062851 ], [ 122.54195417990627, 10.682810364103164 ], [ 122.541823188976622, 10.682733101688402 ], [ 122.54166294972589, 10.682642975662352 ], [ 122.541540261132852, 10.682468306739285 ], [ 122.541465092454402, 10.682416612690858 ], [ 122.541460242688416, 10.68235715085682 ], [ 122.541336062105572, 10.682369314827215 ], [ 122.541203375983272, 10.682319887035744 ], [ 122.541112857474133, 10.682293181698919 ], [ 122.540936759133359, 10.682086707964375 ], [ 122.540758602555982, 10.681989305544491 ], [ 122.540660912906475, 10.681947463253605 ], [ 122.540541504538496, 10.6818640433938 ], [ 122.540498842891239, 10.681795242767917 ], [ 122.540241171432754, 10.681655691060779 ], [ 122.540140920882649, 10.681630795475842 ], [ 122.540014699203724, 10.681552297589016 ], [ 122.539825806764412, 10.681439974873758 ], [ 122.539821561812843, 10.681358141458263 ], [ 122.539660279762117, 10.681312827873706 ], [ 122.539576714939344, 10.681280339919637 ], [ 122.53947869907924, 10.681196231545522 ], [ 122.539404068183458, 10.681058646084749 ], [ 122.539288466324834, 10.680992152784725 ], [ 122.539126237974301, 10.680957767237787 ], [ 122.538942155223481, 10.680954087630479 ], [ 122.538720042405686, 10.680898994513088 ], [ 122.53854371870365, 10.680840567362734 ], [ 122.538382960068446, 10.680803553476888 ], [ 122.5381804286624, 10.680691972127944 ], [ 122.538020264910529, 10.680554257505598 ], [ 122.537849108771084, 10.680527525208518 ], [ 122.537646210435824, 10.680453232364945 ], [ 122.537461902484708, 10.680379724790102 ], [ 122.537273387101479, 10.680292653750319 ], [ 122.53709793640823, 10.680221927058279 ], [ 122.536914311237581, 10.680140169126805 ], [ 122.536726870551391, 10.680086156303478 ], [ 122.536556287029669, 10.680044454359273 ], [ 122.536369280778487, 10.679980722434545 ], [ 122.536173608705724, 10.679925481132658 ], [ 122.536171623818788, 10.679890537119133 ], [ 122.536358134475293, 10.679917234378939 ], [ 122.536538555579426, 10.679960955246901 ], [ 122.536726575216633, 10.680024263411495 ], [ 122.536919787688859, 10.68005557844535 ], [ 122.537112107313973, 10.680140467807309 ], [ 122.537281074813208, 10.680213176934231 ], [ 122.537468589707558, 10.680258708269793 ], [ 122.537657114045331, 10.6803157754988 ], [ 122.537845510855291, 10.680363916682262 ], [ 122.537977766919141, 10.680379708103036 ], [ 122.538218150837864, 10.680496393843793 ], [ 122.538391738536262, 10.680595620092944 ], [ 122.538592270660331, 10.680555118923182 ], [ 122.538593645162535, 10.680504368783799 ], [ 122.538383937203676, 10.680454344029293 ], [ 122.538305458901732, 10.680440082388348 ], [ 122.538207719661685, 10.680327180200756 ], [ 122.538010183279624, 10.680253893013466 ], [ 122.537833589235788, 10.680192508386265 ], [ 122.537657407465289, 10.68012542828034 ], [ 122.537482242074063, 10.680050657091217 ], [ 122.537379813643682, 10.679960876091281 ], [ 122.537272784326888, 10.679945075256086 ], [ 122.537091066682578, 10.679918363783862 ], [ 122.536940966883833, 10.679835584167494 ], [ 122.536830724141936, 10.679755885159773 ], [ 122.536741819408078, 10.679728791380814 ], [ 122.536555594862548, 10.679680338203397 ], [ 122.536359128502767, 10.679631736422369 ], [ 122.536198851692845, 10.67956804482125 ], [ 122.536015465560155, 10.679525707387782 ], [ 122.535822961266831, 10.679484146987004 ], [ 122.535650883471334, 10.679459299580035 ], [ 122.535457133777243, 10.679433510931046 ], [ 122.535261400793317, 10.679389245626338 ], [ 122.535108605787656, 10.679370758804447 ], [ 122.534915552282101, 10.679339424318616 ], [ 122.534718193110422, 10.679320674158907 ], [ 122.534547376222648, 10.679317033125615 ], [ 122.53434986093761, 10.679299409163924 ], [ 122.53415533549537, 10.679255702756253 ], [ 122.533991364348637, 10.679274931220627 ], [ 122.533815105236371, 10.67924718418541 ], [ 122.533616022253, 10.679201989481822 ], [ 122.533456710048796, 10.679158742557544 ], [ 122.533267981616049, 10.679144533023587 ], [ 122.533077579356174, 10.679119163788311 ], [ 122.532911095376633, 10.679121446826956 ], [ 122.53271406367071, 10.679118610124402 ], [ 122.532516293095298, 10.679102446430822 ], [ 122.532360179468014, 10.679115909962494 ], [ 122.532173142010066, 10.679102270024876 ], [ 122.531981727779623, 10.679091056276542 ], [ 122.531809161967274, 10.67908189734105 ], [ 122.531602191241248, 10.679079902010255 ], [ 122.531447219232035, 10.679092478023707 ], [ 122.531259121797362, 10.67908768795435 ], [ 122.531149986053833, 10.679084700532579 ], [ 122.531039177963351, 10.680168252358811 ], [ 122.530990007384361, 10.680844968236313 ], [ 122.530705436732603, 10.681637647351147 ], [ 122.530364281162022, 10.682431802929459 ], [ 122.530031370369542, 10.683264604866901 ], [ 122.529946604073061, 10.68385331343543 ], [ 122.529896274353362, 10.684120597707617 ], [ 122.530065405172778, 10.68417813680129 ], [ 122.530130557642451, 10.684195025642092 ], [ 122.530056394589437, 10.684449028571988 ], [ 122.529960322589119, 10.684576977104395 ], [ 122.529808432382026, 10.684644123672982 ], [ 122.529690763818124, 10.684696806480952 ], [ 122.529607785758969, 10.68480398480339 ], [ 122.529524643664331, 10.684971440737545 ], [ 122.528955868643322, 10.686387303516478 ], [ 122.528751967448969, 10.68689447766052 ], [ 122.528610055280978, 10.687267093145675 ], [ 122.528492524672473, 10.687601883849382 ], [ 122.528370059372591, 10.68797206168826 ], [ 122.528064732483699, 10.688859934235097 ], [ 122.528339746024884, 10.688932767606705 ], [ 122.528094025719625, 10.689537013596006 ], [ 122.527934710934076, 10.689966623123544 ], [ 122.527735572126986, 10.690841799727419 ], [ 122.527392312601592, 10.691820390384256 ], [ 122.526973124402488, 10.693039735137322 ], [ 122.526840259342649, 10.693508867963187 ], [ 122.527026136349392, 10.693547513865482 ], [ 122.527205418613619, 10.693587019599876 ], [ 122.527393331708154, 10.693652578006109 ], [ 122.527567369819593, 10.693728405995545 ], [ 122.527739278964475, 10.693844437528904 ], [ 122.527926321679544, 10.694011037337077 ], [ 122.528048347612568, 10.694191276368837 ], [ 122.52810878955907, 10.694365301500135 ], [ 122.528137319240003, 10.694561899875643 ], [ 122.528147202910873, 10.694730824233813 ], [ 122.528149420057602, 10.694894197405555 ], [ 122.528154888269498, 10.694987959193009 ], [ 122.528106310536202, 10.695116156658546 ], [ 122.527929278160585, 10.695267960565353 ], [ 122.527683622004659, 10.695470402350356 ], [ 122.527506838637862, 10.695643865033274 ], [ 122.527372921939659, 10.695828679788992 ], [ 122.527297800075814, 10.696013585220264 ], [ 122.527290069961168, 10.696167405639651 ], [ 122.527305747392248, 10.696362493575943 ], [ 122.527326811560485, 10.696541342158321 ], [ 122.527398246003926, 10.696716821353224 ], [ 122.527568986294042, 10.696907392440535 ], [ 122.527670258215863, 10.697087283664379 ], [ 122.527746753352517, 10.697251410235394 ], [ 122.527922792125423, 10.697372049987152 ], [ 122.528111696486164, 10.697442103064557 ], [ 122.528292536075568, 10.69746721635242 ], [ 122.528485780392245, 10.697503058275547 ], [ 122.528682495930468, 10.697544926961696 ], [ 122.52884835078379, 10.697558193067067 ], [ 122.529038389974431, 10.697603681013454 ], [ 122.529197879671472, 10.697642070496578 ], [ 122.529276138864873, 10.697667390158108 ], [ 122.529316786659649, 10.697683742750687 ], [ 122.529383162580373, 10.697707332581363 ], [ 122.52948631313572, 10.697745393202158 ], [ 122.529571377102769, 10.697782713507936 ], [ 122.529676206582423, 10.697839638349421 ], [ 122.529771142796321, 10.697893612033765 ], [ 122.529835964374882, 10.69793108333643 ], [ 122.529929912370903, 10.697984076747154 ], [ 122.530026823722608, 10.698040989547385 ], [ 122.530108907944765, 10.698085156392601 ], [ 122.530204666454267, 10.698134419067808 ], [ 122.530292692444718, 10.698176637335498 ], [ 122.530376759324, 10.698218849620666 ], [ 122.530476655246815, 10.698265979394698 ], [ 122.530628524115031, 10.698338634520791 ], [ 122.530718541835142, 10.698373025761258 ], [ 122.530813499472956, 10.698413296835124 ], [ 122.530887221838881, 10.698455675003784 ], [ 122.530952485974538, 10.698495901393395 ], [ 122.531037532296963, 10.698544966148528 ], [ 122.531164644781569, 10.698625413722141 ], [ 122.531232857302967, 10.698679346824413 ], [ 122.531312935255144, 10.698741127643743 ], [ 122.531351484304395, 10.698775441392959 ], [ 122.531387334867887, 10.698804889132832 ], [ 122.531459057140907, 10.698843529949873 ], [ 122.531551285304928, 10.698884229596759 ], [ 122.531684505019371, 10.698942229241583 ], [ 122.531827982394518, 10.698998216164673 ], [ 122.531995035842598, 10.699060322562977 ], [ 122.532147748604658, 10.699112267078961 ], [ 122.532309688920492, 10.699165239383273 ], [ 122.532448874731415, 10.699206729301755 ], [ 122.532535339214078, 10.699232503475319 ], [ 122.532773141293305, 10.699299785605414 ], [ 122.533015836064934, 10.699364032793367 ], [ 122.533245447163367, 10.69942319007672 ], [ 122.533428936291713, 10.69946706778563 ], [ 122.533717145495373, 10.699530595609174 ], [ 122.533818635789359, 10.699550013829169 ], [ 122.5340257042932, 10.699597982542024 ], [ 122.534193822708843, 10.699634738646161 ], [ 122.534409890362681, 10.699676636367116 ], [ 122.534562642554519, 10.699703229049369 ], [ 122.534648763553079, 10.699714511838875 ], [ 122.534736304618576, 10.69972478269303 ], [ 122.534798847950483, 10.699730960132504 ], [ 122.534913106324154, 10.699744834896292 ], [ 122.535127544871997, 10.699779097975195 ], [ 122.535226184554418, 10.699796216679163 ], [ 122.535313028897249, 10.699812257050247 ], [ 122.535411666988409, 10.699830436428101 ], [ 122.535698993655785, 10.699890265267884 ], [ 122.535806200121542, 10.699915882413091 ], [ 122.535945568878546, 10.699948972501508 ], [ 122.536332497921677, 10.700048196066428 ], [ 122.536596347869619, 10.700110416094917 ], [ 122.536886626597223, 10.700162064842697 ], [ 122.537234182135322, 10.700224873188795 ], [ 122.537637717697436, 10.700299299793297 ], [ 122.53806459618977, 10.700366839044873 ], [ 122.538084809898322, 10.700370359800178 ], [ 122.538358505557753, 10.700418031047171 ], [ 122.538670827731181, 10.70048233935017 ], [ 122.538976563053481, 10.700551027378541 ], [ 122.539084612114848, 10.700570520586451 ], [ 122.539215146023452, 10.700593326097387 ], [ 122.539398324100702, 10.700618417280936 ], [ 122.539636721611572, 10.700641107780905 ], [ 122.539872624333555, 10.700653866148038 ], [ 122.540111040626414, 10.700664145974763 ], [ 122.540309322530291, 10.700659474074033 ], [ 122.54051477126464, 10.700642002480855 ], [ 122.540698252666445, 10.700604565817715 ], [ 122.540851837750409, 10.700561926179274 ], [ 122.541015332872249, 10.700515626839017 ], [ 122.541208556329011, 10.700459573252118 ], [ 122.541380730713811, 10.700404713334878 ], [ 122.54159255266417, 10.70033031581986 ], [ 122.541793439507217, 10.70025590209621 ], [ 122.541887580479383, 10.700224197237391 ], [ 122.541997818152325, 10.700191291245401 ], [ 122.542100616370519, 10.700165722704917 ], [ 122.542187310507231, 10.70014625417393 ], [ 122.542239320370541, 10.700138982080146 ], [ 122.542347046946546, 10.700129342244336 ], [ 122.542437435062325, 10.700123351147791 ], [ 122.542479286038017, 10.700121141107708 ], [ 122.542527698287699, 10.700118584576915 ], [ 122.542667599924215, 10.700118789688831 ], [ 122.542781492968643, 10.700125080298712 ], [ 122.542920138200984, 10.70013753080814 ], [ 122.543003075899392, 10.700146225454253 ], [ 122.543067208912859, 10.700158501824209 ], [ 122.543196169646308, 10.700187263589115 ], [ 122.543358138513526, 10.700227298690479 ], [ 122.543511849672285, 10.700268342087988 ], [ 122.543654207034422, 10.700310389264953 ], [ 122.543792430220677, 10.700356512178034 ], [ 122.543908986943364, 10.700398521511769 ], [ 122.544038937206537, 10.700455857298017 ], [ 122.54427918268135, 10.700556691924112 ], [ 122.544492858328752, 10.700649104827201 ], [ 122.545025499702632, 10.700916674346715 ], [ 122.545392423913043, 10.701102804938193 ], [ 122.545630628703563, 10.701233771046571 ], [ 122.546046742319916, 10.70144709930409 ], [ 122.546151932257203, 10.701499295899154 ], [ 122.546255065752845, 10.701546387161153 ], [ 122.54628678196022, 10.701559445693256 ], [ 122.546406788390598, 10.701608855970266 ], [ 122.546562534447531, 10.701670310094753 ], [ 122.546753766407008, 10.701744061245678 ], [ 122.546862072379724, 10.701782996136114 ], [ 122.547003801686756, 10.70183320460707 ], [ 122.547126553178686, 10.701874201308881 ], [ 122.547292430968966, 10.701926654706623 ], [ 122.547380114552823, 10.701953313952204 ], [ 122.547443047480542, 10.701967691726027 ], [ 122.547573053600388, 10.701988289548064 ], [ 122.547751968158551, 10.702017121923163 ], [ 122.547907775202631, 10.702037757013414 ], [ 122.548108367102813, 10.70206355921837 ], [ 122.54826283660897, 10.702082151271876 ], [ 122.548391514315696, 10.702094583138729 ], [ 122.548564566537934, 10.70210912010042 ], [ 122.548702537121045, 10.702118503903391 ], [ 122.548754667679489, 10.70211819750403 ], [ 122.548841863419895, 10.702117684988258 ], [ 122.549008144024683, 10.702106700364734 ], [ 122.549112409769421, 10.702086441859819 ], [ 122.549212551883357, 10.702063115974561 ], [ 122.549300320111726, 10.702032628944794 ], [ 122.549535969332467, 10.701943168690374 ], [ 122.549721085563945, 10.701879089272788 ], [ 122.549835413059569, 10.70183951385517 ], [ 122.550115640246759, 10.701751137940075 ], [ 122.550438194214095, 10.701653638611205 ], [ 122.55077620896445, 10.701569427212778 ], [ 122.551036472772239, 10.701512061258247 ], [ 122.551187190229328, 10.701484725662292 ], [ 122.551324898598253, 10.701462473592514 ], [ 122.551407888166608, 10.701454429248768 ], [ 122.55150104174632, 10.701449397477372 ], [ 122.55168153926256, 10.701449656934725 ], [ 122.551959630905074, 10.7014487902029 ], [ 122.552129876285647, 10.701456632308613 ], [ 122.552334692469501, 10.701459458846653 ], [ 122.552488294398941, 10.701468543144466 ], [ 122.5526546864469, 10.701485243342258 ], [ 122.552828757408975, 10.701503220732032 ], [ 122.553011789269007, 10.701521210865724 ], [ 122.553073224130003, 10.70152889652416 ], [ 122.553162976619276, 10.701545527482306 ], [ 122.553294796116461, 10.701568509178438 ], [ 122.553403573383179, 10.701591457831732 ], [ 122.55348931211924, 10.701611840926644 ], [ 122.553612172650176, 10.701633543394319 ], [ 122.553691827200879, 10.701652428672356 ], [ 122.554204372513396, 10.699724750586054 ], [ 122.554279486581166, 10.699471088382687 ], [ 122.554541911826888, 10.698821121351854 ], [ 122.554573774871997, 10.698678767805426 ], [ 122.554607292169706, 10.698356174944362 ], [ 122.554668989957847, 10.697838923748215 ], [ 122.554829208064405, 10.696495705268049 ], [ 122.554897534341137, 10.695895860610126 ], [ 122.555032114240973, 10.694714359105983 ], [ 122.555057025444654, 10.694447143333036 ], [ 122.555101221035244, 10.694011392646365 ], [ 122.555245267044555, 10.692951160528221 ] ] ] ] } },
{ "type": "Feature", "properties": { "psgc": null, "admin_type": "District", "region": "Region VI (Western Visayas)", "province": "Iloilo", "municity": "Iloilo City", "district": "Arevalo", "barangay": null, "population": null }, "geometry": { "type": "MultiPolygon", "coordinates": [ [ [ [ 122.526840259342649, 10.693508867963187 ], [ 122.526973124402488, 10.693039735137322 ], [ 122.527392312601592, 10.691820390384256 ], [ 122.527735572126986, 10.690841799727419 ], [ 122.527934710934076, 10.689966623123544 ], [ 122.528094025719625, 10.689537013596006 ], [ 122.528339746024884, 10.688932767606705 ], [ 122.528064732483699, 10.688859934235097 ], [ 122.528370059372591, 10.68797206168826 ], [ 122.528492524672473, 10.687601883849382 ], [ 122.528610055280978, 10.687267093145675 ], [ 122.528751967448969, 10.68689447766052 ], [ 122.528955868643322, 10.686387303516478 ], [ 122.529524643664331, 10.684971440737545 ], [ 122.529607785758969, 10.68480398480339 ], [ 122.529690763818124, 10.684696806480952 ], [ 122.529808432382026, 10.684644123672982 ], [ 122.529960322589119, 10.684576977104395 ], [ 122.530056394589437, 10.684449028571988 ], [ 122.530130557642451, 10.684195025642092 ], [ 122.530065405172778, 10.68417813680129 ], [ 122.529896274353362, 10.684120597707617 ], [ 122.529946604073061, 10.68385331343543 ], [ 122.530031370369542, 10.683264604866901 ], [ 122.530364281162022, 10.682431802929459 ], [ 122.530705436732603, 10.681637647351147 ], [ 122.530990007384361, 10.680844968236313 ], [ 122.531039177963351, 10.680168252358811 ], [ 122.531149986053833, 10.679084700532579 ], [ 122.53107207304798, 10.679084526290291 ], [ 122.530864460236913, 10.679084061896448 ], [ 122.530714164559996, 10.679081519751785 ], [ 122.53053224626376, 10.679087330428953 ], [ 122.530313824582436, 10.679093794032909 ], [ 122.530143138256847, 10.67906597928356 ], [ 122.529977046071735, 10.679055731042631 ], [ 122.529784958640406, 10.679066525811521 ], [ 122.529597607861959, 10.67909131099794 ], [ 122.529420281706166, 10.679097244601925 ], [ 122.529249760028321, 10.679092605742857 ], [ 122.529041487186035, 10.679112992780869 ], [ 122.528874277703167, 10.679111705759444 ], [ 122.528699097948873, 10.67909809583753 ], [ 122.528506846224715, 10.679116741940463 ], [ 122.528329428623351, 10.67912945148568 ], [ 122.528154081816297, 10.679111628988013 ], [ 122.528009806355755, 10.679091578483128 ], [ 122.527779896954769, 10.679073507307027 ], [ 122.527598566350846, 10.679071258470401 ], [ 122.527411005228373, 10.679115772494308 ], [ 122.527249562947134, 10.679124588289222 ], [ 122.527082397167064, 10.67911208630243 ], [ 122.526859211055154, 10.679088117203218 ], [ 122.526687461120986, 10.679085671420179 ], [ 122.526517288178354, 10.679075220573466 ], [ 122.526309850966314, 10.679061199810146 ], [ 122.526143835702783, 10.679082882093926 ], [ 122.525959140435774, 10.679092530631454 ], [ 122.52577513214294, 10.679090710659901 ], [ 122.525569438431191, 10.679104555737357 ], [ 122.525392944309289, 10.679110090373063 ], [ 122.525213867416568, 10.679117667223558 ], [ 122.525005380714873, 10.679117344487617 ], [ 122.524860434416183, 10.679120031971586 ], [ 122.524667486502651, 10.679123609360509 ], [ 122.524502857578284, 10.67912714086596 ], [ 122.524320208220473, 10.679142719995687 ], [ 122.524123304897415, 10.679126552353297 ], [ 122.523946072644719, 10.679154567283348 ], [ 122.523765085146493, 10.67915772104876 ], [ 122.523551261042883, 10.679152101631034 ], [ 122.523389926046661, 10.679170401575483 ], [ 122.523215161264119, 10.679182261261825 ], [ 122.523034573418542, 10.679200489498074 ], [ 122.52285656341202, 10.679206233295689 ], [ 122.522684310034194, 10.679185800958001 ], [ 122.522459750925108, 10.679211946524189 ], [ 122.52230531912744, 10.679211693819068 ], [ 122.522304722366044, 10.679211705186258 ], [ 122.522112264706749, 10.679216692898597 ], [ 122.521935844483053, 10.67922170548148 ], [ 122.521754086870573, 10.679221422220893 ], [ 122.521572312407287, 10.679231713676206 ], [ 122.521406575372794, 10.679242030041793 ], [ 122.521219438214175, 10.67926288777309 ], [ 122.521032309472218, 10.679278457980846 ], [ 122.520855863901005, 10.679299332182447 ], [ 122.520647419428315, 10.67927256948405 ], [ 122.520476328103129, 10.679288164412165 ], [ 122.520299907852205, 10.679293176068649 ], [ 122.520112770616052, 10.67931403313262 ], [ 122.519936392634776, 10.679292607535503 ], [ 122.519743934950554, 10.679297593785579 ], [ 122.519556831539902, 10.679297300878096 ], [ 122.519369702736341, 10.679312870085775 ], [ 122.519203965635327, 10.679323185278168 ], [ 122.519000824788918, 10.679322866907437 ], [ 122.518819092621641, 10.67930671971167 ], [ 122.518642663895818, 10.679317017839532 ], [ 122.518471580973852, 10.679327324256294 ], [ 122.518273794442848, 10.67932172639367 ], [ 122.51810274546682, 10.679310882975622 ], [ 122.517915633602158, 10.679315876493281 ], [ 122.517723141947428, 10.679342011127956 ], [ 122.517505333989632, 10.679387211756984 ], [ 122.517370403022866, 10.679414977960544 ], [ 122.517177919777836, 10.679435824847202 ], [ 122.516996136643925, 10.679451401035786 ], [ 122.51681437051694, 10.679456402303796 ], [ 122.516637950200959, 10.679461411886317 ], [ 122.516456209621225, 10.679450550725333 ], [ 122.516269089168347, 10.679460830658861 ], [ 122.516087331565743, 10.679460544096841 ], [ 122.51590020257801, 10.679476111214981 ], [ 122.515718410858838, 10.679496974062587 ], [ 122.515520556084113, 10.679533673702885 ], [ 122.515349490083324, 10.679533403588916 ], [ 122.515167732462444, 10.679533116490248 ], [ 122.514991295032829, 10.679548699951219 ], [ 122.514797629367933, 10.679539814114987 ], [ 122.514627728507591, 10.679579849662309 ], [ 122.514440599411472, 10.679595415899939 ], [ 122.514253530184732, 10.679573970190052 ], [ 122.514082498424543, 10.679552549762358 ], [ 122.513900749387403, 10.679546974521733 ], [ 122.513713611729941, 10.679567827727904 ], [ 122.513531879834559, 10.679551677463886 ], [ 122.51334472501803, 10.679583105256418 ], [ 122.513162967421906, 10.679582816990647 ], [ 122.512981192677316, 10.679593103427083 ], [ 122.512794132173696, 10.679566369444425 ], [ 122.512617703247216, 10.679576664155556 ], [ 122.512419882482618, 10.679592212200109 ], [ 122.512248790759827, 10.679607802597754 ], [ 122.512061678774998, 10.679612792598473 ], [ 122.511895984415972, 10.67959666688194 ], [ 122.511703604020752, 10.679554061540173 ], [ 122.511521906700338, 10.679516760501187 ], [ 122.511334837804995, 10.679495313055357 ], [ 122.511153106140625, 10.67947916141552 ], [ 122.51097135727737, 10.679473584475632 ], [ 122.510784297076484, 10.679446849300847 ], [ 122.510602625808787, 10.679393685528575 ], [ 122.51043357475038, 10.679354223910435 ], [ 122.510292620794118, 10.679361466594509 ], [ 122.510056894686912, 10.679345917471119 ], [ 122.509871359113163, 10.679368897131905 ], [ 122.509693838815721, 10.679392235194939 ], [ 122.509517431081449, 10.679408187204178 ], [ 122.509313865062452, 10.679424130002925 ], [ 122.509125921476823, 10.679438849170802 ], [ 122.509016087028002, 10.679435630445226 ], [ 122.508950841069648, 10.679348748163987 ], [ 122.50877024153769, 10.679336342626177 ], [ 122.508674673972493, 10.679367612784459 ], [ 122.508588014069218, 10.679450178728043 ], [ 122.508410741764592, 10.679453631971514 ], [ 122.50822295601337, 10.679376776884384 ], [ 122.508052763366479, 10.679336735367981 ], [ 122.507850064082817, 10.679321858245823 ], [ 122.507670529333666, 10.679349253877918 ], [ 122.507486099583829, 10.679341114134038 ], [ 122.507298853047175, 10.67939837676926 ], [ 122.507164577812887, 10.679406220833711 ], [ 122.506951415156706, 10.679403704781119 ], [ 122.506758843867743, 10.679399388890324 ], [ 122.50658239847418, 10.679395819200252 ], [ 122.506400814805673, 10.679392245134604 ], [ 122.50621902273862, 10.679413102430413 ], [ 122.50603719586455, 10.679455109213199 ], [ 122.50586082784676, 10.679428388314552 ], [ 122.505755897689014, 10.679356214892291 ], [ 122.505677262792304, 10.679361654567911 ], [ 122.505481380320731, 10.679364328371852 ], [ 122.505301117402297, 10.679399326731975 ], [ 122.505091023548061, 10.679432435683264 ], [ 122.504931123403935, 10.679438632688758 ], [ 122.504743099234844, 10.679519722583702 ], [ 122.504562945561617, 10.679512648186279 ], [ 122.504482947748556, 10.679448207726598 ], [ 122.504358540245647, 10.67944299676634 ], [ 122.504198311878753, 10.679458263045875 ], [ 122.50401643876171, 10.679478288210252 ], [ 122.503845105443958, 10.679473823150936 ], [ 122.503650176005195, 10.679501182856379 ], [ 122.503532835271912, 10.679483183126017 ], [ 122.503449976047278, 10.679361049526635 ], [ 122.503292272336523, 10.679425143161328 ], [ 122.503102159657701, 10.679432300331298 ], [ 122.502916296602791, 10.679466088053763 ], [ 122.502729337307329, 10.679507494609858 ], [ 122.502546683991923, 10.679515947324729 ], [ 122.502380822173706, 10.679523622880211 ], [ 122.502193883799137, 10.679532273685236 ], [ 122.502016986260031, 10.679549075367694 ], [ 122.50182412919159, 10.679593826003309 ], [ 122.501641911226159, 10.679617640690619 ], [ 122.501443016725389, 10.679646641052409 ], [ 122.501329183843012, 10.679643055670235 ], [ 122.501226262280042, 10.679568602934975 ], [ 122.501028067657813, 10.679596726746245 ], [ 122.50079893170107, 10.679560712020962 ], [ 122.500737844800241, 10.679461577604732 ], [ 122.500546994630469, 10.679509667030668 ], [ 122.500384504306211, 10.679541972827165 ], [ 122.50020512321332, 10.679559595926422 ], [ 122.500019177199377, 10.679620623451608 ], [ 122.499844385361811, 10.679663075406038 ], [ 122.499632914144527, 10.679768436042256 ], [ 122.499387325233101, 10.679859416630302 ], [ 122.49930717697606, 10.679811713515578 ], [ 122.499127090681299, 10.679853054401537 ], [ 122.49889694131393, 10.679889518629302 ], [ 122.498714040346272, 10.679947874430798 ], [ 122.498546830599892, 10.679992344556915 ], [ 122.498389873300098, 10.680038723049108 ], [ 122.498138770068877, 10.680143025492395 ], [ 122.4979874391979, 10.680168672092037 ], [ 122.497796610547169, 10.68022528390355 ], [ 122.496893235854515, 10.680455653612912 ], [ 122.496682157448632, 10.680531773460373 ], [ 122.496554656800953, 10.680566419220479 ], [ 122.496351152584552, 10.680659454299333 ], [ 122.496157071884824, 10.680766371779482 ], [ 122.49596101417265, 10.680846987329049 ], [ 122.495778329214829, 10.680921014613618 ], [ 122.495613425418441, 10.681023114127569 ], [ 122.495403331385006, 10.681107262024016 ], [ 122.495236993569392, 10.681187092398483 ], [ 122.495054462451179, 10.681285498903954 ], [ 122.494877020192078, 10.681371164356296 ], [ 122.494695399205767, 10.681432648619165 ], [ 122.494567778994735, 10.681514722946744 ], [ 122.495197855310266, 10.682693360179941 ], [ 122.495845681355092, 10.684151305022738 ], [ 122.496113578053638, 10.684503145072597 ], [ 122.49684365119559, 10.686420434345751 ], [ 122.497890275304727, 10.690712714667416 ], [ 122.498611985076934, 10.693667214648753 ], [ 122.4987427935299, 10.694788409690664 ], [ 122.498867068826684, 10.694769761805532 ], [ 122.49904884389376, 10.694764771406247 ], [ 122.499241372880206, 10.69472278664627 ], [ 122.499417837153516, 10.694696637748441 ], [ 122.499605002350862, 10.694665218809027 ], [ 122.499781466569019, 10.694639069702591 ], [ 122.499973968953086, 10.694612946647677 ], [ 122.500166488931185, 10.694576248695194 ], [ 122.500348378395714, 10.694502521478327 ], [ 122.500530294189602, 10.694412931984157 ], [ 122.50070686382098, 10.694323333674026 ], [ 122.500888832198072, 10.694202019624187 ], [ 122.501070730075256, 10.69412300457715 ], [ 122.501263319972168, 10.694044006809447 ], [ 122.501439862824469, 10.693970270232889 ], [ 122.501616908439786, 10.693895112750234 ], [ 122.501809395485168, 10.69381926324585 ], [ 122.501919885378783, 10.693768971563093 ], [ 122.501987159325651, 10.693734553340311 ], [ 122.502174942710866, 10.693650471062227 ], [ 122.502346103533313, 10.693576740587577 ], [ 122.502538617720631, 10.693518903577601 ], [ 122.502715079505023, 10.693471613028507 ], [ 122.502896859891905, 10.693440189921228 ], [ 122.503083993938645, 10.693403489074479 ], [ 122.503271101682714, 10.693382646993893 ], [ 122.503447528288362, 10.693356501196215 ], [ 122.503639963427233, 10.693346240134728 ], [ 122.503821717434519, 10.693330675362802 ], [ 122.504014126331128, 10.693336272951619 ], [ 122.504174483108557, 10.693331245979191 ], [ 122.504366857081038, 10.693357988528376 ], [ 122.504553833764419, 10.693416440091342 ], [ 122.504735483044328, 10.693464310322883 ], [ 122.504917141111562, 10.69350689415637 ], [ 122.505098764343089, 10.693570623065858 ], [ 122.505274990395236, 10.693666061018792 ], [ 122.505456483053337, 10.693809084153648 ], [ 122.505632587367458, 10.693978530047049 ], [ 122.505824839966053, 10.694079279854861 ], [ 122.506022455060929, 10.694169465570189 ], [ 122.506204026715324, 10.694264911635077 ], [ 122.506374934681787, 10.694344481500442 ], [ 122.506567318241338, 10.694365936433117 ], [ 122.506738365487635, 10.694360925371008 ], [ 122.506925473672169, 10.694340081116191 ], [ 122.5071073845873, 10.694229361118401 ], [ 122.507268071910758, 10.694023453311072 ], [ 122.507466494865042, 10.693622012538636 ], [ 122.507648674191898, 10.693347416986366 ], [ 122.507841464976892, 10.693120415143193 ], [ 122.508023548269691, 10.692903968607139 ], [ 122.508210993565115, 10.692676957928192 ], [ 122.508387636090063, 10.692518651854011 ], [ 122.508557747569441, 10.692354124535932 ], [ 122.508749212387642, 10.692096240058619 ], [ 122.50894221377267, 10.691891429021521 ], [ 122.509123817609122, 10.691737583719716 ], [ 122.509304940808065, 10.69163917422131 ], [ 122.509492330111314, 10.69152721815461 ], [ 122.509670429790191, 10.691453946677468 ], [ 122.509857892124984, 10.691396956771381 ], [ 122.510025363871094, 10.691347677470111 ], [ 122.510215371759543, 10.69129152963178 ], [ 122.510402830146347, 10.691254542963604 ], [ 122.510569160633054, 10.691207339799714 ], [ 122.510757657305092, 10.691196391379762 ], [ 122.510939363411538, 10.691174722761527 ], [ 122.511131562005772, 10.691167676956299 ], [ 122.511312805541479, 10.691152050315525 ], [ 122.5115033992778, 10.691147621921331 ], [ 122.511686261802922, 10.691152878124317 ], [ 122.511858712488191, 10.69116032883751 ], [ 122.512047504163192, 10.691178954408802 ], [ 122.512216709217512, 10.69122962068236 ], [ 122.51240352303725, 10.691388507288206 ], [ 122.512585570189259, 10.691531834917182 ], [ 122.512405957215336, 10.691809939312478 ], [ 122.512237273202629, 10.692014807537674 ], [ 122.512112870611602, 10.692171425499723 ], [ 122.511974054328661, 10.692365897800363 ], [ 122.511847089736648, 10.692527997012892 ], [ 122.511759461778325, 10.692732664223731 ], [ 122.511672214759784, 10.692895812639334 ], [ 122.511580001307266, 10.693074864408631 ], [ 122.511502562070291, 10.693264244891925 ], [ 122.511392078909125, 10.693457653941245 ], [ 122.511315070981397, 10.693640513814252 ], [ 122.511250138698003, 10.693808288796884 ], [ 122.511167952621676, 10.69400871621335 ], [ 122.511090304244121, 10.694164771978821 ], [ 122.511017717968627, 10.69433792028282 ], [ 122.510949371461948, 10.694532062490261 ], [ 122.510989789202696, 10.69471688867592 ], [ 122.511126585625192, 10.694851602519869 ], [ 122.511301939077129, 10.694897931923194 ], [ 122.511492107890632, 10.694957217385562 ], [ 122.511688209212451, 10.694979071682223 ], [ 122.511836325854006, 10.695011373037854 ], [ 122.512039417517144, 10.695022269057947 ], [ 122.512215758544059, 10.69504898131628 ], [ 122.512402823939837, 10.695054565281948 ], [ 122.512573828648897, 10.695075982536618 ], [ 122.512755488965212, 10.695118561894937 ], [ 122.512953098377011, 10.695214029637418 ], [ 122.513140052303498, 10.695288335075585 ], [ 122.513310937064489, 10.695383760145656 ], [ 122.513503141802374, 10.695516223172005 ], [ 122.513631249799531, 10.695622152797242 ], [ 122.513737875049813, 10.695791484063031 ], [ 122.513731082006942, 10.695891466434304 ], [ 122.513668072918549, 10.695986966938856 ], [ 122.513602398600753, 10.696059092036014 ], [ 122.513491465226622, 10.69612413079617 ], [ 122.513314986117479, 10.696182000037259 ], [ 122.513133161952652, 10.696239860683912 ], [ 122.512951389257154, 10.696266003419987 ], [ 122.512758917956148, 10.69629741535306 ], [ 122.512582507388515, 10.69631299376935 ], [ 122.51240611400425, 10.696317999485538 ], [ 122.512224358421946, 10.696333569193927 ], [ 122.512042628640245, 10.696333279897146 ], [ 122.511834079204448, 10.696391097218953 ], [ 122.511662858547297, 10.696501837009563 ], [ 122.511470145782326, 10.696681264505672 ], [ 122.511368246126864, 10.696892554554735 ], [ 122.511298468073235, 10.697072177912951 ], [ 122.511116444746676, 10.697251622206077 ], [ 122.511041278328747, 10.69745766845714 ], [ 122.510934136583572, 10.697605514222778 ], [ 122.510928463811993, 10.697806385022266 ], [ 122.51113121239753, 10.69802873364157 ], [ 122.51129145964326, 10.698092424996377 ], [ 122.511483828804231, 10.698124449610146 ], [ 122.511660162935428, 10.698156448552711 ], [ 122.511847273255938, 10.698135601440228 ], [ 122.512034478225544, 10.698056604926476 ], [ 122.512221700308388, 10.697967035697561 ], [ 122.512398215043817, 10.697888021938885 ], [ 122.512585428327512, 10.697803738780932 ], [ 122.512761882727517, 10.697761728904499 ], [ 122.512959725747194, 10.697714466609579 ], [ 122.5131306653401, 10.697664556964462 ], [ 122.513299354960083, 10.697639333124943 ], [ 122.513497557375487, 10.697651433412027 ], [ 122.513677199527464, 10.6976255067546 ], [ 122.513857903264594, 10.697583735073428 ], [ 122.514055780312674, 10.697515326867784 ], [ 122.514228815659465, 10.697477327796376 ], [ 122.514423009126617, 10.697468332212631 ], [ 122.514583061226588, 10.697473021830818 ], [ 122.514787514497016, 10.69751513715299 ], [ 122.514953580479229, 10.697617189390327 ], [ 122.514981419448233, 10.697702689580218 ], [ 122.514969341768079, 10.697786376417229 ], [ 122.514922543752292, 10.697877155914181 ], [ 122.514840761743955, 10.697971193861731 ], [ 122.514573330720012, 10.698081782885724 ], [ 122.514393800723326, 10.698161905929293 ], [ 122.514225655545431, 10.698234534971364 ], [ 122.514049843223589, 10.69829905253963 ], [ 122.513859380501259, 10.698371199941667 ], [ 122.513658911587484, 10.698501277346699 ], [ 122.513566846853081, 10.698695112247623 ], [ 122.51349281926224, 10.698880972143137 ], [ 122.513425419716526, 10.699057916806135 ], [ 122.513305750143232, 10.699246221727012 ], [ 122.513202831759202, 10.699417045804177 ], [ 122.513105009073314, 10.699600295948875 ], [ 122.513071288538825, 10.699779580311636 ], [ 122.513084338803537, 10.699971920355681 ], [ 122.513157169366039, 10.700065221688742 ], [ 122.513303305883255, 10.700083280868101 ], [ 122.513480534792421, 10.700073256322732 ], [ 122.513682959595727, 10.699988730147702 ], [ 122.513878129553234, 10.699882351651475 ], [ 122.514032154789305, 10.699807849404484 ], [ 122.51421788542828, 10.699730549488869 ], [ 122.514403510175057, 10.699621166839668 ], [ 122.51461383050912, 10.699477434015137 ], [ 122.514806509115573, 10.699319149808273 ], [ 122.514960154682086, 10.69919820864493 ], [ 122.515133287534184, 10.699053985080551 ], [ 122.515303961361568, 10.699005946777245 ], [ 122.515482967286104, 10.699098383880122 ], [ 122.515704652894385, 10.699175076298282 ], [ 122.515855941837415, 10.699328846410344 ], [ 122.516041760885983, 10.699605010817935 ], [ 122.516153569056129, 10.699787990969094 ], [ 122.516140993650339, 10.699962288015888 ], [ 122.516056621613345, 10.700108453709507 ], [ 122.515858936622863, 10.700228371841209 ], [ 122.515677403692678, 10.700301736484928 ], [ 122.515485241187037, 10.700367311776827 ], [ 122.515296381741564, 10.700443536138184 ], [ 122.515165083272237, 10.70048156574725 ], [ 122.514950747750873, 10.700561951043904 ], [ 122.514762285036852, 10.700619372364455 ], [ 122.514593251742696, 10.700716941948613 ], [ 122.514547135000527, 10.700818482937624 ], [ 122.514530786735307, 10.701009527776035 ], [ 122.514550849114684, 10.701222032988646 ], [ 122.514551078191261, 10.701396679977645 ], [ 122.514548464071282, 10.701587198097446 ], [ 122.514529254583636, 10.701806644868805 ], [ 122.51442184897239, 10.702503544197924 ], [ 122.51439012867813, 10.702852596957237 ], [ 122.514303099628876, 10.703217008118534 ], [ 122.514361630226858, 10.703380976627011 ], [ 122.514571562375224, 10.703528050597896 ], [ 122.514777524938665, 10.703687941065867 ], [ 122.514943537690399, 10.703820662810461 ], [ 122.515130420317263, 10.703942543962606 ], [ 122.515299147973039, 10.704051939313194 ], [ 122.515482379206063, 10.704197834534515 ], [ 122.515645642849606, 10.704344323113739 ], [ 122.515858121658709, 10.704518446720735 ], [ 122.516000659875374, 10.704572991947938 ], [ 122.516219699651515, 10.704642060172093 ], [ 122.516405379760087, 10.704604318603341 ], [ 122.51660291012233, 10.704555161455527 ], [ 122.516777822462927, 10.704491085801511 ], [ 122.516952248514187, 10.7044793409733 ], [ 122.51704237248012, 10.704540706556649 ], [ 122.517085561628363, 10.704675144881051 ], [ 122.517058517484756, 10.704784824339116 ], [ 122.51697303225022, 10.704849415742771 ], [ 122.51674835696366, 10.704960073809957 ], [ 122.51658246963791, 10.705076110844418 ], [ 122.516397010764564, 10.70520130061513 ], [ 122.516389549106776, 10.705382412369172 ], [ 122.516581360289138, 10.705763329846729 ], [ 122.516597149500925, 10.705843939630737 ], [ 122.516667579142734, 10.705959700196235 ], [ 122.516773368140051, 10.706022662319288 ], [ 122.516879270684242, 10.706073479992794 ], [ 122.516997737256688, 10.706102311080562 ], [ 122.517100452157777, 10.70604829719918 ], [ 122.517153011392423, 10.705938680287558 ], [ 122.51711282938237, 10.70573569856715 ], [ 122.517126873738746, 10.705573883413045 ], [ 122.51716313895011, 10.705458963280682 ], [ 122.517248266937102, 10.705449904977261 ], [ 122.517319444333538, 10.705484319733831 ], [ 122.517383483994237, 10.705547856457384 ], [ 122.517444115711513, 10.70576698452515 ], [ 122.51748983351159, 10.705891634496899 ], [ 122.517589293572314, 10.705952568489241 ], [ 122.51770354646753, 10.705950120703182 ], [ 122.517833927976085, 10.705899326143166 ], [ 122.51789622779431, 10.705791834761097 ], [ 122.517916437249696, 10.705560048052138 ], [ 122.517941477425779, 10.705402935257313 ], [ 122.518044882076225, 10.705204747919709 ], [ 122.518111259352509, 10.705030944002369 ], [ 122.518239986352114, 10.704900597218257 ], [ 122.518410919350742, 10.704825249222703 ], [ 122.518597846544111, 10.704920696867706 ], [ 122.518651094101898, 10.705047652151489 ], [ 122.518913201858012, 10.704926478879118 ], [ 122.519331273501535, 10.70468141124876 ], [ 122.519528606550409, 10.70448339476116 ], [ 122.519708772158168, 10.704493595546918 ], [ 122.519922156360067, 10.7045336935275 ], [ 122.520137808781342, 10.70457421758146 ], [ 122.520730248330452, 10.705119636219203 ], [ 122.521430459546281, 10.705852721838724 ], [ 122.521733486702061, 10.70610613445989 ], [ 122.522041900178053, 10.70581850002792 ], [ 122.522188167980175, 10.705941294487038 ], [ 122.523085072664571, 10.70497150030412 ], [ 122.52427780209851, 10.706150715831591 ], [ 122.524448595773094, 10.706309570820693 ], [ 122.524804262873758, 10.70589090360582 ], [ 122.52497317821279, 10.70583461673321 ], [ 122.525186196503327, 10.705865614624534 ], [ 122.525379017230733, 10.706083703375958 ], [ 122.525523504532046, 10.705978201015816 ], [ 122.525283491490242, 10.705650077011926 ], [ 122.525919686606528, 10.705113335088589 ], [ 122.525281539106643, 10.704480093785914 ], [ 122.525162682285455, 10.704307164370046 ], [ 122.525328333842836, 10.704212938304945 ], [ 122.525676423258076, 10.703924702643929 ], [ 122.526077810617153, 10.70360814509575 ], [ 122.525877531863443, 10.703388684896789 ], [ 122.525267806462182, 10.702787551286084 ], [ 122.52519206113169, 10.702634089546224 ], [ 122.525492124681634, 10.70216935853224 ], [ 122.525817992016897, 10.702286162487423 ], [ 122.526111845336473, 10.70166470943151 ], [ 122.526150510746504, 10.701565502530686 ], [ 122.526284362848187, 10.701435786690816 ], [ 122.525739541330211, 10.700823317114727 ], [ 122.525729586495729, 10.700731847053662 ], [ 122.525922469653935, 10.7004413980554 ], [ 122.525324424330691, 10.700059856392286 ], [ 122.524904823377653, 10.699800033563404 ], [ 122.524609317367691, 10.699635501711663 ], [ 122.524427965082211, 10.699498813954641 ], [ 122.524945352774196, 10.698597012900322 ], [ 122.526134881284577, 10.696769392077433 ], [ 122.526104127095167, 10.696617478237549 ], [ 122.526228081298314, 10.696466556344612 ], [ 122.526832818492139, 10.695991721985468 ], [ 122.526942150647798, 10.695966241932052 ], [ 122.527297800075814, 10.696013585220264 ], [ 122.527372921939659, 10.695828679788992 ], [ 122.527506838637862, 10.695643865033274 ], [ 122.527683622004659, 10.695470402350356 ], [ 122.527929278160585, 10.695267960565353 ], [ 122.528106310536202, 10.695116156658546 ], [ 122.528154888269498, 10.694987959193009 ], [ 122.528149420057602, 10.694894197405555 ], [ 122.528147202910873, 10.694730824233813 ], [ 122.528137319240003, 10.694561899875643 ], [ 122.52810878955907, 10.694365301500135 ], [ 122.528048347612568, 10.694191276368837 ], [ 122.527926321679544, 10.694011037337077 ], [ 122.527739278964475, 10.693844437528904 ], [ 122.527567369819593, 10.693728405995545 ], [ 122.527393331708154, 10.693652578006109 ], [ 122.527205418613619, 10.693587019599876 ], [ 122.527026136349392, 10.693547513865482 ], [ 122.526840259342649, 10.693508867963187 ] ] ] ] } },
{ "type": "Feature", "properties": { "psgc": null, "admin_type": "District", "region": "Region VI (Western Visayas)", "province": "Iloilo", "municity": "Iloilo City", "district": "Mandurriao", "barangay": null, "population": null }, "geometry": { "type": "MultiPolygon", "coordinates": [ [ [ [ 122.553828277217022, 10.720483930333911 ], [ 122.554043784895669, 10.720542358931899 ], [ 122.554223394106103, 10.720638305016305 ], [ 122.554412581433994, 10.720724230994229 ], [ 122.554591985829489, 10.720802719372665 ], [ 122.554780075375177, 10.720876142398723 ], [ 122.554957382225894, 10.720917183082605 ], [ 122.555140172476925, 10.720986595874532 ], [ 122.555318668557319, 10.721004659472495 ], [ 122.555500674373803, 10.721000982275381 ], [ 122.555687269815692, 10.720977300954354 ], [ 122.555875844565264, 10.720959351279463 ], [ 122.556063974726243, 10.72091342371613 ], [ 122.556232993567036, 10.720836827230436 ], [ 122.556415388026565, 10.720769323599956 ], [ 122.556608447356226, 10.72067550722914 ], [ 122.556787469923677, 10.720579879810966 ], [ 122.556976198457164, 10.720504166431196 ], [ 122.55715412960204, 10.720417237925931 ], [ 122.557340326222445, 10.720283369610545 ], [ 122.557607372087887, 10.720098145571413 ], [ 122.557790780728951, 10.719909556594864 ], [ 122.557853570524742, 10.719837094606865 ], [ 122.557875677366198, 10.719739652689737 ], [ 122.55786488810665, 10.719638387292155 ], [ 122.557822506426035, 10.719549422077765 ], [ 122.55773188300418, 10.719379973452007 ], [ 122.557582306420358, 10.719189791038414 ], [ 122.557326178776179, 10.719009341830603 ], [ 122.556984244099098, 10.718892546435102 ], [ 122.556786549753525, 10.718834109802552 ], [ 122.556648377588573, 10.718765888287251 ], [ 122.556524891009857, 10.718653994395279 ], [ 122.556423587190793, 10.718479398117344 ], [ 122.556413171202493, 10.718294361189642 ], [ 122.556473531276907, 10.718100502361525 ], [ 122.556539817870927, 10.717910589665937 ], [ 122.556570666009179, 10.717760956559371 ], [ 122.556601351655559, 10.71755983363709 ], [ 122.5566860867618, 10.717372820321676 ], [ 122.556738749401447, 10.717185760421959 ], [ 122.556783895476386, 10.717020892217302 ], [ 122.556823404542143, 10.716835893857542 ], [ 122.556809401141592, 10.716656001031881 ], [ 122.556806115929433, 10.716471145334785 ], [ 122.556731568488075, 10.716291297847352 ], [ 122.556593732961389, 10.716169204191688 ], [ 122.55642372922685, 10.716175074454735 ], [ 122.55625074858122, 10.716084430489607 ], [ 122.556055155767467, 10.716000656616163 ], [ 122.555880763790739, 10.715894898954312 ], [ 122.555791547694582, 10.715745443019568 ], [ 122.555744068428922, 10.715631594545007 ], [ 122.555696030910354, 10.71558394762854 ], [ 122.555613755441243, 10.715408250292848 ], [ 122.555585222635216, 10.715215368728481 ], [ 122.555618349347256, 10.715029004015458 ], [ 122.555697762022803, 10.714855276483309 ], [ 122.555790400961669, 10.714685254107263 ], [ 122.555892625727438, 10.714600478842726 ], [ 122.556062449437533, 10.714497585267059 ], [ 122.556261265091251, 10.714419960054093 ], [ 122.556432782033582, 10.714384061500429 ], [ 122.556685469355358, 10.714335244737294 ], [ 122.556800400550813, 10.714303324367268 ], [ 122.556914442391516, 10.714271116602868 ], [ 122.556997600973048, 10.714221910804039 ], [ 122.557094130211681, 10.714113059200836 ], [ 122.557168267310288, 10.713951084225352 ], [ 122.557223897596984, 10.713760796221237 ], [ 122.557245012865835, 10.713591680462546 ], [ 122.557212541749578, 10.713396060823914 ], [ 122.557206781617552, 10.713211052581102 ], [ 122.557266958287201, 10.713047760320061 ], [ 122.557386127213903, 10.712864635484165 ], [ 122.557528166543293, 10.712762179433714 ], [ 122.557713930162535, 10.712687021416919 ], [ 122.557882559854392, 10.712641901977856 ], [ 122.558085702527322, 10.712605045361014 ], [ 122.558279364687948, 10.712571568293479 ], [ 122.558459969671958, 10.712498340704641 ], [ 122.558624440650391, 10.712436012370519 ], [ 122.558818691968924, 10.712346158653595 ], [ 122.559004207323042, 10.712238952270914 ], [ 122.559196888160699, 10.712098513188588 ], [ 122.559357567004795, 10.711882005033639 ], [ 122.559420864011656, 10.711792458641714 ], [ 122.55954476825687, 10.711693925324136 ], [ 122.55972689142925, 10.711544211725425 ], [ 122.559914612464041, 10.711402611511069 ], [ 122.560069426312552, 10.711248670095447 ], [ 122.560209524713045, 10.711058376465404 ], [ 122.560267692264588, 10.710915916022019 ], [ 122.560257508006089, 10.710794109546299 ], [ 122.56017302029052, 10.710698018757006 ], [ 122.560087082633984, 10.710529241630445 ], [ 122.559926271376042, 10.710455512614088 ], [ 122.559713131600603, 10.710403054453636 ], [ 122.559557579714422, 10.710365113473939 ], [ 122.559363480142977, 10.710303217714365 ], [ 122.559183460041439, 10.710238170937792 ], [ 122.558996614475134, 10.710168709590263 ], [ 122.558804317384002, 10.710078564151033 ], [ 122.558627208153155, 10.709999039035408 ], [ 122.558454128450094, 10.709929536661415 ], [ 122.558252264461842, 10.709915280626033 ], [ 122.558086174613976, 10.709936253939585 ], [ 122.557890417054622, 10.709982088928506 ], [ 122.557721870986299, 10.710061286892579 ], [ 122.557542732033241, 10.710145462190146 ], [ 122.557350067395873, 10.710303773336296 ], [ 122.557164956751677, 10.710381426712448 ], [ 122.556980570469761, 10.710393012478242 ], [ 122.556810116459204, 10.71035585399942 ], [ 122.556628494811321, 10.710276295403462 ], [ 122.556446983105886, 10.710122728107542 ], [ 122.556349879654022, 10.709953961456154 ], [ 122.556281789935198, 10.709778876177383 ], [ 122.556240896973009, 10.709616327622863 ], [ 122.556207149813844, 10.709493331716999 ], [ 122.556174857368916, 10.709350823729809 ], [ 122.556165611127568, 10.709310927431961 ], [ 122.556130087573933, 10.709212702985459 ], [ 122.556068282284997, 10.709059218309063 ], [ 122.556025016384581, 10.708953312992385 ], [ 122.555969340333476, 10.708850457927236 ], [ 122.555888910994781, 10.708707684456897 ], [ 122.555831653036023, 10.708626302648858 ], [ 122.555655193675179, 10.708405159987823 ], [ 122.555567174354024, 10.708295387871285 ], [ 122.555478951540408, 10.708180214592513 ], [ 122.555433167190969, 10.708108475581502 ], [ 122.555420158732744, 10.708088092759311 ], [ 122.555381518473538, 10.708000601556728 ], [ 122.555330519537804, 10.707880879423465 ], [ 122.555268701477345, 10.707736598383271 ], [ 122.55522392335574, 10.707604613374436 ], [ 122.555189973368272, 10.707491051407928 ], [ 122.555169993186922, 10.707368305569455 ], [ 122.555154658423604, 10.707250168257373 ], [ 122.555142445219531, 10.70711822969783 ], [ 122.555143032240707, 10.707042182297558 ], [ 122.555148276591737, 10.706957349543806 ], [ 122.555156092316508, 10.706864922824892 ], [ 122.555165167865383, 10.706786426896638 ], [ 122.555183219212708, 10.706697813594936 ], [ 122.55519868809327, 10.706624391873957 ], [ 122.555217969703008, 10.706569969673794 ], [ 122.55524497280841, 10.70648770049668 ], [ 122.555288660349646, 10.706376269588734 ], [ 122.555310531758067, 10.706301590718157 ], [ 122.555340115410019, 10.706205396214695 ], [ 122.555367109216235, 10.706129458370762 ], [ 122.555383841638104, 10.706067373625499 ], [ 122.555403174861013, 10.705977495858409 ], [ 122.555418654720313, 10.705896476501469 ], [ 122.555432878421868, 10.705798993811916 ], [ 122.555441933554278, 10.705734426832873 ], [ 122.555444604729075, 10.705658352197606 ], [ 122.555446002993179, 10.705577312761212 ], [ 122.555441026385424, 10.705478536423293 ], [ 122.555433485805395, 10.705382288974242 ], [ 122.555415811241389, 10.705212522017719 ], [ 122.555400663660606, 10.705065612826681 ], [ 122.555376612335579, 10.704879436495608 ], [ 122.555355003176501, 10.704774305077111 ], [ 122.555327109882242, 10.704681745737865 ], [ 122.555269695657742, 10.704549971537327 ], [ 122.555185420755507, 10.704402963747761 ], [ 122.555096023628607, 10.704257153640366 ], [ 122.554987457707171, 10.704088584516835 ], [ 122.554886559780741, 10.703928890208964 ], [ 122.55479713512014, 10.703802135330903 ], [ 122.554712814433969, 10.703686784167617 ], [ 122.554628530784342, 10.703546107588576 ], [ 122.554576291185015, 10.703470015803235 ], [ 122.554531588369571, 10.703400204874329 ], [ 122.554506070772135, 10.703341919898048 ], [ 122.554477994768476, 10.703282364992953 ], [ 122.554457614363116, 10.703212690899752 ], [ 122.554437226568865, 10.703148081884223 ], [ 122.55441685172903, 10.70307460897928 ], [ 122.554395226359858, 10.70298087392835 ], [ 122.554374873735171, 10.702892205783829 ], [ 122.554364778811191, 10.702792155842131 ], [ 122.554358483739108, 10.702719867218187 ], [ 122.554348418418769, 10.70259955695912 ], [ 122.554343473620506, 10.702479254015175 ], [ 122.554346213294636, 10.702356429504743 ], [ 122.554351452183766, 10.702275395554253 ], [ 122.554356650378764, 10.70222221953866 ], [ 122.554363106504724, 10.702184240589178 ], [ 122.554374718279675, 10.702122209828426 ], [ 122.554392754727914, 10.702043726702943 ], [ 122.554417662710875, 10.701942399224997 ], [ 122.554205847421713, 10.701842061061008 ], [ 122.55409583798351, 10.701786187837556 ], [ 122.554022928174433, 10.701746829161602 ], [ 122.553990947239015, 10.701731588167839 ], [ 122.553939769974008, 10.701712520904255 ], [ 122.553843804982449, 10.701681993125735 ], [ 122.553691827200879, 10.701652428672356 ], [ 122.553612172650176, 10.701633543394319 ], [ 122.55348931211924, 10.701611840926644 ], [ 122.553403573383179, 10.701591457831732 ], [ 122.553294796116461, 10.701568509178438 ], [ 122.553162976619276, 10.701545527482306 ], [ 122.553073224130003, 10.70152889652416 ], [ 122.553011789269007, 10.701521210865724 ], [ 122.552828757408975, 10.701503220732032 ], [ 122.5526546864469, 10.701485243342258 ], [ 122.552488294398941, 10.701468543144466 ], [ 122.552334692469501, 10.701459458846653 ], [ 122.552129876285647, 10.701456632308613 ], [ 122.551959630905074, 10.7014487902029 ], [ 122.55168153926256, 10.701449656934725 ], [ 122.55150104174632, 10.701449397477372 ], [ 122.551407888166608, 10.701454429248768 ], [ 122.551324898598253, 10.701462473592514 ], [ 122.551187190229328, 10.701484725662292 ], [ 122.551036472772239, 10.701512061258247 ], [ 122.55077620896445, 10.701569427212778 ], [ 122.550438194214095, 10.701653638611205 ], [ 122.550115640246759, 10.701751137940075 ], [ 122.549840758178604, 10.701839521722073 ], [ 122.549721085563945, 10.701879089272788 ], [ 122.549535969332467, 10.701943168690374 ], [ 122.549300320111726, 10.702032628944794 ], [ 122.549212551883357, 10.702063115974561 ], [ 122.549112409769421, 10.702086441859819 ], [ 122.549008144024683, 10.702106700364734 ], [ 122.548841863419895, 10.702117684988258 ], [ 122.548754667679489, 10.70211819750403 ], [ 122.548702537121045, 10.702118503903391 ], [ 122.548564566537934, 10.70210912010042 ], [ 122.548391514315696, 10.702094583138729 ], [ 122.54826283660897, 10.702082151271876 ], [ 122.548108367102813, 10.70206355921837 ], [ 122.547907775202631, 10.702037757013414 ], [ 122.547751968158551, 10.702017121923163 ], [ 122.547573053600388, 10.701988289548064 ], [ 122.547443047480542, 10.701967691726027 ], [ 122.547380114552823, 10.701953313952204 ], [ 122.547292430968966, 10.701926654706623 ], [ 122.547126553178686, 10.701874201308881 ], [ 122.547003801686756, 10.70183320460707 ], [ 122.546862072379724, 10.701782996136114 ], [ 122.546753766407008, 10.701744061245678 ], [ 122.546562534447531, 10.701670310094753 ], [ 122.546406788390598, 10.701608855970266 ], [ 122.54628678196022, 10.701559445693256 ], [ 122.546255065752845, 10.701546387161153 ], [ 122.546151932257203, 10.701499295899154 ], [ 122.546046742319916, 10.70144709930409 ], [ 122.545630628703563, 10.701233771046571 ], [ 122.545392423913043, 10.701102804938193 ], [ 122.545025499702632, 10.700916674346715 ], [ 122.544492858328752, 10.700649104827201 ], [ 122.54427918268135, 10.700556691924112 ], [ 122.544038937206537, 10.700455857298017 ], [ 122.543908986943364, 10.700398521511769 ], [ 122.543792430220677, 10.700356512178034 ], [ 122.543654207034422, 10.700310389264953 ], [ 122.543511849672285, 10.700268342087988 ], [ 122.543358138513526, 10.700227298690479 ], [ 122.543196169646308, 10.700187263589115 ], [ 122.543067208912859, 10.700158501824209 ], [ 122.543003075899392, 10.700146225454253 ], [ 122.542920138200984, 10.70013753080814 ], [ 122.542781492968643, 10.700125080298712 ], [ 122.542667599924215, 10.700118789688831 ], [ 122.542527698287699, 10.700118584576915 ], [ 122.542479286038017, 10.700121141107708 ], [ 122.542437435062325, 10.700123351147791 ], [ 122.542347046946546, 10.700129342244336 ], [ 122.542239320370541, 10.700138982080146 ], [ 122.542187310507231, 10.70014625417393 ], [ 122.542100616370519, 10.700165722704917 ], [ 122.541997818152325, 10.700191291245401 ], [ 122.541887580479383, 10.700224197237391 ], [ 122.541793439507217, 10.70025590209621 ], [ 122.54159255266417, 10.70033031581986 ], [ 122.541380730713811, 10.700404713334878 ], [ 122.541208556329011, 10.700459573252118 ], [ 122.541015332872249, 10.700515626839017 ], [ 122.540851837750409, 10.700561926179274 ], [ 122.540698252666445, 10.700604565817715 ], [ 122.54051477126464, 10.700642002480855 ], [ 122.540309322530291, 10.700659474074033 ], [ 122.540111040626414, 10.700664145974763 ], [ 122.539872624333555, 10.700653866148038 ], [ 122.539636721611572, 10.700641107780905 ], [ 122.539398324100702, 10.700618417280936 ], [ 122.539215146023452, 10.700593326097387 ], [ 122.539084612114848, 10.700570520586451 ], [ 122.538976563053481, 10.700551027378541 ], [ 122.538670827731181, 10.70048233935017 ], [ 122.538358505557753, 10.700418031047171 ], [ 122.538084809898322, 10.700370359800178 ], [ 122.53806459618977, 10.700366839044873 ], [ 122.537637717697436, 10.700299299793297 ], [ 122.537234182135322, 10.700224873188795 ], [ 122.536886626597223, 10.700162064842697 ], [ 122.536596347869619, 10.700110416094917 ], [ 122.536332497921677, 10.700048196066428 ], [ 122.535945568878546, 10.699948972501508 ], [ 122.535806200121542, 10.699915882413091 ], [ 122.535698993655785, 10.699890265267884 ], [ 122.535411666988409, 10.699830436428101 ], [ 122.535313028897249, 10.699812257050247 ], [ 122.535226184554418, 10.699796216679163 ], [ 122.535127544871997, 10.699779097975195 ], [ 122.534913106324154, 10.699744834896292 ], [ 122.534798847950483, 10.699730960132504 ], [ 122.534736304618576, 10.69972478269303 ], [ 122.534648763553079, 10.699714511838875 ], [ 122.534562642554519, 10.699703229049369 ], [ 122.534409890362681, 10.699676636367116 ], [ 122.534193822708843, 10.699634738646161 ], [ 122.5340257042932, 10.699597982542024 ], [ 122.533818635789359, 10.699550013829169 ], [ 122.533717145495373, 10.699530595609174 ], [ 122.533428936291713, 10.69946706778563 ], [ 122.533245447163367, 10.69942319007672 ], [ 122.533015836064934, 10.699364032793367 ], [ 122.532773141293305, 10.699299785605414 ], [ 122.532535339214078, 10.699232503475319 ], [ 122.532448874731415, 10.699206729301755 ], [ 122.532309688920492, 10.699165239383273 ], [ 122.532147748604658, 10.699112267078961 ], [ 122.531995035842598, 10.699060322562977 ], [ 122.531827982394518, 10.698998216164673 ], [ 122.531684505019371, 10.698942229241583 ], [ 122.531551285304928, 10.698884229596759 ], [ 122.531459057140907, 10.698843529949873 ], [ 122.531387334867887, 10.698804889132832 ], [ 122.531351484304395, 10.698775441392959 ], [ 122.531312935255144, 10.698741127643743 ], [ 122.531232857302967, 10.698679346824413 ], [ 122.531164644781569, 10.698625413722141 ], [ 122.531037532296963, 10.698544966148528 ], [ 122.530952485974538, 10.698495901393395 ], [ 122.530887221838881, 10.698455675003784 ], [ 122.530813499472956, 10.698413296835124 ], [ 122.530718541835142, 10.698373025761258 ], [ 122.530628524115031, 10.698338634520791 ], [ 122.530476655246815, 10.698265979394698 ], [ 122.530376759324, 10.698218849620666 ], [ 122.530292692444718, 10.698176637335498 ], [ 122.530204666454267, 10.698134419067808 ], [ 122.530108907944765, 10.698085156392601 ], [ 122.530026823722608, 10.698040989547385 ], [ 122.529929912370903, 10.697984076747154 ], [ 122.529835964374882, 10.69793108333643 ], [ 122.529771142796321, 10.697893612033765 ], [ 122.529676206582423, 10.697839638349421 ], [ 122.529571377102769, 10.697782713507936 ], [ 122.52948631313572, 10.697745393202158 ], [ 122.529383162580373, 10.697707332581363 ], [ 122.529316786659649, 10.697683742750687 ], [ 122.529276138864873, 10.697667390158108 ], [ 122.529197879671472, 10.697642070496578 ], [ 122.529038389974431, 10.697603681013454 ], [ 122.52884835078379, 10.697558193067067 ], [ 122.528682495930468, 10.697544926961696 ], [ 122.528485780392245, 10.697503058275547 ], [ 122.528292536075568, 10.69746721635242 ], [ 122.528111696486164, 10.697442103064557 ], [ 122.527922792125423, 10.697372049987152 ], [ 122.527746753352517, 10.697251410235394 ], [ 122.527670258215863, 10.697087283664379 ], [ 122.527568986294042, 10.696907392440535 ], [ 122.527398246003926, 10.696716821353224 ], [ 122.527326811560485, 10.696541342158321 ], [ 122.527305747392248, 10.696362493575943 ], [ 122.527290069961168, 10.696167405639651 ], [ 122.527297800075814, 10.696013585220264 ], [ 122.526942150647798, 10.695966241932052 ], [ 122.526832818492139, 10.695991721985468 ], [ 122.526228081298314, 10.696466556344612 ], [ 122.526104127095167, 10.696617478237549 ], [ 122.526134881284577, 10.696769392077433 ], [ 122.524945352774196, 10.698597012900322 ], [ 122.524427965082211, 10.699498813954641 ], [ 122.524609317367691, 10.699635501711663 ], [ 122.524904823377653, 10.699800033563404 ], [ 122.525324424330691, 10.700059856392286 ], [ 122.525922469653935, 10.7004413980554 ], [ 122.525729586495729, 10.700731847053662 ], [ 122.525739541330211, 10.700823317114727 ], [ 122.526284362848187, 10.701435786690816 ], [ 122.526150510746504, 10.701565502530686 ], [ 122.526111845336473, 10.70166470943151 ], [ 122.525817992016897, 10.702286162487423 ], [ 122.525492124681634, 10.70216935853224 ], [ 122.52519206113169, 10.702634089546224 ], [ 122.525267806462182, 10.702787551286084 ], [ 122.525877531863443, 10.703388684896789 ], [ 122.526077810617153, 10.70360814509575 ], [ 122.525676423258076, 10.703924702643929 ], [ 122.525328333842836, 10.704212938304945 ], [ 122.525162682285455, 10.704307164370046 ], [ 122.525281539106643, 10.704480093785914 ], [ 122.525919686606528, 10.705113335088589 ], [ 122.525283491490242, 10.705650077011926 ], [ 122.525523504532046, 10.705978201015816 ], [ 122.525379017230733, 10.706083703375958 ], [ 122.525186196503327, 10.705865614624534 ], [ 122.52497317821279, 10.70583461673321 ], [ 122.524804262873758, 10.70589090360582 ], [ 122.524448595773094, 10.706309570820693 ], [ 122.52427780209851, 10.706150715831591 ], [ 122.523085072664571, 10.70497150030412 ], [ 122.522188167980175, 10.705941294487038 ], [ 122.522041900178053, 10.70581850002792 ], [ 122.521733486702061, 10.70610613445989 ], [ 122.521430459546281, 10.705852721838724 ], [ 122.520730248330452, 10.705119636219203 ], [ 122.520137808781342, 10.70457421758146 ], [ 122.519922156360067, 10.7045336935275 ], [ 122.519708772158168, 10.704493595546918 ], [ 122.519528606550409, 10.70448339476116 ], [ 122.519331273501535, 10.70468141124876 ], [ 122.518913201858012, 10.704926478879118 ], [ 122.518651094101898, 10.705047652151489 ], [ 122.518608090695068, 10.705198244517169 ], [ 122.518597776561137, 10.705388952718661 ], [ 122.518425726352632, 10.705589145016843 ], [ 122.518425505308741, 10.705726588852739 ], [ 122.518601572740849, 10.705927745726493 ], [ 122.518673060045387, 10.706116324555497 ], [ 122.518846855785497, 10.706298173380485 ], [ 122.518985119770861, 10.706469526255173 ], [ 122.519161660715909, 10.70664756481087 ], [ 122.519234715100197, 10.706720756906515 ], [ 122.519278957601998, 10.706832770064135 ], [ 122.519248201716692, 10.706913364194094 ], [ 122.51914775933885, 10.706969892696019 ], [ 122.518963379467948, 10.706964432173383 ], [ 122.518781575199654, 10.707006436935336 ], [ 122.5186784281493, 10.707209974912352 ], [ 122.518663471186542, 10.707323430110847 ], [ 122.518697871989829, 10.707435203832787 ], [ 122.518770145591631, 10.707466328326522 ], [ 122.518934952945628, 10.707457003150616 ], [ 122.519139014924662, 10.707435190144738 ], [ 122.519274568916472, 10.7074589907713 ], [ 122.519313043649873, 10.70755238219197 ], [ 122.519257734545036, 10.70763489758648 ], [ 122.519282856347928, 10.707751062250368 ], [ 122.519356800167444, 10.707825672560977 ], [ 122.519325324324072, 10.707916537418193 ], [ 122.519137936565429, 10.708106550400492 ], [ 122.519137775230035, 10.708206990121321 ], [ 122.519209263465584, 10.70829274072179 ], [ 122.519319367975484, 10.708297142714111 ], [ 122.519463756503157, 10.708255078928676 ], [ 122.519508404909473, 10.708097158288529 ], [ 122.519582825346376, 10.708025474263833 ], [ 122.519677946525164, 10.708017530976781 ], [ 122.519819803354181, 10.708042923763076 ], [ 122.519880894722618, 10.708123575703773 ], [ 122.519826784886376, 10.708406502625772 ], [ 122.519848229945453, 10.708493566504067 ], [ 122.520077785934518, 10.70867366126771 ], [ 122.520237803508451, 10.70888536475741 ], [ 122.520413992491925, 10.709012512473345 ], [ 122.520597832413557, 10.709074370539932 ], [ 122.52077197851149, 10.709102940630418 ], [ 122.520971641810192, 10.709043772492073 ], [ 122.521141120365002, 10.708902638484087 ], [ 122.521234164836102, 10.708839819091073 ], [ 122.521349893235097, 10.70890185929807 ], [ 122.521344052781515, 10.709019254905144 ], [ 122.521284816252319, 10.709145526385219 ], [ 122.521156657061866, 10.709214555415105 ], [ 122.521079857847027, 10.709273094551925 ], [ 122.521092269053028, 10.709367757805937 ], [ 122.521209728790495, 10.70945252265412 ], [ 122.521332964284142, 10.709496267616309 ], [ 122.52143410169171, 10.709532168365079 ], [ 122.521541923233912, 10.709692666848678 ], [ 122.521604743535818, 10.709786178340536 ], [ 122.521695409801637, 10.70991319165158 ], [ 122.521871743576256, 10.70995047144304 ], [ 122.521923926134377, 10.710017302985779 ], [ 122.522080165725853, 10.709977228624822 ], [ 122.522251330771383, 10.710059324822096 ], [ 122.522422117717213, 10.710067629904801 ], [ 122.522597633262592, 10.710001487592061 ], [ 122.522780198386684, 10.710099906492845 ], [ 122.522940462988089, 10.710158305892282 ], [ 122.522940269166, 10.710279890869485 ], [ 122.522806536851917, 10.710343118125209 ], [ 122.52261125515659, 10.710438391740663 ], [ 122.522432984006144, 10.710500728070656 ], [ 122.522239662143377, 10.710516681930441 ], [ 122.522050286806902, 10.710576307275266 ], [ 122.521976225276489, 10.710690838096594 ], [ 122.522052139367901, 10.710791277482684 ], [ 122.522319334604887, 10.710833985278937 ], [ 122.522437048063551, 10.710919163297174 ], [ 122.522520961788217, 10.710987472663083 ], [ 122.522607776019427, 10.710961307057079 ], [ 122.522650748900105, 10.710829216204633 ], [ 122.522791949786736, 10.710710700506239 ], [ 122.522971615946503, 10.710734562955286 ], [ 122.523147967227459, 10.710761269443326 ], [ 122.523241476760006, 10.710839616197894 ], [ 122.523243802816026, 10.7109993030376 ], [ 122.523109910165559, 10.711162970170349 ], [ 122.522986733181071, 10.711310794997141 ], [ 122.522803506468733, 10.711375873005297 ], [ 122.522591450194724, 10.711365637830886 ], [ 122.522516082971066, 10.711334115701032 ], [ 122.522420067662367, 10.711352201482594 ], [ 122.522359227427444, 10.711411366093083 ], [ 122.522350301257219, 10.711559937657263 ], [ 122.522423637489624, 10.711731252769686 ], [ 122.522444780899264, 10.711803360720552 ], [ 122.522611738156698, 10.711828269041369 ], [ 122.522782871217359, 10.711775672878616 ], [ 122.522975417835823, 10.711869381634587 ], [ 122.523144065094499, 10.711936937833171 ], [ 122.523359705942141, 10.712062033215888 ], [ 122.523440825519302, 10.712054753269868 ], [ 122.523525527420773, 10.711988283105022 ], [ 122.523680363723912, 10.712099536873353 ], [ 122.523714860970145, 10.712279436479054 ], [ 122.523717200027932, 10.712464350056235 ], [ 122.52363677666014, 10.7126175279988 ], [ 122.523504954392067, 10.71269985980657 ], [ 122.523470769620104, 10.712807576816482 ], [ 122.523668309735655, 10.712955901336642 ], [ 122.523755480272911, 10.712981728311062 ], [ 122.523919420785845, 10.71303030069395 ], [ 122.524111733700209, 10.713104608381062 ], [ 122.524148772398092, 10.713342550239862 ], [ 122.524066817068601, 10.713540413331749 ], [ 122.524105429737148, 10.713707238627887 ], [ 122.524048224347737, 10.713817474444323 ], [ 122.524067709813053, 10.713897487317046 ], [ 122.52411017795886, 10.714082574459319 ], [ 122.52400832258428, 10.714267437020073 ], [ 122.523895969958673, 10.714330697936493 ], [ 122.52369810901385, 10.714383253028387 ], [ 122.523521764009431, 10.714351260463175 ], [ 122.523355890680037, 10.714456728319188 ], [ 122.523291494108577, 10.714615217415526 ], [ 122.52327150487946, 10.714795612077767 ], [ 122.523141386860772, 10.714889871803193 ], [ 122.522996885994289, 10.715000659084374 ], [ 122.522932497543053, 10.715153861786373 ], [ 122.522857359327404, 10.715344051903212 ], [ 122.522803627668452, 10.715518416453868 ], [ 122.522600217952942, 10.715697833693348 ], [ 122.522511192486519, 10.715753195072558 ], [ 122.522482316628341, 10.715887956941627 ], [ 122.522583751608039, 10.715967410021422 ], [ 122.522818904665655, 10.715994208600799 ], [ 122.52288152562555, 10.716085561025189 ], [ 122.522845243464218, 10.716237420162219 ], [ 122.522752174389254, 10.716339280468196 ], [ 122.522604449547387, 10.716395633787304 ], [ 122.52241759852464, 10.716247325246789 ], [ 122.52233745203317, 10.716226054818376 ], [ 122.522230511251564, 10.716247033023127 ], [ 122.522064551973443, 10.71640536312132 ], [ 122.521874697865314, 10.716518334331882 ], [ 122.52175954565115, 10.716605766217016 ], [ 122.521593526746443, 10.716801100142447 ], [ 122.521497014262778, 10.716985970107688 ], [ 122.52145398492415, 10.717152421639602 ], [ 122.521325400022931, 10.717337241347423 ], [ 122.52118614960861, 10.717506185355349 ], [ 122.521078945891006, 10.717691038422545 ], [ 122.521073321157075, 10.717865477929843 ], [ 122.520998172590197, 10.71806095378582 ], [ 122.520976494705437, 10.718245940762321 ], [ 122.520979756805829, 10.718409284599037 ], [ 122.520949208888624, 10.718594794629217 ], [ 122.521029110342738, 10.718769368105997 ], [ 122.521071594105862, 10.718943882957097 ], [ 122.521060581579235, 10.719144745570645 ], [ 122.521068203617261, 10.719312231301341 ], [ 122.521070713578766, 10.719493658040415 ], [ 122.521075754179961, 10.719683973168841 ], [ 122.521027374520671, 10.719853059362798 ], [ 122.521009711376252, 10.719952565182174 ], [ 122.521005798098358, 10.719974610732796 ], [ 122.520962916210678, 10.720048551911722 ], [ 122.520903234083761, 10.720098662926098 ], [ 122.52077321319193, 10.720129725214564 ], [ 122.520710871266132, 10.720233187568711 ], [ 122.520720666692441, 10.720396184502313 ], [ 122.520753555314613, 10.720603286515338 ], [ 122.520815213722997, 10.720688624155606 ], [ 122.520897619220278, 10.720767387974018 ], [ 122.521136274521695, 10.720879878143981 ], [ 122.521246756573433, 10.720896818157831 ], [ 122.521287539293084, 10.720953019708586 ], [ 122.521291096239281, 10.721129870541466 ], [ 122.521206782135053, 10.721312362426408 ], [ 122.520960612442664, 10.721486425041597 ], [ 122.520752063960728, 10.721533674964714 ], [ 122.520591548114382, 10.721628576875395 ], [ 122.520404092938406, 10.721855594205234 ], [ 122.520339667679522, 10.722029941375235 ], [ 122.520324847152011, 10.722117232499363 ], [ 122.520221779323677, 10.722209490930206 ], [ 122.520120308224989, 10.722206380090464 ], [ 122.520034646014054, 10.72223562871481 ], [ 122.519987700144398, 10.722316477065972 ], [ 122.519852662856366, 10.722383359610133 ], [ 122.519735939868269, 10.722325759847649 ], [ 122.519660515209168, 10.722203323194126 ], [ 122.519577649615485, 10.722112564166093 ], [ 122.519443722143819, 10.722116258604908 ], [ 122.519280839186393, 10.722124449022875 ], [ 122.519184752898141, 10.72221314787039 ], [ 122.519173806932898, 10.722371719945899 ], [ 122.519292173447283, 10.722560098731774 ], [ 122.519451158821738, 10.722752770382993 ], [ 122.519632632729127, 10.722922217537731 ], [ 122.519646852671784, 10.723027708909552 ], [ 122.519600237118908, 10.723123046398301 ], [ 122.519493191781919, 10.723207459096944 ], [ 122.519393668350389, 10.723189826712057 ], [ 122.519316944258549, 10.723112028413036 ], [ 122.519131401613592, 10.722919915620738 ], [ 122.519033596545242, 10.722821478622517 ], [ 122.518943481725543, 10.72279215294537 ], [ 122.518844097221816, 10.722825701847633 ], [ 122.518743322386143, 10.722860124437382 ], [ 122.518584896000405, 10.722936428164507 ], [ 122.518392305969456, 10.723031278358567 ], [ 122.518330503129164, 10.723100631159019 ], [ 122.518298877810238, 10.723290188467356 ], [ 122.518382218377596, 10.72347765210346 ], [ 122.51839163865175, 10.723645076120404 ], [ 122.518359616628445, 10.723735486974697 ], [ 122.518401736493345, 10.723813666918877 ], [ 122.518505582461046, 10.723826761645169 ], [ 122.518583380666584, 10.723877388768955 ], [ 122.518662199867677, 10.723907670859363 ], [ 122.518690086019276, 10.72400442822579 ], [ 122.518570455221607, 10.72409697681589 ], [ 122.518401131803515, 10.724188993877203 ], [ 122.518299311109217, 10.724279805868862 ], [ 122.518208387544021, 10.724378997221812 ], [ 122.518023839602648, 10.724468526119342 ], [ 122.517855286773042, 10.724563461213029 ], [ 122.51777810960634, 10.724750513556117 ], [ 122.517784057238586, 10.724921245354892 ], [ 122.51777520314306, 10.725097325487427 ], [ 122.517791758393273, 10.725276030440432 ], [ 122.517746783696012, 10.72545137470069 ], [ 122.517744375302854, 10.725630094753582 ], [ 122.517775912604989, 10.725805427397971 ], [ 122.517826248288159, 10.72599600480812 ], [ 122.517874042431728, 10.726191673589714 ], [ 122.517884469121171, 10.726355565570456 ], [ 122.517852071899938, 10.726556394139424 ], [ 122.517788721695609, 10.726643910812497 ], [ 122.517656839303726, 10.726667650667395 ], [ 122.517477739851586, 10.72664567053681 ], [ 122.51730707619457, 10.726653768608736 ], [ 122.517108243644003, 10.726652647963055 ], [ 122.516916365301341, 10.726702933019871 ], [ 122.516886490718207, 10.726809009426455 ], [ 122.516921369043189, 10.72691439319321 ], [ 122.517058480300179, 10.727094415059877 ], [ 122.51722550939111, 10.727258483759442 ], [ 122.517283967071492, 10.727328937205023 ], [ 122.517283994393352, 10.727454169498177 ], [ 122.517243474419885, 10.727547106210856 ], [ 122.517107335201715, 10.727612479576496 ], [ 122.516911776041411, 10.727704875179864 ], [ 122.516819190572051, 10.727818879567456 ], [ 122.51678973091947, 10.727992659550576 ], [ 122.516763728162843, 10.728177287430245 ], [ 122.516695379019069, 10.728267649242911 ], [ 122.51667847745226, 10.728362457022405 ], [ 122.516761428933123, 10.728484992727232 ], [ 122.516913417116484, 10.728526704038357 ], [ 122.516984719436024, 10.728620281154218 ], [ 122.516993292929627, 10.728717137331056 ], [ 122.516923544192608, 10.728875616242679 ], [ 122.51674168284562, 10.729012421677261 ], [ 122.516538338284235, 10.729075886590568 ], [ 122.516455171301033, 10.729143016306869 ], [ 122.516445110359598, 10.729254609510283 ], [ 122.51652171137161, 10.72944061535941 ], [ 122.516745934940957, 10.729620704480892 ], [ 122.516744368678744, 10.729670648251226 ], [ 122.516735532121615, 10.729795123629255 ], [ 122.51669699855654, 10.729970575426865 ], [ 122.516625136096422, 10.730161647953718 ], [ 122.516543575698947, 10.730359797196444 ], [ 122.516445454103419, 10.73044271354572 ], [ 122.51635987089044, 10.730367365160602 ], [ 122.516172810723859, 10.730328162302897 ], [ 122.515986489601573, 10.730403166771366 ], [ 122.515957280340103, 10.730454616032061 ], [ 122.515980052512148, 10.730523450254735 ], [ 122.516114368871555, 10.730594445012992 ], [ 122.516193610995032, 10.730687663970565 ], [ 122.516255803143451, 10.730867481292082 ], [ 122.516237397616479, 10.731058989056335 ], [ 122.516091196926965, 10.731210845922556 ], [ 122.51608591005143, 10.731259723289789 ], [ 122.515999931360625, 10.731239982153932 ], [ 122.515892820655395, 10.731209081822147 ], [ 122.515797154197756, 10.731231525226153 ], [ 122.515780116732628, 10.73131113436599 ], [ 122.515808113320475, 10.7314324049983 ], [ 122.515834375560303, 10.731607054518731 ], [ 122.515821437373162, 10.731786609196554 ], [ 122.51584073222908, 10.731966351873265 ], [ 122.515849128152524, 10.732146138222245 ], [ 122.515805657182455, 10.732219431271274 ], [ 122.515698995410972, 10.732269571875303 ], [ 122.515641888521458, 10.73232963374976 ], [ 122.515658681038815, 10.732406420601183 ], [ 122.515729920377282, 10.732486137621422 ], [ 122.515811126127787, 10.732505546656423 ], [ 122.516003765276807, 10.732503091129436 ], [ 122.516174543421656, 10.732558985544111 ], [ 122.516218933924463, 10.732696606146616 ], [ 122.516272763281577, 10.732767221960511 ], [ 122.516323681855994, 10.732892258900032 ], [ 122.516288387709167, 10.73306478424527 ], [ 122.51616823877508, 10.733151041607883 ], [ 122.51609694157537, 10.733119524580045 ], [ 122.516096332554142, 10.733035057629731 ], [ 122.516087382152946, 10.732947448068378 ], [ 122.515997555107049, 10.732918173819648 ], [ 122.515817749752145, 10.733006858873486 ], [ 122.515644707269018, 10.73305014830971 ], [ 122.515443511599983, 10.733069826465215 ], [ 122.515311929482237, 10.73324192919012 ], [ 122.515349943803102, 10.733403486862956 ], [ 122.515435932822541, 10.733460154754122 ], [ 122.515631309809351, 10.733496632793557 ], [ 122.515817723983716, 10.73345192646962 ], [ 122.515910596811878, 10.733463406545484 ], [ 122.515948373516366, 10.733578883849734 ], [ 122.515980147586589, 10.733763954830691 ], [ 122.516121639902806, 10.73387059377564 ], [ 122.516279195959626, 10.733954735538292 ], [ 122.51630565028546, 10.734123939154957 ], [ 122.516272980053756, 10.734238152898392 ], [ 122.516177046162582, 10.734314042380115 ], [ 122.516007937697978, 10.734238462714275 ], [ 122.5157923898322, 10.734170702585233 ], [ 122.515658820400915, 10.73419778236215 ], [ 122.515669199620376, 10.734318523743607 ], [ 122.515798950714199, 10.734496915405057 ], [ 122.51599589130862, 10.734683078486855 ], [ 122.516079941976486, 10.734858377781171 ], [ 122.516138470300177, 10.735027632223826 ], [ 122.516127773328833, 10.73511753411506 ], [ 122.516064223804889, 10.735223443745758 ], [ 122.515908006421981, 10.73539730820154 ], [ 122.515816838421728, 10.735576897966277 ], [ 122.515650830678098, 10.735756369004873 ], [ 122.51559055903104, 10.735860602915453 ], [ 122.515463422819082, 10.735946378594521 ], [ 122.515265529278736, 10.736009500159804 ], [ 122.515068487470643, 10.73610158065614 ], [ 122.514898380545645, 10.736301808040084 ], [ 122.514724832666332, 10.736489694878955 ], [ 122.514681792138745, 10.736658788131722 ], [ 122.514774939616188, 10.736838635703705 ], [ 122.514788070553394, 10.737050143347814 ], [ 122.514723715845335, 10.73717691231626 ], [ 122.514531218641039, 10.737208324137136 ], [ 122.514333384287184, 10.737234441047061 ], [ 122.514173065034456, 10.737332761638836 ], [ 122.514022454715857, 10.737427814483159 ], [ 122.513940616104193, 10.737506712324693 ], [ 122.513851762356737, 10.73754556639161 ], [ 122.513723508170486, 10.737518930666603 ], [ 122.513605816278641, 10.737571606223092 ], [ 122.513581777785561, 10.737660925566271 ], [ 122.513600160559264, 10.737761904033054 ], [ 122.513680863731764, 10.7378037312663 ], [ 122.513682545807043, 10.737862676813487 ], [ 122.513603944275403, 10.737925314007366 ], [ 122.513508981841923, 10.737946779290279 ], [ 122.513412474511455, 10.738121073421773 ], [ 122.513414632548233, 10.738281364627635 ], [ 122.513251782027396, 10.738346564997222 ], [ 122.513081063386124, 10.738153026633903 ], [ 122.512883236885187, 10.738192042134145 ], [ 122.512701216686921, 10.738289100733393 ], [ 122.512700923356988, 10.738468834452707 ], [ 122.512604432653887, 10.738632555728616 ], [ 122.512497492039174, 10.738648243901634 ], [ 122.512947142748374, 10.739390476658919 ], [ 122.513234013521782, 10.739571869029804 ], [ 122.513601257930617, 10.7395678891973 ], [ 122.514892131735138, 10.740294229554253 ], [ 122.516176518508146, 10.741031241935584 ], [ 122.516366730034775, 10.741187691557988 ], [ 122.516443305632194, 10.741237347094097 ], [ 122.517444817628615, 10.740989370158577 ], [ 122.517628564225788, 10.740830627728608 ], [ 122.518911834822433, 10.740472513621809 ], [ 122.520190259103629, 10.740106029145997 ], [ 122.521463716538662, 10.739755509687079 ], [ 122.524563633297589, 10.738906821686317 ], [ 122.525205521379888, 10.738721171324995 ], [ 122.526612124000053, 10.738300451702051 ], [ 122.527725433355258, 10.7380101040811 ], [ 122.528269901500806, 10.737925047552235 ], [ 122.528757243080463, 10.737868872498268 ], [ 122.529531562705046, 10.737797993525303 ], [ 122.529532024442105, 10.737797951258649 ], [ 122.531448226719192, 10.737625805932575 ], [ 122.53156854923121, 10.73772131970307 ], [ 122.532253375127709, 10.737357614598585 ], [ 122.532451110913456, 10.737240824051836 ], [ 122.532621381498515, 10.737063394326107 ], [ 122.53299154910863, 10.737062711654668 ], [ 122.532992111700665, 10.736703243113842 ], [ 122.533350274826546, 10.736703791055758 ], [ 122.533359234908986, 10.736346058943683 ], [ 122.533730390807023, 10.736339616370607 ], [ 122.533721809144623, 10.735989053584627 ], [ 122.53391804394397, 10.73598571990482 ], [ 122.5339172185747, 10.735611507486729 ], [ 122.534068582115438, 10.735436172943974 ], [ 122.53418530773952, 10.735261215194836 ], [ 122.5343150451112, 10.735077079646961 ], [ 122.534380235154089, 10.734920028420843 ], [ 122.534464445897285, 10.734891027129089 ], [ 122.534650543641419, 10.734850567619906 ], [ 122.534717900657, 10.734786739751284 ], [ 122.534815876097497, 10.734536353009151 ], [ 122.534920235579463, 10.73442086137003 ], [ 122.535020809278407, 10.734351024101414 ], [ 122.535325973040116, 10.734165704528763 ], [ 122.535339140546725, 10.734076818085262 ], [ 122.535303769022406, 10.733993818986818 ], [ 122.535323146209677, 10.733873072729402 ], [ 122.535378733327647, 10.733805153326623 ], [ 122.535474183439533, 10.733799433770175 ], [ 122.535553913243916, 10.733686167214234 ], [ 122.535734324852484, 10.733574300034386 ], [ 122.53593233036618, 10.733451284516651 ], [ 122.536042937711983, 10.733352431254476 ], [ 122.536106528648759, 10.733269709235737 ], [ 122.536116444233969, 10.733085131678704 ], [ 122.53617836173089, 10.732973198126301 ], [ 122.536305613517627, 10.732902237962641 ], [ 122.536482066016546, 10.732874365353569 ], [ 122.536544784667299, 10.732791093534885 ], [ 122.536655172351885, 10.732717844728235 ], [ 122.536849403895459, 10.732580157355981 ], [ 122.536941408342486, 10.732500679411205 ], [ 122.537022817139729, 10.732362543930337 ], [ 122.537096836382048, 10.732184798803695 ], [ 122.53720829670641, 10.7320901733854 ], [ 122.537390324116146, 10.731983062847096 ], [ 122.53756605747509, 10.731928931166369 ], [ 122.537743291930255, 10.731826739549888 ], [ 122.537898620825061, 10.731636712356947 ], [ 122.537934514629072, 10.731471154491734 ], [ 122.53802847174704, 10.731385284527461 ], [ 122.53811996980825, 10.731393904337272 ], [ 122.538218789068935, 10.731390979621242 ], [ 122.538303585857321, 10.731346622877387 ], [ 122.538447059801001, 10.731214029563878 ], [ 122.538489281232287, 10.731102017115141 ], [ 122.538657071343223, 10.730920843675174 ], [ 122.538854071616484, 10.730783354801597 ], [ 122.539042749531063, 10.730740078406257 ], [ 122.539218689689534, 10.730722617661328 ], [ 122.539388055960345, 10.730682365572813 ], [ 122.539491175643491, 10.730615006067673 ], [ 122.539582602880287, 10.730485307892875 ], [ 122.539665250186815, 10.730471300153139 ], [ 122.539805344543254, 10.730489160725652 ], [ 122.539938000933702, 10.730474433956223 ], [ 122.540127307224694, 10.730487290363984 ], [ 122.540320043107187, 10.730372976863336 ], [ 122.540497184343053, 10.730239984442493 ], [ 122.540671736414041, 10.730147882567389 ], [ 122.540744588083143, 10.73006371254699 ], [ 122.540849123016898, 10.730038812083187 ], [ 122.54104513826988, 10.730068271194243 ], [ 122.541102948236386, 10.729954806404251 ], [ 122.541106462243889, 10.729831297755398 ], [ 122.541211375877538, 10.729686089358385 ], [ 122.541421823052573, 10.729565347556051 ], [ 122.541605984403304, 10.729567238006654 ], [ 122.541768529702765, 10.7295854502705 ], [ 122.541969966393964, 10.729507819763574 ], [ 122.542155176255122, 10.729410624777781 ], [ 122.542334491670601, 10.729377698896027 ], [ 122.542506273011284, 10.729153502526804 ], [ 122.542678481342563, 10.728983090109054 ], [ 122.542879289753586, 10.72891836729961 ], [ 122.543055054302371, 10.728757938807794 ], [ 122.543167389876956, 10.728613105123232 ], [ 122.543249826368495, 10.728570262388926 ], [ 122.543421511881519, 10.7285617207088 ], [ 122.543614732713621, 10.728518037793211 ], [ 122.543784313597158, 10.728390430919879 ], [ 122.543979568523071, 10.728282457104035 ], [ 122.544162394465275, 10.728201812855502 ], [ 122.544353810484722, 10.728113796301335 ], [ 122.544515412224641, 10.728039488759316 ], [ 122.544651385350562, 10.727906279476713 ], [ 122.544770430113374, 10.727672683866277 ], [ 122.544891501377762, 10.727499329113096 ], [ 122.544945994544534, 10.72741992537361 ], [ 122.545057443853992, 10.727375137064831 ], [ 122.545171081365794, 10.727416206285266 ], [ 122.545260970363515, 10.727410811039862 ], [ 122.545431762978737, 10.727327293939867 ], [ 122.545613724039555, 10.727198250115499 ], [ 122.545791483311149, 10.727125723690333 ], [ 122.545972544897523, 10.727027908678426 ], [ 122.546008881267966, 10.7269536269037 ], [ 122.545986609460954, 10.726760111434483 ], [ 122.546016502689781, 10.726622560365115 ], [ 122.54609584152476, 10.726564191487947 ], [ 122.546176894859599, 10.726479323722794 ], [ 122.546336592115239, 10.726432391201707 ], [ 122.546522557175706, 10.726417200007557 ], [ 122.546724292027136, 10.726337656974865 ], [ 122.546900360403725, 10.726233544283906 ], [ 122.547087692499161, 10.72610368982553 ], [ 122.547254032418294, 10.725971368661767 ], [ 122.547433220835103, 10.725777255364568 ], [ 122.547622160541493, 10.725651474742818 ], [ 122.54781567794268, 10.725506990621144 ], [ 122.547992336208381, 10.725351098633077 ], [ 122.548099564406712, 10.725152000267023 ], [ 122.548161532642141, 10.724962190049256 ], [ 122.54823099426909, 10.724785379115175 ], [ 122.548360288853743, 10.72459692632035 ], [ 122.548544767642397, 10.724428020798156 ], [ 122.548724303618826, 10.7242745714025 ], [ 122.548912884375298, 10.724128046630121 ], [ 122.549078730106132, 10.724064441837319 ], [ 122.549164766997819, 10.724024236310127 ], [ 122.549279995474791, 10.723970389334736 ], [ 122.549456520130761, 10.723902737141144 ], [ 122.549620204898844, 10.723833273880816 ], [ 122.549669037336585, 10.723710735081275 ], [ 122.549577599303689, 10.723515435699966 ], [ 122.549470657691458, 10.723331886269436 ], [ 122.549445371835191, 10.723150054016294 ], [ 122.549464942967319, 10.722970129239036 ], [ 122.549477971234481, 10.722801204291819 ], [ 122.549483587909435, 10.722621477329715 ], [ 122.549541292950764, 10.722497958368677 ], [ 122.549641972744652, 10.722429438291503 ], [ 122.549784747626475, 10.72236003454438 ], [ 122.549836230389275, 10.722253492849214 ], [ 122.549931949349642, 10.722114812421426 ], [ 122.550029520578988, 10.722020782823794 ], [ 122.550125962098193, 10.721872907657026 ], [ 122.55014484147047, 10.721771648164143 ], [ 122.550142229466317, 10.721719628007939 ], [ 122.550137162737755, 10.721534598933374 ], [ 122.550261535517976, 10.721405600929227 ], [ 122.550388694078961, 10.721339375146629 ], [ 122.550560019360688, 10.721159892088954 ], [ 122.55077925472807, 10.72111263772552 ], [ 122.550934392248024, 10.721033570945703 ], [ 122.551034545871332, 10.721020451891473 ], [ 122.551116217232973, 10.720980974983433 ], [ 122.551303546477428, 10.720822660346363 ], [ 122.551495255582722, 10.72073088358607 ], [ 122.551678021847664, 10.720627616098897 ], [ 122.551854619117023, 10.720542513135362 ], [ 122.55202040821095, 10.720443096968307 ], [ 122.552213082109645, 10.720284789588831 ], [ 122.552389671942223, 10.720158176505107 ], [ 122.552500085517678, 10.720108361743586 ], [ 122.552582187064715, 10.720105595324718 ], [ 122.552726292278962, 10.720253823802524 ], [ 122.552764766428112, 10.720449721454726 ], [ 122.552790728552765, 10.720529424722439 ], [ 122.552776496559133, 10.720639892779463 ], [ 122.552794950203193, 10.720708531379223 ], [ 122.552756103379437, 10.720808979711201 ], [ 122.552777990519758, 10.720898874988954 ], [ 122.552757232705105, 10.721009814858743 ], [ 122.552860402167695, 10.721167249657512 ], [ 122.55293326870553, 10.721253244033038 ], [ 122.553019698812335, 10.721290630123166 ], [ 122.553115030230273, 10.721242937473798 ], [ 122.553239935374734, 10.721117689001435 ], [ 122.553313168196368, 10.721005342406515 ], [ 122.553341602020041, 10.720910251552992 ], [ 122.553316547497673, 10.720788575294321 ], [ 122.553319067224621, 10.720635307649047 ], [ 122.553510020899722, 10.720536884487386 ], [ 122.553666790223218, 10.720456080811863 ], [ 122.553828277217022, 10.720483930333911 ] ] ] ] } },
{ "type": "Feature", "properties": { "psgc": null, "admin_type": "District", "region": "Region VI (Western Visayas)", "province": "Iloilo", "municity": "Iloilo City", "district": "La Paz", "barangay": null, "population": null }, "geometry": { "type": "MultiPolygon", "coordinates": [ [ [ [ 122.567642125953626, 10.705762823797018 ], [ 122.567492331648282, 10.70567972241243 ], [ 122.567383851693251, 10.705596678278317 ], [ 122.567277745863663, 10.705504297272876 ], [ 122.567116242168481, 10.705354631041205 ], [ 122.567077472227282, 10.705319518885226 ], [ 122.567016157383932, 10.705272733107893 ], [ 122.566944225534954, 10.705221262510529 ], [ 122.566632890279749, 10.705015347156195 ], [ 122.566346302448196, 10.704838653822057 ], [ 122.566132813637296, 10.704722772780562 ], [ 122.565832551325997, 10.70454801844223 ], [ 122.565736642366033, 10.704492198791479 ], [ 122.565287248224223, 10.704253399421802 ], [ 122.564807231148521, 10.703991184479275 ], [ 122.564547878337223, 10.70384953113987 ], [ 122.564416272537926, 10.703760036891618 ], [ 122.564296696511775, 10.703678723007613 ], [ 122.564011361823702, 10.703452993693649 ], [ 122.563707137856213, 10.703229572740748 ], [ 122.563412444468739, 10.70300380244065 ], [ 122.563362504943385, 10.702965111601044 ], [ 122.563250908926008, 10.702878652093622 ], [ 122.563079950413837, 10.70273947827754 ], [ 122.562938480198952, 10.702615523399217 ], [ 122.56272048684427, 10.702408545670657 ], [ 122.562531876500046, 10.702231986317727 ], [ 122.562456438451221, 10.702157159498103 ], [ 122.562284367241404, 10.702006286651828 ], [ 122.562115829344009, 10.701889587263894 ], [ 122.561890501494602, 10.70176055541082 ], [ 122.56170291139675, 10.701659584051823 ], [ 122.561625151416237, 10.701617729280525 ], [ 122.561495388911325, 10.701561506143911 ], [ 122.561291368986701, 10.701477152680052 ], [ 122.561146624042706, 10.701430026919274 ], [ 122.5609622175525, 10.701373991091385 ], [ 122.560765215212697, 10.70131412760535 ], [ 122.560425343525949, 10.701269283279823 ], [ 122.559955065335828, 10.701230817955382 ], [ 122.559697404022771, 10.701222733532683 ], [ 122.559531430190205, 10.70122249922621 ], [ 122.559362225303403, 10.701240275595179 ], [ 122.558976910145574, 10.701314366017636 ], [ 122.55883149423633, 10.701350951180292 ], [ 122.558607380761856, 10.70141394781036 ], [ 122.558334585772329, 10.701502200816728 ], [ 122.558107877001873, 10.701589252593239 ], [ 122.557897835436307, 10.701658599999123 ], [ 122.557699311247319, 10.701730496136447 ], [ 122.55737567305502, 10.701847841304831 ], [ 122.557082342016216, 10.701972785958116 ], [ 122.556997940705173, 10.702005589198521 ], [ 122.556874394931171, 10.702061129720784 ], [ 122.556737347679928, 10.702111585914981 ], [ 122.556620804516911, 10.702146875919004 ], [ 122.556538981773784, 10.702167019968408 ], [ 122.556430845261914, 10.702189659123432 ], [ 122.556353448385181, 10.70220094550757 ], [ 122.55625045078034, 10.702210929180563 ], [ 122.556131389644108, 10.702217091143108 ], [ 122.55595984324691, 10.702223178349049 ], [ 122.555796698034811, 10.702220413515711 ], [ 122.555610519744164, 10.702211284420283 ], [ 122.555442268797179, 10.702198381946982 ], [ 122.555256105305887, 10.702179122481317 ], [ 122.555130106004015, 10.702161214990083 ], [ 122.555042505011016, 10.702147161042957 ], [ 122.554883250129663, 10.70211021192484 ], [ 122.554713769055425, 10.70206311794877 ], [ 122.554595483879368, 10.702022428351675 ], [ 122.554520004447639, 10.701989397481061 ], [ 122.554417662710875, 10.701942399224997 ], [ 122.554392754727914, 10.702043726702943 ], [ 122.554374718279675, 10.702122209828426 ], [ 122.554363106504724, 10.702184240589178 ], [ 122.554356650378764, 10.70222221953866 ], [ 122.554351452183766, 10.702275395554253 ], [ 122.554346213294636, 10.702356429504743 ], [ 122.554343473620506, 10.702479254015175 ], [ 122.554348418418769, 10.70259955695912 ], [ 122.554358483739108, 10.702719867218187 ], [ 122.554364778811191, 10.702792155842131 ], [ 122.554374873735171, 10.702892205783829 ], [ 122.554395226359858, 10.70298087392835 ], [ 122.55441685172903, 10.70307460897928 ], [ 122.554437226568865, 10.703148081884223 ], [ 122.554457614363116, 10.703212690899752 ], [ 122.554477994768476, 10.703282364992953 ], [ 122.554506070772135, 10.703341919898048 ], [ 122.554531588369571, 10.703400204874329 ], [ 122.554576291185015, 10.703470015803235 ], [ 122.554628530784342, 10.703546107588576 ], [ 122.554712814433969, 10.703686784167617 ], [ 122.55479713512014, 10.703802135330903 ], [ 122.554886559780741, 10.703928890208964 ], [ 122.554987457707171, 10.704088584516835 ], [ 122.555096023628607, 10.704257153640366 ], [ 122.555185420755507, 10.704402963747761 ], [ 122.555269695657742, 10.704549971537327 ], [ 122.555327109882242, 10.704681745737865 ], [ 122.555355003176501, 10.704774305077111 ], [ 122.555376612335579, 10.704879436495608 ], [ 122.555400663660606, 10.705065612826681 ], [ 122.555415811241389, 10.705212522017719 ], [ 122.555433485805395, 10.705382288974242 ], [ 122.555441026385424, 10.705478536423293 ], [ 122.555446002993179, 10.705577312761212 ], [ 122.555444604729075, 10.705658352197606 ], [ 122.555441933554278, 10.705734426832873 ], [ 122.555432878421868, 10.705798993811916 ], [ 122.555418654720313, 10.705896476501469 ], [ 122.555403174861013, 10.705977495858409 ], [ 122.555383841638104, 10.706067373625499 ], [ 122.555367109216235, 10.706129458370762 ], [ 122.555340115410019, 10.706205396214695 ], [ 122.555310531758067, 10.706301590718157 ], [ 122.555288660349646, 10.706376269588734 ], [ 122.55524497280841, 10.70648770049668 ], [ 122.555217969703008, 10.706569969673794 ], [ 122.55519868809327, 10.706624391873957 ], [ 122.555183219212708, 10.706697813594936 ], [ 122.555165167865383, 10.706786426896638 ], [ 122.555156092316508, 10.706864922824892 ], [ 122.555148276591737, 10.706957349543806 ], [ 122.555143032240707, 10.707042182297558 ], [ 122.555142445219531, 10.70711822969783 ], [ 122.555154658423604, 10.707250168257373 ], [ 122.555169993186922, 10.707368305569455 ], [ 122.555189973368272, 10.707491051407928 ], [ 122.55522392335574, 10.707604613374436 ], [ 122.555268701477345, 10.707736598383271 ], [ 122.555330519537804, 10.707880879423465 ], [ 122.555381518473538, 10.708000601556728 ], [ 122.555420158732744, 10.708088092759311 ], [ 122.555478951540408, 10.708180214592513 ], [ 122.555567174354024, 10.708295387871285 ], [ 122.555655193675179, 10.708405159987823 ], [ 122.555831653036023, 10.708626302648858 ], [ 122.555888910994781, 10.708707684456897 ], [ 122.555969340333476, 10.708850457927236 ], [ 122.556025016384581, 10.708953312992385 ], [ 122.556068282284997, 10.709059218309063 ], [ 122.556130087573933, 10.709212702985459 ], [ 122.556165611127568, 10.709310927431961 ], [ 122.556174857368916, 10.709350823729809 ], [ 122.556207149813844, 10.709493331716999 ], [ 122.556240896973009, 10.709616327622863 ], [ 122.556281789935198, 10.709778876177383 ], [ 122.556349879654022, 10.709953961456154 ], [ 122.556446983105886, 10.710122728107542 ], [ 122.556628494811321, 10.710276295403462 ], [ 122.556810116459204, 10.71035585399942 ], [ 122.556980570469761, 10.710393012478242 ], [ 122.557164956751677, 10.710381426712448 ], [ 122.557350067395873, 10.710303773336296 ], [ 122.557542732033241, 10.710145462190146 ], [ 122.557721870986299, 10.710061286892579 ], [ 122.557890417054622, 10.709982088928506 ], [ 122.558086174613976, 10.709936253939585 ], [ 122.558252264461842, 10.709915280626033 ], [ 122.558454128450094, 10.709929536661415 ], [ 122.558627208153155, 10.709999039035408 ], [ 122.558804317384002, 10.710078564151033 ], [ 122.558996614475134, 10.710168709590263 ], [ 122.559183460041439, 10.710238170937792 ], [ 122.559363480142977, 10.710303217714365 ], [ 122.559557579714422, 10.710365113473939 ], [ 122.559713131600603, 10.710403054453636 ], [ 122.559926271376042, 10.710455512614088 ], [ 122.560087082633984, 10.710529241630445 ], [ 122.56017302029052, 10.710698018757006 ], [ 122.560257508006089, 10.710794109546299 ], [ 122.560267692264588, 10.710915916022019 ], [ 122.560209524713045, 10.711058376465404 ], [ 122.560069426312552, 10.711248670095447 ], [ 122.559914612464041, 10.711402611511069 ], [ 122.55972689142925, 10.711544211725425 ], [ 122.55954476825687, 10.711693925324136 ], [ 122.559420864011656, 10.711792458641714 ], [ 122.559357567004795, 10.711882005033639 ], [ 122.559196888160699, 10.712098513188588 ], [ 122.559212580897167, 10.712331134835495 ], [ 122.559251487038139, 10.7127341979912 ], [ 122.559191944530312, 10.71304363822312 ], [ 122.559379105812752, 10.713376823714167 ], [ 122.560283073310984, 10.712965791891374 ], [ 122.56052772393781, 10.713419329293 ], [ 122.560790180667667, 10.713294093396572 ], [ 122.561327639290255, 10.713912539682765 ], [ 122.561460595154998, 10.714121029083833 ], [ 122.562575884845771, 10.715421630826489 ], [ 122.562737433893147, 10.7155488775624 ], [ 122.563463333961309, 10.716338554790946 ], [ 122.563560421100846, 10.716507138631902 ], [ 122.564699410860044, 10.717750330969437 ], [ 122.564950502244486, 10.717499513276772 ], [ 122.565071577712956, 10.717395673740517 ], [ 122.565198817116666, 10.717495551158438 ], [ 122.565121367266002, 10.717883966576236 ], [ 122.565616510649278, 10.718476184887937 ], [ 122.56622661230044, 10.719200121158813 ], [ 122.566645531461219, 10.719510253826776 ], [ 122.566470166434982, 10.719793252297267 ], [ 122.566278536719082, 10.720066787585454 ], [ 122.565910962697075, 10.720455245726642 ], [ 122.565692419834718, 10.720624317148864 ], [ 122.565968996259102, 10.720884343007794 ], [ 122.56646421165614, 10.721356916233937 ], [ 122.56661370960903, 10.721479850708148 ], [ 122.568240308094076, 10.723365689560692 ], [ 122.570302181884273, 10.726120832067382 ], [ 122.571907765367911, 10.728238714735513 ], [ 122.57210095887622, 10.728507405043269 ], [ 122.573541031021819, 10.730510215096821 ], [ 122.573471866298021, 10.730629071874375 ], [ 122.574691513152274, 10.73132181825642 ], [ 122.574787830816078, 10.73134524804852 ], [ 122.574685909559548, 10.731560930065569 ], [ 122.574363056987153, 10.732094650566841 ], [ 122.574258484444357, 10.732285885280881 ], [ 122.575819822975745, 10.734012695339306 ], [ 122.576509840707061, 10.734671218592611 ], [ 122.577179770822127, 10.735345315348416 ], [ 122.577414451890675, 10.735099309716896 ], [ 122.577679756159029, 10.734749162166869 ], [ 122.577943346795436, 10.734394453385491 ], [ 122.578973072361478, 10.733168492060656 ], [ 122.579312038319898, 10.7328003185089 ], [ 122.57948162847228, 10.732643866432669 ], [ 122.579520552338707, 10.732787075124309 ], [ 122.579802344349972, 10.733510524142574 ], [ 122.58118554446331, 10.737296801377131 ], [ 122.581918407932108, 10.738937501467497 ], [ 122.582099466662854, 10.739303238687748 ], [ 122.582296372071795, 10.739658435425278 ], [ 122.582513885989073, 10.74003182791864 ], [ 122.582817786894211, 10.740563192822414 ], [ 122.586037009373086, 10.739453447600225 ], [ 122.585913244173938, 10.739198206159497 ], [ 122.586478524590234, 10.738834473645044 ], [ 122.587727259859747, 10.739208662466721 ], [ 122.587850171858861, 10.739194482952943 ], [ 122.588047967843451, 10.739116501460328 ], [ 122.588144057613093, 10.738947065064123 ], [ 122.588313693020737, 10.738760690644831 ], [ 122.588531390161322, 10.738590331668172 ], [ 122.588672786979402, 10.738409269965084 ], [ 122.588725622793277, 10.738219525660762 ], [ 122.588816133093118, 10.738044114611711 ], [ 122.588934542315428, 10.737846559215287 ], [ 122.588977549469178, 10.737672167701151 ], [ 122.589052638504185, 10.73749253314598 ], [ 122.589133058620945, 10.737323478467813 ], [ 122.589293694323828, 10.737133386612305 ], [ 122.589507765581843, 10.736959225794996 ], [ 122.589876382867132, 10.737134172365495 ], [ 122.590031140664564, 10.737329975908665 ], [ 122.590201957818607, 10.737509941947691 ], [ 122.590308611298411, 10.737700394230009 ], [ 122.590463413306779, 10.737864479516338 ], [ 122.590703733466455, 10.738039252468676 ], [ 122.590944039371863, 10.738224597929106 ], [ 122.591136226199779, 10.738415164912857 ], [ 122.591333780843215, 10.738589879935255 ], [ 122.591584779166922, 10.738775239283409 ], [ 122.59168074959922, 10.738960390433627 ], [ 122.591883715974689, 10.73908753521097 ], [ 122.592070710340323, 10.73916708127039 ], [ 122.592231048232293, 10.73919372796543 ], [ 122.592434015003505, 10.739320872395785 ], [ 122.592599648150184, 10.739384530470291 ], [ 122.592781391154418, 10.739395346489014 ], [ 122.592963148640777, 10.739395589714478 ], [ 122.593128839786715, 10.739416956761646 ], [ 122.593331893815858, 10.739480664495968 ], [ 122.593519018844944, 10.739465055511898 ], [ 122.593557594084771, 10.739399681169195 ], [ 122.593604761227752, 10.739311865801183 ], [ 122.593839998410516, 10.739296320884995 ], [ 122.593918215736494, 10.739369999708757 ], [ 122.593946777464339, 10.739396904150023 ], [ 122.594107122890136, 10.739418263543078 ], [ 122.594337072003853, 10.739360420363283 ], [ 122.5943452762546, 10.739334849355897 ], [ 122.594369283809954, 10.739260022583318 ], [ 122.594417446523735, 10.739223082317109 ], [ 122.594529629201702, 10.739281381757088 ], [ 122.594748800111688, 10.739286960154681 ], [ 122.594807726404113, 10.739197170618912 ], [ 122.594759808579511, 10.739054375217263 ], [ 122.594791941005923, 10.739012127181178 ], [ 122.594936205706944, 10.739065182851055 ], [ 122.595134014846224, 10.739054873463198 ], [ 122.595251687266654, 10.739007452853439 ], [ 122.595347832624967, 10.739065730663802 ], [ 122.595460144837972, 10.739028875554201 ], [ 122.595470980219204, 10.738923162861301 ], [ 122.595540590642187, 10.738838673736938 ], [ 122.595631541107522, 10.738785931093442 ], [ 122.595727751131662, 10.738796631675481 ], [ 122.595759926499753, 10.73872266545796 ], [ 122.59581344912803, 10.738675159376793 ], [ 122.595947101252236, 10.738670050568556 ], [ 122.596038166456921, 10.73853272626455 ], [ 122.596107683328825, 10.738516959501615 ], [ 122.596262639642717, 10.738570028752349 ], [ 122.596396241513872, 10.738601924172917 ], [ 122.596449764024811, 10.738554417977458 ], [ 122.596647442755554, 10.73862623259353 ], [ 122.596668834150293, 10.738634003854107 ], [ 122.596759734207453, 10.738618265296052 ], [ 122.596780113966858, 10.738576757524948 ], [ 122.596840143270285, 10.738454494837105 ], [ 122.596968571260547, 10.738359510606687 ], [ 122.597070220091837, 10.738301495344647 ], [ 122.597193166149935, 10.738306944525869 ], [ 122.597251277080332, 10.738354089715763 ], [ 122.597310644765059, 10.738402254480059 ], [ 122.597444382615492, 10.738333708858493 ], [ 122.597471226034727, 10.738249162676196 ], [ 122.597463627499522, 10.738221465237661 ], [ 122.597439308673628, 10.738132820595371 ], [ 122.597482175131617, 10.738058868327268 ], [ 122.597573024921715, 10.738080133953584 ], [ 122.597621215675161, 10.738022047778331 ], [ 122.597792380942039, 10.737948265145 ], [ 122.597839478712146, 10.737986724897356 ], [ 122.597883159263461, 10.738022394154831 ], [ 122.597995420803997, 10.738022542534342 ], [ 122.598145209983457, 10.737943445096423 ], [ 122.598134596969061, 10.737885281148086 ], [ 122.598083315757307, 10.737834434424704 ], [ 122.598033162772097, 10.737784706344558 ], [ 122.598086720600989, 10.737710768112031 ], [ 122.598177613181505, 10.737700315473591 ], [ 122.598252524922728, 10.737728753214016 ], [ 122.598408888637252, 10.737631094602719 ], [ 122.598450526377988, 10.737494507915095 ], [ 122.598643224050576, 10.737309739707184 ], [ 122.5987449934442, 10.73716185594896 ], [ 122.598793262254659, 10.737045619743519 ], [ 122.598894924567006, 10.736977031154719 ], [ 122.598914682362377, 10.736950054149126 ], [ 122.5989917233385, 10.736248066102222 ], [ 122.598991723338827, 10.736248066102203 ], [ 122.598997962086841, 10.735888177230652 ], [ 122.599120907233512, 10.735893625616445 ], [ 122.599220415114161, 10.735836664049932 ], [ 122.599238748751759, 10.735719331043764 ], [ 122.599329746486788, 10.735664487651134 ], [ 122.59939394173611, 10.735518656873722 ], [ 122.599389697499461, 10.735417958667435 ], [ 122.599404993673716, 10.735328359452616 ], [ 122.599474566593258, 10.735270301105828 ], [ 122.59950172844411, 10.735180478373911 ], [ 122.599500199085796, 10.735091706293458 ], [ 122.599555754205852, 10.734990232018024 ], [ 122.599582946008084, 10.734872805468635 ], [ 122.599640110402277, 10.734745089878862 ], [ 122.599630411139614, 10.734662574952317 ], [ 122.59956102337415, 10.734583188251134 ], [ 122.599555867553647, 10.734442076342596 ], [ 122.599556353530673, 10.734080977987793 ], [ 122.599556623875372, 10.733880096692207 ], [ 122.599519388850766, 10.733742602345286 ], [ 122.599526101094611, 10.733637107061163 ], [ 122.599557079180912, 10.733541770293808 ], [ 122.599503871103039, 10.733356677687809 ], [ 122.599434497888922, 10.733266718263641 ], [ 122.599375809005309, 10.733182059251051 ], [ 122.599378770287174, 10.732997002825556 ], [ 122.599376228898677, 10.732870164595836 ], [ 122.599296114609714, 10.732817195518699 ], [ 122.599194546366519, 10.732817061759878 ], [ 122.599119288435077, 10.732721961495988 ], [ 122.599138601191029, 10.732621205089691 ], [ 122.599141516637161, 10.73249981034359 ], [ 122.599120105328026, 10.732448942621431 ], [ 122.599082892070797, 10.732367574128871 ], [ 122.59904561468997, 10.732261797827253 ], [ 122.599003041507743, 10.732119010026718 ], [ 122.598933531552802, 10.73206288560662 ], [ 122.598821359492518, 10.73206590698881 ], [ 122.598749576516596, 10.731907179123775 ], [ 122.598715307439534, 10.731791043708906 ], [ 122.598768424506943, 10.731678742085492 ], [ 122.598717750736981, 10.731624511128448 ], [ 122.598640297749839, 10.731552891394417 ], [ 122.598619245104501, 10.731463112453618 ], [ 122.598746843592352, 10.731367224736843 ], [ 122.598773194331244, 10.73119840793327 ], [ 122.598669913127509, 10.731139033930852 ], [ 122.59866403818657, 10.730986433494456 ], [ 122.598712443619604, 10.730807264726113 ], [ 122.598744281655726, 10.730685683117301 ], [ 122.598663849245384, 10.730557479441602 ], [ 122.598649321252694, 10.730511932976636 ], [ 122.598721979507914, 10.730442863554387 ], [ 122.598712313515321, 10.730357662859074 ], [ 122.598642015646448, 10.730278880966898 ], [ 122.598460139784763, 10.730151978935909 ], [ 122.598472586757481, 10.730006244937556 ], [ 122.598631702118581, 10.729998690288719 ], [ 122.598818799768893, 10.729998936936736 ], [ 122.599027251529492, 10.730020357044106 ], [ 122.599182310906144, 10.729994129466025 ], [ 122.599185810487413, 10.729854667663753 ], [ 122.599749091713917, 10.729889148081204 ], [ 122.599917788810572, 10.729188826884723 ], [ 122.599934389489789, 10.729019591524967 ], [ 122.599986726025193, 10.728837721866958 ], [ 122.600106984342844, 10.728294922774907 ], [ 122.600125887480147, 10.728113267762408 ], [ 122.600217337822741, 10.727755247671391 ], [ 122.600243372003504, 10.727563669188061 ], [ 122.600134639040988, 10.727179124085277 ], [ 122.599947333845677, 10.726671391911044 ], [ 122.599727486740377, 10.725934295553817 ], [ 122.599580936681903, 10.7257489211435 ], [ 122.599395811786337, 10.72584894811099 ], [ 122.599220454284563, 10.725948700981631 ], [ 122.599027153063403, 10.726124308924874 ], [ 122.598834733575956, 10.726108196389264 ], [ 122.598465617773002, 10.726308591590076 ], [ 122.598328666574957, 10.726125454167988 ], [ 122.598273668883934, 10.725943579492231 ], [ 122.598068046684062, 10.725780268135109 ], [ 122.597936839536402, 10.725578546009723 ], [ 122.597917010977966, 10.725402864158566 ], [ 122.597761815934589, 10.725202687159761 ], [ 122.597729626921861, 10.725049466270869 ], [ 122.597922869804563, 10.724844036053637 ], [ 122.598077587678986, 10.724679880405139 ], [ 122.59810202106253, 10.724489487076704 ], [ 122.598083411184888, 10.724325701867942 ], [ 122.598189407190389, 10.724129613053252 ], [ 122.598281688395616, 10.723961204508363 ], [ 122.5983403282317, 10.723768866326923 ], [ 122.598408634474268, 10.723584079256637 ], [ 122.59846489601766, 10.72339691486656 ], [ 122.598485802342395, 10.723231955704433 ], [ 122.598353743366474, 10.723041550320543 ], [ 122.598288995645603, 10.72286875529686 ], [ 122.599171406448775, 10.722209947567933 ], [ 122.597665950049944, 10.720743640451039 ], [ 122.597285297439612, 10.721031569326831 ], [ 122.595965751537747, 10.718928963302208 ], [ 122.595967624605464, 10.718694144833567 ], [ 122.596006421472538, 10.71858989511939 ], [ 122.595883813122398, 10.718341273527937 ], [ 122.595673178571801, 10.718435087586194 ], [ 122.595557755599302, 10.718330268256731 ], [ 122.595374905926889, 10.718281394732404 ], [ 122.595184870043838, 10.718341453648513 ], [ 122.595010791352436, 10.71835391164981 ], [ 122.59491990092188, 10.718163959800133 ], [ 122.594831947259408, 10.717980145257965 ], [ 122.594836818217274, 10.717816533566189 ], [ 122.594459355315038, 10.717612604381301 ], [ 122.594275680439495, 10.717430377255411 ], [ 122.59409458798811, 10.717239332582583 ], [ 122.593914040517475, 10.717438042714946 ], [ 122.593714803805085, 10.717429135601702 ], [ 122.593531259505255, 10.717433749200447 ], [ 122.592951849946772, 10.71701530689765 ], [ 122.593384562831474, 10.716567018364975 ], [ 122.593817853296599, 10.716175460777489 ], [ 122.593850171451791, 10.716157946058598 ], [ 122.595246505426303, 10.715287553482023 ], [ 122.594276047047657, 10.712930837113674 ], [ 122.594282198433504, 10.712928553849389 ], [ 122.593920447676922, 10.712033197241521 ], [ 122.593744327638376, 10.711452942418971 ], [ 122.593324079864615, 10.709961627867488 ], [ 122.592339144785711, 10.710985867445855 ], [ 122.591907312567173, 10.711126256371958 ], [ 122.591326976839824, 10.711339881348303 ], [ 122.591200173849955, 10.71129095200115 ], [ 122.591339419952888, 10.711095543211005 ], [ 122.591164943723712, 10.710918052042654 ], [ 122.591026776591022, 10.710881723620284 ], [ 122.590896062952197, 10.710745251671055 ], [ 122.590976670871115, 10.71056113444291 ], [ 122.590811205808336, 10.710386462584442 ], [ 122.590811459566723, 10.710201440260288 ], [ 122.590619021715668, 10.710206468424632 ], [ 122.590563502721977, 10.710139859137792 ], [ 122.59053908896469, 10.710026624843417 ], [ 122.590621674842708, 10.709837733434959 ], [ 122.590648930474046, 10.709955181802915 ], [ 122.590795720948847, 10.709984678309997 ], [ 122.590977636049701, 10.709890369876479 ], [ 122.591115400413528, 10.709660356753778 ], [ 122.591187505241635, 10.70944399762266 ], [ 122.591020797449119, 10.70954090706593 ], [ 122.590777269435392, 10.709675509507621 ], [ 122.59040067958621, 10.709947986123552 ], [ 122.588496283419573, 10.711597854922649 ], [ 122.587802084858239, 10.710787679006275 ], [ 122.587154211110104, 10.711464735099536 ], [ 122.586872281754836, 10.711872322856216 ], [ 122.586618249619264, 10.712171849314016 ], [ 122.585699302390395, 10.71145134165886 ], [ 122.585411746789276, 10.711968374789034 ], [ 122.585030036986282, 10.712725835838903 ], [ 122.584747588975418, 10.71265625121657 ], [ 122.584717432702163, 10.712827513012526 ], [ 122.584729194696394, 10.713026276950698 ], [ 122.583825350953163, 10.712956335668853 ], [ 122.584088811754057, 10.713600889281766 ], [ 122.584288697409178, 10.714227815054517 ], [ 122.58392040316275, 10.71416813822824 ], [ 122.58248436651769, 10.71392429336113 ], [ 122.582311930622808, 10.713906274910611 ], [ 122.582128881450473, 10.713900783063064 ], [ 122.581950612588244, 10.713909310432335 ], [ 122.581766049127353, 10.713921652829857 ], [ 122.581586384117799, 10.713918213792835 ], [ 122.581378434269894, 10.713915179760017 ], [ 122.58137845150992, 10.713915172661823 ], [ 122.58137844569427, 10.71391517257697 ], [ 122.581682648136322, 10.713696473558072 ], [ 122.583110798707807, 10.712371969358548 ], [ 122.583926077626074, 10.711592660848881 ], [ 122.583034632981622, 10.710724492641585 ], [ 122.583034610040002, 10.710724488606553 ], [ 122.582938839313925, 10.710593307063121 ], [ 122.582779303311028, 10.710546964512957 ], [ 122.582779299920631, 10.710546957703269 ], [ 122.581299805575469, 10.710583966713873 ], [ 122.581101962486954, 10.710505743054712 ], [ 122.579030448863534, 10.708758395769921 ], [ 122.578494479860979, 10.709315257194246 ], [ 122.578185546767074, 10.709602197095654 ], [ 122.577741548807282, 10.70993468222618 ], [ 122.577276182563736, 10.710346212408721 ], [ 122.577276180971623, 10.710346210888618 ], [ 122.577276171136418, 10.710346219586041 ], [ 122.577276176170116, 10.710346206304211 ], [ 122.576572997415141, 10.709674822643267 ], [ 122.576396925812048, 10.709447265196866 ], [ 122.576728857204245, 10.709077680862315 ], [ 122.576174451976897, 10.70883715217917 ], [ 122.57599917772275, 10.708771290517104 ], [ 122.575626456667266, 10.70854425086624 ], [ 122.574950539412399, 10.707912212689001 ], [ 122.574694195178722, 10.708117508915134 ], [ 122.574474142411688, 10.708382034523826 ], [ 122.574361618067343, 10.708551341460373 ], [ 122.574216955065452, 10.708873855059695 ], [ 122.574006106129403, 10.708776101991988 ], [ 122.573853948419043, 10.708948270949765 ], [ 122.573238913955961, 10.708502432846837 ], [ 122.572923806477547, 10.708275628732036 ], [ 122.572588516902357, 10.708021395480904 ], [ 122.572593091984601, 10.707773966703206 ], [ 122.573115960867156, 10.708104091238663 ], [ 122.573590560678952, 10.707670629732013 ], [ 122.573126728675334, 10.707201697233893 ], [ 122.573436069164018, 10.706951323319101 ], [ 122.5727515529166, 10.706115244243374 ], [ 122.572929828945263, 10.70596688868255 ], [ 122.572768207052874, 10.705770713271971 ], [ 122.572972611209863, 10.705625917055274 ], [ 122.572815731472232, 10.705422742320533 ], [ 122.572884658455266, 10.705362021265058 ], [ 122.57279671713188, 10.705289623068136 ], [ 122.572853771583596, 10.705217217682936 ], [ 122.572799093924331, 10.705182193452282 ], [ 122.572033766731309, 10.705717005724125 ], [ 122.571900441408815, 10.706089732040741 ], [ 122.571845997658656, 10.706236974118745 ], [ 122.571740771085373, 10.706214861828096 ], [ 122.571682449905936, 10.706428568003146 ], [ 122.57164967006149, 10.706395079632294 ], [ 122.57140035679781, 10.706633550617909 ], [ 122.571333916451579, 10.706758921009069 ], [ 122.571246443737024, 10.706674188676118 ], [ 122.571065006108313, 10.706679264902695 ], [ 122.57106500610837, 10.706679264902789 ], [ 122.57083445723552, 10.706625550346317 ], [ 122.570853261523496, 10.706554935589013 ], [ 122.570853251876756, 10.70655493605811 ], [ 122.570712542675125, 10.706514989690666 ], [ 122.570728732160191, 10.706452738037477 ], [ 122.570640205335863, 10.706444087784773 ], [ 122.570640192534626, 10.706444053246781 ], [ 122.57027765686442, 10.706034608218408 ], [ 122.570148630377048, 10.705829193866713 ], [ 122.569594219470474, 10.705103561045295 ], [ 122.5695149246108, 10.705174770805522 ], [ 122.569453316950558, 10.7052185780764 ], [ 122.569394744561336, 10.705256404208809 ], [ 122.569327310216153, 10.705287358719962 ], [ 122.569293787960063, 10.705300157109006 ], [ 122.56923322863787, 10.705316034304255 ], [ 122.569163593019084, 10.705328906289523 ], [ 122.569088914072012, 10.705340773737214 ], [ 122.569001106129036, 10.705361600995843 ], [ 122.568928432373681, 10.705382449150534 ], [ 122.568801458036489, 10.705426522567707 ], [ 122.568498536408555, 10.705602499123978 ], [ 122.568405448897337, 10.705673235110297 ], [ 122.568370771809072, 10.705690322986104 ], [ 122.568307720343284, 10.705722949644516 ], [ 122.568239934655168, 10.705761800961112 ], [ 122.56818948640344, 10.705792887238157 ], [ 122.568156375597098, 10.705816208484451 ], [ 122.568109097441365, 10.705833278878494 ], [ 122.568066962178122, 10.705841636150893 ], [ 122.568028005384605, 10.705843917218944 ], [ 122.567939483003457, 10.705837956994353 ], [ 122.567847430980805, 10.705823819239036 ], [ 122.567770732551125, 10.705803865157803 ], [ 122.567704654498201, 10.705786260814191 ], [ 122.567642125953626, 10.705762823797018 ] ] ] ] } }
]
}
