{
"type": "FeatureCollection",
"name": "BOUNDARIES_Oton_Municipal",
"crs": { "type": "name", "properties": { "name": "urn:ogc:def:crs:OGC:1.3:CRS84" } },
"features": [
{ "type": "Feature", "properties": { "psgc": "0603034000", "admin_type": "Municipality", "region": "Region VI (Western Visayas)", "province": "Iloilo", "municity": "Oton", "barangay": null, "population": "99,920" }, "geometry": { "type": "MultiPolygon", "coordinates": [ [ [ [ 122.433955123000032, 10.683678374000067 ], [ 122.433947899000032, 10.683676006000042 ], [ 122.433890115000054, 10.683675996000034 ], [ 122.433875669000031, 10.683675994000055 ], [ 122.433863630000019, 10.683678358000066 ], [ 122.433841961000098, 10.683678354000051 ], [ 122.433786582000039, 10.683690174000049 ], [ 122.433776951000027, 10.683694904000049 ], [ 122.433740834000105, 10.683697264000045 ], [ 122.433716756000081, 10.683704358000057 ], [ 122.433692680000036, 10.683704354000042 ], [ 122.433683047000045, 10.683709084000043 ], [ 122.433538586000054, 10.683709059000023 ], [ 122.433512102, 10.683706688000029 ], [ 122.433500066000079, 10.683701954000071 ], [ 122.433463951000022, 10.683699582000031 ], [ 122.43345191200001, 10.683694848000073 ], [ 122.433415797000066, 10.683692476000033 ], [ 122.433379683000112, 10.683685371000024 ], [ 122.433358014000078, 10.683685368000056 ], [ 122.433350793000045, 10.683680634000041 ], [ 122.433338754000033, 10.683675900000026 ], [ 122.43332430800001, 10.683675898000047 ], [ 122.433302640000079, 10.683671162000053 ], [ 122.433259305000092, 10.683656959000075 ], [ 122.43324726600008, 10.68365459100005 ], [ 122.433249702000012, 10.683507902000031 ], [ 122.433134131000088, 10.683510248000061 ], [ 122.433126907000087, 10.683514979000051 ], [ 122.43309320000003, 10.683517339000048 ], [ 122.433078753000018, 10.683522068000059 ], [ 122.432958368000072, 10.683522047000054 ], [ 122.432939108000028, 10.68351731100006 ], [ 122.432931884000027, 10.68351731000007 ], [ 122.432905401000085, 10.68351257300003 ], [ 122.432890956000051, 10.683512571000051 ], [ 122.432866879000017, 10.683505469000067 ], [ 122.432827473000089, 10.683484168000064 ], [ 122.432788928000036, 10.683604825000032 ], [ 122.43274318400006, 10.683592987000054 ], [ 122.432707072000085, 10.683576419000076 ], [ 122.43268781200004, 10.683564586000045 ], [ 122.432675775, 10.68355985200003 ], [ 122.432668552000109, 10.683559851000041 ], [ 122.432654108000065, 10.683555116000036 ], [ 122.432591508000087, 10.683555105000039 ], [ 122.432579468000085, 10.68355746900005 ], [ 122.432536129000027, 10.683557461000021 ], [ 122.432521682000015, 10.683562190000032 ], [ 122.432512052000106, 10.683562189000043 ], [ 122.432490382000083, 10.683566917000064 ], [ 122.432355382000082, 10.683540867000033 ], [ 122.432290374000104, 10.683540856000036 ], [ 122.43226870500007, 10.683538486000032 ], [ 122.432254260000036, 10.683533751000027 ], [ 122.431977377000067, 10.683533702000034 ], [ 122.431967746000055, 10.683528968000076 ], [ 122.43194366900002, 10.683528964000061 ], [ 122.431902740000055, 10.683519492000073 ], [ 122.431871441000112, 10.683519487000069 ], [ 122.431835327000044, 10.68351238300005 ], [ 122.431753465000043, 10.683512368000038 ], [ 122.431345606000036, 10.683474439000065 ], [ 122.430984790000025, 10.68344834800007 ], [ 122.430715131000056, 10.683438835000061 ], [ 122.430332027000077, 10.683384347000072 ], [ 122.430168310000113, 10.683353559000068 ], [ 122.429842713000085, 10.683263593000049 ], [ 122.429214117000015, 10.683083477000025 ], [ 122.428986415000054, 10.682974474000048 ], [ 122.428979274000085, 10.68296745300006 ], [ 122.42896736900002, 10.682962771000064 ], [ 122.428953084000113, 10.682953410000039 ], [ 122.42892689700011, 10.682932347000076 ], [ 122.428919756000028, 10.682920646000071 ], [ 122.428907854000045, 10.682906605000028 ], [ 122.42890309500001, 10.682894906000058 ], [ 122.428895467000075, 10.682866531000059 ], [ 122.428914738000117, 10.682787436000069 ], [ 122.428761695000048, 10.682739534000063 ], [ 122.428741856000102, 10.682828097000026 ], [ 122.428472139000064, 10.682829310000045 ], [ 122.428457852000065, 10.682824627000059 ], [ 122.428443566000055, 10.682824625000023 ], [ 122.428355470000042, 10.682808229000045 ], [ 122.428319757000054, 10.682796523000036 ], [ 122.428298328000096, 10.68279184000005 ], [ 122.42822051600001, 10.682741873000055 ], [ 122.428206232000093, 10.682739530000049 ], [ 122.428196707000097, 10.682734849000042 ], [ 122.428172898000071, 10.682727825000029 ], [ 122.428137186000072, 10.682709100000068 ], [ 122.428127663000055, 10.682706758000052 ], [ 122.428118139000048, 10.682702077000044 ], [ 122.428108616000031, 10.682699735000028 ], [ 122.428094329000032, 10.682699733000049 ], [ 122.428056235000099, 10.682688026000051 ], [ 122.428041950000079, 10.682685684000035 ], [ 122.42803956900002, 10.682683344000054 ], [ 122.428022902000066, 10.682678661000068 ], [ 122.428003854000053, 10.682676317000073 ], [ 122.427987189000078, 10.682669295000039 ], [ 122.427949092000063, 10.682669288000056 ], [ 122.427937188000101, 10.68266460600006 ], [ 122.427922901000102, 10.682664603000035 ], [ 122.427908616000082, 10.682659920000049 ], [ 122.427630333000025, 10.682606931000066 ], [ 122.427601762000108, 10.682595226000046 ], [ 122.427589857000044, 10.682595224000067 ], [ 122.427580333000037, 10.68259054300006 ], [ 122.427575571000034, 10.682590542000071 ], [ 122.427544620000049, 10.682578837000051 ], [ 122.427530334000039, 10.682578834000026 ], [ 122.427518429000088, 10.682576492000067 ], [ 122.427466050000021, 10.682557764000023 ], [ 122.427442240000119, 10.682555419000039 ], [ 122.427430336000043, 10.682550736000053 ], [ 122.427404144000093, 10.682550732000038 ], [ 122.427382716000011, 10.682546048000063 ], [ 122.427370813000039, 10.682541367000056 ], [ 122.42735652500005, 10.682541364000031 ], [ 122.427335098000071, 10.682532001000027 ], [ 122.42732319400011, 10.682531998000059 ], [ 122.427304148000076, 10.682520296000064 ], [ 122.427285100000063, 10.68251327300004 ], [ 122.427254148000088, 10.682506247000049 ], [ 122.427244624000082, 10.682501566000042 ], [ 122.427223196000114, 10.682496881000077 ], [ 122.427211293000028, 10.682489860000032 ], [ 122.427201769000021, 10.682487519000063 ], [ 122.427189865000059, 10.682480497000029 ], [ 122.427158914000074, 10.682466453000075 ], [ 122.427151771000013, 10.682466451000039 ], [ 122.42713986800004, 10.682459430000051 ], [ 122.427123201000086, 10.682457086000056 ], [ 122.427087489000087, 10.682438361000038 ], [ 122.427080346000025, 10.682436020000068 ], [ 122.427061300000105, 10.682421978000036 ], [ 122.427051778000077, 10.682412617000068 ], [ 122.42704225500006, 10.682407935000072 ], [ 122.426972501000023, 10.682361126000046 ], [ 122.426965360000054, 10.682354105000059 ], [ 122.426927265000018, 10.682342399000049 ], [ 122.426917742000114, 10.682337718000042 ], [ 122.426896313000043, 10.682333034000067 ], [ 122.426862983000092, 10.682318989000066 ], [ 122.426841554000021, 10.682311965000054 ], [ 122.426824888000056, 10.682302603000039 ], [ 122.426791557000115, 10.682290898000076 ], [ 122.426774889000058, 10.682288554000024 ], [ 122.42675108100002, 10.682279191000021 ], [ 122.426741557000014, 10.682279189000042 ], [ 122.426732033, 10.682274507000045 ], [ 122.426708225000084, 10.682267483000032 ], [ 122.426698701000078, 10.682267482000043 ], [ 122.426653462000104, 10.682258114000035 ], [ 122.426390359000038, 10.682193621000067 ], [ 122.426107030000026, 10.682128051000063 ], [ 122.425609418000022, 10.681996924000032 ], [ 122.425185960000022, 10.681840480000062 ], [ 122.425171675000115, 10.681835797000076 ], [ 122.425147866000088, 10.681831113000044 ], [ 122.425126437000017, 10.681831109000029 ], [ 122.425114531000077, 10.68182876700007 ], [ 122.425102627000115, 10.681824085000073 ], [ 122.42509072200005, 10.681824082000048 ], [ 122.42507643600004, 10.681821740000032 ], [ 122.425047866000114, 10.681810035000069 ], [ 122.425019295000084, 10.681803010000067 ], [ 122.424997869000094, 10.681793646000074 ], [ 122.424971681000102, 10.681772583000054 ], [ 122.424947874000054, 10.681756200000052 ], [ 122.4249097820001, 10.681735134000064 ], [ 122.424881212000059, 10.681723430000034 ], [ 122.424859783000102, 10.681718746000058 ], [ 122.424845498000082, 10.681711723000035 ], [ 122.424833593000017, 10.681711721000056 ], [ 122.424812166000038, 10.681700018000072 ], [ 122.424800263000066, 10.681690656000058 ], [ 122.424766933000114, 10.681671931000039 ], [ 122.424726459000112, 10.681655545000069 ], [ 122.424714553000058, 10.681653202000064 ], [ 122.424707412000089, 10.681646182000065 ], [ 122.42470503200002, 10.681641502000048 ], [ 122.424693976000071, 10.681608192000056 ], [ 122.424667789000068, 10.681591808000064 ], [ 122.424655884000117, 10.681589466000048 ], [ 122.424639219000028, 10.681580103000044 ], [ 122.424629695000021, 10.681577762000074 ], [ 122.424603504000061, 10.681573077000053 ], [ 122.424593980000054, 10.681573074000028 ], [ 122.424543981000056, 10.681563706000077 ], [ 122.42451303200005, 10.681544981000059 ], [ 122.42449874600004, 10.681537959000025 ], [ 122.424489223000023, 10.681535617000065 ], [ 122.424453511000024, 10.681516892000047 ], [ 122.424439229000086, 10.681502850000072 ], [ 122.424413041000093, 10.681481787000052 ], [ 122.424391615000104, 10.681467744000031 ], [ 122.424367807000067, 10.681456040000057 ], [ 122.424353522000047, 10.681453698000041 ], [ 122.424324949000038, 10.681453692000048 ], [ 122.424310664000018, 10.681449009000062 ], [ 122.424296378, 10.681449006000037 ], [ 122.424246378000021, 10.68143963700004 ], [ 122.424232092000011, 10.681439634000071 ], [ 122.424208284000088, 10.681430270000021 ], [ 122.424186856, 10.681418567000037 ], [ 122.424177334000092, 10.681416225000021 ], [ 122.424167811000075, 10.681411544000071 ], [ 122.424141620000114, 10.681406859000049 ], [ 122.424129715000049, 10.681402177000052 ], [ 122.424110669000015, 10.681397493000077 ], [ 122.424089240000058, 10.681388130000073 ], [ 122.424067812000089, 10.681383446000041 ], [ 122.424048766000055, 10.681371743000057 ], [ 122.424036865000062, 10.681353022000053 ], [ 122.424032106000027, 10.681341323000026 ], [ 122.424029731000019, 10.681308565000052 ], [ 122.424015451000059, 10.681278145000022 ], [ 122.423998788000063, 10.681264103000046 ], [ 122.423970216000043, 10.681257078000044 ], [ 122.423922595000022, 10.681257068000036 ], [ 122.423882119000041, 10.681250040000066 ], [ 122.42387021400009, 10.68125003800003 ], [ 122.42385592800008, 10.681247695000025 ], [ 122.423736667000071, 10.681224066000027 ], [ 122.423708096000041, 10.681214702000034 ], [ 122.423684288000118, 10.68120299800006 ], [ 122.423665243000073, 10.681188955000039 ], [ 122.42363191600009, 10.681151512000042 ], [ 122.423620013000118, 10.681142151000074 ], [ 122.423608109000043, 10.681137469000021 ], [ 122.423598587000015, 10.681130447000044 ], [ 122.423584300000016, 10.681130444000075 ], [ 122.423570014, 10.681128102000059 ], [ 122.423448582000105, 10.681128077000039 ], [ 122.423424774000068, 10.681123392000075 ], [ 122.423339057000021, 10.681123374000038 ], [ 122.423329532000025, 10.681121033000068 ], [ 122.423317628000063, 10.681121030000043 ], [ 122.423310484000012, 10.681118689000073 ], [ 122.42330096, 10.681118687000037 ], [ 122.423277151000093, 10.681114002000072 ], [ 122.423253340000088, 10.681113997000068 ], [ 122.423241436000012, 10.681111655000052 ], [ 122.423203339000111, 10.681111647000023 ], [ 122.423178014000086, 10.681076349000023 ], [ 122.423137538000105, 10.681069321000052 ], [ 122.423097061000021, 10.681069313000023 ], [ 122.42308515600007, 10.681064631000027 ], [ 122.423075633000053, 10.681064629000048 ], [ 122.423063727000113, 10.681062287000032 ], [ 122.422997060000057, 10.681062273000066 ], [ 122.422987536000051, 10.681057591000069 ], [ 122.422928011000067, 10.681057579000026 ], [ 122.422916105000013, 10.681059916000038 ], [ 122.422908960000086, 10.681064594000077 ], [ 122.422894674000077, 10.681066931000032 ], [ 122.422887529000036, 10.681071609000071 ], [ 122.422873243000026, 10.681073946000026 ], [ 122.422866100000078, 10.681078624000065 ], [ 122.422739904000082, 10.681078598000056 ], [ 122.422716094000066, 10.681076253000072 ], [ 122.422699428000101, 10.681071570000029 ], [ 122.422685142000091, 10.68107156700006 ], [ 122.422628, 10.681059856000047 ], [ 122.422611332000088, 10.681059853000022 ], [ 122.422594666, 10.681055170000036 ], [ 122.422558951000042, 10.681052822000026 ], [ 122.422544667000011, 10.68104814000003 ], [ 122.422525618, 10.681045796000035 ], [ 122.422499432000109, 10.681029412000044 ], [ 122.42248514500011, 10.681024730000047 ], [ 122.422478003000037, 10.68102004900004 ], [ 122.42246848000002, 10.681017707000024 ], [ 122.422458955000025, 10.681017705000045 ], [ 122.422451813000066, 10.681013023000048 ], [ 122.422444670000118, 10.681013022000059 ], [ 122.422432767000032, 10.681008340000062 ], [ 122.42241371800003, 10.681005996000067 ], [ 122.42239943300001, 10.681001314000071 ], [ 122.422382768000034, 10.68098961100003 ], [ 122.422368485000106, 10.680975570000044 ], [ 122.422354204000044, 10.68095684900004 ], [ 122.422332778000055, 10.680935786000077 ], [ 122.42231611200009, 10.680933442000025 ], [ 122.422292303000063, 10.68092641800007 ], [ 122.422275635000119, 10.680926415000044 ], [ 122.422128064000049, 10.680912345000024 ], [ 122.422092348000092, 10.680912338000041 ], [ 122.422066157000017, 10.680907653000077 ], [ 122.422056633000011, 10.680907651000041 ], [ 122.421935206000057, 10.680884227000035 ], [ 122.421830441000111, 10.680884205000041 ], [ 122.421816155000101, 10.680881862000035 ], [ 122.421773297000072, 10.680881853000074 ], [ 122.42173996300005, 10.680877166000073 ], [ 122.421718535000082, 10.680872482000041 ], [ 122.421668534000105, 10.680872472000033 ], [ 122.421663772000102, 10.680874811000024 ], [ 122.421647104000044, 10.680877147000047 ], [ 122.421628052000074, 10.68089118100005 ], [ 122.421611383000027, 10.680898197000033 ], [ 122.421599476000097, 10.680905214000063 ], [ 122.421592332000046, 10.680912232000026 ], [ 122.421573281000065, 10.680921587000057 ], [ 122.421556611000028, 10.68093796200003 ], [ 122.421544700000027, 10.680963697000038 ], [ 122.421537817000058, 10.680972711000038 ], [ 122.421580373000097, 10.68110888800004 ], [ 122.421645400000102, 10.681283435000068 ], [ 122.421703583000067, 10.681440869000028 ], [ 122.421744652000029, 10.681553812000061 ], [ 122.421778877000065, 10.681670177000058 ], [ 122.421823370000084, 10.681766006000032 ], [ 122.421908932000065, 10.681865258000073 ], [ 122.421977381000033, 10.681882371000029 ], [ 122.422206689000063, 10.681878948000076 ], [ 122.422412038000061, 10.681896060000042 ], [ 122.422596852000083, 10.68197820000006 ], [ 122.422660196000038, 10.682105898000032 ], [ 122.422637869000027, 10.682197643000052 ], [ 122.422530107000057, 10.682254370000067 ], [ 122.422416805000012, 10.682285427000068 ], [ 122.422329656000102, 10.682342084000027 ], [ 122.422281769000051, 10.682437009000068 ], [ 122.422270442000013, 10.682610170000032 ], [ 122.42224029800002, 10.682682470000032 ], [ 122.422242680000068, 10.682823754000026 ], [ 122.422295862000055, 10.683055301000024 ], [ 122.422401543000092, 10.683170033000067 ], [ 122.422490175, 10.683191230000034 ], [ 122.422585284000093, 10.683191147000059 ], [ 122.42270623200011, 10.683220805000076 ], [ 122.422803419000047, 10.683322815000054 ], [ 122.422820801000057, 10.683508225000026 ], [ 122.422829571000079, 10.68367498300006 ], [ 122.422850655000047, 10.683747932000074 ], [ 122.42293974100005, 10.683850493000023 ], [ 122.423325089000059, 10.684102370000062 ], [ 122.423444879000044, 10.684164123000073 ], [ 122.423490740000034, 10.684212919000061 ], [ 122.423492647000103, 10.684348278000073 ], [ 122.423494530000085, 10.68448190600003 ], [ 122.423505335000073, 10.684621870000058 ], [ 122.423551524000118, 10.684756193000055 ], [ 122.423564777000024, 10.68489977400003 ], [ 122.423539625000103, 10.685099770000022 ], [ 122.423458706000019, 10.68535130600003 ], [ 122.423396320000052, 10.685517981000032 ], [ 122.42328743500002, 10.685700973000053 ], [ 122.423156592000055, 10.685983890000045 ], [ 122.423045228000092, 10.686190542000077 ], [ 122.422843932000092, 10.686455291000073 ], [ 122.422516113000029, 10.686675060000027 ], [ 122.422216889000083, 10.686910821000026 ], [ 122.422041637, 10.687124895000068 ], [ 122.422014485000091, 10.687345374000074 ], [ 122.42198734100009, 10.687555029000066 ], [ 122.421895763000066, 10.68775551400006 ], [ 122.421742725000058, 10.687922209000021 ], [ 122.421500436000088, 10.688088434000065 ], [ 122.421189707000053, 10.688156100000072 ], [ 122.420946030000096, 10.688213939000036 ], [ 122.420566617000077, 10.688528646000066 ], [ 122.420227905000047, 10.68879439400007 ], [ 122.420116461000021, 10.688978935000023 ], [ 122.420088496000062, 10.689206928000033 ], [ 122.420077827000114, 10.689414902000067 ], [ 122.420060606000106, 10.689587990000064 ], [ 122.420020901000044, 10.689751521000062 ], [ 122.419837572, 10.690310621000037 ], [ 122.419722577000016, 10.691221558000052 ], [ 122.420432589000029, 10.694174350000026 ], [ 122.420624191000115, 10.695518108000044 ], [ 122.421285983000075, 10.697629538000058 ], [ 122.421317497000018, 10.699677941000061 ], [ 122.421569608000027, 10.701789372000064 ], [ 122.422231399000111, 10.703995345000067 ], [ 122.421412039000074, 10.706579484000031 ], [ 122.421790655000109, 10.708691341000076 ], [ 122.421727177000093, 10.708911512000043 ], [ 122.421467926000105, 10.710786079000059 ], [ 122.421349011000075, 10.711653220000073 ], [ 122.421927675, 10.713067038000077 ], [ 122.422461678000104, 10.713859981000041 ], [ 122.422803459000079, 10.714532066000061 ], [ 122.422927485000059, 10.714993765000031 ], [ 122.423050262000061, 10.715426726000032 ], [ 122.422926860000075, 10.716105434000042 ], [ 122.423327915000073, 10.716814992000025 ], [ 122.423873692000029, 10.717293738000023 ], [ 122.424681777000046, 10.72060612100006 ], [ 122.426840740000102, 10.728154973000073 ], [ 122.426970742000094, 10.728861924000057 ], [ 122.425414756, 10.731327761000045 ], [ 122.421995773000049, 10.733881603000043 ], [ 122.422063038000033, 10.734184294000045 ], [ 122.422197568000115, 10.734344047000036 ], [ 122.422475034000058, 10.734234743000059 ], [ 122.422794540000041, 10.734209518000057 ], [ 122.423240168, 10.734217926000042 ], [ 122.423475594000024, 10.734512209000059 ], [ 122.423576491000063, 10.734831715000041 ], [ 122.423593307000033, 10.735260527000037 ], [ 122.423845549000021, 10.735437097000045 ], [ 122.424434114000064, 10.735302568000066 ], [ 122.424921782000069, 10.735807052000041 ], [ 122.425140392000117, 10.736429249000025 ], [ 122.425115168000048, 10.736572187000036 ], [ 122.424930191000044, 10.737127120000025 ], [ 122.424703173000012, 10.738052008000068 ], [ 122.42463504300008, 10.738341696000077 ], [ 122.424518195000019, 10.738791918000061 ], [ 122.424392075000014, 10.73982611100007 ], [ 122.424484564000068, 10.740666918000045 ], [ 122.424560236000048, 10.741457277000052 ], [ 122.424711115000036, 10.741633321000052 ], [ 122.424952720000078, 10.74213319200004 ], [ 122.425385941000059, 10.742666388000032 ], [ 122.425794170000017, 10.742999635000047 ], [ 122.426002449000066, 10.743574487000046 ], [ 122.426285710000116, 10.744107683000038 ], [ 122.426485658000047, 10.744607554000027 ], [ 122.426402346000032, 10.745074100000068 ], [ 122.426202397000111, 10.745548978000045 ], [ 122.426052436000077, 10.745990530000029 ], [ 122.426002449000066, 10.746540388000028 ], [ 122.425902475000044, 10.74721521400005 ], [ 122.425719189, 10.747648436000077 ], [ 122.425494247000074, 10.747823391000054 ], [ 122.425444260000063, 10.748306600000035 ], [ 122.425352617000044, 10.748723159000065 ], [ 122.425277636000033, 10.749139719000027 ], [ 122.425144337, 10.749756226000045 ], [ 122.42474444100003, 10.750039487000038 ], [ 122.424227907000045, 10.750097804000063 ], [ 122.423869666000087, 10.749764557000049 ], [ 122.423369794000109, 10.749306342000068 ], [ 122.42296989700003, 10.748973095000053 ], [ 122.422270078000111, 10.748864790000027 ], [ 122.421361979000039, 10.749364661000072 ], [ 122.421037063000085, 10.750022824000041 ], [ 122.420995407000078, 10.750639332000048 ], [ 122.421212018, 10.75084761100004 ], [ 122.421445291000055, 10.751197521000051 ], [ 122.421578590000081, 10.751522437000062 ], [ 122.421403635000047, 10.751764042000048 ], [ 122.421753545000115, 10.752113951000069 ], [ 122.421861850000028, 10.752780446000031 ], [ 122.421353648000036, 10.753030382000077 ], [ 122.420637166, 10.753388622000045 ], [ 122.425761087000069, 10.760001417000069 ], [ 122.42601267200007, 10.760324439000044 ], [ 122.42731023500005, 10.761994400000049 ], [ 122.429048413000032, 10.76423999800005 ], [ 122.430206819000091, 10.765732078000042 ], [ 122.432290676000093, 10.768419989000051 ], [ 122.438798657, 10.769247470000039 ], [ 122.441719644000045, 10.769624442000065 ], [ 122.445198261000087, 10.770063451000055 ], [ 122.45677136200004, 10.77150229800003 ], [ 122.458649976000061, 10.771150447000025 ], [ 122.46426159400005, 10.770158562000063 ], [ 122.465824151000106, 10.769900401000029 ], [ 122.470773480000048, 10.769197493000036 ], [ 122.470827609000025, 10.769189703000052 ], [ 122.471146883000074, 10.769121943000073 ], [ 122.473066263000078, 10.768731880000075 ], [ 122.476485873000115, 10.768142986000043 ], [ 122.486704734000114, 10.758344710000074 ], [ 122.487466419000043, 10.757691838000028 ], [ 122.488373187000093, 10.757583025000031 ], [ 122.489243683000041, 10.756930153000042 ], [ 122.490930216000038, 10.756452144000036 ], [ 122.491751218000104, 10.756218871000044 ], [ 122.493704076000085, 10.755965138000022 ], [ 122.494947572000115, 10.756651204000036 ], [ 122.495547880000117, 10.75690848000005 ], [ 122.496705618000078, 10.757294392000063 ], [ 122.49743456300007, 10.757079997000062 ], [ 122.497906234000084, 10.756651204000036 ], [ 122.498678059000099, 10.756050896000033 ], [ 122.499063972000044, 10.755664984000077 ], [ 122.499621401000013, 10.755493468000054 ], [ 122.500521863000017, 10.75502179700004 ], [ 122.501160839000022, 10.754885842000022 ], [ 122.502248421000104, 10.754320599000039 ], [ 122.502467732000014, 10.754206257000021 ], [ 122.502337042000022, 10.753213020000032 ], [ 122.503670072000091, 10.752533436000022 ], [ 122.50461103400005, 10.752010679000023 ], [ 122.505421307, 10.751226544000076 ], [ 122.507590747000108, 10.750207169000021 ], [ 122.507825988000036, 10.749449172000027 ], [ 122.508668905000036, 10.748761438000031 ], [ 122.509054818000095, 10.748504163000064 ], [ 122.509869522000031, 10.74824688800004 ], [ 122.510769984000035, 10.747860975000037 ], [ 122.511818109000046, 10.74640676000007 ], [ 122.511772293000035, 10.746378125000035 ], [ 122.511720750000109, 10.746348058000024 ], [ 122.511684956000067, 10.74634519500006 ], [ 122.51163198100005, 10.746366671000033 ], [ 122.511609073000045, 10.746385284000041 ], [ 122.511516009000047, 10.746429668000076 ], [ 122.51146446700011, 10.746442554000055 ], [ 122.511421514000062, 10.746439690000045 ], [ 122.511410060000117, 10.746405328000037 ], [ 122.511437263000062, 10.746370966000029 ], [ 122.511471625000013, 10.746336605000067 ], [ 122.511503124000114, 10.746297947000073 ], [ 122.511541781000119, 10.746252131000062 ], [ 122.511558962000095, 10.746206315000052 ], [ 122.511596188000112, 10.746159068000054 ], [ 122.511640572000033, 10.746067436000033 ], [ 122.511667774000102, 10.746027347000052 ], [ 122.511677797000061, 10.746007302000066 ], [ 122.511682093000104, 10.745977236000044 ], [ 122.511676366000074, 10.745928555000035 ], [ 122.511669206000079, 10.745878444000027 ], [ 122.511646299000063, 10.745771063000063 ], [ 122.511594756000022, 10.745718089000036 ], [ 122.511560394000071, 10.745718089000036 ], [ 122.511518873000114, 10.745746723000025 ], [ 122.511481647000096, 10.745723816000066 ], [ 122.511460171000067, 10.745703771000024 ], [ 122.511457308000104, 10.745676568000022 ], [ 122.511470193000036, 10.745625025000038 ], [ 122.511490237000089, 10.745582073000037 ], [ 122.511510282000017, 10.74553196100004 ], [ 122.511528895000083, 10.745483282000066 ], [ 122.511533190000023, 10.745433170000069 ], [ 122.511574711000094, 10.745360151000057 ], [ 122.511591892000069, 10.745328653000058 ], [ 122.511614800000075, 10.745320062000076 ], [ 122.511659184000109, 10.745340106000072 ], [ 122.511683524000091, 10.745347265000021 ], [ 122.511710727000036, 10.745334379000042 ], [ 122.511710727000036, 10.745295722000037 ], [ 122.51169927300009, 10.745261361000075 ], [ 122.511683524000091, 10.745219840000061 ], [ 122.511677797000061, 10.745162569000058 ], [ 122.511687819000031, 10.745096709000052 ], [ 122.511740794000048, 10.744972147000055 ], [ 122.511830571000019, 10.744639459000041 ], [ 122.511853808000069, 10.744569746000025 ], [ 122.511900283000045, 10.744511652000028 ], [ 122.511958378000031, 10.744460530000026 ], [ 122.512002529000029, 10.744411731000071 ], [ 122.512037385000099, 10.744325751000076 ], [ 122.512058299000046, 10.744258362000039 ], [ 122.512093156000105, 10.744179355000028 ], [ 122.512141955000061, 10.744100347000028 ], [ 122.512202372000047, 10.744012044000044 ], [ 122.512241876000076, 10.743967893000047 ], [ 122.512297646000093, 10.743958598000063 ], [ 122.512353417000099, 10.743956274000027 ], [ 122.512420806000023, 10.743956274000027 ], [ 122.512476575000051, 10.743946979000043 ], [ 122.512530022000078, 10.743919094000034 ], [ 122.512541640000109, 10.743886561000068 ], [ 122.512555583000108, 10.743816848000051 ], [ 122.512569526000107, 10.743663480000066 ], [ 122.512578821000034, 10.743626301000063 ], [ 122.512609030000021, 10.743584472000066 ], [ 122.512627620000103, 10.743540321000069 ], [ 122.512634591000051, 10.743470608000052 ], [ 122.512634591000051, 10.743384629000047 ], [ 122.512581145000013, 10.743307945000026 ], [ 122.512541640000109, 10.743233585000041 ], [ 122.512432424000053, 10.743094159000066 ], [ 122.5123394740001, 10.742975648000026 ], [ 122.512311588000102, 10.742924526000024 ], [ 122.512220962000015, 10.742738625000072 ], [ 122.512144278000051, 10.742620113000044 ], [ 122.512130335000052, 10.742573638000067 ], [ 122.512152576000062, 10.742498793000038 ], [ 122.512189926000019, 10.742422225000041 ], [ 122.512242216000118, 10.742362465000042 ], [ 122.512363604000029, 10.742263487000059 ], [ 122.512397219000036, 10.742214932000024 ], [ 122.512391616000059, 10.742147702000068 ], [ 122.512406557000077, 10.74210288200004 ], [ 122.512531679000062, 10.742033784000057 ], [ 122.512604513000042, 10.741992698000047 ], [ 122.512636261000011, 10.741912395000043 ], [ 122.512653068000077, 10.741833960000065 ], [ 122.51265077100004, 10.741803608000055 ], [ 122.5126474650001, 10.741744320000066 ], [ 122.512632525000072, 10.741688295000074 ], [ 122.51262318800002, 10.741619196000045 ], [ 122.512621320000108, 10.741514616000075 ], [ 122.512619452000081, 10.741454856000075 ], [ 122.51265120000005, 10.741348408000022 ], [ 122.512671743000055, 10.741286780000053 ], [ 122.512664273000041, 10.741241961000071 ], [ 122.512541017000103, 10.741131777000021 ], [ 122.512503667000033, 10.741101897000021 ], [ 122.512488727000118, 10.741062680000027 ], [ 122.512529812000025, 10.741008522000072 ], [ 122.512593307000088, 10.74098424400006 ], [ 122.512677345000043, 10.740948762000073 ], [ 122.512770721000038, 10.740889001000028 ], [ 122.512787528000104, 10.740812434000077 ], [ 122.512781926000116, 10.74073960000004 ], [ 122.512774456000102, 10.740704117000064 ], [ 122.512766986000088, 10.740681708000068 ], [ 122.512738973000069, 10.740633153000033 ], [ 122.512701623000112, 10.740605140000071 ], [ 122.512654935000114, 10.740584598000055 ], [ 122.512589572000024, 10.740550982000059 ], [ 122.51256903, 10.740521102000059 ], [ 122.512511137000047, 10.740508029000068 ], [ 122.512496198, 10.740474414000062 ], [ 122.512518607000061, 10.74039037600005 ], [ 122.512563427000032, 10.740313809000043 ], [ 122.512585837000074, 10.740265254000064 ], [ 122.512604513000042, 10.740171878000069 ], [ 122.512608248000106, 10.740069165000023 ], [ 122.51262318800002, 10.740013139000041 ], [ 122.512653068000077, 10.739929102000076 ], [ 122.512690418000034, 10.739869341000031 ], [ 122.512716563000026, 10.739822654000022 ], [ 122.512731503000055, 10.739790906000053 ], [ 122.512740841000095, 10.739755423000076 ], [ 122.512757648000047, 10.739699398000027 ], [ 122.512768853000011, 10.739671385000065 ], [ 122.51279313100008, 10.739639638000028 ], [ 122.512858494000056, 10.739632168000071 ], [ 122.512916387000018, 10.739645240000073 ], [ 122.512991086000056, 10.739652711000076 ], [ 122.513041510000107, 10.739611625000066 ], [ 122.513076992000038, 10.739544396000042 ], [ 122.513097535000043, 10.739510780000046 ], [ 122.513123680000035, 10.739460358000031 ], [ 122.513159162000079, 10.73941740500004 ], [ 122.513215188000117, 10.739327764000052 ], [ 122.513239466000073, 10.739228787000059 ], [ 122.51324136400001, 10.739209262000031 ], [ 122.513252538000074, 10.739094326000043 ], [ 122.513190910000048, 10.738982275000069 ], [ 122.513144222000051, 10.738943058000075 ], [ 122.513119945000085, 10.738873960000035 ], [ 122.513140487000101, 10.738838477000058 ], [ 122.513177838000047, 10.738819802000023 ], [ 122.513209586000016, 10.738817935000043 ], [ 122.513256273000025, 10.738802995000071 ], [ 122.513274948000117, 10.738771247000045 ], [ 122.513269346000016, 10.738752571000077 ], [ 122.51324133300011, 10.738739499000076 ], [ 122.513192777000086, 10.738737632000039 ], [ 122.513133017000087, 10.738737632000039 ], [ 122.513097535000043, 10.738732029000062 ], [ 122.513032172000067, 10.738696546000028 ], [ 122.512987351000106, 10.738659197000061 ], [ 122.51292945900002, 10.738618111000051 ], [ 122.512869699000021, 10.738567689000035 ], [ 122.512828614000114, 10.738494855000056 ], [ 122.512869699000021, 10.738418288000048 ], [ 122.512963074000027, 10.738403348000077 ], [ 122.513088197000116, 10.738403348000077 ], [ 122.513153560000092, 10.738423891000025 ], [ 122.513235731, 10.738461241000039 ], [ 122.513329106000015, 10.73847431300004 ], [ 122.513426216000084, 10.738453771000025 ], [ 122.513471037000045, 10.738423891000025 ], [ 122.513566279000088, 10.738367865000043 ], [ 122.513607365000098, 10.738349190000065 ], [ 122.513680197000099, 10.738272622000068 ], [ 122.513677447000077, 10.738228586000048 ], [ 122.51367623100009, 10.738175105000039 ], [ 122.513668939000013, 10.738126486000056 ], [ 122.513664077000044, 10.738092453000036 ], [ 122.513622750000081, 10.737995215000069 ], [ 122.513600872000097, 10.737949026000024 ], [ 122.513580209000111, 10.737895545000072 ], [ 122.513568054000075, 10.737804385000061 ], [ 122.513561977000109, 10.737742396000044 ], [ 122.513553468000055, 10.737671898000031 ], [ 122.513576562000026, 10.737619633000065 ], [ 122.513625181000066, 10.737583169000061 ], [ 122.513707833000012, 10.737577091000048 ], [ 122.513746729000104, 10.737581953000074 ], [ 122.513840321000089, 10.737581953000074 ], [ 122.513907172000017, 10.737569798000038 ], [ 122.513969161000091, 10.737529688000052 ], [ 122.513981315000024, 10.737522395000042 ], [ 122.514072476000024, 10.737457975000041 ], [ 122.514095570000109, 10.73742758800006 ], [ 122.514138112000069, 10.737392339000053 ], [ 122.514159990000053, 10.737358306000033 ], [ 122.514212256000064, 10.737281731000053 ], [ 122.514249936000056, 10.737252559000069 ], [ 122.514296124000111, 10.737242835000075 ], [ 122.514352036000105, 10.737268361000076 ], [ 122.514392146000091, 10.737302394000039 ], [ 122.514416456000049, 10.737325488000067 ], [ 122.51448816900006, 10.737330349000047 ], [ 122.514548942000033, 10.737278084000025 ], [ 122.514575683000089, 10.737225819000059 ], [ 122.514597562000063, 10.737166261000027 ], [ 122.514602423000042, 10.737099410000042 ], [ 122.514603639000029, 10.737049575000071 ], [ 122.51459877700006, 10.736996094000062 ], [ 122.514591484000107, 10.736941398000056 ], [ 122.514590269000109, 10.736835651000035 ], [ 122.514595131000078, 10.736779739000042 ], [ 122.514601208000045, 10.736729905000061 ], [ 122.51461336300008, 10.736641176000035 ], [ 122.514624302000016, 10.736548799000047 ], [ 122.51463281000008, 10.736498965000067 ], [ 122.514658335000036, 10.736434545000066 ], [ 122.514691153000058, 10.736343384000065 ], [ 122.514732480000021, 10.736287472000072 ], [ 122.514796900000078, 10.736244931000044 ], [ 122.514855242000067, 10.736223052000071 ], [ 122.514891706000071, 10.736210897000035 ], [ 122.514967066000054, 10.736144046000049 ], [ 122.515002315000061, 10.736119736000035 ], [ 122.515043641000034, 10.736088134000056 ], [ 122.515071597000087, 10.736071118000041 ], [ 122.515088614000092, 10.736062609000044 ], [ 122.515161542000101, 10.736037084000031 ], [ 122.515234470000109, 10.736037084000031 ], [ 122.515275797000072, 10.736043161000055 ], [ 122.515374250000036, 10.736056532000077 ], [ 122.515415577000113, 10.736057748000064 ], [ 122.51556994200007, 10.736096642000064 ], [ 122.515625854000064, 10.736095427000066 ], [ 122.515709722000111, 10.736095427000066 ], [ 122.515765633000115, 10.73611001300003 ], [ 122.515794805000041, 10.736106366000058 ], [ 122.515815468000028, 10.736092996000025 ], [ 122.515837346000012, 10.736055317000023 ], [ 122.515861656000084, 10.736015206000047 ], [ 122.515902982000057, 10.735942277000049 ], [ 122.515918783000075, 10.735882719000074 ], [ 122.515922429000057, 10.735848686000054 ], [ 122.515909059000023, 10.735824376000039 ], [ 122.515877457000101, 10.735787911000045 ], [ 122.515859225000099, 10.735764818000064 ], [ 122.515799666000021, 10.735697967000021 ], [ 122.515747401000112, 10.735645702000056 ], [ 122.51574253900003, 10.73559100500006 ], [ 122.515752263000081, 10.735543602000064 ], [ 122.51580574400009, 10.735520507000047 ], [ 122.515866518000053, 10.735514430000023 ], [ 122.515909059000023, 10.735508353000057 ], [ 122.515952816000095, 10.735482827000055 ], [ 122.516006297000104, 10.735414761000072 ], [ 122.516022098, 10.735379512000065 ], [ 122.516042761000108, 10.735338186000035 ], [ 122.51602088300001, 10.735282274000042 ], [ 122.515977126000053, 10.735249456000076 ], [ 122.515943093000033, 10.735219070000028 ], [ 122.515929723000113, 10.735205699000062 ], [ 122.51591149, 10.735181390000037 ], [ 122.515909059000023, 10.735159511000063 ], [ 122.515909059000023, 10.735144925000043 ], [ 122.515912706000108, 10.735113323000064 ], [ 122.51591635300008, 10.735095091000062 ], [ 122.515938230000074, 10.735071997000034 ], [ 122.515954032000081, 10.735056196000073 ], [ 122.515955247000079, 10.735041610000053 ], [ 122.515956463000066, 10.735002715000064 ], [ 122.51593579900009, 10.734946802000024 ], [ 122.515917568000077, 10.734929786000066 ], [ 122.515907844000026, 10.734911554000064 ], [ 122.51588718000005, 10.734877520000055 ], [ 122.515881104000073, 10.734854427000073 ], [ 122.515840993000097, 10.734811885000056 ], [ 122.515844639000079, 10.734762050000029 ], [ 122.515862872000071, 10.734704923000038 ], [ 122.515878673000088, 10.734658735000039 ], [ 122.515877457000101, 10.734585806000041 ], [ 122.515831269000046, 10.734515310000063 ], [ 122.515800882, 10.734476414000028 ], [ 122.515779004000024, 10.734453320000057 ], [ 122.515749832000097, 10.734408348000045 ], [ 122.515710937000108, 10.734351220000065 ], [ 122.515691490000108, 10.734305032000066 ], [ 122.515701213000057, 10.734205363000058 ], [ 122.515721876000043, 10.734134866000034 ], [ 122.515759556000035, 10.734077738000053 ], [ 122.515792374000057, 10.734047351000072 ], [ 122.51581425300003, 10.734008456000026 ], [ 122.515802097000119, 10.733982931000071 ], [ 122.515772926000068, 10.73396105300003 ], [ 122.515738893000048, 10.733940389000054 ], [ 122.51569513600009, 10.733920942000054 ], [ 122.515623423000079, 10.733855306000066 ], [ 122.515593035000052, 10.73380790300007 ], [ 122.515590605000057, 10.733743483000069 ], [ 122.515601544000106, 10.733664476000058 ], [ 122.515620992000095, 10.733608564000065 ], [ 122.515715798000087, 10.733562376000066 ], [ 122.515775357000052, 10.733539283000027 ], [ 122.515849501000048, 10.733478509000065 ], [ 122.515864087000068, 10.733444475000056 ], [ 122.515860440000097, 10.733400719000031 ], [ 122.51584828600005, 10.733381271000042 ], [ 122.515800882, 10.733365470000024 ], [ 122.515754694000066, 10.733355746000029 ], [ 122.515692705000106, 10.733352099000058 ], [ 122.515624639000066, 10.733331437000061 ], [ 122.515568726000083, 10.733329006000076 ], [ 122.515498229000059, 10.733327790000033 ], [ 122.515394913000023, 10.733311989000072 ], [ 122.515357233000032, 10.733264585000029 ], [ 122.515349941000068, 10.733191657000077 ], [ 122.515390051000054, 10.733146684000076 ], [ 122.515471489000106, 10.733111435000069 ], [ 122.515572373000055, 10.733090773000072 ], [ 122.515630715000043, 10.733062816000029 ], [ 122.515648947000045, 10.73303121400005 ], [ 122.515663533000065, 10.732997180000041 ], [ 122.51572309200003, 10.732926683000073 ], [ 122.515770495000083, 10.732904805000032 ], [ 122.515823976000092, 10.732903589000045 ], [ 122.515858009000112, 10.732903589000045 ], [ 122.515905413000041, 10.732882926000059 ], [ 122.515937015000077, 10.732839168000055 ], [ 122.515946739000015, 10.732807566000076 ], [ 122.51595889400005, 10.732748009000034 ], [ 122.515961325000035, 10.732721268000034 ], [ 122.5159503860001, 10.732684803000041 ], [ 122.51593093800011, 10.732650770000021 ], [ 122.515880881000044, 10.732600068000067 ], [ 122.515836729000057, 10.73255824000006 ], [ 122.515771664000113, 10.73238395900006 ], [ 122.515732161000074, 10.732304950000071 ], [ 122.515708923000034, 10.732242209000049 ], [ 122.515708923000034, 10.732107431000031 ], [ 122.515771664000113, 10.732016805000058 ], [ 122.515852996000035, 10.731819285000029 ], [ 122.515906442000073, 10.731498607000049 ], [ 122.516013335000025, 10.73131270600004 ], [ 122.516087696000113, 10.731284821000031 ], [ 122.516138818000059, 10.731224403000056 ], [ 122.516175999000097, 10.731150043000071 ], [ 122.516182970000045, 10.73107103600006 ], [ 122.516206208000085, 10.730940905000068 ], [ 122.516169027000046, 10.730761975000064 ], [ 122.516162055000109, 10.730671349000033 ], [ 122.516185293000035, 10.730548190000036 ], [ 122.51624571100001, 10.730450592000068 ], [ 122.516436260000091, 10.730271662000064 ], [ 122.516633779000017, 10.730118295000068 ], [ 122.516670959000066, 10.73009040900007 ], [ 122.516687225000055, 10.730020697000043 ], [ 122.516687225000055, 10.729978869000036 ], [ 122.516661664000026, 10.729930070000023 ], [ 122.516631455000038, 10.729899861000035 ], [ 122.5166384260001, 10.729841768000028 ], [ 122.516645398000037, 10.729732550000051 ], [ 122.516640750000079, 10.729660514000045 ], [ 122.516594275000102, 10.729621010000074 ], [ 122.516526886000065, 10.729576859000076 ], [ 122.516461821, 10.729518764000034 ], [ 122.516431612000019, 10.729479261000051 ], [ 122.516387461000022, 10.729416520000029 ], [ 122.516373518000023, 10.729309626000031 ], [ 122.516361899000117, 10.729249209000045 ], [ 122.516368871000054, 10.72918879100007 ], [ 122.516389784000012, 10.729139992000057 ], [ 122.516436260000091, 10.729091193000045 ], [ 122.516533857000013, 10.729088870000055 ], [ 122.516670959000066, 10.729037747000064 ], [ 122.516740672000083, 10.72899127200003 ], [ 122.516747643000031, 10.728933178000034 ], [ 122.516759262000051, 10.728870436000022 ], [ 122.51676158600003, 10.728807695000057 ], [ 122.516742995000072, 10.728663622000056 ], [ 122.516710463000095, 10.728598556000065 ], [ 122.516673282000056, 10.728484692000052 ], [ 122.516622160000111, 10.728414980000025 ], [ 122.516604219000101, 10.728388192000068 ], [ 122.516587303000051, 10.728338295000071 ], [ 122.516573728000026, 10.728304341000069 ], [ 122.516591514000083, 10.728205245000026 ], [ 122.51663725100002, 10.728093444000024 ], [ 122.516731265000089, 10.727963857000077 ], [ 122.51677192000011, 10.727864761000035 ], [ 122.516822739000077, 10.727813942000068 ], [ 122.516916753000032, 10.727793615000053 ], [ 122.517010767000102, 10.727674191000062 ], [ 122.517051422, 10.727620832000071 ], [ 122.517071749000024, 10.727552227000047 ], [ 122.517084454000042, 10.727460753000059 ], [ 122.517112404000045, 10.727303216000053 ], [ 122.517107323000118, 10.727244775000031 ], [ 122.517089536000071, 10.727160925000021 ], [ 122.517036177000023, 10.727094860000022 ], [ 122.516980277000016, 10.727071991000059 ], [ 122.516921835000062, 10.727051664000044 ], [ 122.516911671000116, 10.726988141000049 ], [ 122.516916753000032, 10.726950027000044 ], [ 122.517031095000107, 10.726919536000025 ], [ 122.517125109000062, 10.726916995000067 ], [ 122.517163223000011, 10.726916995000067 ], [ 122.517257237000081, 10.726906831000065 ], [ 122.517302974000017, 10.726853472000073 ], [ 122.517305515000089, 10.726812817000052 ], [ 122.517320761000065, 10.726756917000046 ], [ 122.51733600600005, 10.726693393000062 ], [ 122.517369038000083, 10.726667985000063 ], [ 122.517417316000092, 10.726670525000031 ], [ 122.517468135000058, 10.726673066000046 ], [ 122.517529117000095, 10.726665443000059 ], [ 122.517585017000101, 10.726647657000058 ], [ 122.517645999000024, 10.72663495200004 ], [ 122.51771206300009, 10.726594298000066 ], [ 122.517760340000109, 10.726586674000032 ], [ 122.517795914000089, 10.726558724000029 ], [ 122.517800996000119, 10.726507906000052 ], [ 122.517800996000119, 10.726416432000065 ], [ 122.517798455000047, 10.726314796000054 ], [ 122.517806077000046, 10.726243649000025 ], [ 122.517826405000051, 10.726147095000044 ], [ 122.517849274000014, 10.726083571000061 ], [ 122.517874683000059, 10.72604291600004 ], [ 122.517889928000045, 10.726009884000064 ], [ 122.517887387000087, 10.72594127900004 ], [ 122.517834027000049, 10.725834560000067 ], [ 122.517757800000027, 10.72575579100004 ], [ 122.517719686000078, 10.725674482000045 ], [ 122.517724768000107, 10.725580468000032 ], [ 122.517737473000011, 10.725524567000036 ], [ 122.517800996000119, 10.725433094000039 ], [ 122.517834027000049, 10.725356866000027 ], [ 122.517884846000015, 10.725265393000029 ], [ 122.517900092000104, 10.725227279000023 ], [ 122.517943288000083, 10.725140887000066 ], [ 122.517920419, 10.725092610000047 ], [ 122.517828946, 10.725034168000036 ], [ 122.517750177000039, 10.724985891000074 ], [ 122.517686654000045, 10.724960481000039 ], [ 122.517676490000099, 10.724787698000057 ], [ 122.517732390000106, 10.724670815000025 ], [ 122.517849274000014, 10.724559015000068 ], [ 122.518070334000072, 10.724442132000036 ], [ 122.518154184000082, 10.724353200000053 ], [ 122.518304099000034, 10.72426426800007 ], [ 122.518433686000094, 10.724182957000039 ], [ 122.51848958700009, 10.724152467000067 ], [ 122.518535324000027, 10.724114352000072 ], [ 122.518570897000018, 10.724012716000061 ], [ 122.518540405000067, 10.723923782000043 ], [ 122.518471800000043, 10.723867882000036 ], [ 122.518418441000108, 10.723809441000071 ], [ 122.518385409000075, 10.723758623000037 ], [ 122.518344754000054, 10.723700181000027 ], [ 122.518321886000081, 10.723621412000057 ], [ 122.518314263000093, 10.723545185000035 ], [ 122.518288854000048, 10.723466416000065 ], [ 122.518260903000055, 10.723377484000025 ], [ 122.518265985000085, 10.723219946000029 ], [ 122.518306640000105, 10.723115768000071 ], [ 122.518431146000012, 10.723006508000026 ], [ 122.518591224000033, 10.722942985000032 ], [ 122.518657288000099, 10.722909953000055 ], [ 122.518753843000013, 10.722874380000064 ], [ 122.518847857000083, 10.722866757000077 ], [ 122.518957118000117, 10.722882002000063 ], [ 122.519002855000053, 10.722897249000027 ], [ 122.519091787000093, 10.722942985000032 ], [ 122.519150228000058, 10.722986181000067 ], [ 122.519180719000019, 10.723016672000028 ], [ 122.519269652000048, 10.723113227000056 ], [ 122.519333175000043, 10.72319961900007 ], [ 122.519417026000042, 10.723240273000044 ], [ 122.519483090000108, 10.723171669000067 ], [ 122.519523745000015, 10.723113227000056 ], [ 122.519578749000061, 10.722954063000032 ], [ 122.519604806000075, 10.722880628000041 ], [ 122.51965929000005, 10.722800086000063 ], [ 122.519725619000042, 10.722702963000074 ], [ 122.519725619000042, 10.72256556800005 ], [ 122.519720881000012, 10.722520559000031 ], [ 122.519751676000055, 10.72243528000007 ], [ 122.519765890000031, 10.722399747000054 ], [ 122.519820373000016, 10.722366583000053 ], [ 122.519893808, 10.722342894000064 ], [ 122.519945924000012, 10.722297886000035 ], [ 122.520016990000045, 10.722238663000041 ], [ 122.520147278000081, 10.722214975000043 ], [ 122.520182811000041, 10.722174704000054 ], [ 122.520242033000045, 10.722117851000064 ], [ 122.52026098400006, 10.722011252000073 ], [ 122.520289410000032, 10.721942554000066 ], [ 122.520320206000065, 10.721902284000066 ], [ 122.520384166000099, 10.721873857000048 ], [ 122.520670798000083, 10.721736462000024 ], [ 122.520777398000064, 10.721601437000061 ], [ 122.520860309000113, 10.721497207000027 ], [ 122.521007179000094, 10.721326647000069 ], [ 122.521054556000081, 10.721134769000059 ], [ 122.521042712000053, 10.721030538000036 ], [ 122.520992965000119, 10.720957103000046 ], [ 122.520886366000013, 10.720836291000069 ], [ 122.520815300000095, 10.720765225000036 ], [ 122.520746603000021, 10.720698896000044 ], [ 122.520680275000018, 10.720580453000025 ], [ 122.520658954000055, 10.720471485000076 ], [ 122.520640004000029, 10.720329352000022 ], [ 122.520649479000099, 10.72022749100006 ], [ 122.52067316800003, 10.720158794000042 ], [ 122.520727652000119, 10.720135105000054 ], [ 122.520784505000051, 10.720139843000027 ], [ 122.520820038000011, 10.720151687000055 ], [ 122.520879259000026, 10.720142211000052 ], [ 122.52094321900006, 10.720111416000066 ], [ 122.520969277000063, 10.720073514000035 ], [ 122.521000072000106, 10.719940858000029 ], [ 122.521026130000109, 10.719872160000023 ], [ 122.521026130000109, 10.719805832000077 ], [ 122.521035605000066, 10.719628166000064 ], [ 122.52101665400005, 10.719547625000075 ], [ 122.521004810000022, 10.719486034000056 ], [ 122.520969277000063, 10.719407861000036 ], [ 122.520983490000049, 10.719355746000076 ], [ 122.520990596000047, 10.719301262000045 ], [ 122.520990596000047, 10.719258622000041 ], [ 122.521000072000106, 10.719213614000068 ], [ 122.521000072000106, 10.719073850000029 ], [ 122.520983490000049, 10.718988571000068 ], [ 122.520981121000091, 10.718943562000049 ], [ 122.520947957000089, 10.718810905000055 ], [ 122.52090294900006, 10.718706675000021 ], [ 122.520910055000058, 10.718656929000076 ], [ 122.520910055000058, 10.718536116000053 ], [ 122.520914793000088, 10.718455574000075 ], [ 122.520912424000016, 10.71839161500003 ], [ 122.520893473000115, 10.718277909000051 ], [ 122.52090294900006, 10.718192630000033 ], [ 122.520917161000057, 10.718076555000039 ], [ 122.520945588000018, 10.717981800000075 ], [ 122.520983490000049, 10.717908365000028 ], [ 122.520997703000035, 10.71784914400007 ], [ 122.521013075000042, 10.71784344200006 ], [ 122.5210770220001, 10.717786852000074 ], [ 122.521097681000015, 10.717713335000042 ], [ 122.521165014000076, 10.717587477000052 ], [ 122.521253034000097, 10.717429879000065 ], [ 122.521362282000041, 10.717290352000077 ], [ 122.521431981000092, 10.717171610000037 ], [ 122.521626289000096, 10.716876421000052 ], [ 122.52173554500007, 10.716724272000022 ], [ 122.521742699000015, 10.716717242000072 ], [ 122.521843453000088, 10.716608809000036 ], [ 122.521956627, 10.716495291000058 ], [ 122.522031214000094, 10.716424390000043 ], [ 122.522129862000043, 10.716334582000059 ], [ 122.522141888000078, 10.716327487000058 ], [ 122.522204366000096, 10.716308543000025 ], [ 122.522223598000096, 10.71627550900007 ], [ 122.522262052000087, 10.716181225000071 ], [ 122.522326769000074, 10.716098815000066 ], [ 122.52239867600008, 10.716035217000069 ], [ 122.522432247000097, 10.71598810100005 ], [ 122.522777004000091, 10.715543668000066 ], [ 122.522795852000058, 10.715483788000029 ], [ 122.522839456000042, 10.715341475000059 ], [ 122.522873164000089, 10.715211810000028 ], [ 122.522934944000099, 10.715137326000047 ], [ 122.523027822000017, 10.715040827000053 ], [ 122.52311579700006, 10.714974569000049 ], [ 122.523212575000116, 10.714839164000068 ], [ 122.523241906000067, 10.714752732000022 ], [ 122.523291764000078, 10.714660541000057 ], [ 122.523315232000073, 10.714559702000031 ], [ 122.523412516, 10.714445559000069 ], [ 122.52351946400006, 10.714414042000044 ], [ 122.523662776000037, 10.714407738000034 ], [ 122.523771851000106, 10.714405641000042 ], [ 122.523855273000095, 10.714399332000028 ], [ 122.523930165000024, 10.714378285000066 ], [ 122.523996522000061, 10.714340403000051 ], [ 122.524052267000116, 10.714239441000075 ], [ 122.524086597000064, 10.714140670000063 ], [ 122.524140102000047, 10.714050386000054 ], [ 122.524120996000079, 10.713962267000056 ], [ 122.524103973000024, 10.71392452300006 ], [ 122.524078464000013, 10.713857455000038 ], [ 122.5240743170001, 10.713775774000055 ], [ 122.524063782000098, 10.713692062000064 ], [ 122.524060448000114, 10.713567228000045 ], [ 122.52409101, 10.713476843000024 ], [ 122.52414335800006, 10.713390833000062 ], [ 122.524167334000026, 10.713339258000076 ], [ 122.524176050000051, 10.713236338000058 ], [ 122.524160791000099, 10.713187050000045 ], [ 122.524097572000073, 10.713101304000077 ], [ 122.524027831000012, 10.713058407000062 ], [ 122.523971191000101, 10.713032634000058 ], [ 122.523886263, 10.71302397900007 ], [ 122.523792675000095, 10.713015322000047 ], [ 122.523699112000031, 10.713010970000028 ], [ 122.523635985000055, 10.712989563000065 ], [ 122.523563952000018, 10.712955416000057 ], [ 122.523489880000056, 10.712863392000031 ], [ 122.523507811000059, 10.712758487000031 ], [ 122.5235647290001, 10.712675123000054 ], [ 122.523601901, 10.712621741000021 ], [ 122.523645623000107, 10.712544938000065 ], [ 122.523631913000031, 10.71237183900007 ], [ 122.523609057000044, 10.71226947100007 ], [ 122.523600248000093, 10.71225213300005 ], [ 122.523550923000016, 10.712163736000036 ], [ 122.523505089000082, 10.712113488000057 ], [ 122.523411545000044, 10.712068425000041 ], [ 122.523333832000048, 10.712037207000037 ], [ 122.523270184000012, 10.712023312000042 ], [ 122.52321534400005, 10.712012882000067 ], [ 122.523209295000015, 10.711982139000042 ], [ 122.523205436000012, 10.711978348000059 ], [ 122.523211360000118, 10.711908063000067 ], [ 122.523234697000021, 10.711813148000033 ], [ 122.523286957000096, 10.711705066000036 ], [ 122.52324253800009, 10.711618055000031 ], [ 122.523165143000028, 10.711553699000035 ], [ 122.523093293000102, 10.711453177000067 ], [ 122.52297270300005, 10.711250691000032 ], [ 122.522968286000037, 10.711044117000029 ], [ 122.522973846000014, 10.710921431000031 ], [ 122.523024426, 10.710802409000053 ], [ 122.523084808000021, 10.710656305000043 ], [ 122.52311988200006, 10.710546574000034 ], [ 122.523092309000049, 10.710415481000041 ], [ 122.523029502000099, 10.710353650000059 ], [ 122.52295575800008, 10.710252900000057 ], [ 122.522881217000077, 10.71018997300007 ], [ 122.522766157000092, 10.710143823000067 ], [ 122.522663829000066, 10.710112345000027 ], [ 122.522531582000056, 10.710095555000066 ], [ 122.522369363000053, 10.710091362000071 ], [ 122.522260397000082, 10.710085058000061 ], [ 122.522153367000101, 10.71004511600006 ], [ 122.522037833000013, 10.710009394000053 ], [ 122.521860372000106, 10.709950599000024 ], [ 122.52178558300011, 10.709921218000034 ], [ 122.521695865000083, 10.709931724000057 ], [ 122.521627525000099, 10.709914936000075 ], [ 122.521569833000058, 10.709877129000063 ], [ 122.521530554000037, 10.709765077000043 ], [ 122.521497552000028, 10.709696632000032 ], [ 122.521471856000062, 10.709613711000031 ], [ 122.52144433400008, 10.709588458000042 ], [ 122.521413137000081, 10.709563197000023 ], [ 122.521400158, 10.709526420000032 ], [ 122.521298950000073, 10.709499745000073 ], [ 122.521227399000054, 10.709463243000073 ], [ 122.521168246000116, 10.709434069000054 ], [ 122.521113985000056, 10.709310896000034 ], [ 122.521093442000051, 10.709221445000026 ], [ 122.521087573000045, 10.709204133000071 ], [ 122.521040631000119, 10.709103178000021 ], [ 122.520938031000014, 10.709054202000061 ], [ 122.520832576000089, 10.709057109000071 ], [ 122.520768156000031, 10.70906 ], [ 122.52054616700002, 10.709063307000065 ], [ 122.520392209000079, 10.709020333000069 ], [ 122.520179233000022, 10.708896077000077 ], [ 122.520084585000063, 10.708787697000048 ], [ 122.519958297000017, 10.70868710600007 ], [ 122.519947093000042, 10.708676292000064 ], [ 122.519883340000092, 10.708547545000044 ], [ 122.519871499000033, 10.708532042000058 ], [ 122.51984397800004, 10.708384677000026 ], [ 122.519855987000028, 10.708225756000047 ], [ 122.519840224000063, 10.708105651000039 ], [ 122.519832313000052, 10.708012648000022 ], [ 122.519785006, 10.707923527000048 ], [ 122.519729829000084, 10.707849919000068 ], [ 122.519556127000101, 10.707780018000051 ], [ 122.519437653000068, 10.707721775000039 ], [ 122.519331046000048, 10.707667435000076 ], [ 122.519220172000018, 10.707581871000059 ], [ 122.519198672000016, 10.707534989000067 ], [ 122.519161718000078, 10.707454412000061 ], [ 122.519094540000083, 10.707442692000029 ], [ 122.518995234000045, 10.707474236000053 ], [ 122.518906439000034, 10.70750502900006 ], [ 122.518775082000047, 10.707497734000071 ], [ 122.518759628000112, 10.70749395100006 ], [ 122.518705638000029, 10.707444407000025 ], [ 122.518678916000113, 10.707337616000075 ], [ 122.518679055, 10.707216137000046 ], [ 122.518717762000051, 10.70709094800003 ], [ 122.518748716000118, 10.706973463000054 ], [ 122.518748730000084, 10.70695831300003 ], [ 122.518748747000018, 10.706939377000026 ], [ 122.51874882200002, 10.706856089000041 ], [ 122.518706892000068, 10.706775862000029 ], [ 122.518679613000018, 10.706723667000063 ], [ 122.518610332000094, 10.706553438000071 ], [ 122.518491133000111, 10.706481635000046 ], [ 122.518437239000036, 10.70638328800004 ], [ 122.51836413400008, 10.706273615000043 ], [ 122.518127252000113, 10.705680836000056 ], [ 122.518076863000033, 10.705619866000063 ], [ 122.518011114000046, 10.705570379000051 ], [ 122.517984161000072, 10.705570460000047 ], [ 122.517926518000081, 10.705585916000075 ], [ 122.51791955300007, 10.705696658000022 ], [ 122.517874041000027, 10.705788282000071 ], [ 122.51785550000011, 10.705898663000028 ], [ 122.517782376000014, 10.705951664000054 ], [ 122.517658856000025, 10.705981746000077 ], [ 122.51753128200005, 10.70597390000006 ], [ 122.517448398000056, 10.705884487000048 ], [ 122.517448411000032, 10.705815503000053 ], [ 122.517404670000019, 10.705630498000062 ], [ 122.517400290000069, 10.705617586000074 ], [ 122.51731695, 10.705479828000023 ], [ 122.517176389000042, 10.705458390000047 ], [ 122.517106083000044, 10.705518777000066 ], [ 122.517079719000094, 10.705600657000048 ], [ 122.517084098000055, 10.705755949000036 ], [ 122.517084074000081, 10.705881361000024 ], [ 122.517070855000043, 10.706024328000069 ], [ 122.517022473000111, 10.706063611000047 ], [ 122.516930067000089, 10.706064175000051 ], [ 122.516797942000039, 10.706047631000047 ], [ 122.516657076000115, 10.705948317000036 ], [ 122.516516458000069, 10.70567122600005 ], [ 122.516445994000037, 10.705494072000022 ], [ 122.516401907000045, 10.705299588000059 ], [ 122.516428158000053, 10.705161330000067 ], [ 122.516485308000028, 10.705040274000055 ], [ 122.516727611000078, 10.704958005000037 ], [ 122.516886069000066, 10.704888823000033 ], [ 122.516991620000113, 10.704824057000053 ], [ 122.517031211000017, 10.704724569000064 ], [ 122.517013562000102, 10.704650960000038 ], [ 122.516969441000015, 10.704542638000021 ], [ 122.516890087000093, 10.704507974000023 ], [ 122.516766733000054, 10.704525329000035 ], [ 122.516659065000113, 10.704559021000023 ], [ 122.516572949000079, 10.70458596800006 ], [ 122.516396766000071, 10.704685530000063 ], [ 122.516224583000053, 10.704733155000042 ], [ 122.516052275000106, 10.704720160000022 ], [ 122.515879837000057, 10.704685483000048 ], [ 122.51571613100009, 10.704564064000067 ], [ 122.515632027000038, 10.704433935000054 ], [ 122.515543465000064, 10.704282065000029 ], [ 122.51522431300009, 10.70404301700006 ], [ 122.514957057000061, 10.703859483000031 ], [ 122.514566301000059, 10.703572287000043 ], [ 122.514349949, 10.703442068000072 ], [ 122.514272011000116, 10.70334740800007 ], [ 122.51425873800008, 10.703225553000038 ], [ 122.514286811000034, 10.703126257000065 ], [ 122.514342382000109, 10.703045025000051 ], [ 122.51438323800005, 10.70293704900007 ], [ 122.514419230000044, 10.702707428000053 ], [ 122.514505341000017, 10.701954636000039 ], [ 122.514554453000073, 10.701420595000059 ], [ 122.514534776000119, 10.701281437000034 ], [ 122.514508081000031, 10.701109565000024 ], [ 122.51453076700011, 10.700907944000051 ], [ 122.514579133000097, 10.700720792000027 ], [ 122.514711623000039, 10.700612754000076 ], [ 122.514897999000027, 10.700544552000053 ], [ 122.515084375000015, 10.700476351000077 ], [ 122.515314600000011, 10.700411747000032 ], [ 122.515548071000012, 10.700318546000062 ], [ 122.515766883000083, 10.700250492000066 ], [ 122.515927674000068, 10.700178674000028 ], [ 122.516037488000052, 10.700117562000059 ], [ 122.516096098000048, 10.700027698000042 ], [ 122.516143656000054, 10.699876749000055 ], [ 122.516092507000053, 10.699704239000027 ], [ 122.515982903, 10.699531781000076 ], [ 122.51575286700006, 10.699287640000023 ], [ 122.515505036000036, 10.699137265000047 ], [ 122.515385040000069, 10.699065843000028 ], [ 122.515235329, 10.69906224500005 ], [ 122.515100073000099, 10.69909444700005 ], [ 122.514880438000091, 10.699238391000051 ], [ 122.514683097000102, 10.699364068000023 ], [ 122.514496710000117, 10.699550760000022 ], [ 122.514229931000045, 10.699726670000075 ], [ 122.514058169, 10.699837960000025 ], [ 122.513772886000083, 10.699945831000036 ], [ 122.51365910200002, 10.700032374000045 ], [ 122.51346112300007, 10.700072237000029 ], [ 122.513344245000098, 10.700021803000027 ], [ 122.513285838000115, 10.699953459000028 ], [ 122.513274870000032, 10.699931896000066 ], [ 122.513257002000046, 10.699813127000027 ], [ 122.513257066000051, 10.699798728000076 ], [ 122.513279797000109, 10.699629623000021 ], [ 122.513294483000095, 10.699493161000021 ], [ 122.513360283000111, 10.699310045000061 ], [ 122.51343341300003, 10.698968941000032 ], [ 122.513488256000073, 10.698735554000052 ], [ 122.513590779000083, 10.698489714000061 ], [ 122.513828621000016, 10.698355498000069 ], [ 122.514160336000032, 10.698242520000065 ], [ 122.514513070000021, 10.698133014000064 ], [ 122.51476488000003, 10.697961783000039 ], [ 122.514909252000052, 10.697817411000074 ], [ 122.514832030000093, 10.697602534000055 ], [ 122.514593649000062, 10.697498451000058 ], [ 122.514406092000058, 10.697545718000072 ], [ 122.514148560000081, 10.697570721000034 ], [ 122.513756009000076, 10.697615727000027 ], [ 122.513315953000074, 10.697700738000037 ], [ 122.512965908000069, 10.69777074700005 ], [ 122.512573358000054, 10.697923266000032 ], [ 122.512303324000072, 10.698030780000067 ], [ 122.512038290000078, 10.698133293000069 ], [ 122.511913274000108, 10.698153296000044 ], [ 122.511595733000036, 10.698208303000058 ], [ 122.511368204000064, 10.698200802000031 ], [ 122.511210684000048, 10.698190801000067 ], [ 122.511070666000023, 10.698155797000027 ], [ 122.510980655000026, 10.698128293000025 ], [ 122.510925648000011, 10.698053283000036 ], [ 122.510878141000035, 10.697983274000023 ], [ 122.510845638000092, 10.697913265000068 ], [ 122.51082313400002, 10.697805752000022 ], [ 122.510830635000048, 10.697683236000046 ], [ 122.511018159000059, 10.697285684000065 ], [ 122.511178180000115, 10.697008149000055 ], [ 122.511353202, 10.696748117000027 ], [ 122.511478218000093, 10.696563093000066 ], [ 122.511718249000069, 10.696403072000066 ], [ 122.511998284000015, 10.696270555000069 ], [ 122.512248317000058, 10.696208048000074 ], [ 122.512573358000054, 10.696148039000036 ], [ 122.51281839, 10.696135538000021 ], [ 122.513060921000033, 10.696125537000057 ], [ 122.513265946000047, 10.696135538000021 ], [ 122.513465972000063, 10.696178043000032 ], [ 122.513625992000016, 10.69607553000003 ], [ 122.513708503000089, 10.695935513000052 ], [ 122.513721005000093, 10.695832999000061 ], [ 122.513691001000097, 10.695735487000036 ], [ 122.51359848900006, 10.695665478000024 ], [ 122.51345097, 10.695570466000049 ], [ 122.513338456000042, 10.695522959000073 ], [ 122.513230942000064, 10.695470452000052 ], [ 122.513073807000069, 10.695411283000055 ], [ 122.513008251000088, 10.695399517000055 ], [ 122.512870414000076, 10.69534068400003 ], [ 122.512828392000074, 10.695312109000042 ], [ 122.512772921000078, 10.695259999000029 ], [ 122.512651894000101, 10.695177634000061 ], [ 122.512514059000068, 10.695137292000027 ], [ 122.512282091000088, 10.695112079000069 ], [ 122.512056847000053, 10.69508518400005 ], [ 122.51175764300001, 10.695063332000075 ], [ 122.511523994000072, 10.695041479000054 ], [ 122.511367668000048, 10.695001138000066 ], [ 122.511218066000083, 10.694967519000045 ], [ 122.511081911000019, 10.694903644000021 ], [ 122.510987779000061, 10.694839769000055 ], [ 122.510935671000084, 10.694759084000054 ], [ 122.510902052, 10.694693528000073 ], [ 122.510886924000033, 10.694585949000043 ], [ 122.510883562000117, 10.694530478000047 ], [ 122.510895328000061, 10.694422900000063 ], [ 122.510923904000038, 10.694337172000075 ], [ 122.511117120000108, 10.693942653000022 ], [ 122.511419490000094, 10.693262321000077 ], [ 122.511751917000083, 10.692648729000041 ], [ 122.512141495000037, 10.692137408000065 ], [ 122.512288310000031, 10.691945654000051 ], [ 122.512449778000018, 10.691778207000027 ], [ 122.512484165000046, 10.691749800000025 ], [ 122.512514066000108, 10.691730364000023 ], [ 122.512558919000071, 10.691707938000036 ], [ 122.512581344000068, 10.691700462000028 ], [ 122.512599286000068, 10.691697473000033 ], [ 122.512723384000083, 10.691681940000024 ], [ 122.512555037000084, 10.691452002000062 ], [ 122.512456492000069, 10.691341139000031 ], [ 122.512394902000096, 10.691283654000074 ], [ 122.512371226000027, 10.691266306000045 ], [ 122.512339825000026, 10.691249449000054 ], [ 122.512300463000088, 10.691230276000056 ], [ 122.512251363000019, 10.691210840000053 ], [ 122.512193706000062, 10.691193322000061 ], [ 122.51212053900008, 10.691177891000052 ], [ 122.512033571000075, 10.691164579000031 ], [ 122.511659922000035, 10.69115226100007 ], [ 122.511315015000037, 10.691139943000053 ], [ 122.511181229000044, 10.691150261000075 ], [ 122.510851034000098, 10.691156368000065 ], [ 122.510571823000078, 10.691176897000048 ], [ 122.510276189000024, 10.691226169000061 ], [ 122.509816312000112, 10.691369881000071 ], [ 122.50955763200011, 10.691480744000046 ], [ 122.509298952000108, 10.691616243000055 ], [ 122.509151135000025, 10.691698364000047 ], [ 122.50900742400006, 10.691805121000073 ], [ 122.508740532000047, 10.692047376000062 ], [ 122.508362777000116, 10.692445662000068 ], [ 122.508190562000095, 10.69269192400003 ], [ 122.50766704800003, 10.693408876000035 ], [ 122.50722987000006, 10.694056484000043 ], [ 122.50719463400003, 10.694106577000071 ], [ 122.507131580000078, 10.694171098000027 ], [ 122.507084655000085, 10.69421802100004 ], [ 122.507036265000011, 10.694259080000052 ], [ 122.506982878000031, 10.694295406000037 ], [ 122.506918954000071, 10.694329466000056 ], [ 122.506861072000106, 10.694351099000073 ], [ 122.506770092000011, 10.694371167000043 ], [ 122.506683126000098, 10.694382540000049 ], [ 122.506606864000105, 10.694387223000035 ], [ 122.506540636000068, 10.694379195000067 ], [ 122.506508367000038, 10.694371992000072 ], [ 122.506467719000057, 10.694358457000021 ], [ 122.506336741000041, 10.694311064000033 ], [ 122.505994293000072, 10.694175648000055 ], [ 122.505813173000092, 10.694088469000064 ], [ 122.505719119000105, 10.694044576000067 ], [ 122.505683690000069, 10.694025980000049 ], [ 122.505650145000118, 10.694003819000045 ], [ 122.505606254000099, 10.693963063000069 ], [ 122.505515334000052, 10.69386587300005 ], [ 122.505442397000024, 10.693779859000074 ], [ 122.505373348000035, 10.693709697000031 ], [ 122.50532768700009, 10.693669604000036 ], [ 122.505272003000073, 10.693625057000077 ], [ 122.505208523000078, 10.693583851000028 ], [ 122.505155066000043, 10.693557122000072 ], [ 122.505101558000092, 10.693534546000024 ], [ 122.504882257000077, 10.693463803000043 ], [ 122.504557353000109, 10.693374698000071 ], [ 122.504295095000089, 10.693325855000069 ], [ 122.503983763000065, 10.693293886000049 ], [ 122.503810840000028, 10.693291266000074 ], [ 122.503597308000053, 10.693308297000044 ], [ 122.503309104000095, 10.693342357000063 ], [ 122.502942299000097, 10.693414408000024 ], [ 122.502740556000049, 10.693461568000032 ], [ 122.502556432, 10.693511949000026 ], [ 122.502198322000027, 10.693645644000071 ], [ 122.501907058000029, 10.693774564000023 ], [ 122.501668796000104, 10.69387303600007 ], [ 122.501290464000022, 10.693998050000062 ], [ 122.501038043000108, 10.694127899000023 ], [ 122.500659189000089, 10.694366267000021 ], [ 122.500561954000091, 10.694414016000053 ], [ 122.500416101000042, 10.694482518000029 ], [ 122.500177387, 10.694569361000049 ], [ 122.500040300000023, 10.694620898000039 ], [ 122.499970770000118, 10.694641456000056 ], [ 122.499821330000032, 10.694670070000029 ], [ 122.49973529500005, 10.694677968000065 ], [ 122.499565284000028, 10.694682141000044 ], [ 122.499266606000106, 10.694740374000048 ], [ 122.499139797000112, 10.694769740000027 ], [ 122.498883792000015, 10.694804495000028 ], [ 122.498721213000067, 10.694781047000049 ], [ 122.498557231000063, 10.693705988000033 ], [ 122.498556881000013, 10.693703441000025 ], [ 122.498341352000011, 10.690985111000032 ], [ 122.496913899000106, 10.686426847000064 ], [ 122.495999442000084, 10.684348278000073 ], [ 122.49526010000011, 10.682667747000039 ], [ 122.494985642000074, 10.682138290000069 ], [ 122.494782707000013, 10.681746808000071 ], [ 122.494407403000082, 10.681925757000045 ], [ 122.494177635000028, 10.682007497000029 ], [ 122.493357545000094, 10.682481418000066 ], [ 122.49287107300006, 10.682760294000047 ], [ 122.492580211000018, 10.682905633000075 ], [ 122.49218, 10.683092011000042 ], [ 122.49171332800006, 10.683360148000077 ], [ 122.491367712000056, 10.68356041800007 ], [ 122.491332606000014, 10.683604764000052 ], [ 122.491330097000059, 10.683614619000025 ], [ 122.491312544000039, 10.683636792000073 ], [ 122.49130251400004, 10.683641718000047 ], [ 122.491292484000041, 10.683644181000034 ], [ 122.490736595000044, 10.683957790000022 ], [ 122.490696476000039, 10.683987352000031 ], [ 122.490688952000028, 10.683997207000061 ], [ 122.490666384000065, 10.684011988000066 ], [ 122.490643818000081, 10.68401691300005 ], [ 122.490633788000082, 10.684021840000071 ], [ 122.490589370000066, 10.684034134000058 ], [ 122.490579341000057, 10.684039060000032 ], [ 122.490569311000058, 10.684039059000042 ], [ 122.49055928100006, 10.684046450000039 ], [ 122.490546744000085, 10.684048912000037 ], [ 122.490524177000111, 10.684058765000032 ], [ 122.490494089000094, 10.684076009000023 ], [ 122.490486565000083, 10.684083400000077 ], [ 122.490476536000074, 10.684088326000051 ], [ 122.490458983000053, 10.684103107000055 ], [ 122.490446445000089, 10.684110498000052 ], [ 122.490411340000037, 10.684137596000028 ], [ 122.490401309000049, 10.684147451000058 ], [ 122.490388772000074, 10.684164696000039 ], [ 122.490371217000074, 10.684184405000053 ], [ 122.490346142000021, 10.684209041000031 ], [ 122.490328589000114, 10.684221358000059 ], [ 122.490150039000014, 10.684314401000051 ], [ 122.490102397000101, 10.684334106000051 ], [ 122.490079831000116, 10.684341496000059 ], [ 122.490069801000118, 10.684346423000022 ], [ 122.490067913000075, 10.684348278000073 ], [ 122.490064786000062, 10.684351350000043 ], [ 122.49004974200011, 10.684356276000074 ], [ 122.490042220000078, 10.684363667000071 ], [ 122.490032190000079, 10.684366129000068 ], [ 122.490012129000093, 10.684380910000073 ], [ 122.489982039000097, 10.684398154000064 ], [ 122.489916844000049, 10.684447424000041 ], [ 122.489906813000061, 10.684457278000025 ], [ 122.489894276000086, 10.684464668000032 ], [ 122.489886753000064, 10.684472059000029 ], [ 122.489876723000066, 10.68447698600005 ], [ 122.489869201000033, 10.684484377000047 ], [ 122.489859170000045, 10.68449915900004 ], [ 122.489364093000063, 10.684739147000073 ], [ 122.488846514000102, 10.68498676400003 ], [ 122.488338668000097, 10.685223237000059 ], [ 122.488026195000089, 10.685348859000044 ], [ 122.48786446400004, 10.685420875000034 ], [ 122.487172443000077, 10.68580528800004 ], [ 122.486963020000076, 10.685929136000027 ], [ 122.486650333000057, 10.68606214700003 ], [ 122.48597261000009, 10.686365681000041 ], [ 122.4856595870001, 10.686505877000059 ], [ 122.485069133000025, 10.686741575000042 ], [ 122.484611702000052, 10.686911675000033 ], [ 122.484162996, 10.687081611000053 ], [ 122.483847060000016, 10.687162878000038 ], [ 122.483637204000047, 10.687220660000037 ], [ 122.483449146000112, 10.687279769000043 ], [ 122.483321266000075, 10.687324100000069 ], [ 122.483228489000112, 10.687358583000048 ], [ 122.482922056, 10.687463136000076 ], [ 122.482703906000097, 10.687554270000021 ], [ 122.482571007000047, 10.687615849000053 ], [ 122.482558469000082, 10.687623239000061 ], [ 122.48252587200011, 10.687635554000053 ], [ 122.482485753000105, 10.687655259000053 ], [ 122.482475722000117, 10.68765772200004 ], [ 122.482458170000086, 10.687665111000058 ], [ 122.482445632, 10.687672501000065 ], [ 122.482423065000035, 10.687679890000027 ], [ 122.48241052700007, 10.687687280000034 ], [ 122.482392974000049, 10.687694669000052 ], [ 122.482360378000067, 10.687702056000035 ], [ 122.482327780000105, 10.68771190700005 ], [ 122.482172324000089, 10.687711887000034 ], [ 122.48202900800004, 10.68772636500006 ], [ 122.482013965000078, 10.687726363000024 ], [ 122.482006441000067, 10.687731290000045 ], [ 122.481993904000092, 10.687731288000066 ], [ 122.481981367000117, 10.687733750000064 ], [ 122.481956293000053, 10.687743602000069 ], [ 122.481926203000057, 10.68775099000004 ], [ 122.481903637000073, 10.687758379000059 ], [ 122.48188106900011, 10.687768231000064 ], [ 122.481843458000071, 10.687780545000066 ], [ 122.481785786000046, 10.687795321000067 ], [ 122.481775757000037, 10.687800247000041 ], [ 122.48175569700004, 10.687805172000026 ], [ 122.481725607000044, 10.687817487000075 ], [ 122.481713070000069, 10.687819950000062 ], [ 122.481700533000094, 10.687827339000023 ], [ 122.481685488000039, 10.687832265000054 ], [ 122.481665428000042, 10.687842118000049 ], [ 122.481640353000103, 10.687849506000077 ], [ 122.481630324000093, 10.687856896000028 ], [ 122.481617786000015, 10.687859358000026 ], [ 122.481607756000017, 10.687864285000046 ], [ 122.481597727, 10.687864283000067 ], [ 122.481522502000075, 10.687893840000072 ], [ 122.481315684000037, 10.68792337800005 ], [ 122.481278072, 10.687935693000043 ], [ 122.48124296900005, 10.687943079000036 ], [ 122.481220401000087, 10.68795293200003 ], [ 122.481205356000032, 10.687955394000028 ], [ 122.481195326000034, 10.687960320000059 ], [ 122.481182790000048, 10.687960318000023 ], [ 122.48117275900006, 10.687965245000044 ], [ 122.48114517800002, 10.687972632000026 ], [ 122.481122611000046, 10.687982485000077 ], [ 122.481110073000082, 10.687984947000075 ], [ 122.481100043000083, 10.687989873000049 ], [ 122.481074969000019, 10.687994798000034 ], [ 122.481072462000043, 10.687997261000021 ], [ 122.480692070000032, 10.688051414000029 ], [ 122.480361920000064, 10.688149923000026 ], [ 122.480244074000097, 10.688159763000044 ], [ 122.480226522000066, 10.688159760000076 ], [ 122.480216492000068, 10.68816468700004 ], [ 122.480201448000116, 10.688167148000048 ], [ 122.480186404000051, 10.688167146000069 ], [ 122.480148792000023, 10.688174533000051 ], [ 122.480126226000039, 10.688174530000026 ], [ 122.480111182000087, 10.688179455000068 ], [ 122.480096137000032, 10.688181917000065 ], [ 122.48005351300003, 10.688184375000048 ], [ 122.480045989000018, 10.688189302000069 ], [ 122.480008379000083, 10.688191760000052 ], [ 122.479998348000095, 10.688196687000072 ], [ 122.479990826000062, 10.688196686000026 ], [ 122.479978289000087, 10.688201612000057 ], [ 122.479963245000022, 10.688204073000065 ], [ 122.479656153000064, 10.688301801000023 ], [ 122.479448036, 10.688346121000052 ], [ 122.479342726000027, 10.68835596200006 ], [ 122.479269183000042, 10.688353488000075 ], [ 122.47924411200006, 10.688336237000044 ], [ 122.479231576000075, 10.688333772000021 ], [ 122.479186444000106, 10.688333765000039 ], [ 122.478883050000036, 10.688370680000048 ], [ 122.478850459000114, 10.688338646000034 ], [ 122.478837923000015, 10.688333716000045 ], [ 122.478800314000068, 10.688333711000041 ], [ 122.47879028400007, 10.688336174000028 ], [ 122.478770223000083, 10.688346026000033 ], [ 122.478745147000041, 10.688363269000035 ], [ 122.478669925000077, 10.688382969000031 ], [ 122.478657387000112, 10.688385432000075 ], [ 122.478644851000013, 10.688385430000039 ], [ 122.478637329000094, 10.688387893000026 ], [ 122.478622284000039, 10.688387890000058 ], [ 122.478609746000075, 10.688392816000032 ], [ 122.4785972090001, 10.68839527800003 ], [ 122.478587179000101, 10.68840020500005 ], [ 122.478569628000059, 10.688405130000035 ], [ 122.478544552000017, 10.68841498200004 ], [ 122.478233633000059, 10.688459287000057 ], [ 122.478114899000047, 10.688471589000073 ], [ 122.477906785000073, 10.688501125000073 ], [ 122.47785413500003, 10.688474015000054 ], [ 122.47784410600002, 10.688471550000031 ], [ 122.477834078000114, 10.688466621000032 ], [ 122.477811511000027, 10.688466617000074 ], [ 122.477788946000032, 10.688461687000029 ], [ 122.477776409000057, 10.68846168500005 ], [ 122.477761366000095, 10.688459218000048 ], [ 122.477728771000102, 10.688459214000034 ], [ 122.477483048000067, 10.688473961000057 ], [ 122.477432901000043, 10.688473954000074 ], [ 122.477417858000081, 10.688466560000052 ], [ 122.477397800000062, 10.688464094000039 ], [ 122.477372728000091, 10.688454235000052 ], [ 122.477362699000082, 10.688446842000076 ], [ 122.477357686000119, 10.688436986000056 ], [ 122.477355937000084, 10.688380317000053 ], [ 122.477283225000065, 10.688377843000069 ], [ 122.477275691000045, 10.688454221000029 ], [ 122.477256430000011, 10.68845593900005 ], [ 122.477165367000111, 10.688464060000058 ], [ 122.47715534200006, 10.688434492000056 ], [ 122.47706507700002, 10.688436943000056 ], [ 122.477060057000017, 10.688473900000076 ], [ 122.476997374, 10.688468963000048 ], [ 122.476974810000115, 10.688461568000037 ], [ 122.476962272000037, 10.688461566000058 ], [ 122.476952243000028, 10.688456637000058 ], [ 122.476942215, 10.688454171000046 ], [ 122.476929678000033, 10.688454170000057 ], [ 122.476914634000082, 10.688449240000068 ], [ 122.476005231000045, 10.688449105000075 ], [ 122.475962606000053, 10.688444171000071 ], [ 122.475967627000045, 10.688404750000075 ], [ 122.475864828000113, 10.688392416000056 ], [ 122.475867332, 10.688412127000049 ], [ 122.475819686000023, 10.68844907700003 ], [ 122.475761167000087, 10.688465730000075 ], [ 122.475736093000023, 10.688465726000061 ], [ 122.475721049000072, 10.688468188000058 ], [ 122.475638306000064, 10.688468175000025 ], [ 122.475625770000079, 10.68846571000006 ], [ 122.475595684000041, 10.688453386000049 ], [ 122.475585655000032, 10.68845338400007 ], [ 122.475573118000057, 10.688450919000047 ], [ 122.475558075000095, 10.688445989000058 ], [ 122.475525480000101, 10.688438592000068 ], [ 122.475450260000116, 10.688438581000071 ], [ 122.474824929000079, 10.688411383000073 ], [ 122.47459170400009, 10.688406419000046 ], [ 122.474571647000062, 10.688399025000024 ], [ 122.47454657500009, 10.688384237000037 ], [ 122.474531534000107, 10.688369452000074 ], [ 122.47452652000004, 10.688359596000055 ], [ 122.474526522000019, 10.688347277000048 ], [ 122.474521512000024, 10.688317710000035 ], [ 122.474521514000116, 10.688305391000029 ], [ 122.474516501000039, 10.688295535000066 ], [ 122.474516505000111, 10.688275824000073 ], [ 122.47451399900001, 10.688261041000032 ], [ 122.474498962000098, 10.688216689000058 ], [ 122.474491442000044, 10.688204369000061 ], [ 122.474463865000075, 10.688187117000041 ], [ 122.4744513280001, 10.688182188000042 ], [ 122.474438792000115, 10.688179722000029 ], [ 122.474428762000116, 10.688179720000051 ], [ 122.474421241000073, 10.688172327000075 ], [ 122.474398677000067, 10.688160005000043 ], [ 122.474368592000019, 10.688140289000046 ], [ 122.474338506000095, 10.688127965000035 ], [ 122.474325969, 10.688125499000023 ], [ 122.4743159410001, 10.688120570000024 ], [ 122.474305912000091, 10.688118105000058 ], [ 122.474283346000107, 10.688118101000043 ], [ 122.474273317000097, 10.688113172000044 ], [ 122.474225426000089, 10.688115347000064 ], [ 122.474300683000024, 10.687888686000065 ], [ 122.474270598000089, 10.687866506000034 ], [ 122.474232970000116, 10.687974909000047 ], [ 122.474205386000108, 10.687992152000049 ], [ 122.474167776000058, 10.687992146000056 ], [ 122.47415774600006, 10.687994608000054 ], [ 122.474145210000074, 10.687994606000075 ], [ 122.474135180000076, 10.687999533000038 ], [ 122.47412013600001, 10.68799953000007 ], [ 122.474110106000012, 10.688001992000068 ], [ 122.474100076000013, 10.688001991000021 ], [ 122.474072494000097, 10.688009378000061 ], [ 122.474062464000099, 10.688016768000068 ], [ 122.474052433000111, 10.688021694000042 ], [ 122.474042405000091, 10.68802415600004 ], [ 122.474034883000058, 10.688024155000051 ], [ 122.47402485200007, 10.688029081000025 ], [ 122.474009807000016, 10.688029079000046 ], [ 122.473994763000064, 10.688031540000054 ], [ 122.473972196000091, 10.688038928000026 ], [ 122.473954644000059, 10.688038926000047 ], [ 122.473939599000119, 10.688043851000032 ], [ 122.473904497000035, 10.688043846000028 ], [ 122.473849334000079, 10.68805369200004 ], [ 122.473831782000047, 10.688053689000071 ], [ 122.47381172200005, 10.688061078000032 ], [ 122.473801692000052, 10.688061076000054 ], [ 122.47376909400009, 10.688075854000033 ], [ 122.473746528000106, 10.688083242000062 ], [ 122.473718945000087, 10.68809802100003 ], [ 122.473619523000025, 10.688133871000048 ], [ 122.473599463000028, 10.688133868000023 ], [ 122.473586925000063, 10.688138793000064 ], [ 122.473574388000088, 10.688141255000062 ], [ 122.473564359000079, 10.688141254000072 ], [ 122.473509196, 10.688156028000037 ], [ 122.473506687000054, 10.688158491000024 ], [ 122.473045319000107, 10.688249580000047 ], [ 122.472723252000037, 10.688325908000024 ], [ 122.472466362000091, 10.688362824000023 ], [ 122.472072016000084, 10.688446531000068 ], [ 122.471653685000092, 10.688520378000021 ], [ 122.471460609000019, 10.688572087000068 ], [ 122.471423, 10.688574545000051 ], [ 122.471335245000091, 10.688559746000067 ], [ 122.471325215000093, 10.688554818000057 ], [ 122.471292620000099, 10.688552349000076 ], [ 122.471257519000119, 10.68854495100004 ], [ 122.471242474000064, 10.688544949000061 ], [ 122.471227431000102, 10.688542483000049 ], [ 122.471154717000104, 10.688542471000062 ], [ 122.470623599000078, 10.688645864000023 ], [ 122.47056843900009, 10.688645854000072 ], [ 122.470558409000091, 10.688643389000049 ], [ 122.470535843000107, 10.688643385000034 ], [ 122.470503249000103, 10.688635988000044 ], [ 122.470435551000037, 10.688631049000037 ], [ 122.470423015000051, 10.688628583000025 ], [ 122.470400448000078, 10.688628580000056 ], [ 122.470360332000041, 10.68862118100003 ], [ 122.47034528800009, 10.688621179000052 ], [ 122.470305171000064, 10.688611317000039 ], [ 122.470292635000078, 10.68861131500006 ], [ 122.470280098000103, 10.688608849000047 ], [ 122.470270071000073, 10.688603918000069 ], [ 122.470255027, 10.688603917000023 ], [ 122.470232461000023, 10.688594058000035 ], [ 122.470209896000028, 10.688586662000034 ], [ 122.470199868, 10.688586661000045 ], [ 122.470194852000077, 10.688584196000022 ], [ 122.470169562000024, 10.688547838000034 ], [ 122.470164339, 10.688527296000075 ], [ 122.470159114000012, 10.688517026000056 ], [ 122.470151279000106, 10.68849134900006 ], [ 122.470147663000034, 10.688233222000065 ], [ 122.470134341000062, 10.68823509200007 ], [ 122.470130535000067, 10.688381580000055 ], [ 122.470122923000076, 10.688394671000026 ], [ 122.470105161000106, 10.688398411000037 ], [ 122.47008320000009, 10.688396340000054 ], [ 122.47006490800004, 10.688398906000032 ], [ 122.469989133000013, 10.68839889700007 ], [ 122.469981295000025, 10.688404031000061 ], [ 122.46969648400011, 10.688419404000058 ], [ 122.46945005300006, 10.688442483000074 ], [ 122.469186147000073, 10.688447588000031 ], [ 122.469055505000028, 10.688429599000074 ], [ 122.46900585800006, 10.688429593000023 ], [ 122.468983460000118, 10.687899963000064 ], [ 122.46884710900008, 10.687961569000038 ], [ 122.4688366580001, 10.687961568000048 ], [ 122.468797463000101, 10.687974401000076 ], [ 122.468395089000069, 10.688059083000041 ], [ 122.468141633000073, 10.688089864000062 ], [ 122.468089375000091, 10.688100127000041 ], [ 122.46807109100007, 10.688041071000043 ], [ 122.467764837000118, 10.688118061000068 ], [ 122.467670772000019, 10.688128320000033 ], [ 122.467314602000101, 10.688146249000056 ], [ 122.467212698000026, 10.688156506000041 ], [ 122.467236213000092, 10.687976779000053 ], [ 122.466815526000119, 10.688040916000034 ], [ 122.466427689000056, 10.688102489000073 ], [ 122.466338850000056, 10.688110180000024 ], [ 122.465916989000107, 10.688120397000034 ], [ 122.465786343000104, 10.688120380000043 ], [ 122.465371896000079, 10.68812802900004 ], [ 122.465280709000012, 10.688111974000037 ], [ 122.465289118000101, 10.687999820000073 ], [ 122.465271097000027, 10.688003363000064 ], [ 122.465262689000042, 10.688182807000032 ], [ 122.465135808000014, 10.688187955000046 ], [ 122.464653349000059, 10.688207529000067 ], [ 122.464209154000059, 10.68821517300006 ], [ 122.464183025000011, 10.688220305000073 ], [ 122.464175186000034, 10.688220303000037 ], [ 122.46415950800008, 10.688225437000028 ], [ 122.464143830000012, 10.68822543400006 ], [ 122.464128152000058, 10.688233135000075 ], [ 122.464112475000093, 10.68823313300004 ], [ 122.464102023, 10.688238267000031 ], [ 122.464088957000058, 10.688238265000052 ], [ 122.464078505000089, 10.68824083100003 ], [ 122.464054987000054, 10.688251098000023 ], [ 122.463997503000087, 10.688263929000072 ], [ 122.463904263000018, 10.688248510000051 ], [ 122.463710907000063, 10.688248484000042 ], [ 122.463658646000113, 10.688256180000053 ], [ 122.463645583000016, 10.688256178000074 ], [ 122.463196155000105, 10.688292063000063 ], [ 122.462829431000046, 10.68831255300006 ], [ 122.462543825000012, 10.688335622000068 ], [ 122.462530761000039, 10.688333052000075 ], [ 122.462465438000095, 10.688333043000057 ], [ 122.462449761000016, 10.688330473000065 ], [ 122.462439309000047, 10.688330472000075 ], [ 122.462300828000025, 10.688309912000022 ], [ 122.462240731000065, 10.68830990400005 ], [ 122.46220676400003, 10.688302196000052 ], [ 122.46218586100008, 10.688302193000027 ], [ 122.4621754100001, 10.688297057000057 ], [ 122.462164958000017, 10.688297055000021 ], [ 122.462141443000064, 10.688291917000072 ], [ 122.462130991000095, 10.688291915000036 ], [ 122.462107477000018, 10.68828677700003 ], [ 122.462094411000066, 10.688286775000051 ], [ 122.462086574000068, 10.688281639000024 ], [ 122.462073509000106, 10.688279069000032 ], [ 122.46206044600001, 10.688273932000072 ], [ 122.462031704000083, 10.688266225000064 ], [ 122.462000350000039, 10.688261086000068 ], [ 122.461966382000014, 10.688261081000064 ], [ 122.461935026000106, 10.68826621200003 ], [ 122.461919349000027, 10.688266210000052 ], [ 122.461906285000055, 10.688271343000054 ], [ 122.46183312200003, 10.688271333000046 ], [ 122.46182267000006, 10.688273899000023 ], [ 122.461786089000043, 10.688273892000041 ], [ 122.46176257400009, 10.688268755000024 ], [ 122.461715542000093, 10.688263613000061 ], [ 122.461694639000029, 10.688263610000035 ], [ 122.461541891000024, 10.688291832000061 ], [ 122.461502699000107, 10.688291826000068 ], [ 122.46148702000005, 10.688294392000046 ], [ 122.461453052000024, 10.688294387000042 ], [ 122.461398179000071, 10.688304649000031 ], [ 122.461385115000098, 10.688304647000052 ], [ 122.46136943700003, 10.688309780000054 ], [ 122.461332855000023, 10.688312343000064 ], [ 122.461319790000061, 10.688317476000066 ], [ 122.460768618000088, 10.688325099000053 ], [ 122.460528229000033, 10.688325064000026 ], [ 122.460499489000085, 10.68831992500003 ], [ 122.460483810000028, 10.688319922000062 ], [ 122.46042632800004, 10.688309644000071 ], [ 122.460413263000078, 10.688309642000036 ], [ 122.460402812000098, 10.688307073000033 ], [ 122.460368844000072, 10.688307068000029 ], [ 122.459932410000079, 10.688359046000073 ], [ 122.459877565000056, 10.68837165900004 ], [ 122.459717695000109, 10.688375099000041 ], [ 122.459685021000041, 10.688369365000028 ], [ 122.459647681000092, 10.688354458000049 ], [ 122.459604503000037, 10.688345284000036 ], [ 122.459599837000042, 10.68834299100007 ], [ 122.459588166000117, 10.688340697000058 ], [ 122.459578831000044, 10.688340697000058 ], [ 122.459554326000102, 10.688332671000069 ], [ 122.459540322000066, 10.688330377000057 ], [ 122.459509983000089, 10.688320056000066 ], [ 122.459473808000098, 10.688305150000076 ], [ 122.459417795000036, 10.688291389000028 ], [ 122.45939445800002, 10.688279922000049 ], [ 122.459383954000032, 10.688273042000048 ], [ 122.459357115000103, 10.688262722000047 ], [ 122.459346614000083, 10.68826157500007 ], [ 122.459341945, 10.688259282000047 ], [ 122.45925541500003, 10.688258119000068 ], [ 122.45924496300006, 10.688260685000046 ], [ 122.459229286000095, 10.688260683000067 ], [ 122.459192705000078, 10.688268380000068 ], [ 122.45916657600003, 10.688268376000053 ], [ 122.459077836, 10.688242211000045 ], [ 122.458999960000028, 10.688243912000075 ], [ 122.458922083000061, 10.688242211000045 ], [ 122.458518857000058, 10.688269419000051 ], [ 122.458376949000012, 10.688266017000046 ], [ 122.45824196500007, 10.688254112000038 ], [ 122.457880272000011, 10.688274517000025 ], [ 122.457788742000048, 10.688293685000076 ], [ 122.457749548000038, 10.68829624600005 ], [ 122.457718192000016, 10.68830394400004 ], [ 122.457618902000036, 10.688303929000028 ], [ 122.457514582000044, 10.688301344000024 ], [ 122.457480616000112, 10.688293636000026 ], [ 122.457457098000077, 10.688293632000068 ], [ 122.457441421000112, 10.688291062000076 ], [ 122.457297711000024, 10.688291040000024 ], [ 122.457284646000062, 10.688288470000032 ], [ 122.45722193600011, 10.68828846100007 ], [ 122.457211484000027, 10.688291027000048 ], [ 122.457195807000062, 10.688291025000069 ], [ 122.457187967000095, 10.688293591000047 ], [ 122.457172289000027, 10.688293589000068 ], [ 122.457161837000058, 10.688296155000046 ], [ 122.457135709000113, 10.688296151000031 ], [ 122.457117416000074, 10.688301283000044 ], [ 122.457093900000018, 10.688301279000029 ], [ 122.457078222000064, 10.688306412000031 ], [ 122.457052092000026, 10.688308975000041 ], [ 122.457041640000057, 10.688314109000032 ], [ 122.457028574000105, 10.688316675000067 ], [ 122.457012897000027, 10.688316672000042 ], [ 122.456997219000073, 10.68831923700003 ], [ 122.456879638000032, 10.68831921900005 ], [ 122.456845669000018, 10.688324349000027 ], [ 122.456782959000066, 10.688324339000076 ], [ 122.45673854100005, 10.688314062000075 ], [ 122.456725477000077, 10.688308924000069 ], [ 122.456712413000105, 10.688306355000066 ], [ 122.456688898000039, 10.688298648000057 ], [ 122.456675835000055, 10.688290944000073 ], [ 122.456665384000075, 10.688288374000024 ], [ 122.456641870000112, 10.688275533000024 ], [ 122.456626193000034, 10.688270395000075 ], [ 122.456592227000101, 10.688265254000044 ], [ 122.45657393700003, 10.68825754900007 ], [ 122.456563485000061, 10.688257547000035 ], [ 122.456526906000022, 10.688247271000023 ], [ 122.456508617000054, 10.688247268000055 ], [ 122.456498166000074, 10.688242131000038 ], [ 122.456479875000014, 10.688239561000046 ], [ 122.456469424000034, 10.688234424000029 ], [ 122.456443296000089, 10.688229285000034 ], [ 122.456432845000109, 10.688224148000074 ], [ 122.456375363, 10.688213869000037 ], [ 122.456249943000103, 10.688213849000022 ], [ 122.456244717000118, 10.688216415000056 ], [ 122.456110793000107, 10.688240638000025 ], [ 122.455983648000029, 10.688240618000066 ], [ 122.455975028000012, 10.688244851000036 ], [ 122.455955633000031, 10.688246966000065 ], [ 122.455947013000014, 10.688251200000025 ], [ 122.455934082000113, 10.688253315000054 ], [ 122.455901755000014, 10.688263898000059 ], [ 122.455852189000097, 10.688272360000042 ], [ 122.455822020000028, 10.688272355000038 ], [ 122.45581986500008, 10.688274473000035 ], [ 122.455161444000055, 10.688235755000051 ], [ 122.454958882000028, 10.688206076000029 ], [ 122.454870532000086, 10.688178533000041 ], [ 122.454743396000026, 10.688134043000048 ], [ 122.454606123000076, 10.688079619000064 ], [ 122.454593967000051, 10.688062246000072 ], [ 122.454635639000116, 10.687863091000054 ], [ 122.454614409000101, 10.687857568000027 ], [ 122.45456230700006, 10.688027009000052 ], [ 122.454551977000051, 10.68803781500003 ], [ 122.454539614000055, 10.688038519000031 ], [ 122.454515912000033, 10.688027927000064 ], [ 122.454485742000088, 10.688021569000057 ], [ 122.45447496700001, 10.688021567000021 ], [ 122.454464193000035, 10.688019448000034 ], [ 122.454380149000031, 10.688019434000068 ], [ 122.454055686000061, 10.687941030000047 ], [ 122.453647603000036, 10.687827151000022 ], [ 122.453590279000082, 10.687801730000047 ], [ 122.453577350000046, 10.68779961000007 ], [ 122.453553648000025, 10.687791136000044 ], [ 122.453551493000077, 10.687782665000043 ], [ 122.453534258000104, 10.68775725100005 ], [ 122.453506248000053, 10.687725483000065 ], [ 122.453493322000099, 10.687708540000074 ], [ 122.453476087000013, 10.687676773000021 ], [ 122.453469624000036, 10.687668302000077 ], [ 122.453435150000018, 10.687634414000058 ], [ 122.453424376000044, 10.687632295000071 ], [ 122.453417912000077, 10.687628059000076 ], [ 122.453404983000041, 10.687625939000043 ], [ 122.453398518000085, 10.687621703000048 ], [ 122.453392053000016, 10.687621702000058 ], [ 122.453368350000119, 10.68761534500004 ], [ 122.45335757600003, 10.687615343000061 ], [ 122.453338181000049, 10.68761110500003 ], [ 122.453327406000085, 10.687611103000052 ], [ 122.453308012000093, 10.687606864000031 ], [ 122.453297238000118, 10.687602627000047 ], [ 122.453267069000049, 10.687598387000037 ], [ 122.453256294000084, 10.687598385000058 ], [ 122.45324552000011, 10.687594148000073 ], [ 122.453217505000111, 10.687592026000061 ], [ 122.453206732000012, 10.687587789000077 ], [ 122.453195958000038, 10.687587787000041 ], [ 122.453155013000014, 10.687581427000055 ], [ 122.453086054000096, 10.687581416000057 ], [ 122.452938431, 10.687587743000051 ], [ 122.452850077000107, 10.68758772800004 ], [ 122.452815598000029, 10.687581370000032 ], [ 122.452804824000054, 10.687581368000053 ], [ 122.452772500000037, 10.687575010000046 ], [ 122.452731555000014, 10.687575003000063 ], [ 122.452705698000045, 10.687570763000053 ], [ 122.452600103, 10.687570745000073 ], [ 122.452213339000082, 10.687557973000025 ], [ 122.452152999000077, 10.687557963000074 ], [ 122.452129295000077, 10.687553723000065 ], [ 122.451987066000015, 10.687553699000034 ], [ 122.451980601000059, 10.687557933000051 ], [ 122.451971981000042, 10.687560049000069 ], [ 122.451916028000028, 10.687570627000071 ], [ 122.451903099000106, 10.687570625000035 ], [ 122.451879394000116, 10.687566386000071 ], [ 122.451868620000027, 10.68756214900003 ], [ 122.451853535000055, 10.687562146000062 ], [ 122.451844916000027, 10.687557910000066 ], [ 122.451834141000063, 10.687557908000031 ], [ 122.451812594000103, 10.68755155100007 ], [ 122.451801818000035, 10.687551549000034 ], [ 122.451791043000071, 10.687549430000047 ], [ 122.451597096000114, 10.687549396000065 ], [ 122.45157770000003, 10.687553628000046 ], [ 122.451566926000055, 10.687553626000067 ], [ 122.451543220000076, 10.687557857000058 ], [ 122.451143104000039, 10.687447673000065 ], [ 122.451133506000019, 10.687360774000069 ], [ 122.450824972000078, 10.687331073000053 ], [ 122.450796960000048, 10.687320480000039 ], [ 122.450792652000018, 10.687316245000034 ], [ 122.450784034000094, 10.687299302000042 ], [ 122.450771108000026, 10.687284477000048 ], [ 122.450751712000056, 10.687284473000034 ], [ 122.450734470000043, 10.687297176000072 ], [ 122.450652581000099, 10.68729716200005 ], [ 122.450301330000116, 10.687250512000048 ], [ 122.450275472000044, 10.687237802000027 ], [ 122.450262545000101, 10.687227212000039 ], [ 122.450247460000014, 10.687225091000073 ], [ 122.45023884200009, 10.687218737000023 ], [ 122.450217292000048, 10.687218733000066 ], [ 122.450061442000106, 10.687203774000068 ], [ 122.450035584000034, 10.687195299000052 ], [ 122.450024810000059, 10.687186827000062 ], [ 122.449759757000038, 10.687140193000062 ], [ 122.449619696000013, 10.687080875000049 ], [ 122.4496110770001, 10.687076638000065 ], [ 122.44958306500007, 10.68705757500004 ], [ 122.449567981000087, 10.687051220000058 ], [ 122.44955074500001, 10.687036393000028 ], [ 122.449520579000023, 10.687019447000068 ], [ 122.449511961000098, 10.687006740000072 ], [ 122.449483952000037, 10.686977089000038 ], [ 122.44947748900006, 10.68696650000004 ], [ 122.449471025000094, 10.686960146000047 ], [ 122.449468872000011, 10.686949557000048 ], [ 122.44945379100011, 10.686926261000053 ], [ 122.449443021000093, 10.686905083000056 ], [ 122.449436558000116, 10.686898729000063 ], [ 122.449434406000023, 10.686881788000051 ], [ 122.449430097000118, 10.686871199000052 ], [ 122.449427947000117, 10.686852141000031 ], [ 122.449427952000065, 10.686818259000063 ], [ 122.449464620000072, 10.686639160000027 ], [ 122.449087445000032, 10.686687526000071 ], [ 122.449083173000076, 10.68649270700007 ], [ 122.448992661000034, 10.686501161000024 ], [ 122.448990476000063, 10.686662098000056 ], [ 122.448418263, 10.68673399100004 ], [ 122.448079500000063, 10.686772045000055 ], [ 122.447586569, 10.686793129000023 ], [ 122.447539160000019, 10.686793120000061 ], [ 122.447422789000029, 10.686816392000026 ], [ 122.447401239000101, 10.686812152000073 ], [ 122.447390465000012, 10.686807915000031 ], [ 122.447360299000024, 10.686786734000066 ], [ 122.447353837000037, 10.686780380000073 ], [ 122.44734521700002, 10.686780378000037 ], [ 122.447336597000117, 10.68677825900005 ], [ 122.447315047000075, 10.686778255000036 ], [ 122.447302118000039, 10.686776135000059 ], [ 122.44728056800011, 10.686776131000045 ], [ 122.44725470700007, 10.686782479000044 ], [ 122.447246086000064, 10.686788830000069 ], [ 122.447205139000062, 10.686801528000046 ], [ 122.447192210000026, 10.686803643000076 ], [ 122.446733347000077, 10.686924257000044 ], [ 122.446705328, 10.686941192000063 ], [ 122.446683777000089, 10.686949659000049 ], [ 122.44667731100003, 10.686956010000074 ], [ 122.446666535000077, 10.686962361000042 ], [ 122.446655759, 10.686966594000069 ], [ 122.446565250000049, 10.686966577000021 ], [ 122.446548009000026, 10.686975044000064 ], [ 122.446507063000013, 10.686985624000044 ], [ 122.446485513000084, 10.686987738000028 ], [ 122.446472582000069, 10.686991970000065 ], [ 122.446431639000025, 10.686991963000025 ], [ 122.446423019, 10.686987726000041 ], [ 122.446416555000042, 10.686981372000048 ], [ 122.446403628000098, 10.686964429000056 ], [ 122.446399322000048, 10.686947487000054 ], [ 122.446399330000077, 10.686905135000075 ], [ 122.446405801000083, 10.686877608000032 ], [ 122.446403647000011, 10.686869137000031 ], [ 122.446399339000095, 10.68686066600003 ], [ 122.446395030000076, 10.686854312000037 ], [ 122.446386413000027, 10.686847958000044 ], [ 122.446373566000034, 10.686843221000061 ], [ 122.446369173000107, 10.686841602000072 ], [ 122.4463584, 10.686839482000039 ], [ 122.446347624000055, 10.68683948000006 ], [ 122.446321767000086, 10.686833123000042 ], [ 122.446313147000069, 10.686833121000063 ], [ 122.446304527000052, 10.686828884000022 ], [ 122.446295907000035, 10.686828882000043 ], [ 122.446287288, 10.686826763000056 ], [ 122.446274360000075, 10.686820408000074 ], [ 122.4462398820001, 10.686807696000074 ], [ 122.446231263000072, 10.686801341000034 ], [ 122.446214025000018, 10.686794985000063 ], [ 122.446100201000036, 10.686739087000035 ], [ 122.446091582, 10.686732731000063 ], [ 122.446059262000063, 10.686715786000036 ], [ 122.446050643000035, 10.686709431000054 ], [ 122.446022633000098, 10.686681897000028 ], [ 122.445998932000066, 10.686667069000066 ], [ 122.445986002000041, 10.686662832000025 ], [ 122.445979539000064, 10.686662830000046 ], [ 122.445973073000118, 10.68665859400005 ], [ 122.445957989000021, 10.686658590000036 ], [ 122.445949369000118, 10.686656472000038 ], [ 122.44589118600004, 10.686656461000041 ], [ 122.445871792000048, 10.686654338000039 ], [ 122.445815764000031, 10.686643741000069 ], [ 122.44579852600009, 10.68663738500004 ], [ 122.445753274000026, 10.686626788000069 ], [ 122.445744655000112, 10.686622551000028 ], [ 122.445690783000032, 10.686607718000062 ], [ 122.445669236000072, 10.686597126000038 ], [ 122.445660616000055, 10.686595006000061 ], [ 122.445651997000027, 10.686588652000069 ], [ 122.445611055000086, 10.686580174000028 ], [ 122.445589505000044, 10.68658017000007 ], [ 122.445578731000069, 10.686578050000037 ], [ 122.445544252000104, 10.686575926000046 ], [ 122.445535633000077, 10.686571689000061 ], [ 122.445524858000113, 10.686571687000026 ], [ 122.445475299, 10.686550501000056 ], [ 122.445445130000053, 10.686539907000054 ], [ 122.445412809000118, 10.686522960000048 ], [ 122.44540419000009, 10.68652084100006 ], [ 122.445395571000063, 10.686514487000068 ], [ 122.445384797000088, 10.686510250000026 ], [ 122.445361096000056, 10.686495422000064 ], [ 122.445350322000081, 10.686493302000031 ], [ 122.445341703000054, 10.686486948000038 ], [ 122.445333083000037, 10.686486946000059 ], [ 122.44529861, 10.686461528000052 ], [ 122.445281373000057, 10.686442467000063 ], [ 122.445226914000045, 10.686343388000068 ], [ 122.445209678000083, 10.686324327000023 ], [ 122.445183822000104, 10.686303146000057 ], [ 122.445170893000068, 10.686296790000029 ], [ 122.445155810000074, 10.686286199000051 ], [ 122.445145036000099, 10.686281962000066 ], [ 122.445121333000088, 10.686277722000057 ], [ 122.445093321000058, 10.686267129000043 ], [ 122.445076081000025, 10.686262890000023 ], [ 122.445065308000039, 10.686256535000041 ], [ 122.445030829000075, 10.686245941000038 ], [ 122.444992042000081, 10.686239580000063 ], [ 122.444979111000066, 10.686239578000027 ], [ 122.444961873000011, 10.686233222000055 ], [ 122.444940323000083, 10.686231100000043 ], [ 122.444933859000116, 10.686226863000059 ], [ 122.444890760000021, 10.686224737000032 ], [ 122.444877831000099, 10.686222617000055 ], [ 122.444819650000113, 10.686209900000051 ], [ 122.444806720000088, 10.686207780000075 ], [ 122.444793791000052, 10.68620777700005 ], [ 122.444778707000069, 10.686201422000067 ], [ 122.444767933000094, 10.686195067000028 ], [ 122.444744233000051, 10.686173886000063 ], [ 122.444731304000015, 10.686167531000024 ], [ 122.444711913000106, 10.686154822000049 ], [ 122.444707603000097, 10.686148468000056 ], [ 122.444698985000059, 10.686142114000063 ], [ 122.444688212000074, 10.686131524000075 ], [ 122.444683903000055, 10.686125170000025 ], [ 122.444662358000073, 10.686106107000057 ], [ 122.444584792000114, 10.686048917000051 ], [ 122.444550316000118, 10.686025617000041 ], [ 122.444530924000105, 10.686015025000074 ], [ 122.444515842000101, 10.686002317000032 ], [ 122.444489985000018, 10.685987488000023 ], [ 122.444472748000067, 10.68597266200004 ], [ 122.444276679000041, 10.685822275000021 ], [ 122.443622972000071, 10.685839085000055 ], [ 122.443444109000097, 10.68584540300003 ], [ 122.443347132000099, 10.685858089000021 ], [ 122.443127331000028, 10.685834751000073 ], [ 122.443120872, 10.685811457000057 ], [ 122.443036834000054, 10.685783911000044 ], [ 122.442991567000036, 10.685845312000026 ], [ 122.442203443000039, 10.685796448000076 ], [ 122.44170319300008, 10.685726465000073 ], [ 122.441153016000044, 10.685638838000045 ], [ 122.440542648000019, 10.685478144000058 ], [ 122.440408345000037, 10.685460441000032 ], [ 122.440376022, 10.685454081000046 ], [ 122.440328616000102, 10.685441366000077 ], [ 122.440300604000072, 10.685430772000075 ], [ 122.440291984000055, 10.685430770000039 ], [ 122.440266127000086, 10.685426530000029 ], [ 122.440207949000069, 10.685398989000021 ], [ 122.440199329000052, 10.685396869000044 ], [ 122.439853362, 10.685194086000024 ], [ 122.439676385000098, 10.685055634000037 ], [ 122.439637600000083, 10.685038685000052 ], [ 122.439616050000041, 10.685038681000037 ], [ 122.439607433000106, 10.685034444000053 ], [ 122.439445810000052, 10.685034410000071 ], [ 122.439437191000025, 10.685032290000038 ], [ 122.439415641000096, 10.685032286000023 ], [ 122.439361770000119, 10.685021686000027 ], [ 122.439342375000024, 10.68502168200007 ], [ 122.439307897000049, 10.685015322000027 ], [ 122.439299278000021, 10.685015320000048 ], [ 122.438967436000098, 10.684905789000027 ], [ 122.438791321000053, 10.684872161000044 ], [ 122.438778391000028, 10.684872158000076 ], [ 122.438765462000106, 10.684870038000042 ], [ 122.438754688000017, 10.684865800000068 ], [ 122.438720209000053, 10.684863675000031 ], [ 122.438692196000034, 10.684859434000032 ], [ 122.438662028000067, 10.684857310000041 ], [ 122.438634015000048, 10.684850951000044 ], [ 122.438610309000069, 10.68485094600004 ], [ 122.438567212000066, 10.684842467000067 ], [ 122.438556437000102, 10.684842464000042 ], [ 122.438549974000011, 10.684838228000046 ], [ 122.438534890000028, 10.684836107000024 ], [ 122.438502568000104, 10.684823394000034 ], [ 122.438481019000051, 10.684819155000071 ], [ 122.438461627000038, 10.684810680000055 ], [ 122.438453007000021, 10.684810678000076 ], [ 122.438433614000019, 10.68480220400005 ], [ 122.438414221000016, 10.68479796400004 ], [ 122.438403447000042, 10.684793727000056 ], [ 122.438392673000067, 10.684793724000031 ], [ 122.438381900000081, 10.684787369000048 ], [ 122.438371126000106, 10.684785249000072 ], [ 122.438360351000028, 10.68478101200003 ], [ 122.438351731000012, 10.684781010000052 ], [ 122.438343113000087, 10.684776773000067 ], [ 122.438306481000041, 10.684768295000026 ], [ 122.438300015000095, 10.684768293000047 ], [ 122.438252609000074, 10.684753460000024 ], [ 122.438230725000039, 10.684753604000036 ], [ 122.438280320000104, 10.684615971000028 ], [ 122.438263081000059, 10.684609615000056 ], [ 122.43820486300001, 10.68476630400005 ], [ 122.438140236000095, 10.68466888100005 ], [ 122.438088517000097, 10.684670987000061 ], [ 122.438082050000048, 10.684677338000029 ], [ 122.43807773900005, 10.68468580800004 ], [ 122.438064805000067, 10.684702746000028 ], [ 122.438028166000095, 10.684728149000023 ], [ 122.43800877000001, 10.684732380000071 ], [ 122.438000149000118, 10.684736613000041 ], [ 122.437926881000067, 10.68473659700004 ], [ 122.43786870100007, 10.684723879000046 ], [ 122.437816982000072, 10.684721750000051 ], [ 122.437808362000055, 10.684719631000064 ], [ 122.43774802400003, 10.684719617000042 ], [ 122.437735095000107, 10.684717497000065 ], [ 122.437713545000065, 10.684717492000061 ], [ 122.437704926000038, 10.684715373000074 ], [ 122.437691996000012, 10.684715370000049 ], [ 122.437657519000027, 10.684706892000065 ], [ 122.437646745000052, 10.684702655000024 ], [ 122.437635970000088, 10.684702652000055 ], [ 122.437625196000113, 10.684698415000071 ], [ 122.437477329000103, 10.684671838000042 ], [ 122.437469519000047, 10.684671836000064 ], [ 122.437461711000083, 10.684667997000076 ], [ 122.4374480460001, 10.684656483000026 ], [ 122.437420717, 10.684643047000066 ], [ 122.437410955000018, 10.684641126000031 ], [ 122.437391432000027, 10.684633448000056 ], [ 122.437364099000092, 10.684627686000056 ], [ 122.437342624000053, 10.684620007000035 ], [ 122.437305533000085, 10.68460273200003 ], [ 122.437227448000044, 10.684550914000056 ], [ 122.437192310000114, 10.684531720000052 ], [ 122.43718254700002, 10.684529800000064 ], [ 122.43724506600006, 10.68434946900004 ], [ 122.437239417000114, 10.684348278000073 ], [ 122.437217733000011, 10.684343707000039 ], [ 122.437216016000093, 10.684348278000073 ], [ 122.43714349600009, 10.68454130300006 ], [ 122.437108354000088, 10.684535539000024 ], [ 122.437094693000063, 10.684516350000024 ], [ 122.437069314000041, 10.684500995000064 ], [ 122.437057600000117, 10.684499075000076 ], [ 122.436987314000021, 10.684499060000064 ], [ 122.43697755200003, 10.684495220000031 ], [ 122.436958028000049, 10.684493298000064 ], [ 122.436950219000096, 10.684489459000076 ], [ 122.43693655300001, 10.684487537000052 ], [ 122.436924840000074, 10.684481779000066 ], [ 122.436915078000084, 10.68448177700003 ], [ 122.436889699000062, 10.684474097000077 ], [ 122.436846750000086, 10.684456820000037 ], [ 122.436840892000077, 10.684452982000039 ], [ 122.436829179000028, 10.684451061000061 ], [ 122.436819417000038, 10.684445303000075 ], [ 122.436815513000056, 10.684445302000029 ], [ 122.436774518000107, 10.684418433000076 ], [ 122.436756949000028, 10.684410755000044 ], [ 122.436743284000045, 10.68440115900006 ], [ 122.436735475000091, 10.684399239000072 ], [ 122.436719857000071, 10.684387724000032 ], [ 122.436704239000051, 10.684380046000058 ], [ 122.436686670000086, 10.684368531000075 ], [ 122.436678861000019, 10.684364692000031 ], [ 122.436674957000037, 10.684364691000042 ], [ 122.436678113000085, 10.684348278000073 ], [ 122.43669008400002, 10.684286034000024 ], [ 122.436529995000114, 10.684247627000047 ], [ 122.436520227000074, 10.684270647000062 ], [ 122.436435786000061, 10.684239932000025 ], [ 122.436390889000108, 10.684209225000075 ], [ 122.436361608000084, 10.684186195000052 ], [ 122.436351846000093, 10.684182356000065 ], [ 122.436320612000031, 10.684161245000041 ], [ 122.436194116000024, 10.684120322000069 ], [ 122.436186306000081, 10.684120320000034 ], [ 122.43617654500008, 10.684116481000046 ], [ 122.43616678300009, 10.684116479000068 ], [ 122.436158974000023, 10.684114559000022 ], [ 122.436137497000118, 10.684114554000075 ], [ 122.43612969000003, 10.684110715000031 ], [ 122.436059402000069, 10.68411069900003 ], [ 122.436057450000021, 10.684112617000039 ], [ 122.436034020000079, 10.684116449000044 ], [ 122.436008638000089, 10.68411644400004 ], [ 122.435973495000098, 10.684112599000059 ], [ 122.435963734000097, 10.684108759000026 ], [ 122.435946165000018, 10.684097244000043 ], [ 122.435938356000065, 10.684095324000054 ], [ 122.435932501000025, 10.684091485000067 ], [ 122.435920786000111, 10.684089564000033 ], [ 122.435911026000099, 10.684085725000045 ], [ 122.435870025000099, 10.684083797000028 ], [ 122.435836835000032, 10.684078034000038 ], [ 122.435819266000067, 10.684062681000057 ], [ 122.435801697000102, 10.684053085000073 ], [ 122.43579193700009, 10.684045408000031 ], [ 122.435784127000034, 10.684043488000043 ], [ 122.435778271000117, 10.684039649000056 ], [ 122.435768509000013, 10.684037729000067 ], [ 122.435725557000069, 10.684037719000059 ], [ 122.435711891000096, 10.684035797000035 ], [ 122.43570408100004, 10.684031958000048 ], [ 122.435692367000115, 10.68403003700007 ], [ 122.435676751000074, 10.68402044100003 ], [ 122.43566894300011, 10.684012765000034 ], [ 122.435663085000101, 10.684010845000046 ], [ 122.43564746900006, 10.684001249000062 ], [ 122.435631851000039, 10.683989734000022 ], [ 122.435604523000052, 10.683964786000047 ], [ 122.43557914500002, 10.683949432000077 ], [ 122.435569385, 10.683941755000035 ], [ 122.435540102000118, 10.683926400000075 ], [ 122.435532294000041, 10.683920643000022 ], [ 122.435504963000085, 10.683907206000072 ], [ 122.435479584000063, 10.683895689000053 ], [ 122.435462013, 10.683889930000021 ], [ 122.435444444000041, 10.683880333000047 ], [ 122.435502583000016, 10.683694726000056 ], [ 122.435485014000051, 10.683687048000024 ], [ 122.435442032000083, 10.683807908000063 ], [ 122.435397128000091, 10.683804060000057 ], [ 122.435393224000109, 10.683800222000059 ], [ 122.435381509000081, 10.683800220000023 ], [ 122.43537174800008, 10.683796380000047 ], [ 122.435360034000041, 10.683794459000069 ], [ 122.435346369000058, 10.683788700000036 ], [ 122.435317085000065, 10.683782938000036 ], [ 122.435235084000055, 10.683782920000056 ], [ 122.435196031000032, 10.683796341000061 ], [ 122.435178459000099, 10.683804011000063 ], [ 122.435160885000073, 10.683807844000057 ], [ 122.435158933000025, 10.683809762000067 ], [ 122.435145265000074, 10.68381359600005 ], [ 122.435137455000017, 10.683813594000071 ], [ 122.435119882000095, 10.683817428000054 ], [ 122.435100358000113, 10.68381742300005 ], [ 122.43509059500002, 10.683821258000023 ], [ 122.435078880000106, 10.683821255000055 ], [ 122.435045688000059, 10.683827004000022 ], [ 122.434957829000041, 10.683826984000063 ], [ 122.434946113000024, 10.683830818000047 ], [ 122.434926589000042, 10.683830813000043 ], [ 122.434914875000118, 10.683832730000063 ], [ 122.434856302000071, 10.68383271600004 ], [ 122.43477701200004, 10.683828861000052 ], [ 122.434749679000106, 10.68382501800005 ], [ 122.434571602, 10.683824353000034 ], [ 122.434558144000107, 10.683833794000066 ], [ 122.434552374000077, 10.683850792000044 ], [ 122.434502874000032, 10.683859526000049 ], [ 122.434484526, 10.683859523000024 ], [ 122.434469847000059, 10.683855914000048 ], [ 122.434455168000113, 10.683855911000023 ], [ 122.434440491000032, 10.68384869700003 ], [ 122.434392784000011, 10.683848689000058 ], [ 122.434282697000071, 10.68382342700005 ], [ 122.434246005000091, 10.683805390000032 ], [ 122.434223987000109, 10.683801780000067 ], [ 122.434201969000014, 10.683794564000038 ], [ 122.434190962000116, 10.683787350000046 ], [ 122.43417261500008, 10.683780135000063 ], [ 122.434157938000112, 10.683769314000074 ], [ 122.434143259000052, 10.683762099000035 ], [ 122.434106566000082, 10.683747668000024 ], [ 122.434043659000054, 10.683711439000035 ], [ 122.434027349000075, 10.683702046000064 ], [ 122.433998459, 10.683687845000065 ], [ 122.433969568000066, 10.683678376000046 ], [ 122.433955123000032, 10.683678374000067 ] ] ] ] } }
]
}
