{
"type": "FeatureCollection",
"name": "021126_POI_CriticalFacilities",
"crs": { "type": "name", "properties": { "name": "urn:ogc:def:crs:OGC:1.3:CRS84" } },
"features": [
{ "type": "Feature", "properties": { "name": "Green International Technological College", "type": "Education", "address": "St. Clements College Building, Luna St, La Paz, Iloilo City, Iloilo", "facebook": "https://www.facebook.com/cncenglish/", "url": "http://gitc.edu.ph", "contact_mobile": null, "contact_landline": "(033) 327 6380", "email": "gitceducom@gmail.com", "logo": "https://drive.google.com/file/d/1htje2z5wL0NLtw5fFMQQDc2aG_X52tjL/view?usp=sharing", "latitude": 10.708997, "longitude": 122.564663, "region": "Region VI (Western Visayas)", "province": "Iloilo", "municity": "Iloilo City", "district": "La Paz", "barangay": "Bantud", "category": "DRRM" }, "geometry": { "type": "Point", "coordinates": [ 122.564663, 10.708997 ] } },
{ "type": "Feature", "properties": { "name": "St. Clement's Church - Redemptorists Iloilo", "type": "Faith-Based", "address": "PH68+23P, Luna St, La Paz, Iloilo City, 5000 Iloilo", "facebook": "https://www.facebook.com/stclementschurchiloilo/", "url": "https://stclementsiloilo.wordpress.com/", "contact_mobile": null, "contact_landline": "(033) 323 1568", "email": "redemptorist.iloilo@gmail.com", "logo": "https://drive.google.com/file/d/1U0cndiK00x4R-c2r1Wd83BqtAWrIBSSR/view?usp=sharing", "latitude": 10.710095, "longitude": 122.565196, "region": "Region VI (Western Visayas)", "province": "Iloilo", "municity": "Iloilo City", "district": "La Paz", "barangay": "Bantud", "category": "DRRM" }, "geometry": { "type": "Point", "coordinates": [ 122.565196, 10.710095 ] } },
{ "type": "Feature", "properties": { "name": "Rima Tanod Outpost", "type": "Emergency Response", "address": "Rima Tanod Outpost, Rima, Iloilo City Proper, Iloilo City, 5000 Iloilo", "facebook": null, "url": null, "contact_mobile": "0946 154 7538", "contact_landline": null, "email": null, "logo": null, "latitude": 10.691586, "longitude": 122.565522, "region": "Region VI (Western Visayas)", "province": "Iloilo", "municity": "Iloilo City", "district": "City Proper", "barangay": "Rima-Rizal", "category": "DRRM" }, "geometry": { "type": "Point", "coordinates": [ 122.565522, 10.691586 ] } },
{ "type": "Feature", "properties": { "name": "Sulanga Multi-Purpose Hall", "type": "Multipurpose Hall", "address": "WG42+H4J, Cabatuan, Iloilo", "facebook": null, "url": null, "contact_mobile": null, "contact_landline": null, "email": null, "logo": null, "latitude": 10.906465, "longitude": 122.500261, "region": "Region VI (Western Visayas)", "province": "Iloilo", "municity": "Cabatuan", "district": null, "barangay": "Sulanga", "category": "DRRM" }, "geometry": { "type": "Point", "coordinates": [ 122.500261, 10.906465 ] } },
{ "type": "Feature", "properties": { "name": "Mansaya-Lapuz Barangay Hall", "type": "Government", "address": "Lapuz-Mansaya-Loboc Road, Lapuz, Iloilo City, Iloilo", "facebook": null, "url": null, "contact_mobile": null, "contact_landline": "(033) 300 6745", "email": null, "logo": null, "latitude": 10.698708, "longitude": 122.582922, "region": "Region VI (Western Visayas)", "province": "Iloilo", "municity": "Iloilo City", "district": "Lapuz", "barangay": "Mansaya-Lapuz", "category": "DRRM" }, "geometry": { "type": "Point", "coordinates": [ 122.582922, 10.698708 ] } },
{ "type": "Feature", "properties": { "name": "Sto. Rosario Barangay Hall and Evacuation Center", "type": "Multipurpose Hall", "address": "MHQH+R2Q Sto. Rosario Barangay Hall and Evacuation Center, Duran St, Iloilo City Proper, Iloilo City, Iloilo", "facebook": null, "url": null, "contact_mobile": null, "contact_landline": null, "email": null, "logo": null, "latitude": 10.689583, "longitude": 122.577617, "region": "Region VI (Western Visayas)", "province": "Iloilo", "municity": "Iloilo City", "district": "City Proper", "barangay": "Veterans Village", "category": "DRRM" }, "geometry": { "type": "Point", "coordinates": [ 122.577617, 10.689583 ] } },
{ "type": "Feature", "properties": { "name": "Sto. Rosario Barangay Hall and Evacuation Center", "type": "Emergency Response", "address": "MHQH+R2Q Sto. Rosario Barangay Hall and Evacuation Center, Duran St, Iloilo City Proper, Iloilo City, Iloilo", "facebook": null, "url": null, "contact_mobile": null, "contact_landline": null, "email": null, "logo": null, "latitude": 10.689583, "longitude": 122.577617, "region": "Region VI (Western Visayas)", "province": "Iloilo", "municity": "Iloilo City", "district": "City Proper", "barangay": "Veterans Village", "category": "DRRM" }, "geometry": { "type": "Point", "coordinates": [ 122.577617, 10.689583 ] } },
{ "type": "Feature", "properties": { "name": "Veterans Village Barangay Hall", "type": "Government", "address": "Veterans Village Barangay Hall, Iloilo City Proper, Iloilo City, Iloilo", "facebook": null, "url": null, "contact_mobile": null, "contact_landline": null, "email": null, "logo": null, "latitude": 10.69176, "longitude": 122.578636, "region": "Region VI (Western Visayas)", "province": "Iloilo", "municity": "Iloilo City", "district": "City Proper", "barangay": "Veterans Village", "category": "DRRM" }, "geometry": { "type": "Point", "coordinates": [ 122.578636, 10.69176 ] } },
{ "type": "Feature", "properties": { "name": "Iloilo City Fire Station", "type": "Emergency Response", "address": "Zone 7, Fort San Pedro Drive, Veterans Village, City Proper, Iloilo City, Philippines, 5000", "facebook": "https://www.facebook.com/bfpr6iloiloprovincialoffice/", "url": null, "contact_mobile": "0928 306 3403", "contact_landline": "(033) 500-5026", "email": "iloilo.opfm@gmail.com", "logo": null, "latitude": 10.689268, "longitude": 122.581535, "region": "Region VI (Western Visayas)", "province": "Iloilo", "municity": "Iloilo City", "district": "City Proper", "barangay": "Veterans Village", "category": "DRRM" }, "geometry": { "type": "Point", "coordinates": [ 122.581535, 10.689268 ] } },
{ "type": "Feature", "properties": { "name": "Philipine National Police - RD PRO 6", "type": "Emergency Response", "address": "Camp Martin Delgado, Fort San Pedro Drive, Iloilo City, 5000, Iloilo", "facebook": "https://www.facebook.com/officialfbpnpprosix/", "url": null, "contact_mobile": "0998 598 6101", "contact_landline": "(033) 333 3906", "email": "prosix.olcims@gmail.com", "logo": "https://drive.google.com/file/d/1VFk7bic8618V2ye8FdBOdNja4Cx1cOIA/view?usp=sharing", "latitude": 10.691172, "longitude": 122.5806, "region": "Region VI (Western Visayas)", "province": "Iloilo", "municity": "Iloilo City", "district": "City Proper", "barangay": "Veterans Village", "category": "DRRM" }, "geometry": { "type": "Point", "coordinates": [ 122.5806, 10.691172 ] } },
{ "type": "Feature", "properties": { "name": "Department of Education - Regional Office 6", "type": "Government", "address": "MHRH+V39 Department of Education - Regional Office 6 - Western Visayas, Duran St, Iloilo City Proper, Iloilo City, 5000 Iloilo", "facebook": null, "url": "https://www.deped.gov.ph/", "contact_mobile": null, "contact_landline": "(033) 335 0207", "email": null, "logo": null, "latitude": 10.692159, "longitude": 122.577749, "region": "Region VI (Western Visayas)", "province": "Iloilo", "municity": "Iloilo City", "district": "City Proper", "barangay": "Zamora-Melliza", "category": "DRRM" }, "geometry": { "type": "Point", "coordinates": [ 122.577749, 10.692159 ] } },
{ "type": "Feature", "properties": { "name": "DOLE RO6", "type": "Government", "address": "DOLE RO6, Brgy, Kuang Da Building, De la Rama St, Iloilo City", "facebook": null, "url": null, "contact_mobile": null, "contact_landline": "(033) 320 8024", "email": null, "logo": null, "latitude": 10.694244, "longitude": 122.574625, "region": "Region VI (Western Visayas)", "province": "Iloilo", "municity": "Iloilo City", "district": "City Proper", "barangay": "Zamora-Melliza", "category": "DRRM" }, "geometry": { "type": "Point", "coordinates": [ 122.574625, 10.694244 ] } },
{ "type": "Feature", "properties": { "name": "TESDA Provincial Office", "type": "Government", "address": "MHVG+PM3 TESDA Provincial Office, Zamora St, Iloilo City Proper, Iloilo City, 5000 Iloilo", "facebook": null, "url": "https://www.tesda.gov.ph/", "contact_mobile": null, "contact_landline": "(033) 337 9868", "email": null, "logo": null, "latitude": 10.69425, "longitude": 122.576682, "region": "Region VI (Western Visayas)", "province": "Iloilo", "municity": "Iloilo City", "district": "City Proper", "barangay": "Zamora-Melliza", "category": "DRRM" }, "geometry": { "type": "Point", "coordinates": [ 122.576682, 10.69425 ] } },
{ "type": "Feature", "properties": { "name": "TESDA Regional Office VI", "type": "Government", "address": "TESDA Regional Office VI, 123 Zamora St, Iloilo City Proper, Iloilo City, Iloilo", "facebook": null, "url": "https://www.tesdar6.ph/", "contact_mobile": null, "contact_landline": null, "email": null, "logo": null, "latitude": 10.693859, "longitude": 122.576644, "region": "Region VI (Western Visayas)", "province": "Iloilo", "municity": "Iloilo City", "district": "City Proper", "barangay": "Zamora-Melliza", "category": "DRRM" }, "geometry": { "type": "Point", "coordinates": [ 122.576644, 10.693859 ] } },
{ "type": "Feature", "properties": { "name": "Zamora-Melliza Barangay Hall", "type": "Government", "address": "MHVG+Q7V Zamora-Melliza Barangay Hall, Iloilo City Proper, Iloilo City, 5000 Iloilo", "facebook": null, "url": null, "contact_mobile": null, "contact_landline": null, "email": null, "logo": null, "latitude": 10.694482, "longitude": 122.575686, "region": "Region VI (Western Visayas)", "province": "Iloilo", "municity": "Iloilo City", "district": "City Proper", "barangay": "Zamora-Melliza", "category": "DRRM" }, "geometry": { "type": "Point", "coordinates": [ 122.575686, 10.694482 ] } },
{ "type": "Feature", "properties": { "name": "HEALTH AND NUTRITION UNIT", "type": "Government", "address": "HEALTH AND NUTRITION UNIT, PESS Division, 6 Duran St, Iloilo City Proper, Iloilo City, 5000 Iloilo", "facebook": null, "url": null, "contact_mobile": null, "contact_landline": null, "email": null, "logo": null, "latitude": 10.692055, "longitude": 122.577662, "region": "Region VI (Western Visayas)", "province": "Iloilo", "municity": "Iloilo City", "district": "City Proper", "barangay": "Zamora-Melliza", "category": "DRRM" }, "geometry": { "type": "Point", "coordinates": [ 122.577662, 10.692055 ] } },
{ "type": "Feature", "properties": { "name": "Department Of Information And Communications Technology Regional Office VI,", "type": "Government", "address": "DICT Compound, 41 Zamora St, Iloilo City Proper, Iloilo City, 5000 Iloilo", "facebook": null, "url": null, "contact_mobile": null, "contact_landline": "(033) 337 0583", "email": null, "logo": null, "latitude": 10.693899, "longitude": 122.57753, "region": "Region VI (Western Visayas)", "province": "Iloilo", "municity": "Iloilo City", "district": "City Proper", "barangay": "Zamora-Melliza", "category": "DRRM" }, "geometry": { "type": "Point", "coordinates": [ 122.57753, 10.693899 ] } },
{ "type": "Feature", "properties": { "name": "San Jose Placer Parish Church", "type": "Faith-Based", "address": "5000 Calasanz St, Iloilo City Proper, Iloilo City, Iloilo", "facebook": "https://www.facebook.com/SanJoseparishplacer/", "url": "https://sanjosedeiloilo.info-aid.net/", "contact_mobile": null, "contact_landline": "(033) 336 4802", "email": "sanjoseparishplacer@gmail.com", "logo": "https://drive.google.com/file/d/1zNVQJVtv_k39pQe-fvlNIBGQYBCFZZdB/view?usp=sharing", "latitude": 10.693278, "longitude": 122.574541, "region": "Region VI (Western Visayas)", "province": "Iloilo", "municity": "Iloilo City", "district": "City Proper", "barangay": "Zamora-Melliza", "category": "DRRM" }, "geometry": { "type": "Point", "coordinates": [ 122.574541, 10.693278 ] } },
{ "type": "Feature", "properties": { "name": "Plaza Libertad", "type": "Parks and Open Space", "address": "Plaza Libertad Zamora St, Iloilo City Proper, Iloilo City, 5000 Iloilo", "facebook": null, "url": null, "contact_mobile": null, "contact_landline": "775888", "email": null, "logo": null, "latitude": 10.692571, "longitude": 122.573711, "region": "Region VI (Western Visayas)", "province": "Iloilo", "municity": "Iloilo City", "district": "City Proper", "barangay": "Zamora-Melliza", "category": "DRRM" }, "geometry": { "type": "Point", "coordinates": [ 122.573711, 10.692571 ] } },
{ "type": "Feature", "properties": { "name": "Faith Center Church", "type": "Faith-Based", "address": "QGP4+RX2, Santa Barbara, Iloilo", "facebook": null, "url": null, "contact_mobile": null, "contact_landline": null, "email": null, "logo": null, "latitude": 10.787023, "longitude": 122.507388, "region": "Region VI (Western Visayas)", "province": "Iloilo", "municity": "Santa Barbara", "district": null, "barangay": "Tagsing", "category": "DRRM" }, "geometry": { "type": "Point", "coordinates": [ 122.507388, 10.787023 ] } },
{ "type": "Feature", "properties": { "name": "Balabag-Jibao-an Elementary School", "type": "Education", "address": "Balabag-Jibao-an Elementary School, Oton - San Jose-Santa Barbara Rd, Santa Barbara, Iloilo", "facebook": "https://www.facebook.com/balabagjibaoan.elementaryschool/", "url": null, "contact_mobile": null, "contact_landline": null, "email": null, "logo": "https://drive.google.com/file/d/1oU75_nGuetKMnXq6nw3zpfLnWDXIRMaf/view?usp=sharing", "latitude": 10.776135, "longitude": 122.50323, "region": "Region VI (Western Visayas)", "province": "Iloilo", "municity": "Santa Barbara", "district": null, "barangay": "Jibao-an", "category": "DRRM" }, "geometry": { "type": "Point", "coordinates": [ 122.50323, 10.776135 ] } },
{ "type": "Feature", "properties": { "name": "Brgy. Balabag, Sta. Barbara, Iloilo Barangay Hall", "type": "Government", "address": "QGC6+X9G, Santa Barbara, Iloilo", "facebook": null, "url": null, "contact_mobile": null, "contact_landline": null, "email": null, "logo": null, "latitude": 10.772426, "longitude": 122.510958, "region": "Region VI (Western Visayas)", "province": "Iloilo", "municity": "Santa Barbara", "district": null, "barangay": "Balabag", "category": "DRRM" }, "geometry": { "type": "Point", "coordinates": [ 122.510958, 10.772426 ] } },
{ "type": "Feature", "properties": { "name": "St Joseph The Worker Church", "type": "Faith-Based", "address": "QGF5+Q2J, Santa Barbara, Iloilo", "facebook": null, "url": null, "contact_mobile": null, "contact_landline": null, "email": null, "logo": null, "latitude": 10.774466, "longitude": 122.50751, "region": "Region VI (Western Visayas)", "province": "Iloilo", "municity": "Santa Barbara", "district": null, "barangay": "Balabag", "category": "DRRM" }, "geometry": { "type": "Point", "coordinates": [ 122.50751, 10.774466 ] } },
{ "type": "Feature", "properties": { "name": "DPWH Iloilo 4th District Engineering Office", "type": "Government", "address": "RG6J+R92, Santa Barbara, 5002 Iloilo", "facebook": null, "url": "https://www.dpwh.gov.ph/dpwh/", "contact_mobile": null, "contact_landline": "(033) 523 4557", "email": null, "logo": null, "latitude": 10.812007, "longitude": 122.530877, "region": "Region VI (Western Visayas)", "province": "Iloilo", "municity": "Santa Barbara", "district": null, "barangay": "Bolong Este", "category": "DRRM" }, "geometry": { "type": "Point", "coordinates": [ 122.530877, 10.812007 ] } },
{ "type": "Feature", "properties": { "name": "Brgy. Bulay Multipurpose Hall", "type": "Multipurpose Hall", "address": "WFGH+QP6, Brgy, Cabatuan, Iloilo", "facebook": null, "url": null, "contact_mobile": null, "contact_landline": null, "email": null, "logo": null, "latitude": 10.926916, "longitude": 122.479274, "region": "Region VI (Western Visayas)", "province": "Iloilo", "municity": "Cabatuan", "district": null, "barangay": "Bulay", "category": "DRRM" }, "geometry": { "type": "Point", "coordinates": [ 122.479274, 10.926916 ] } },
{ "type": "Feature", "properties": { "name": "Brgy. Acao Multi -Purpose Gym", "type": "Multipurpose Hall", "address": "RFX6+JQF, Cabatuan, Iloilo", "facebook": null, "url": null, "contact_mobile": null, "contact_landline": null, "email": null, "logo": null, "latitude": 10.848936, "longitude": 122.461895, "region": "Region VI (Western Visayas)", "province": "Iloilo", "municity": "Cabatuan", "district": null, "barangay": "Acao", "category": "DRRM" }, "geometry": { "type": "Point", "coordinates": [ 122.461895, 10.848936 ] } },
{ "type": "Feature", "properties": { "name": "National Bureau of Investigation- Pavia", "type": "Government", "address": "QG3Q+85M, Pavia, Iloilo", "facebook": null, "url": null, "contact_mobile": null, "contact_landline": null, "email": null, "logo": null, "latitude": 10.753347, "longitude": 122.537932, "region": "Region VI (Western Visayas)", "province": "Iloilo", "municity": "Pavia", "district": null, "barangay": "Ungka II", "category": "DRRM" }, "geometry": { "type": "Point", "coordinates": [ 122.537932, 10.753347 ] } },
{ "type": "Feature", "properties": { "name": "Ungka 2 Barangay Hall", "type": "Government", "address": "QG2Q+X3R, Pavia, Iloilo", "facebook": null, "url": null, "contact_mobile": null, "contact_landline": null, "email": null, "logo": null, "latitude": 10.752499, "longitude": 122.537651, "region": "Region VI (Western Visayas)", "province": "Iloilo", "municity": "Pavia", "district": null, "barangay": "Ungka II", "category": "DRRM" }, "geometry": { "type": "Point", "coordinates": [ 122.537651, 10.752499 ] } },
{ "type": "Feature", "properties": { "name": "Tanod Outpost", "type": "Emergency Response", "address": "QG3Q+526 Pavia, Iloilo City, 5001 Iloilo", "facebook": null, "url": null, "contact_mobile": null, "contact_landline": null, "email": null, "logo": null, "latitude": 10.752915, "longitude": 122.537505, "region": "Region VI (Western Visayas)", "province": "Iloilo", "municity": "Pavia", "district": null, "barangay": "Ungka II", "category": "DRRM" }, "geometry": { "type": "Point", "coordinates": [ 122.537505, 10.752915 ] } },
{ "type": "Feature", "properties": { "name": "Brgy. Ungka II Covered Gym", "type": "Multipurpose Hall", "address": "Ungka Old Railway Rd, Pavia, Iloilo", "facebook": null, "url": null, "contact_mobile": null, "contact_landline": null, "email": null, "logo": null, "latitude": 10.753565, "longitude": 122.537083, "region": "Region VI (Western Visayas)", "province": "Iloilo", "municity": "Pavia", "district": null, "barangay": "Ungka II", "category": "DRRM" }, "geometry": { "type": "Point", "coordinates": [ 122.537083, 10.753565 ] } },
{ "type": "Feature", "properties": { "name": "Cybergate Iloilo Tower 1", "type": "Telecommunication", "address": "QG3R+48X, The Philippines, Pavia, Metro Iloilo", "facebook": null, "url": null, "contact_mobile": null, "contact_landline": null, "email": null, "logo": null, "latitude": 10.752874, "longitude": 122.540867, "region": "Region VI (Western Visayas)", "province": "Iloilo", "municity": "Pavia", "district": null, "barangay": "Ungka II", "category": "DRRM" }, "geometry": { "type": "Point", "coordinates": [ 122.540867, 10.752874 ] } },
{ "type": "Feature", "properties": { "name": "Cybergate Iloilo Towers", "type": "Telecommunication", "address": "QG3R+48X, The Philippines, Pavia, Metro Iloilo", "facebook": null, "url": null, "contact_mobile": null, "contact_landline": null, "email": null, "logo": null, "latitude": 10.752874, "longitude": 122.540867, "region": "Region VI (Western Visayas)", "province": "Iloilo", "municity": "Pavia", "district": null, "barangay": "Ungka II", "category": "DRRM" }, "geometry": { "type": "Point", "coordinates": [ 122.540867, 10.752874 ] } },
{ "type": "Feature", "properties": { "name": "Pavia Church Of The Nazarene", "type": "Faith-Based", "address": "QG3P+5MP, Iloilo City, 5001 Iloilo", "facebook": null, "url": null, "contact_mobile": null, "contact_landline": null, "email": null, "logo": null, "latitude": 10.752968, "longitude": 122.536689, "region": "Region VI (Western Visayas)", "province": "Iloilo", "municity": "Pavia", "district": null, "barangay": "Ungka II", "category": "DRRM" }, "geometry": { "type": "Point", "coordinates": [ 122.536689, 10.752968 ] } },
{ "type": "Feature", "properties": { "name": "First Baptist Church", "type": "Faith-Based", "address": "QG2M+RQ7, Pavia, Iloilo", "facebook": null, "url": null, "contact_mobile": "0921 285 8452", "contact_landline": null, "email": null, "logo": null, "latitude": 10.752044, "longitude": 122.534409, "region": "Region VI (Western Visayas)", "province": "Iloilo", "municity": "Pavia", "district": null, "barangay": "Ungka II", "category": "DRRM" }, "geometry": { "type": "Point", "coordinates": [ 122.534409, 10.752044 ] } },
{ "type": "Feature", "properties": { "name": "Brgy Anuang Brgy Hall", "type": "Government", "address": "VGV6+WJQ, Cabatuan, Iloilo", "facebook": null, "url": null, "contact_mobile": null, "contact_landline": null, "email": null, "logo": null, "latitude": 10.894849, "longitude": 122.511625, "region": "Region VI (Western Visayas)", "province": "Iloilo", "municity": "Cabatuan", "district": null, "barangay": "Anuang", "category": "DRRM" }, "geometry": { "type": "Point", "coordinates": [ 122.511625, 10.894849 ] } },
{ "type": "Feature", "properties": { "name": "Aganan Barangay Hall and Evacuation Center", "type": "Government", "address": "QGCP+7FC, Vice President Fernando, Lopez Avenue, Pavia, Iloilo", "facebook": null, "url": null, "contact_mobile": null, "contact_landline": null, "email": null, "logo": null, "latitude": 10.770684, "longitude": 122.536148, "region": "Region VI (Western Visayas)", "province": "Iloilo", "municity": "Pavia", "district": null, "barangay": "Aganan", "category": "DRRM" }, "geometry": { "type": "Point", "coordinates": [ 122.536148, 10.770684 ] } },
{ "type": "Feature", "properties": { "name": "Aganan Barangay Hall and Evacuation Center", "type": "Emergency Response", "address": "QGCP+7FC, Vice President Fernando, Lopez Avenue, Pavia, Iloilo", "facebook": null, "url": null, "contact_mobile": null, "contact_landline": null, "email": null, "logo": null, "latitude": 10.770684, "longitude": 122.536148, "region": "Region VI (Western Visayas)", "province": "Iloilo", "municity": "Pavia", "district": null, "barangay": "Aganan", "category": "DRRM" }, "geometry": { "type": "Point", "coordinates": [ 122.536148, 10.770684 ] } },
{ "type": "Feature", "properties": { "name": "BP Waterworks, Inc. - Iloilo Office", "type": "Water Supply and Distribution", "address": "Unit 1B-5B, 2nd Floor, 5J’s Commercial Bldg Zone 7, Road 8, Don Julio Subd, Pavia, Iloilo", "facebook": null, "url": "https://bpwaterworks.com/", "contact_mobile": "(033) 338 2853", "contact_landline": null, "email": null, "logo": null, "latitude": 10.766732, "longitude": 122.533374, "region": "Region VI (Western Visayas)", "province": "Iloilo", "municity": "Pavia", "district": null, "barangay": "Aganan", "category": "DRRM" }, "geometry": { "type": "Point", "coordinates": [ 122.533374, 10.766732 ] } },
{ "type": "Feature", "properties": { "name": "PAVIA CHRISTIAN REFORMED CHURCH", "type": "Faith-Based", "address": "QG8M+M72, Felix Gorriceta Jr. Avenue, Pavia, Iloilo", "facebook": null, "url": null, "contact_mobile": null, "contact_landline": null, "email": null, "logo": null, "latitude": 10.766629, "longitude": 122.533141, "region": "Region VI (Western Visayas)", "province": "Iloilo", "municity": "Pavia", "district": null, "barangay": "Aganan", "category": "DRRM" }, "geometry": { "type": "Point", "coordinates": [ 122.533141, 10.766629 ] } },
{ "type": "Feature", "properties": { "name": "Lapayon Brgy. Hall", "type": "Government", "address": "RH2C+Q63, Leganes, Iloilo", "facebook": null, "url": null, "contact_mobile": null, "contact_landline": null, "email": null, "logo": null, "latitude": 10.801888, "longitude": 122.570548, "region": "Region VI (Western Visayas)", "province": "Iloilo", "municity": "Leganes", "district": null, "barangay": "Lapayon", "category": "DRRM" }, "geometry": { "type": "Point", "coordinates": [ 122.570548, 10.801888 ] } },
{ "type": "Feature", "properties": { "name": "Globe Tower", "type": "Telecommunication", "address": "QHVC+939, Santa Barbara - Leganes Rd, Leganes, Iloilo", "facebook": null, "url": null, "contact_mobile": null, "contact_landline": null, "email": null, "logo": null, "latitude": 10.793425, "longitude": 122.570232, "region": "Region VI (Western Visayas)", "province": "Iloilo", "municity": "Leganes", "district": null, "barangay": "Lapayon", "category": "DRRM" }, "geometry": { "type": "Point", "coordinates": [ 122.570232, 10.793425 ] } },
{ "type": "Feature", "properties": { "name": "RNT Water Distribution Services", "type": "Water Supply and Distribution", "address": "QHQM+4FP, Hulong Guihaman Way, Leganes, Iloilo", "facebook": null, "url": null, "contact_mobile": null, "contact_landline": null, "email": null, "logo": null, "latitude": 10.787169, "longitude": 122.581274, "region": "Region VI (Western Visayas)", "province": "Iloilo", "municity": "Leganes", "district": null, "barangay": "San Vicente", "category": "DRRM" }, "geometry": { "type": "Point", "coordinates": [ 122.581274, 10.787169 ] } },
{ "type": "Feature", "properties": { "name": "Apple Fresh Fish market tatak carles", "type": "Public Market", "address": "QHRG+7X5, Santa Barbara - Leganes Rd, Leganes, Iloilo", "facebook": null, "url": null, "contact_mobile": "0956 042 8983", "contact_landline": null, "email": null, "logo": null, "latitude": 10.79064, "longitude": 122.577487, "region": "Region VI (Western Visayas)", "province": "Iloilo", "municity": "Leganes", "district": null, "barangay": "San Vicente", "category": "DRRM" }, "geometry": { "type": "Point", "coordinates": [ 122.577487, 10.79064 ] } },
{ "type": "Feature", "properties": { "name": "God of Glory Christian Church Leganes", "type": "Faith-Based", "address": "QHQJ+RM7, Leganes, Iloilo", "facebook": null, "url": null, "contact_mobile": null, "contact_landline": null, "email": null, "logo": null, "latitude": 10.789534, "longitude": 122.58168, "region": "Region VI (Western Visayas)", "province": "Iloilo", "municity": "Leganes", "district": null, "barangay": "San Vicente", "category": "DRRM" }, "geometry": { "type": "Point", "coordinates": [ 122.58168, 10.789534 ] } },
{ "type": "Feature", "properties": { "name": "Napnud Elementary School", "type": "Education", "address": "QJG3+QFM Napnud Elementary School, Coastal Road, Leganes, Iloilo", "facebook": "https://www.facebook.com/116479napn/", "url": null, "contact_mobile": null, "contact_landline": null, "email": "116479napn@gmail.com", "logo": "https://drive.google.com/file/d/17USK2AjXUk3rsNUba8F-SXqAdZO1kXgF/view?usp=sharing", "latitude": 10.77696, "longitude": 122.603687, "region": "Region VI (Western Visayas)", "province": "Iloilo", "municity": "Leganes", "district": null, "barangay": "Napnud", "category": "DRRM" }, "geometry": { "type": "Point", "coordinates": [ 122.603687, 10.77696 ] } },
{ "type": "Feature", "properties": { "name": "Whitehaven Gardens Leganes Site", "type": "Parks and Open Space", "address": "Calle Progreso, Leganes, Iloilo", "facebook": null, "url": "https://whitehavengardens.com/", "contact_mobile": "0923 685 1936", "contact_landline": null, "email": null, "logo": null, "latitude": 10.777443, "longitude": 122.600316, "region": "Region VI (Western Visayas)", "province": "Iloilo", "municity": "Leganes", "district": null, "barangay": "Napnud", "category": "DRRM" }, "geometry": { "type": "Point", "coordinates": [ 122.600316, 10.777443 ] } },
{ "type": "Feature", "properties": { "name": "Cagamutan Norte Leganes Iloilo", "type": "Government", "address": "RJ62+J95,Barangay Hall, Jaro, Leganes, Iloilo", "facebook": null, "url": null, "contact_mobile": null, "contact_landline": null, "email": null, "logo": null, "latitude": 10.811515, "longitude": 122.600975, "region": "Region VI (Western Visayas)", "province": "Iloilo", "municity": "Leganes", "district": null, "barangay": "Cagamutan Norte", "category": "DRRM" }, "geometry": { "type": "Point", "coordinates": [ 122.600975, 10.811515 ] } },
{ "type": "Feature", "properties": { "name": "St. Vincent College of Science and Technology", "type": "Education", "address": "QHXV+MXR Iloilo R4 Rd, Leganes, Iloilo", "facebook": "https://www.facebook.com/SVCleganes/", "url": null, "contact_mobile": null, "contact_landline": null, "email": "svconline2020@gmail.com", "logo": "https://drive.google.com/file/d/1TGwnKEhTa-XJaSQXgZ2kPyWIuf599eJR/view?usp=sharing", "latitude": 10.799228, "longitude": 122.594901, "region": "Region VI (Western Visayas)", "province": "Iloilo", "municity": "Leganes", "district": null, "barangay": "Cagamutan Norte", "category": "DRRM" }, "geometry": { "type": "Point", "coordinates": [ 122.594901, 10.799228 ] } },
{ "type": "Feature", "properties": { "name": "Cagamutan Norte Elementary School", "type": "Education", "address": "RJ62+WH8 Cagamutan Norte Elementary School, Iloilo R4 Rd, Leganes, Iloilo", "facebook": "https://www.facebook.com/people/Cagamutan-Elementary-School/61559833517712/", "url": null, "contact_mobile": "0917 323 3407", "contact_landline": null, "email": "116470@deped.gov.ph", "logo": "https://drive.google.com/file/d/1Jhd270mTs1yXHOKp0yNDlRP1wpNC-OzS/view?usp=sharing", "latitude": 10.812287, "longitude": 122.601448, "region": "Region VI (Western Visayas)", "province": "Iloilo", "municity": "Leganes", "district": null, "barangay": "Cagamutan Norte", "category": "DRRM" }, "geometry": { "type": "Point", "coordinates": [ 122.601448, 10.812287 ] } },
{ "type": "Feature", "properties": { "name": "Barangay Guihaman Tanod Outpost", "type": "Emergency Response", "address": "QHHP+V3V, Jaro, Leganes, Iloilo", "facebook": null, "url": null, "contact_mobile": null, "contact_landline": null, "email": null, "logo": null, "latitude": 10.779759, "longitude": 122.584876, "region": "Region VI (Western Visayas)", "province": "Iloilo", "municity": "Leganes", "district": null, "barangay": "Guihaman", "category": "DRRM" }, "geometry": { "type": "Point", "coordinates": [ 122.584876, 10.779759 ] } },
{ "type": "Feature", "properties": { "name": "Leganes Baptist Academy", "type": "Education", "address": "Leganes Baptist Academy, National Highway, Buntatala, B5 L15 Villa Amelia Subdivision, Leganes, 5003, Iloilo", "facebook": null, "url": null, "contact_mobile": "0919 870 1594", "contact_landline": null, "email": null, "logo": null, "latitude": 10.781477, "longitude": 122.586222, "region": "Region VI (Western Visayas)", "province": "Iloilo", "municity": "Leganes", "district": null, "barangay": "Guihaman", "category": "DRRM" }, "geometry": { "type": "Point", "coordinates": [ 122.586222, 10.781477 ] } },
{ "type": "Feature", "properties": { "name": "First Baptist Church Of Leganes", "type": "Faith-Based", "address": "QHJP+WFG, National Hwy, Brgy Guihaman Leganes, Iloilo City, 5003 Iloilo", "facebook": null, "url": null, "contact_mobile": null, "contact_landline": null, "email": null, "logo": null, "latitude": 10.782322, "longitude": 122.586215, "region": "Region VI (Western Visayas)", "province": "Iloilo", "municity": "Leganes", "district": null, "barangay": "Guihaman", "category": "DRRM" }, "geometry": { "type": "Point", "coordinates": [ 122.586215, 10.782322 ] } },
{ "type": "Feature", "properties": { "name": "Mayor's Office", "type": "Government", "address": "Leganes Town Hall, 5003 Hilado St, Leganes, Iloilo", "facebook": null, "url": null, "contact_mobile": null, "contact_landline": "(033) 329 6622", "email": null, "logo": null, "latitude": 10.785145, "longitude": 122.590153, "region": "Region VI (Western Visayas)", "province": "Iloilo", "municity": "Leganes", "district": null, "barangay": "Poblacion", "category": "DRRM" }, "geometry": { "type": "Point", "coordinates": [ 122.590153, 10.785145 ] } },
{ "type": "Feature", "properties": { "name": "MUNICIPAL TREASURER'S OFFICE", "type": "Government", "address": "Leganes Town Hall, 5003 Hilado St, Leganes, Iloilo", "facebook": null, "url": null, "contact_mobile": null, "contact_landline": "(033) 329 6622", "email": null, "logo": null, "latitude": 10.785145, "longitude": 122.590153, "region": "Region VI (Western Visayas)", "province": "Iloilo", "municity": "Leganes", "district": null, "barangay": "Poblacion", "category": "DRRM" }, "geometry": { "type": "Point", "coordinates": [ 122.590153, 10.785145 ] } },
{ "type": "Feature", "properties": { "name": "MSWD-LEGANES", "type": "Government", "address": "Leganes Town Hall, 5003 Hilado St, Leganes, Iloilo", "facebook": null, "url": null, "contact_mobile": null, "contact_landline": "(033) 315 5277", "email": null, "logo": null, "latitude": 10.784971, "longitude": 122.590037, "region": "Region VI (Western Visayas)", "province": "Iloilo", "municity": "Leganes", "district": null, "barangay": "Poblacion", "category": "DRRM" }, "geometry": { "type": "Point", "coordinates": [ 122.590037, 10.784971 ] } },
{ "type": "Feature", "properties": { "name": "MUNICIPAL AGRICULTURE", "type": "Government", "address": "QHMQ+PRR, Leganes, Iloilo", "facebook": null, "url": null, "contact_mobile": null, "contact_landline": null, "email": null, "logo": null, "latitude": 10.784357, "longitude": 122.589508, "region": "Region VI (Western Visayas)", "province": "Iloilo", "municity": "Leganes", "district": null, "barangay": "Poblacion", "category": "DRRM" }, "geometry": { "type": "Point", "coordinates": [ 122.589508, 10.784357 ] } },
{ "type": "Feature", "properties": { "name": "Office of the Executive Secretary", "type": "Government", "address": "Leganes Town Hall, Hilado St, Leganes, 5003 Iloilo", "facebook": null, "url": null, "contact_mobile": null, "contact_landline": "(033) 329 6622", "email": null, "logo": null, "latitude": 10.785145, "longitude": 122.590153, "region": "Region VI (Western Visayas)", "province": "Iloilo", "municity": "Leganes", "district": null, "barangay": "Poblacion", "category": "DRRM" }, "geometry": { "type": "Point", "coordinates": [ 122.590153, 10.785145 ] } },
{ "type": "Feature", "properties": { "name": "Brgy Poblacion Leganes", "type": "Government", "address": "QHPP+GPR, Valencia St, Poblacion, Leganes, 5003 Iloilo", "facebook": null, "url": null, "contact_mobile": "0948 111 3797", "contact_landline": null, "email": null, "logo": null, "latitude": 10.786364, "longitude": 122.586761, "region": "Region VI (Western Visayas)", "province": "Iloilo", "municity": "Leganes", "district": null, "barangay": "Poblacion", "category": "DRRM" }, "geometry": { "type": "Point", "coordinates": [ 122.586761, 10.786364 ] } },
{ "type": "Feature", "properties": { "name": "Municipality of Leganes Senior Citizen Office", "type": "Government", "address": "QHPR+83H, Leganes, Iloilo", "facebook": null, "url": null, "contact_mobile": null, "contact_landline": null, "email": null, "logo": null, "latitude": 10.785806, "longitude": 122.59022, "region": "Region VI (Western Visayas)", "province": "Iloilo", "municity": "Leganes", "district": null, "barangay": "Poblacion", "category": "DRRM" }, "geometry": { "type": "Point", "coordinates": [ 122.59022, 10.785806 ] } },
{ "type": "Feature", "properties": { "name": "Leganes Town Hall", "type": "Government", "address": "5003 Hilado St, Leganes, Iloil", "facebook": null, "url": "https://leganes.gov.ph/", "contact_mobile": null, "contact_landline": null, "email": null, "logo": null, "latitude": 10.785093, "longitude": 122.590116, "region": "Region VI (Western Visayas)", "province": "Iloilo", "municity": "Leganes", "district": null, "barangay": "Poblacion", "category": "DRRM" }, "geometry": { "type": "Point", "coordinates": [ 122.590116, 10.785093 ] } },
{ "type": "Feature", "properties": { "name": "Poblacion Barangay Hall", "type": "Government", "address": "QHMQ+JVM, Rizal St, Leganes, Iloilo", "facebook": null, "url": null, "contact_mobile": null, "contact_landline": null, "email": null, "logo": null, "latitude": 10.784096, "longitude": 122.589662, "region": "Region VI (Western Visayas)", "province": "Iloilo", "municity": "Leganes", "district": null, "barangay": "Poblacion", "category": "DRRM" }, "geometry": { "type": "Point", "coordinates": [ 122.589662, 10.784096 ] } },
{ "type": "Feature", "properties": { "name": "Brgy. Poblacion Tanod Outpost", "type": "Emergency Response", "address": "QHPQ+HPM, Hilado St, Leganes, Iloilo", "facebook": null, "url": null, "contact_mobile": null, "contact_landline": null, "email": null, "logo": null, "latitude": 10.786451, "longitude": 122.589296, "region": "Region VI (Western Visayas)", "province": "Iloilo", "municity": "Leganes", "district": null, "barangay": "Poblacion", "category": "DRRM" }, "geometry": { "type": "Point", "coordinates": [ 122.589296, 10.786451 ] } },
{ "type": "Feature", "properties": { "name": "LEGANES POLICE STATION", "type": "Emergency Response", "address": "Leganes Town Hall, 5003 Hilado St, Leganes, Iloilo", "facebook": null, "url": null, "contact_mobile": null, "contact_landline": null, "email": null, "logo": null, "latitude": 10.786092, "longitude": 122.589007, "region": "Region VI (Western Visayas)", "province": "Iloilo", "municity": "Leganes", "district": null, "barangay": "Poblacion", "category": "DRRM" }, "geometry": { "type": "Point", "coordinates": [ 122.589007, 10.786092 ] } },
{ "type": "Feature", "properties": { "name": "Leganes Fire Station", "type": "Emergency Response", "address": "QHMQ+PX5, Hilado St, Leganes, 5003 Iloilo", "facebook": null, "url": null, "contact_mobile": null, "contact_landline": "(033) 524 8101", "email": null, "logo": null, "latitude": 10.784275, "longitude": 122.589993, "region": "Region VI (Western Visayas)", "province": "Iloilo", "municity": "Leganes", "district": null, "barangay": "Poblacion", "category": "DRRM" }, "geometry": { "type": "Point", "coordinates": [ 122.589993, 10.784275 ] } },
{ "type": "Feature", "properties": { "name": "Leganes Evacuation Center", "type": "Emergency Response", "address": "QHPR+673, Hilado St, Leganes, Iloilo", "facebook": null, "url": null, "contact_mobile": null, "contact_landline": null, "email": null, "logo": null, "latitude": 10.785507, "longitude": 122.590663, "region": "Region VI (Western Visayas)", "province": "Iloilo", "municity": "Leganes", "district": null, "barangay": "Poblacion", "category": "DRRM" }, "geometry": { "type": "Point", "coordinates": [ 122.590663, 10.785507 ] } },
{ "type": "Feature", "properties": { "name": "Leganes MDRRMO", "type": "Emergency Response", "address": "QHPP+GPR, Espino St, Poblacion, Leganes, Iloilo", "facebook": null, "url": null, "contact_mobile": null, "contact_landline": null, "email": null, "logo": null, "latitude": 10.786364, "longitude": 122.586761, "region": "Region VI (Western Visayas)", "province": "Iloilo", "municity": "Leganes", "district": null, "barangay": "Poblacion", "category": "DRRM" }, "geometry": { "type": "Point", "coordinates": [ 122.586761, 10.786364 ] } },
{ "type": "Feature", "properties": { "name": "Leganes Central Elementary School", "type": "Education", "address": "QHQQ+7X6 Leganes Central Elementary School, Poblacion, Leganes, 5003 Iloilo", "facebook": "https://www.facebook.com/p/Leganes-Central-Elementary-School-100064013586810/", "url": null, "contact_mobile": null, "contact_landline": "(033) 524 0411", "email": "116477@deped.gov.ph", "logo": "https://drive.google.com/file/d/1hpm_X4ycOQRwLnQFGIPVZckYof98fPfE/view?usp=sharing", "latitude": 10.788157, "longitude": 122.589888, "region": "Region VI (Western Visayas)", "province": "Iloilo", "municity": "Leganes", "district": null, "barangay": "Poblacion", "category": "DRRM" }, "geometry": { "type": "Point", "coordinates": [ 122.589888, 10.788157 ] } },
{ "type": "Feature", "properties": { "name": "St. Vincent Ferrer Parochial School", "type": "Education", "address": "QHPR+88M St. Vincent Ferrer Parochial School, Espinos St, Brgy. Poblacion, Leganes, 5000 Iloilo", "facebook": "https://www.facebook.com/profile.php?id=100065189101485", "url": null, "contact_mobile": "0927 819 2924", "contact_landline": null, "email": "stvincentferrerparochialschool@gmail.com", "logo": "https://drive.google.com/file/d/1Z_DAdqUF2XXXqrgSAaPzgmdhGeR3psPx/view?usp=sharing", "latitude": 10.785834, "longitude": 122.590786, "region": "Region VI (Western Visayas)", "province": "Iloilo", "municity": "Leganes", "district": null, "barangay": "Poblacion", "category": "DRRM" }, "geometry": { "type": "Point", "coordinates": [ 122.590786, 10.785834 ] } },
{ "type": "Feature", "properties": { "name": "Leganes Day Care Center", "type": "Education", "address": "QHMQ+QPQ Leganes Day Care Center, Rizal St, Leganes, Iloilo", "facebook": null, "url": null, "contact_mobile": null, "contact_landline": null, "email": null, "logo": null, "latitude": 10.784454, "longitude": 122.589355, "region": "Region VI (Western Visayas)", "province": "Iloilo", "municity": "Leganes", "district": null, "barangay": "Poblacion", "category": "DRRM" }, "geometry": { "type": "Point", "coordinates": [ 122.589355, 10.784454 ] } },
{ "type": "Feature", "properties": { "name": "Archdiocesan Shrine of Saint Vincent Ferrer", "type": "Faith-Based", "address": "4 Hilado St, Leganes, Iloilo", "facebook": null, "url": null, "contact_mobile": null, "contact_landline": "(033) 329 7893", "email": null, "logo": null, "latitude": 10.786199, "longitude": 122.590175, "region": "Region VI (Western Visayas)", "province": "Iloilo", "municity": "Leganes", "district": null, "barangay": "Poblacion", "category": "DRRM" }, "geometry": { "type": "Point", "coordinates": [ 122.590175, 10.786199 ] } },
{ "type": "Feature", "properties": { "name": "TSK Leganes Fundamental Baptist Church", "type": "Faith-Based", "address": "MG Jardeleza, Subdivision, Poblacion, Leganes, Iloilo", "facebook": null, "url": null, "contact_mobile": null, "contact_landline": null, "email": null, "logo": null, "latitude": 10.785784, "longitude": 122.58517, "region": "Region VI (Western Visayas)", "province": "Iloilo", "municity": "Leganes", "district": null, "barangay": "Poblacion", "category": "DRRM" }, "geometry": { "type": "Point", "coordinates": [ 122.58517, 10.785784 ] } },
{ "type": "Feature", "properties": { "name": "The Church of Jesus Christ of Latter-day Saints", "type": "Faith-Based", "address": "Quintin Salas Street, Barangay Poblacion, Leganes, 5003 Iloilo", "facebook": null, "url": "https://local.churchofjesuschrist.org/en/ph/leganes/quintin-salas-street?utm_source=gmb&utm_medium=yext&y_source=1_NjcwODE4MzItNzE1LWxvY2F0aW9uLndlYnNpdGU%3D", "contact_mobile": "0981 495 4493", "contact_landline": null, "email": null, "logo": null, "latitude": 10.786748, "longitude": 122.588097, "region": "Region VI (Western Visayas)", "province": "Iloilo", "municity": "Leganes", "district": null, "barangay": "Poblacion", "category": "DRRM" }, "geometry": { "type": "Point", "coordinates": [ 122.588097, 10.786748 ] } },
{ "type": "Feature", "properties": { "name": "Leganes Town Plaza", "type": "Parks and Open Space", "address": "QHPQ+4H2, Jaro, Leganes, Iloilo", "facebook": null, "url": null, "contact_mobile": null, "contact_landline": null, "email": null, "logo": null, "latitude": 10.785257, "longitude": 122.588879, "region": "Region VI (Western Visayas)", "province": "Iloilo", "municity": "Leganes", "district": null, "barangay": "Poblacion", "category": "DRRM" }, "geometry": { "type": "Point", "coordinates": [ 122.588879, 10.785257 ] } },
{ "type": "Feature", "properties": { "name": "Barangay Guinobatan Multi-Purpose Hall", "type": "Multipurpose Hall", "address": "QHMX+QQ9, Brgy, Brgy. Guinobatan, Leganes, Iloilo City, 5003 Iloilo", "facebook": null, "url": null, "contact_mobile": null, "contact_landline": null, "email": null, "logo": null, "latitude": 10.784417, "longitude": 122.599491, "region": "Region VI (Western Visayas)", "province": "Iloilo", "municity": "Leganes", "district": null, "barangay": "Guinobatan", "category": "DRRM" }, "geometry": { "type": "Point", "coordinates": [ 122.599491, 10.784417 ] } },
{ "type": "Feature", "properties": { "name": "Hosanna Presbyterian Bible College", "type": "Education", "address": "Brgy Proper Road, Leganes, 5003 Iloilo", "facebook": null, "url": null, "contact_mobile": null, "contact_landline": null, "email": null, "logo": null, "latitude": 10.785029, "longitude": 122.600822, "region": "Region VI (Western Visayas)", "province": "Iloilo", "municity": "Leganes", "district": null, "barangay": "Guinobatan", "category": "DRRM" }, "geometry": { "type": "Point", "coordinates": [ 122.600822, 10.785029 ] } },
{ "type": "Feature", "properties": { "name": "Leganes National High School", "type": "Education", "address": "QHJV+QQ7 LEGANES NATIONAL HIGH SCHOOL, Leganes, Iloilo", "facebook": "https://www.facebook.com/LeganesNationalHighSchoolOfficialPage", "url": "https://leganesnhs.wordpress.com/", "contact_mobile": null, "contact_landline": "(033) 524 0538", "email": "302520@deped.gov.ph", "logo": "https://drive.google.com/file/d/1UZtJqx5o7R02_RHJ2iJz_RXz2yESNdsg/view?usp=sharing", "latitude": 10.781923, "longitude": 122.594436, "region": "Region VI (Western Visayas)", "province": "Iloilo", "municity": "Leganes", "district": null, "barangay": "Guinobatan", "category": "DRRM" }, "geometry": { "type": "Point", "coordinates": [ 122.594436, 10.781923 ] } },
{ "type": "Feature", "properties": { "name": "Iglesia Ni Cristo - Lokal ng Leganes [Iloilo South]", "type": "Faith-Based", "address": "QHMV+92R, Jaro, Leganes, Iloilo", "facebook": null, "url": null, "contact_mobile": null, "contact_landline": null, "email": null, "logo": null, "latitude": 10.783484, "longitude": 122.59253, "region": "Region VI (Western Visayas)", "province": "Iloilo", "municity": "Leganes", "district": null, "barangay": "Guinobatan", "category": "DRRM" }, "geometry": { "type": "Point", "coordinates": [ 122.59253, 10.783484 ] } },
{ "type": "Feature", "properties": { "name": "Barangay 4 Hall", "type": "Government", "address": "QFJF+5RJ, Suarez St, San Miguel, Iloilo", "facebook": null, "url": null, "contact_mobile": null, "contact_landline": null, "email": null, "logo": null, "latitude": 10.780451, "longitude": 122.474513, "region": "Region VI (Western Visayas)", "province": "Iloilo", "municity": "San Miguel", "district": null, "barangay": "Barangay 4", "category": "DRRM" }, "geometry": { "type": "Point", "coordinates": [ 122.474513, 10.780451 ] } },
{ "type": "Feature", "properties": { "name": "San Miguel Seventh-day Adventist Church", "type": "Faith-Based", "address": "QFJC+4XW, Suarez St, San Miguel, Iloilo", "facebook": null, "url": "https://adventist.org/", "contact_mobile": null, "contact_landline": null, "email": null, "logo": null, "latitude": 10.780363, "longitude": 122.47246, "region": "Region VI (Western Visayas)", "province": "Iloilo", "municity": "San Miguel", "district": null, "barangay": "Barangay 4", "category": "DRRM" }, "geometry": { "type": "Point", "coordinates": [ 122.47246, 10.780363 ] } },
{ "type": "Feature", "properties": { "name": "Poblacion Purok 2 Barangay Hall", "type": "Government", "address": "QGFQ+XV4, Maquiling St, Pavia, Iloilo", "facebook": null, "url": null, "contact_mobile": null, "contact_landline": null, "email": null, "logo": null, "latitude": 10.774881, "longitude": 122.539709, "region": "Region VI (Western Visayas)", "province": "Iloilo", "municity": "Pavia", "district": null, "barangay": "Purok II (Pob.)", "category": "DRRM" }, "geometry": { "type": "Point", "coordinates": [ 122.539709, 10.774881 ] } },
{ "type": "Feature", "properties": { "name": "PAVIA PUBLIC MARKET", "type": "Public Market", "address": "QGFR+R8X, Pavia, Iloilo", "facebook": null, "url": null, "contact_mobile": null, "contact_landline": null, "email": null, "logo": null, "latitude": 10.774623, "longitude": 122.540867, "region": "Region VI (Western Visayas)", "province": "Iloilo", "municity": "Pavia", "district": null, "barangay": "Purok II (Pob.)", "category": "DRRM" }, "geometry": { "type": "Point", "coordinates": [ 122.540867, 10.774623 ] } },
{ "type": "Feature", "properties": { "name": "Sta. Monica Parish - Pavia", "type": "Faith-Based", "address": "QGFR+XCQ, Corner Evangelista & Sumakwel Street, Pavia, 5001 Iloilo", "facebook": null, "url": null, "contact_mobile": null, "contact_landline": "(033) 329 2811", "email": null, "logo": null, "latitude": 10.77495, "longitude": 122.541096, "region": "Region VI (Western Visayas)", "province": "Iloilo", "municity": "Pavia", "district": null, "barangay": "Purok II (Pob.)", "category": "DRRM" }, "geometry": { "type": "Point", "coordinates": [ 122.541096, 10.77495 ] } },
{ "type": "Feature", "properties": { "name": "Doane Baptist Church of Pavia", "type": "Faith-Based", "address": "QGGQ+XHQ, Evangelista St, Pavia, Purok 2, Iloilo City, 5001 Iloilo", "facebook": null, "url": null, "contact_mobile": null, "contact_landline": null, "email": null, "logo": null, "latitude": 10.777471, "longitude": 122.538975, "region": "Region VI (Western Visayas)", "province": "Iloilo", "municity": "Pavia", "district": null, "barangay": "Purok II (Pob.)", "category": "DRRM" }, "geometry": { "type": "Point", "coordinates": [ 122.538975, 10.777471 ] } },
{ "type": "Feature", "properties": { "name": "Brgy. Sta. Cruz Tanod Outpost", "type": "Emergency Response", "address": "QFQ5+P95 Barangay Hall, San Miguel, Iloilo", "facebook": null, "url": null, "contact_mobile": null, "contact_landline": null, "email": null, "logo": null, "latitude": 10.789275, "longitude": 122.458495, "region": "Region VI (Western Visayas)", "province": "Iloilo", "municity": "San Miguel", "district": null, "barangay": "Santa Cruz", "category": "DRRM" }, "geometry": { "type": "Point", "coordinates": [ 122.458495, 10.789275 ] } },
{ "type": "Feature", "properties": { "name": "Sta. Cruz Elementary School", "type": "Education", "address": "QFR5+483 Sta. Cruz Elementary School, Sta. Cruz, San Miguel, Iloilo, San Miguel", "facebook": null, "url": null, "contact_mobile": "0918 406 5712", "contact_landline": null, "email": null, "logo": null, "latitude": 10.790257, "longitude": 122.458296, "region": "Region VI (Western Visayas)", "province": "Iloilo", "municity": "San Miguel", "district": null, "barangay": "Santa Cruz", "category": "DRRM" }, "geometry": { "type": "Point", "coordinates": [ 122.458296, 10.790257 ] } },
{ "type": "Feature", "properties": { "name": "CHURCH OF CHRIST - Sto. Niño", "type": "Faith-Based", "address": "QFMR+6V3, San Miguel, Hacienda, San Miguel, Iloilo", "facebook": null, "url": null, "contact_mobile": null, "contact_landline": null, "email": null, "logo": null, "latitude": 10.783, "longitude": 122.492164, "region": "Region VI (Western Visayas)", "province": "Iloilo", "municity": "San Miguel", "district": null, "barangay": "Santo Niño", "category": "DRRM" }, "geometry": { "type": "Point", "coordinates": [ 122.492164, 10.783 ] } },
{ "type": "Feature", "properties": { "name": "San Miguel Reformed Baptist Church", "type": "Faith-Based", "address": "QFPH+H2, San Miguel, Iloilo", "facebook": null, "url": null, "contact_mobile": null, "contact_landline": null, "email": null, "logo": null, "latitude": 10.786483, "longitude": 122.477593, "region": "Region VI (Western Visayas)", "province": "Iloilo", "municity": "San Miguel", "district": null, "barangay": "Santo Niño", "category": "DRRM" }, "geometry": { "type": "Point", "coordinates": [ 122.477593, 10.786483 ] } },
{ "type": "Feature", "properties": { "name": "Barangay Jalandoni Estate | Barangay Hall (Temporary)", "type": "Government", "address": "PH2G+G6H Barangay Jalandoni Estate | Barangay Hall (Temporary), Jalandoni St, Iloilo City Proper, Iloilo City, Iloilo", "facebook": null, "url": null, "contact_mobile": null, "contact_landline": null, "email": null, "logo": null, "latitude": 10.701302, "longitude": 122.575486, "region": "Region VI (Western Visayas)", "province": "Iloilo", "municity": "Iloilo City", "district": "Lapuz", "barangay": "Jalandoni Estate-Lapuz", "category": "DRRM" }, "geometry": { "type": "Point", "coordinates": [ 122.575486, 10.701302 ] } },
{ "type": "Feature", "properties": { "name": "Don Esteban-Lapuz Barangay Hall", "type": "Government", "address": "PH2G+R8J Dalan Rizal Street, Iloilo City, 5000", "facebook": null, "url": null, "contact_mobile": null, "contact_landline": null, "email": null, "logo": null, "latitude": 10.702094, "longitude": 122.575779, "region": "Region VI (Western Visayas)", "province": "Iloilo", "municity": "Iloilo City", "district": "Lapuz", "barangay": "Jalandoni Estate-Lapuz", "category": "DRRM" }, "geometry": { "type": "Point", "coordinates": [ 122.575779, 10.702094 ] } },
{ "type": "Feature", "properties": { "name": "Jalandoni Estate-Lapuz Barangay Hall", "type": "Government", "address": "PH3F+3VR Lapuz, Iloilo City, 5000 Iloilo", "facebook": null, "url": null, "contact_mobile": null, "contact_landline": null, "email": null, "logo": null, "latitude": 10.702747, "longitude": 122.574639, "region": "Region VI (Western Visayas)", "province": "Iloilo", "municity": "Iloilo City", "district": "Lapuz", "barangay": "Jalandoni Estate-Lapuz", "category": "DRRM" }, "geometry": { "type": "Point", "coordinates": [ 122.574639, 10.702747 ] } },
{ "type": "Feature", "properties": { "name": "Jalandoni Memorial National High School", "type": "Education", "address": "PH3F+CWQ Jalandoni Memorial National High School, Lapuz, Iloilo City, Iloilo", "facebook": "https://www.facebook.com/p/Jalandoni-Memorial-National-High-School-FB-Page-100068096084322/", "url": null, "contact_mobile": null, "contact_landline": "(033) 323 5474", "email": "302742@deped.gov.ph", "logo": "https://drive.google.com/file/d/1Rh7qXRYLXUcZKP4ZMWciIsOXVyfdBBy7/view?usp=sharing", "latitude": 10.703593, "longitude": 122.574855, "region": "Region VI (Western Visayas)", "province": "Iloilo", "municity": "Iloilo City", "district": "Lapuz", "barangay": "Jalandoni Estate-Lapuz", "category": "DRRM" }, "geometry": { "type": "Point", "coordinates": [ 122.574855, 10.703593 ] } },
{ "type": "Feature", "properties": { "name": "Jalandoni Memorial Elementary School", "type": "Education", "address": "PH2F+VR7 Jalandoni Memorial Elementary School, Rizal St, Lapuz, Iloilo City, Iloilo", "facebook": "https://www.facebook.com/Mesjalandoni117629/", "url": null, "contact_mobile": null, "contact_landline": "(033) 500 3032", "email": "Mesjalandoni@gmail.com", "logo": "https://drive.google.com/file/d/1x3tXC-Rvvsi4sqhJ5RC098wSgPdcFUEj/view?usp=sharing", "latitude": 10.702173, "longitude": 122.574546, "region": "Region VI (Western Visayas)", "province": "Iloilo", "municity": "Iloilo City", "district": "Lapuz", "barangay": "Jalandoni Estate-Lapuz", "category": "DRRM" }, "geometry": { "type": "Point", "coordinates": [ 122.574546, 10.702173 ] } },
{ "type": "Feature", "properties": { "name": "Guintas Elementary School", "type": "Education", "address": "QH8V+94W Guintas Elementary School, Jaro, Leganes, Iloilo", "facebook": "https://www.facebook.com/guintaselementaryschool/", "url": null, "contact_mobile": "0948 949 0229", "contact_landline": null, "email": "116475@deped.gov.ph", "logo": null, "latitude": 10.765979, "longitude": 122.592836, "region": "Region VI (Western Visayas)", "province": "Iloilo", "municity": "Leganes", "district": null, "barangay": "Guintas", "category": "DRRM" }, "geometry": { "type": "Point", "coordinates": [ 122.592836, 10.765979 ] } },
{ "type": "Feature", "properties": { "name": "BRGY. 10 RV SANCHEZ ST. BARANGAY HALL", "type": "Government", "address": "QFF6+4RR, San Miguel, Iloilo", "facebook": null, "url": null, "contact_mobile": null, "contact_landline": null, "email": null, "logo": null, "latitude": 10.772869, "longitude": 122.462023, "region": "Region VI (Western Visayas)", "province": "Iloilo", "municity": "San Miguel", "district": null, "barangay": "Barangay 10", "category": "DRRM" }, "geometry": { "type": "Point", "coordinates": [ 122.462023, 10.772869 ] } },
{ "type": "Feature", "properties": { "name": "Shepherd's Way Christian Academy", "type": "Education", "address": "Shepherd's Way Christian Academy, R.V. Sanchez, Barangay 10, San Miguel, Iloilo", "facebook": "https://www.facebook.com/Shepherdsway.officialschoolpage/", "url": null, "contact_mobile": "0956 552 0457", "contact_landline": null, "email": null, "logo": null, "latitude": 10.773887, "longitude": 122.461128, "region": "Region VI (Western Visayas)", "province": "Iloilo", "municity": "San Miguel", "district": null, "barangay": "Barangay 10", "category": "DRRM" }, "geometry": { "type": "Point", "coordinates": [ 122.461128, 10.773887 ] } },
{ "type": "Feature", "properties": { "name": "Leonora S. Salapantan National High School", "type": "Education", "address": "QFC6+R3C Leonora S. Salapantan National High School, RV Sanchez St, Poblacion, San Miguel, 5025 Iloilo", "facebook": "https://www.facebook.com/lssnhsofficial/", "url": "http://www.lssnhs.com/", "contact_mobile": null, "contact_landline": "(033) 331 0881", "email": "302516@deped.gov.ph", "logo": "https://drive.google.com/file/d/1dXAI8UF5XZEtK1FTGfNnoHt-bR-S5Aln/view?usp=sharing", "latitude": 10.772063, "longitude": 122.460126, "region": "Region VI (Western Visayas)", "province": "Iloilo", "municity": "San Miguel", "district": null, "barangay": "Barangay 10", "category": "DRRM" }, "geometry": { "type": "Point", "coordinates": [ 122.460126, 10.772063 ] } },
{ "type": "Feature", "properties": { "name": "San Miguel Christian Church", "type": "Faith-Based", "address": "QFF6+GCR, RV Sanchez St, San Miguel, Iloilo", "facebook": null, "url": null, "contact_mobile": "0946 339 8310", "contact_landline": null, "email": null, "logo": null, "latitude": 10.77387, "longitude": 122.461018, "region": "Region VI (Western Visayas)", "province": "Iloilo", "municity": "San Miguel", "district": null, "barangay": "Barangay 10", "category": "DRRM" }, "geometry": { "type": "Point", "coordinates": [ 122.461018, 10.77387 ] } },
{ "type": "Feature", "properties": { "name": "Sacred Heart Church", "type": "Faith-Based", "address": "RG7G+73G, Santa Barbara, Iloilo", "facebook": null, "url": null, "contact_mobile": null, "contact_landline": null, "email": null, "logo": null, "latitude": 10.8132, "longitude": 122.525189, "region": "Region VI (Western Visayas)", "province": "Iloilo", "municity": "Santa Barbara", "district": null, "barangay": "Inangayan", "category": "DRRM" }, "geometry": { "type": "Point", "coordinates": [ 122.525189, 10.8132 ] } },
{ "type": "Feature", "properties": { "name": "Iloilo Golf and Country Club", "type": "Parks and Open Space", "address": "Santa Barbara, 5002 Iloilo", "facebook": null, "url": null, "contact_mobile": null, "contact_landline": null, "email": "ilogolf1907@gmail.com", "logo": "https://drive.google.com/file/d/1x8TdjIFMhVkI6ZzrKywImGnGJUHzNE8S/view?usp=sharing", "latitude": 10.821571, "longitude": 122.523625, "region": "Region VI (Western Visayas)", "province": "Iloilo", "municity": "Santa Barbara", "district": null, "barangay": "San Sebastian", "category": "DRRM" }, "geometry": { "type": "Point", "coordinates": [ 122.523625, 10.821571 ] } },
{ "type": "Feature", "properties": { "name": "Punong Barangay Hall", "type": "Government", "address": "PH3F+G7R Lapuz, La Paz, Iloilo City, 5000 Iloilo", "facebook": null, "url": null, "contact_mobile": null, "contact_landline": "033 335 8191", "email": null, "logo": null, "latitude": 10.703852, "longitude": 122.57314, "region": "Region VI (Western Visayas)", "province": "Iloilo", "municity": "Iloilo City", "district": "Lapuz", "barangay": "Punong-Lapuz", "category": "DRRM" }, "geometry": { "type": "Point", "coordinates": [ 122.57314, 10.703852 ] } },
{ "type": "Feature", "properties": { "name": "Barangay Punong Covered Court/Multipurpose Hall", "type": "Multipurpose Hall", "address": "PH3F+J4X Basketball Court, Brgy. Punong, La Puz, La Paz, Iloilo City, 5000 Iloilo", "facebook": null, "url": null, "contact_mobile": null, "contact_landline": null, "email": null, "logo": null, "latitude": 10.704075, "longitude": 122.572879, "region": "Region VI (Western Visayas)", "province": "Iloilo", "municity": "Iloilo City", "district": "Lapuz", "barangay": "Punong-Lapuz", "category": "DRRM" }, "geometry": { "type": "Point", "coordinates": [ 122.572879, 10.704075 ] } },
{ "type": "Feature", "properties": { "name": "Punong Day Care Center", "type": "Education", "address": "PH3F+G79 Punong Day Care Center, Lapuz, La Paz, Iloilo City, 5000 Iloilo", "facebook": null, "url": null, "contact_mobile": null, "contact_landline": null, "email": null, "logo": null, "latitude": 10.703782, "longitude": 122.573235, "region": "Region VI (Western Visayas)", "province": "Iloilo", "municity": "Iloilo City", "district": "Lapuz", "barangay": "Punong-Lapuz", "category": "DRRM" }, "geometry": { "type": "Point", "coordinates": [ 122.573235, 10.703782 ] } },
{ "type": "Feature", "properties": { "name": "Venancio Deseda Memorial Primary School", "type": "Education", "address": "WGH5+X8X Venancio Deseda Memorial Primary School, Brgy, Cabatuan, Iloilo", "facebook": null, "url": null, "contact_mobile": null, "contact_landline": null, "email": null, "logo": null, "latitude": 10.929993, "longitude": 122.508362, "region": "Region VI (Western Visayas)", "province": "Iloilo", "municity": "Cabatuan", "district": null, "barangay": "Janipaan Olo", "category": "DRRM" }, "geometry": { "type": "Point", "coordinates": [ 122.508362, 10.929993 ] } },
{ "type": "Feature", "properties": { "name": "Smart Cell Tower (Gines-Patag, Cabatuan)", "type": "Telecommunication", "address": "WFQV+54G, Cabatuan, Iloilo", "facebook": null, "url": null, "contact_mobile": null, "contact_landline": null, "email": null, "logo": null, "latitude": 10.937942, "longitude": 122.492815, "region": "Region VI (Western Visayas)", "province": "Iloilo", "municity": "Cabatuan", "district": null, "barangay": "Gines Patag", "category": "DRRM" }, "geometry": { "type": "Point", "coordinates": [ 122.492815, 10.937942 ] } },
{ "type": "Feature", "properties": { "name": "Iloilo City Police Station 3", "type": "Emergency Response", "address": "PHG5+84H Iloilo City Police Station 3, Jaro, Iloilo City, Iloilo", "facebook": null, "url": null, "contact_mobile": null, "contact_landline": "(033) 329 7958", "email": null, "logo": null, "latitude": 10.72582, "longitude": 122.557846, "region": "Region VI (Western Visayas)", "province": "Iloilo", "municity": "Iloilo City", "district": "Jaro", "barangay": "Benedicto (Jaro)", "category": "DRRM" }, "geometry": { "type": "Point", "coordinates": [ 122.557846, 10.72582 ] } },
{ "type": "Feature", "properties": { "name": "Old Jaro Municipal Hall", "type": "Government", "address": "Old Jaro Municipal Hall, Jaro, Iloilo City, 5000 Iloilo", "facebook": null, "url": null, "contact_mobile": null, "contact_landline": null, "email": null, "logo": null, "latitude": 10.725515, "longitude": 122.557527, "region": "Region VI (Western Visayas)", "province": "Iloilo", "municity": "Iloilo City", "district": "Jaro", "barangay": "Benedicto (Jaro)", "category": "DRRM" }, "geometry": { "type": "Point", "coordinates": [ 122.557527, 10.725515 ] } },
{ "type": "Feature", "properties": { "name": "BUREAU OF FIRE PROTECTION JARO FIRE SUB STATION", "type": "Emergency Response", "address": "PHG5+537 BUREAU OF FIRE PROTECTION JARO FIRE SUB STATION, Plaza Rizal St, Jaro, Iloilo City, Iloilo", "facebook": null, "url": null, "contact_mobile": null, "contact_landline": null, "email": null, "logo": null, "latitude": 10.725425, "longitude": 122.55767, "region": "Region VI (Western Visayas)", "province": "Iloilo", "municity": "Iloilo City", "district": "Jaro", "barangay": "Benedicto (Jaro)", "category": "DRRM" }, "geometry": { "type": "Point", "coordinates": [ 122.55767, 10.725425 ] } },
{ "type": "Feature", "properties": { "name": "City Social Welfare And Development Office - CSWDO", "type": "Government", "address": "City Social Welfare And Development Office - CSWDO, Jaro Plaza, Jaro, Iloilo City, 5000 Iloilo", "facebook": null, "url": null, "contact_mobile": null, "contact_landline": null, "email": null, "logo": null, "latitude": 10.724315, "longitude": 122.557715, "region": "Region VI (Western Visayas)", "province": "Iloilo", "municity": "Iloilo City", "district": "Jaro", "barangay": "Benedicto (Jaro)", "category": "DRRM" }, "geometry": { "type": "Point", "coordinates": [ 122.557715, 10.724315 ] } },
{ "type": "Feature", "properties": { "name": "Buhay Bulilit Day Care Center", "type": "Education", "address": "PHG5+95R Bahay Bulilit Day Care Center, Washington St, Jaro, Iloilo City, 5000 Iloilo", "facebook": null, "url": null, "contact_mobile": null, "contact_landline": null, "email": null, "logo": null, "latitude": 10.72598, "longitude": 122.557895, "region": "Region VI (Western Visayas)", "province": "Iloilo", "municity": "Iloilo City", "district": "Jaro", "barangay": "Benedicto (Jaro)", "category": "DRRM" }, "geometry": { "type": "Point", "coordinates": [ 122.557895, 10.72598 ] } },
{ "type": "Feature", "properties": { "name": "GRACIANO LOPEZ JAENA PARK", "type": "Parks and Open Space", "address": "PHF4+VRJ, Jaro, Iloilo City, Iloilo", "facebook": null, "url": null, "contact_mobile": null, "contact_landline": null, "email": null, "logo": null, "latitude": 10.724716, "longitude": 122.557013, "region": "Region VI (Western Visayas)", "province": "Iloilo", "municity": "Iloilo City", "district": "Jaro", "barangay": "Benedicto (Jaro)", "category": "DRRM" }, "geometry": { "type": "Point", "coordinates": [ 122.557013, 10.724716 ] } },
{ "type": "Feature", "properties": { "name": "Jaro Plaza", "type": "Parks and Open Space", "address": "Plaza Rizal St, Jaro, Iloilo City, 5000 Iloilo", "facebook": null, "url": null, "contact_mobile": null, "contact_landline": null, "email": null, "logo": null, "latitude": 10.724444, "longitude": 122.557345, "region": "Region VI (Western Visayas)", "province": "Iloilo", "municity": "Iloilo City", "district": "Jaro", "barangay": "Benedicto (Jaro)", "category": "DRRM" }, "geometry": { "type": "Point", "coordinates": [ 122.557345, 10.724444 ] } },
{ "type": "Feature", "properties": { "name": "OSHC Region 6", "type": "Government", "address": "OSHC Region 6, 4/F, 7J Corporate Center, Brgy. Gloria cor. Jalandoni, Ledesma St, Iloilo City Proper, Iloilo City, 5000 Iloilo", "facebook": "https://www.facebook.com/oshcregion6/", "url": "https://oshc.dole.gov.ph/", "contact_mobile": null, "contact_landline": "(033) 327 4065", "email": "reu6@oshc.dole.gov.ph", "logo": "https://drive.google.com/file/d/15_FONLslE2MPaF3VD152Oc4F6KXQXBhN/view?usp=sharing", "latitude": 10.694054, "longitude": 122.561871, "region": "Region VI (Western Visayas)", "province": "Iloilo", "municity": "Iloilo City", "district": "City Proper", "barangay": "Gloria", "category": "DRRM" }, "geometry": { "type": "Point", "coordinates": [ 122.561871, 10.694054 ] } },
{ "type": "Feature", "properties": { "name": "Jaro Public Market", "type": "Public Market", "address": "PHC3+PWJ El 98 St, Jaro, Iloilo City, Iloilo", "facebook": null, "url": null, "contact_mobile": null, "contact_landline": null, "email": null, "logo": null, "latitude": 10.721829, "longitude": 122.554774, "region": "Region VI (Western Visayas)", "province": "Iloilo", "municity": "Iloilo City", "district": "Jaro", "barangay": "Desamparados", "category": "DRRM" }, "geometry": { "type": "Point", "coordinates": [ 122.554774, 10.721829 ] } },
{ "type": "Feature", "properties": { "name": "Church", "type": "Faith-Based", "address": "RGJ5+285 Church, Sitio.Tabay, Brgy.Cadagmayan Norte, Sta.Barbara, Iloilo City, 5002 Iloilo", "facebook": null, "url": null, "contact_mobile": null, "contact_landline": null, "email": null, "logo": null, "latitude": 10.830008, "longitude": 122.508352, "region": "Region VI (Western Visayas)", "province": "Iloilo", "municity": "Santa Barbara", "district": null, "barangay": "Cadagmayan Norte", "category": "DRRM" }, "geometry": { "type": "Point", "coordinates": [ 122.508352, 10.830008 ] } },
{ "type": "Feature", "properties": { "name": "Brgy. Quintin Salas, Barangay Hall", "type": "Government", "address": "PHR7+GHR Brgy. Quintin Salas, Barangay Hall, Iloilo East Coast - Capiz Rd, Jaro, Iloilo City, Iloilo", "facebook": null, "url": null, "contact_mobile": null, "contact_landline": null, "email": null, "logo": null, "latitude": 10.741365, "longitude": 122.5639, "region": "Region VI (Western Visayas)", "province": "Iloilo", "municity": "Iloilo City", "district": "Jaro", "barangay": "Quintin Salas", "category": "DRRM" }, "geometry": { "type": "Point", "coordinates": [ 122.5639, 10.741365 ] } },
{ "type": "Feature", "properties": { "name": "LAND TRANSPORTATION OFFICE REGION VI", "type": "Government", "address": "LAND TRANSPORTATION OFFICE REGION VI, MacArthur Highway, Jaro, Iloilo City, Iloilo", "facebook": null, "url": null, "contact_mobile": null, "contact_landline": "(033) 487 2627", "email": null, "logo": null, "latitude": 10.738405, "longitude": 122.561932, "region": "Region VI (Western Visayas)", "province": "Iloilo", "municity": "Iloilo City", "district": "Jaro", "barangay": "Quintin Salas", "category": "DRRM" }, "geometry": { "type": "Point", "coordinates": [ 122.561932, 10.738405 ] } },
{ "type": "Feature", "properties": { "name": "National Food Authority Regional Office VI", "type": "Government", "address": "National Food Authority Regional Office VI, NFA Administration Building, 4053 Quintin Salas St, Jaro, Iloilo City, 5000 Iloilo", "facebook": null, "url": null, "contact_mobile": null, "contact_landline": "(033) 329 7535", "email": null, "logo": null, "latitude": 10.740357, "longitude": 122.562635, "region": "Region VI (Western Visayas)", "province": "Iloilo", "municity": "Iloilo City", "district": "Jaro", "barangay": "Quintin Salas", "category": "DRRM" }, "geometry": { "type": "Point", "coordinates": [ 122.562635, 10.740357 ] } },
{ "type": "Feature", "properties": { "name": "NATIONAL TELECOMMUNICATIONS COMMISSION", "type": "Telecommunication", "address": "PHQ6+FWG, R4, Jaro, Iloilo City, 5000 Iloilo", "facebook": null, "url": null, "contact_mobile": null, "contact_landline": "(033) 508 5353", "email": null, "logo": null, "latitude": 10.738693, "longitude": 122.562341, "region": "Region VI (Western Visayas)", "province": "Iloilo", "municity": "Iloilo City", "district": "Jaro", "barangay": "Quintin Salas", "category": "DRRM" }, "geometry": { "type": "Point", "coordinates": [ 122.562341, 10.738693 ] } },
{ "type": "Feature", "properties": { "name": "Bureau of Fire Protection RHQ 6", "type": "Emergency Response", "address": "PHQ8+VJX Bureau of Fire Protection RHQ 6, 4th Main Ave, Jaro, Iloilo City, Iloilo", "facebook": null, "url": null, "contact_mobile": null, "contact_landline": "(033) 337 6918", "email": null, "logo": null, "latitude": 10.739734, "longitude": 122.566613, "region": "Region VI (Western Visayas)", "province": "Iloilo", "municity": "Iloilo City", "district": "Jaro", "barangay": "M. V. Hechanova", "category": "DRRM" }, "geometry": { "type": "Point", "coordinates": [ 122.566613, 10.739734 ] } },
{ "type": "Feature", "properties": { "name": "M. V. Hechanova Barangay Hall", "type": "Government", "address": "PHW7+XMC M. V. Hechanova Barangay Hall, Jaro, Iloilo City, 5000 Iloilo", "facebook": null, "url": null, "contact_mobile": null, "contact_landline": "(033) 329 2761", "email": null, "logo": null, "latitude": 10.747428, "longitude": 122.564128, "region": "Region VI (Western Visayas)", "province": "Iloilo", "municity": "Iloilo City", "district": "Jaro", "barangay": "M. V. Hechanova", "category": "DRRM" }, "geometry": { "type": "Point", "coordinates": [ 122.564128, 10.747428 ] } },
{ "type": "Feature", "properties": { "name": "Iloilo International Airport ARFF Station", "type": "Emergency Response", "address": "RFMX+M8C, Iloilo Airport Access Road, Cabatuan, Iloilo", "facebook": null, "url": null, "contact_mobile": null, "contact_landline": null, "email": null, "logo": null, "latitude": 10.834185, "longitude": 122.498251, "region": "Region VI (Western Visayas)", "province": "Iloilo", "municity": "Cabatuan", "district": null, "barangay": "Duyanduyan", "category": "DRRM" }, "geometry": { "type": "Point", "coordinates": [ 122.498251, 10.834185 ] } },
{ "type": "Feature", "properties": { "name": "Smart Cell Tower", "type": "Telecommunication", "address": "RFRM+MVR, Cabatuan, Iloilo", "facebook": null, "url": null, "contact_mobile": null, "contact_landline": null, "email": null, "logo": null, "latitude": 10.841739, "longitude": 122.484636, "region": "Region VI (Western Visayas)", "province": "Iloilo", "municity": "Cabatuan", "district": null, "barangay": "Duyanduyan", "category": "DRRM" }, "geometry": { "type": "Point", "coordinates": [ 122.484636, 10.841739 ] } },
{ "type": "Feature", "properties": { "name": "STO. NIÑO BARANGAY HALL", "type": "Government", "address": "MGJ9+5X3 STO. NIÑO BARANGAY HALL, Baluarte - Calumpang - Villa - Oton Blvd, Villa Arevalo District, Iloilo City, Iloilo", "facebook": null, "url": null, "contact_mobile": null, "contact_landline": null, "email": null, "logo": null, "latitude": 10.680398, "longitude": 122.519929, "region": "Region VI (Western Visayas)", "province": "Iloilo", "municity": "Iloilo City", "district": "Arevalo", "barangay": "Santo Niño Norte", "category": "DRRM" }, "geometry": { "type": "Point", "coordinates": [ 122.519929, 10.680398 ] } },
{ "type": "Feature", "properties": { "name": "E. Yusay Memorial School", "type": "Education", "address": "MGJ9+FR7 E. Santo Niño Norte, Villa Arevalo District, Iloilo City, 5000 Iloilo", "facebook": "https://www.facebook.com/p/E-Yusay-Memorial-School-100063960315072/", "url": null, "contact_mobile": "(033) 337 9617", "contact_landline": null, "email": "eyusaymemsch@gmail.com", "logo": null, "latitude": 10.681173, "longitude": 122.519533, "region": "Region VI (Western Visayas)", "province": "Iloilo", "municity": "Iloilo City", "district": "Arevalo", "barangay": "Santo Niño Norte", "category": "DRRM" }, "geometry": { "type": "Point", "coordinates": [ 122.519533, 10.681173 ] } },
{ "type": "Feature", "properties": { "name": "Brgy. Sto. Nino Day Care", "type": "Education", "address": "MGJ9+6XH BARANGAY STO.NIÑO DAY CARE, Baluarte - Calumpang - Villa - Oton Blvd, Villa Arevalo District, Iloilo City, 5000 Iloilo", "facebook": null, "url": null, "contact_mobile": null, "contact_landline": null, "email": null, "logo": null, "latitude": 10.680552, "longitude": 122.519994, "region": "Region VI (Western Visayas)", "province": "Iloilo", "municity": "Iloilo City", "district": "Arevalo", "barangay": "Santo Niño Norte", "category": "DRRM" }, "geometry": { "type": "Point", "coordinates": [ 122.519994, 10.680552 ] } },
{ "type": "Feature", "properties": { "name": "Freedom Bible Baptist Church - Ptr Ike Magbanua", "type": "Faith-Based", "address": "VF8F+CG3, Cabatuan, Iloilo", "facebook": null, "url": null, "contact_mobile": null, "contact_landline": null, "email": null, "logo": null, "latitude": 10.866005, "longitude": 122.473791, "region": "Region VI (Western Visayas)", "province": "Iloilo", "municity": "Cabatuan", "district": null, "barangay": "Tupol Este", "category": "DRRM" }, "geometry": { "type": "Point", "coordinates": [ 122.473791, 10.866005 ] } },
{ "type": "Feature", "properties": { "name": "Cagban, Cabatuan Brgy. Hall", "type": "Government", "address": "VGMM+4C3, Cagban, Iloilo", "facebook": null, "url": null, "contact_mobile": null, "contact_landline": null, "email": null, "logo": null, "latitude": 10.882763, "longitude": 122.533562, "region": "Region VI (Western Visayas)", "province": "Iloilo", "municity": "Cabatuan", "district": null, "barangay": "Cagban", "category": "DRRM" }, "geometry": { "type": "Point", "coordinates": [ 122.533562, 10.882763 ] } },
{ "type": "Feature", "properties": { "name": "Santa Filomena Barangay Hall", "type": "Government", "address": "MGP8+P39 Santa Filomena Barangay Hall, Bonifacio St, Villa Arevalo District, Iloilo City, 5000 Iloilo", "facebook": null, "url": null, "contact_mobile": null, "contact_landline": "(033) 501 9127", "email": null, "logo": null, "latitude": 10.686782, "longitude": 122.515241, "region": "Region VI (Western Visayas)", "province": "Iloilo", "municity": "Iloilo City", "district": "Arevalo", "barangay": "Santa Filomena", "category": "DRRM" }, "geometry": { "type": "Point", "coordinates": [ 122.515241, 10.686782 ] } },
{ "type": "Feature", "properties": { "name": "Convento de Santo Nino de Arevalo Shrine", "type": "Education", "address": "Convento de Santo Niño de Arevalo Parish, Arroyo St, Villa Arevalo District, Iloilo City, 5000 Iloilo", "facebook": null, "url": null, "contact_mobile": null, "contact_landline": "(033) 337 5667", "email": null, "logo": null, "latitude": 10.687797, "longitude": 122.515395, "region": "Region VI (Western Visayas)", "province": "Iloilo", "municity": "Iloilo City", "district": "Arevalo", "barangay": "Santa Filomena", "category": "DRRM" }, "geometry": { "type": "Point", "coordinates": [ 122.515395, 10.687797 ] } },
{ "type": "Feature", "properties": { "name": "Villa Arevalo District Plaza", "type": "Parks and Open Space", "address": "Sofia Reyes de Veyra Monument, Yulo Dr, Villa Arevalo District, Iloilo City, 5000 Iloilo", "facebook": null, "url": null, "contact_mobile": "0910 377 4994", "contact_landline": null, "email": null, "logo": null, "latitude": 10.688622, "longitude": 122.515882, "region": "Region VI (Western Visayas)", "province": "Iloilo", "municity": "Iloilo City", "district": "Arevalo", "barangay": "Santa Filomena", "category": "DRRM" }, "geometry": { "type": "Point", "coordinates": [ 122.515882, 10.688622 ] } },
{ "type": "Feature", "properties": { "name": "Bakhaw Barangay Hall", "type": "Government", "address": "Mandurriao, Iloilo City, Iloilo", "facebook": null, "url": null, "contact_mobile": null, "contact_landline": null, "email": null, "logo": null, "latitude": 10.718304, "longitude": 122.553821, "region": "Region VI (Western Visayas)", "province": "Iloilo", "municity": "Iloilo City", "district": "Mandurriao", "barangay": "Bakhaw", "category": "DRRM" }, "geometry": { "type": "Point", "coordinates": [ 122.553821, 10.718304 ] } },
{ "type": "Feature", "properties": { "name": "National Housing Authority", "type": "Government", "address": "PH93+7GX Brgy. Bakhaw Mandurriao, Iloilo City, 5000 Iloilo", "facebook": null, "url": null, "contact_mobile": null, "contact_landline": "(033) 301 1843", "email": null, "logo": null, "latitude": 10.718244, "longitude": 122.553871, "region": "Region VI (Western Visayas)", "province": "Iloilo", "municity": "Iloilo City", "district": "Mandurriao", "barangay": "Bakhaw", "category": "DRRM" }, "geometry": { "type": "Point", "coordinates": [ 122.553871, 10.718244 ] } },
{ "type": "Feature", "properties": { "name": "Tigtig Brgy. Hall", "type": "Government", "address": "RHF6+5HF, Santa Barbara, Iloilo, Santa Barbara, Iloilo", "facebook": null, "url": null, "contact_mobile": null, "contact_landline": null, "email": null, "logo": null, "latitude": 10.822936, "longitude": 122.561419, "region": "Region VI (Western Visayas)", "province": "Iloilo", "municity": "Santa Barbara", "district": null, "barangay": "Tigtig", "category": "DRRM" }, "geometry": { "type": "Point", "coordinates": [ 122.561419, 10.822936 ] } },
{ "type": "Feature", "properties": { "name": "San Vicente Baranggay Hall", "type": "Government", "address": "PH95+QH7 San Vicente Baranggay Hall, Jaro, Iloilo City, Iloilo", "facebook": null, "url": null, "contact_mobile": null, "contact_landline": null, "email": null, "logo": null, "latitude": 10.719408, "longitude": 122.558907, "region": "Region VI (Western Visayas)", "province": "Iloilo", "municity": "Iloilo City", "district": "Jaro", "barangay": "San Vicente", "category": "DRRM" }, "geometry": { "type": "Point", "coordinates": [ 122.558907, 10.719408 ] } },
{ "type": "Feature", "properties": { "name": "PhilHealth- Robinsons Jaro", "type": "Government", "address": "PhilHealth- Robinsons Jaro, Ground Floor Robinsons Place Jaro- 5000, 425 E Lopez St, Jaro, Iloilo City, 5000 Iloilo", "facebook": null, "url": null, "contact_mobile": null, "contact_landline": null, "email": null, "logo": "https://drive.google.com/file/d/127YKugmAXg4w7XkiQIOw1bKKOSU5yvve/view?usp=sharing", "latitude": 10.72101, "longitude": 122.5584, "region": "Region VI (Western Visayas)", "province": "Iloilo", "municity": "Iloilo City", "district": "Jaro", "barangay": "San Vicente", "category": "DRRM" }, "geometry": { "type": "Point", "coordinates": [ 122.5584, 10.72101 ] } },
{ "type": "Feature", "properties": { "name": "Barangay Magdalo Multi Purpose Hall", "type": "Multipurpose Hall", "address": "PH68+GJJ La Paz, Iloilo City, 5000 Iloilo", "facebook": null, "url": null, "contact_mobile": null, "contact_landline": null, "email": null, "logo": null, "latitude": 10.711344, "longitude": 122.566523, "region": "Region VI (Western Visayas)", "province": "Iloilo", "municity": "Iloilo City", "district": "La Paz", "barangay": "Magdalo", "category": "DRRM" }, "geometry": { "type": "Point", "coordinates": [ 122.566523, 10.711344 ] } },
{ "type": "Feature", "properties": { "name": "Iloilo Science and Technology University-Main", "type": "Education", "address": "Burgos St, La Paz, Iloilo City, Iloilo", "facebook": "https://www.facebook.com/isatuniversityofficial/", "url": "http://www.isatu.edu.ph", "contact_mobile": null, "contact_landline": "33-3207190", "email": "mail@isatu.edu.ph", "logo": "https://drive.google.com/file/d/1IGkrMRGJoUCIKkTjV-lzZ6ZpU755n5i0/view?usp=sharing", "latitude": 10.715417, "longitude": 122.566346, "region": "Region VI (Western Visayas)", "province": "Iloilo", "municity": "Iloilo City", "district": "La Paz", "barangay": "Magdalo", "category": "DRRM" }, "geometry": { "type": "Point", "coordinates": [ 122.566346, 10.715417 ] } },
{ "type": "Feature", "properties": { "name": "St. Therese-MTC Colleges-Magdalo", "type": "Education", "address": "PH68+GR3 La Paz, Iloilo City, Iloilo", "facebook": "https://www.facebook.com/STMTCCMAGDALOOFFICIAL", "url": "stmtcc.edu.ph", "contact_mobile": "0999 672 0480", "contact_landline": null, "email": "registrar.magdalo@stmtcc.edu.ph", "logo": "https://drive.google.com/file/d/106eXARSgREJoYU3FOtxXFk4M6YJN46q6/view?usp=sharing", "latitude": 10.71125, "longitude": 122.567036, "region": "Region VI (Western Visayas)", "province": "Iloilo", "municity": "Iloilo City", "district": "La Paz", "barangay": "Magdalo", "category": "DRRM" }, "geometry": { "type": "Point", "coordinates": [ 122.567036, 10.71125 ] } },
{ "type": "Feature", "properties": { "name": "Iloilo Pioneer Masjid مسجد, 16-", "type": "Faith-Based", "address": "PH68+QPP Brgy. Magdalo, Lapaz, Iloilo City, 5000 Iloilo", "facebook": null, "url": null, "contact_mobile": null, "contact_landline": null, "email": null, "logo": null, "latitude": 10.711961, "longitude": 122.566827, "region": "Region VI (Western Visayas)", "province": "Iloilo", "municity": "Iloilo City", "district": "La Paz", "barangay": "Magdalo", "category": "DRRM" }, "geometry": { "type": "Point", "coordinates": [ 122.566827, 10.711961 ] } },
{ "type": "Feature", "properties": { "name": "BARANGAY HALL, BRGY. SAN JOSE", "type": "Government", "address": "PH87+P89 BARANGAY HALL, BRGY. SAN JOSE JARO ILOILO CITY, San Jose St, Jaro, Iloilo City, Iloilo", "facebook": null, "url": null, "contact_mobile": null, "contact_landline": null, "email": null, "logo": null, "latitude": 10.716798, "longitude": 122.563349, "region": "Region VI (Western Visayas)", "province": "Iloilo", "municity": "Iloilo City", "district": "Jaro", "barangay": "San Jose (Jaro)", "category": "DRRM" }, "geometry": { "type": "Point", "coordinates": [ 122.563349, 10.716798 ] } },
{ "type": "Feature", "properties": { "name": "Panay Broadband", "type": "Telecommunication", "address": "Lot 9-10, Block 7, Panay Broadband, Paseo de Santa Barbara, Subdivision, Santa Barbara, 5002 Iloilo", "facebook": null, "url": "http://www.panaybroadband.com.ph/", "contact_mobile": "0919 066 5448", "contact_landline": null, "email": null, "logo": null, "latitude": 10.831661, "longitude": 122.527168, "region": "Region VI (Western Visayas)", "province": "Iloilo", "municity": "Santa Barbara", "district": null, "barangay": "Gen. Martin T. Delgado", "category": "DRRM" }, "geometry": { "type": "Point", "coordinates": [ 122.527168, 10.831661 ] } },
{ "type": "Feature", "properties": { "name": "Globe telecom cellsite", "type": "Telecommunication", "address": "084 Rizal St, Santa Barbara, Iloilo", "facebook": null, "url": null, "contact_mobile": null, "contact_landline": null, "email": null, "logo": null, "latitude": 10.832021, "longitude": 122.529813, "region": "Region VI (Western Visayas)", "province": "Iloilo", "municity": "Santa Barbara", "district": null, "barangay": "Gen. Martin T. Delgado", "category": "DRRM" }, "geometry": { "type": "Point", "coordinates": [ 122.529813, 10.832021 ] } },
{ "type": "Feature", "properties": { "name": "Whitehaven Gardens Santa Barbara Site", "type": "Parks and Open Space", "address": "Kahilwayan Ave, Santa Barbara, Iloilo", "facebook": null, "url": "https://whitehavengardens.com/", "contact_mobile": "0998 537 4491", "contact_landline": null, "email": null, "logo": null, "latitude": 10.829457, "longitude": 122.525756, "region": "Region VI (Western Visayas)", "province": "Iloilo", "municity": "Santa Barbara", "district": null, "barangay": "Duyanduyan", "category": "DRRM" }, "geometry": { "type": "Point", "coordinates": [ 122.525756, 10.829457 ] } },
{ "type": "Feature", "properties": { "name": "Javellana Barangay Hall", "type": "Government", "address": "PH97+GPM Javellana Barangay Hall, Javellana Ext. Rd, Jaro, Iloilo City, 5000 Iloilo", "facebook": null, "url": null, "contact_mobile": null, "contact_landline": null, "email": null, "logo": null, "latitude": 10.718843, "longitude": 122.564294, "region": "Region VI (Western Visayas)", "province": "Iloilo", "municity": "Iloilo City", "district": "Jaro", "barangay": "Javellana", "category": "DRRM" }, "geometry": { "type": "Point", "coordinates": [ 122.564294, 10.718843 ] } },
{ "type": "Feature", "properties": { "name": "Fiber Industry Development Authority - Region VI", "type": "Government", "address": "Fiber Industry Development Authority - Region VI, 272 Commission Civil St, Jaro, Iloilo City, 5000 Iloilo", "facebook": null, "url": null, "contact_mobile": null, "contact_landline": "(033) 321 7328", "email": null, "logo": null, "latitude": 10.721207, "longitude": 122.561497, "region": "Region VI (Western Visayas)", "province": "Iloilo", "municity": "Iloilo City", "district": "Jaro", "barangay": "Our Lady Of Fatima", "category": "DRRM" }, "geometry": { "type": "Point", "coordinates": [ 122.561497, 10.721207 ] } },
{ "type": "Feature", "properties": { "name": "Colegio de San Jose-Jaro", "type": "Education", "address": "PHC6+C2W E Lopez St, Jaro, Iloilo City, 5000 Iloilo", "facebook": "https://www.facebook.com/csj1872/", "url": "https://csj.edu.ph", "contact_mobile": null, "contact_landline": "(033) 3291595 / (033) 3296629", "email": "csj_jaro@yahoo.com", "logo": "https://drive.google.com/file/d/1lCdi5k5d3ygwnodzSwCRONL5IIAcU-lb/view?usp=sharing", "latitude": 10.721119, "longitude": 122.560076, "region": "Region VI (Western Visayas)", "province": "Iloilo", "municity": "Iloilo City", "district": "Jaro", "barangay": "Our Lady Of Fatima", "category": "DRRM" }, "geometry": { "type": "Point", "coordinates": [ 122.560076, 10.721119 ] } },
{ "type": "Feature", "properties": { "name": "La Paz SDA Elem Multigrade School", "type": "Education", "address": "La Paz SDA Elem Multigrade School, 5000 Mabini St, Jaro, Iloilo City, 5000 Iloilo", "facebook": null, "url": null, "contact_mobile": null, "contact_landline": "(033) 508 3477", "email": null, "logo": null, "latitude": 10.720379, "longitude": 122.562821, "region": "Region VI (Western Visayas)", "province": "Iloilo", "municity": "Iloilo City", "district": "Jaro", "barangay": "Our Lady Of Fatima", "category": "DRRM" }, "geometry": { "type": "Point", "coordinates": [ 122.562821, 10.720379 ] } },
{ "type": "Feature", "properties": { "name": "BARANGAY 9 MULTIPURPOSE HALL", "type": "Multipurpose Hall", "address": "QFJ8+R7R, San Miguel, Iloilo", "facebook": null, "url": null, "contact_mobile": null, "contact_landline": null, "email": null, "logo": null, "latitude": 10.782491, "longitude": 122.465784, "region": "Region VI (Western Visayas)", "province": "Iloilo", "municity": "San Miguel", "district": null, "barangay": "Barangay 9", "category": "DRRM" }, "geometry": { "type": "Point", "coordinates": [ 122.465784, 10.782491 ] } },
{ "type": "Feature", "properties": { "name": "Barangay Aguinaldo (Session Hall)", "type": "Government", "address": "PH4C+GWX Barangay Aguinaldo (Session Hall), Lapuz, Iloilo City, Iloilo", "facebook": null, "url": null, "contact_mobile": null, "contact_landline": null, "email": null, "logo": null, "latitude": 10.706355, "longitude": 122.572346, "region": "Region VI (Western Visayas)", "province": "Iloilo", "municity": "Iloilo City", "district": "La Paz", "barangay": "Aguinaldo", "category": "DRRM" }, "geometry": { "type": "Point", "coordinates": [ 122.572346, 10.706355 ] } },
{ "type": "Feature", "properties": { "name": "Aguinaldo Day Care Center", "type": "Education", "address": "Aguinaldo Day Care Center, Brgy, La Paz, Iloilo City, 5000 Iloilo", "facebook": null, "url": null, "contact_mobile": null, "contact_landline": null, "email": null, "logo": null, "latitude": 10.706292, "longitude": 122.572408, "region": "Region VI (Western Visayas)", "province": "Iloilo", "municity": "Iloilo City", "district": "La Paz", "barangay": "Aguinaldo", "category": "DRRM" }, "geometry": { "type": "Point", "coordinates": [ 122.572408, 10.706292 ] } },
{ "type": "Feature", "properties": { "name": "MUNICIPALITY OF PAVIA TOWN HALL", "type": "Government", "address": "QGGR+2V4, Hedriana St, Pavia, Iloilo", "facebook": null, "url": null, "contact_mobile": null, "contact_landline": null, "email": null, "logo": null, "latitude": 10.775015, "longitude": 122.542191, "region": "Region VI (Western Visayas)", "province": "Iloilo", "municity": "Pavia", "district": null, "barangay": "Purok III (Pob.)", "category": "DRRM" }, "geometry": { "type": "Point", "coordinates": [ 122.542191, 10.775015 ] } },
{ "type": "Feature", "properties": { "name": "Mayor’s Office", "type": "Government", "address": "Pavia Town Hall, Hedriana Street, 5001, Pavia", "facebook": null, "url": null, "contact_mobile": null, "contact_landline": "(033) 329 7229", "email": null, "logo": null, "latitude": 10.775048, "longitude": 122.542082, "region": "Region VI (Western Visayas)", "province": "Iloilo", "municity": "Pavia", "district": null, "barangay": "Purok III (Pob.)", "category": "DRRM" }, "geometry": { "type": "Point", "coordinates": [ 122.542082, 10.775048 ] } },
{ "type": "Feature", "properties": { "name": "Office Of the Municipal Engineer", "type": "Government", "address": "Pavia Town Hall, 5001 Hedriana St, Pavia, Iloilo", "facebook": null, "url": null, "contact_mobile": null, "contact_landline": "(033) 320 3034", "email": null, "logo": null, "latitude": 10.775048, "longitude": 122.542082, "region": "Region VI (Western Visayas)", "province": "Iloilo", "municity": "Pavia", "district": null, "barangay": "Purok III (Pob.)", "category": "DRRM" }, "geometry": { "type": "Point", "coordinates": [ 122.542082, 10.775048 ] } },
{ "type": "Feature", "properties": { "name": "Pavia Plaza", "type": "Parks and Open Space", "address": "QGFR+QJW, Iloilo City, 5001 Iloilo", "facebook": null, "url": null, "contact_mobile": null, "contact_landline": null, "email": null, "logo": null, "latitude": 10.774476, "longitude": 122.541568, "region": "Region VI (Western Visayas)", "province": "Iloilo", "municity": "Pavia", "district": null, "barangay": "Purok III (Pob.)", "category": "DRRM" }, "geometry": { "type": "Point", "coordinates": [ 122.541568, 10.774476 ] } },
{ "type": "Feature", "properties": { "name": "MUNICIPAL AGRICULTURE OFFICE", "type": "Government", "address": "Pavia Town Hall, Hedriana St, Pavia, 5001 Iloilo", "facebook": null, "url": null, "contact_mobile": null, "contact_landline": null, "email": null, "logo": null, "latitude": 10.774178, "longitude": 122.541199, "region": "Region VI (Western Visayas)", "province": "Iloilo", "municity": "Pavia", "district": null, "barangay": "Purok IV (Pob.)", "category": "DRRM" }, "geometry": { "type": "Point", "coordinates": [ 122.541199, 10.774178 ] } },
{ "type": "Feature", "properties": { "name": "Poblacion Purok 4 Barangay Hall", "type": "Government", "address": "144 Gonzaga St, Pavia, Iloilo City, 5001 Iloilo", "facebook": null, "url": null, "contact_mobile": null, "contact_landline": null, "email": null, "logo": null, "latitude": 10.772374, "longitude": 122.539546, "region": "Region VI (Western Visayas)", "province": "Iloilo", "municity": "Pavia", "district": null, "barangay": "Purok IV (Pob.)", "category": "DRRM" }, "geometry": { "type": "Point", "coordinates": [ 122.539546, 10.772374 ] } },
{ "type": "Feature", "properties": { "name": "Pavia Fire Station", "type": "Emergency Response", "address": "QGFR+HCF, Evangelista St, Pavia, Iloilo City, 5001 Iloilo", "facebook": "https://www.facebook.com/pavia.firestation?_rdc=1&_rdr#", "url": null, "contact_mobile": "0910 618 1660", "contact_landline": "329-3306 / 519-6147", "email": null, "logo": null, "latitude": 10.773926, "longitude": 122.541061, "region": "Region VI (Western Visayas)", "province": "Iloilo", "municity": "Pavia", "district": null, "barangay": "Purok IV (Pob.)", "category": "DRRM" }, "geometry": { "type": "Point", "coordinates": [ 122.541061, 10.773926 ] } },
{ "type": "Feature", "properties": { "name": "Pavia Police Station", "type": "Emergency Response", "address": "QGFR+PCQ, Evangelista St, Pavia, 5001 Iloilo", "facebook": null, "url": null, "contact_mobile": "0927 135 3782", "contact_landline": null, "email": null, "logo": null, "latitude": 10.774292, "longitude": 122.541112, "region": "Region VI (Western Visayas)", "province": "Iloilo", "municity": "Pavia", "district": null, "barangay": "Purok IV (Pob.)", "category": "DRRM" }, "geometry": { "type": "Point", "coordinates": [ 122.541112, 10.774292 ] } },
{ "type": "Feature", "properties": { "name": "Purok-IV Tanod Outpost", "type": "Emergency Response", "address": "QGCQ+RQG, Gonzaga St, Pavia, Iloilo", "facebook": null, "url": null, "contact_mobile": null, "contact_landline": null, "email": null, "logo": null, "latitude": 10.772066, "longitude": 122.539453, "region": "Region VI (Western Visayas)", "province": "Iloilo", "municity": "Pavia", "district": null, "barangay": "Purok IV (Pob.)", "category": "DRRM" }, "geometry": { "type": "Point", "coordinates": [ 122.539453, 10.772066 ] } },
{ "type": "Feature", "properties": { "name": "Pavia Baptist Church", "type": "Faith-Based", "address": "58a Gonzaga St, Pavia, Iloilo", "facebook": null, "url": null, "contact_mobile": null, "contact_landline": null, "email": null, "logo": null, "latitude": 10.772957, "longitude": 122.540165, "region": "Region VI (Western Visayas)", "province": "Iloilo", "municity": "Pavia", "district": null, "barangay": "Purok IV (Pob.)", "category": "DRRM" }, "geometry": { "type": "Point", "coordinates": [ 122.540165, 10.772957 ] } },
{ "type": "Feature", "properties": { "name": "The Integrated Academy School System Inc. San Miguel Ext.", "type": "Education", "address": "QFH5+CP3 The Integrated Academy School System Inc. San Miguel Ext., San Miguel, Iloilo", "facebook": "https://www.facebook.com/tiasanmigueliloilo/", "url": null, "contact_mobile": "0981 583 5789 / 0995 801 8940", "contact_landline": null, "email": "tiass.sanmiguel@gmail.com", "logo": null, "latitude": 10.77851, "longitude": 122.459282, "region": "Region VI (Western Visayas)", "province": "Iloilo", "municity": "San Miguel", "district": null, "barangay": "Barangay 15", "category": "DRRM" }, "geometry": { "type": "Point", "coordinates": [ 122.459282, 10.77851 ] } },
{ "type": "Feature", "properties": { "name": "Fire Station Office - Municipality Of San Miguel", "type": "Emergency Response", "address": "San Miguel Municipal Hall, Sales St, San Miguel, 5025 Iloilo", "facebook": null, "url": null, "contact_mobile": "0929 885 6375", "contact_landline": null, "email": null, "logo": null, "latitude": 10.786934, "longitude": 122.468258, "region": "Region VI (Western Visayas)", "province": "Iloilo", "municity": "San Miguel", "district": null, "barangay": "Barangay 8", "category": "DRRM" }, "geometry": { "type": "Point", "coordinates": [ 122.468258, 10.786934 ] } },
{ "type": "Feature", "properties": { "name": "San Miguel Public Market", "type": "Public Market", "address": "QFQ9+257, Provincial Road, San Miguel, Iloilo", "facebook": null, "url": null, "contact_mobile": null, "contact_landline": null, "email": null, "logo": null, "latitude": 10.787073, "longitude": 122.46909, "region": "Region VI (Western Visayas)", "province": "Iloilo", "municity": "San Miguel", "district": null, "barangay": "Barangay 8", "category": "DRRM" }, "geometry": { "type": "Point", "coordinates": [ 122.46909, 10.787073 ] } },
{ "type": "Feature", "properties": { "name": "Full Gospel Christian Assembly", "type": "Faith-Based", "address": "San Roque St, Pob, San Miguel, Iloilo", "facebook": null, "url": null, "contact_mobile": "0909 687 6000", "contact_landline": null, "email": null, "logo": null, "latitude": 10.780946, "longitude": 122.466942, "region": "Region VI (Western Visayas)", "province": "Iloilo", "municity": "San Miguel", "district": null, "barangay": "Barangay 8", "category": "DRRM" }, "geometry": { "type": "Point", "coordinates": [ 122.466942, 10.780946 ] } },
{ "type": "Feature", "properties": { "name": "Consolacion Elementary School", "type": "Education", "address": "RF5F+PXQ Consolacion Elementary School, San Miguel, Iloilo", "facebook": "https://www.facebook.com/ces.consolacionelemschol.5", "url": null, "contact_mobile": null, "contact_landline": null, "email": null, "logo": null, "latitude": 10.809343, "longitude": 122.474992, "region": "Region VI (Western Visayas)", "province": "Iloilo", "municity": "San Miguel", "district": null, "barangay": "Consolacion", "category": "DRRM" }, "geometry": { "type": "Point", "coordinates": [ 122.474992, 10.809343 ] } },
{ "type": "Feature", "properties": { "name": "Community of Love Church", "type": "Faith-Based", "address": "RF4H+G32, Sitio banglid Barangay, San Miguel, Iloilo", "facebook": null, "url": null, "contact_mobile": null, "contact_landline": null, "email": null, "logo": null, "latitude": 10.80627, "longitude": 122.477644, "region": "Region VI (Western Visayas)", "province": "Iloilo", "municity": "San Miguel", "district": null, "barangay": "Consolacion", "category": "DRRM" }, "geometry": { "type": "Point", "coordinates": [ 122.477644, 10.80627 ] } },
{ "type": "Feature", "properties": { "name": "Sitio Banglid Catholic Chapel", "type": "Faith-Based", "address": "RF4H+J24, San Miguel, Iloilo", "facebook": null, "url": null, "contact_mobile": null, "contact_landline": null, "email": null, "logo": null, "latitude": 10.806684, "longitude": 122.477498, "region": "Region VI (Western Visayas)", "province": "Iloilo", "municity": "San Miguel", "district": null, "barangay": "Consolacion", "category": "DRRM" }, "geometry": { "type": "Point", "coordinates": [ 122.477498, 10.806684 ] } },
{ "type": "Feature", "properties": { "name": "Evacuation center", "type": "Emergency Response", "address": "QFG4+J4H, Igtambo, San Miguel, Iloilo", "facebook": null, "url": null, "contact_mobile": null, "contact_landline": null, "email": null, "logo": null, "latitude": 10.776568, "longitude": 122.455371, "region": "Region VI (Western Visayas)", "province": "Iloilo", "municity": "San Miguel", "district": null, "barangay": "Igtambo", "category": "DRRM" }, "geometry": { "type": "Point", "coordinates": [ 122.455371, 10.776568 ] } },
{ "type": "Feature", "properties": { "name": "Igtambo Elementary School", "type": "Education", "address": "QFG4+VCR Igtambo Elementary School, Igtambo, San Miguel, Iloilo", "facebook": null, "url": null, "contact_mobile": "0910 661 4251", "contact_landline": null, "email": null, "logo": null, "latitude": 10.777227, "longitude": 122.456021, "region": "Region VI (Western Visayas)", "province": "Iloilo", "municity": "San Miguel", "district": null, "barangay": "Igtambo", "category": "DRRM" }, "geometry": { "type": "Point", "coordinates": [ 122.456021, 10.777227 ] } },
{ "type": "Feature", "properties": { "name": "Lumina Iloilo Covered Court", "type": "Multipurpose Hall", "address": "QF4X+Q2V, San Miguel, Iloilo", "facebook": null, "url": null, "contact_mobile": null, "contact_landline": null, "email": null, "logo": null, "latitude": 10.756993, "longitude": 122.497561, "region": "Region VI (Western Visayas)", "province": "Iloilo", "municity": "San Miguel", "district": null, "barangay": "San Jose", "category": "DRRM" }, "geometry": { "type": "Point", "coordinates": [ 122.497561, 10.756993 ] } },
{ "type": "Feature", "properties": { "name": "San Jose Barangay Day Care Center (San Miguel)", "type": "Education", "address": "San Jose Barangay Day Care Center, 5025 Oton - San Jose-Santa Barbara Rd, San Miguel, Iloilo", "facebook": null, "url": null, "contact_mobile": null, "contact_landline": null, "email": null, "logo": null, "latitude": 10.76138, "longitude": 122.496851, "region": "Region VI (Western Visayas)", "province": "Iloilo", "municity": "San Miguel", "district": null, "barangay": "San Jose", "category": "DRRM" }, "geometry": { "type": "Point", "coordinates": [ 122.496851, 10.76138 ] } },
{ "type": "Feature", "properties": { "name": "Golden Haven Memorial Park - Iloilo", "type": "Parks and Open Space", "address": "Iloilo City - Aleosan Rd, San Miguel, 5025 Iloilo", "facebook": null, "url": "https://www.goldenhaven.com.ph/", "contact_mobile": "0999 887 2928", "contact_landline": null, "email": null, "logo": null, "latitude": 10.766805, "longitude": 122.490185, "region": "Region VI (Western Visayas)", "province": "Iloilo", "municity": "San Miguel", "district": null, "barangay": "San Jose", "category": "DRRM" }, "geometry": { "type": "Point", "coordinates": [ 122.490185, 10.766805 ] } },
{ "type": "Feature", "properties": { "name": "Iloilo Memorials", "type": "Parks and Open Space", "address": "San Jose, San Miguel, Iloilo, 5025 Iloilo", "facebook": null, "url": null, "contact_mobile": "0917 655 3081", "contact_landline": null, "email": null, "logo": null, "latitude": 10.766896, "longitude": 122.48913, "region": "Region VI (Western Visayas)", "province": "Iloilo", "municity": "San Miguel", "district": null, "barangay": "San Jose", "category": "DRRM" }, "geometry": { "type": "Point", "coordinates": [ 122.48913, 10.766896 ] } },
{ "type": "Feature", "properties": { "name": "Municipal Hall San Miguel", "type": "Government", "address": "Municipal Hall, Sales St, San Miguel, 5025 Iloilo", "facebook": null, "url": null, "contact_mobile": null, "contact_landline": null, "email": null, "logo": null, "latitude": 10.781561, "longitude": 122.465791, "region": "Region VI (Western Visayas)", "province": "Iloilo", "municity": "San Miguel", "district": null, "barangay": "Barangay 1", "category": "DRRM" }, "geometry": { "type": "Point", "coordinates": [ 122.465791, 10.781561 ] } },
{ "type": "Feature", "properties": { "name": "SB Secretary Office - Municipality Of San Miguel", "type": "Government", "address": "QFJ7+8XC, San Miguel Municipal Hall, Sales St, San Miguel, 5025 Iloilo", "facebook": null, "url": null, "contact_mobile": null, "contact_landline": "(033) 331 0869", "email": null, "logo": null, "latitude": 10.780667, "longitude": 122.464795, "region": "Region VI (Western Visayas)", "province": "Iloilo", "municity": "San Miguel", "district": null, "barangay": "Barangay 1", "category": "DRRM" }, "geometry": { "type": "Point", "coordinates": [ 122.464795, 10.780667 ] } },
{ "type": "Feature", "properties": { "name": "Civil Registrar Office - Municipality Of San Miguel", "type": "Government", "address": "San Miguel Municipal Hall, Sales St, San Miguel, 5025 Iloilo", "facebook": null, "url": null, "contact_mobile": "0939 300 1262", "contact_landline": null, "email": null, "logo": null, "latitude": 10.780788, "longitude": 122.46496, "region": "Region VI (Western Visayas)", "province": "Iloilo", "municity": "San Miguel", "district": null, "barangay": "Barangay 1", "category": "DRRM" }, "geometry": { "type": "Point", "coordinates": [ 122.46496, 10.780788 ] } },
{ "type": "Feature", "properties": { "name": "Treasurer's Office - Municipality Of San Miguel, San Miguel Municipal Hall", "type": "Government", "address": "QFJ7+8XC, Sales St, San Miguel, 5025 Iloilo", "facebook": null, "url": null, "contact_mobile": null, "contact_landline": "(033) 331 0607", "email": null, "logo": null, "latitude": 10.780788, "longitude": 122.46496, "region": "Region VI (Western Visayas)", "province": "Iloilo", "municity": "San Miguel", "district": null, "barangay": "Barangay 1", "category": "DRRM" }, "geometry": { "type": "Point", "coordinates": [ 122.46496, 10.780788 ] } },
{ "type": "Feature", "properties": { "name": "Budget Office - Municipality Of San Miguel", "type": "Government", "address": "QFJ7+8XC, San Miguel Municipal Hall, Sales St, San Miguel, 5025 Iloilo", "facebook": null, "url": null, "contact_mobile": null, "contact_landline": "(033) 331 0735", "email": null, "logo": null, "latitude": 10.780891, "longitude": 122.46475, "region": "Region VI (Western Visayas)", "province": "Iloilo", "municity": "San Miguel", "district": null, "barangay": "Barangay 1", "category": "DRRM" }, "geometry": { "type": "Point", "coordinates": [ 122.46475, 10.780891 ] } },
{ "type": "Feature", "properties": { "name": "San Miguel Municipal Police Station", "type": "Emergency Response", "address": "San Miguel Municipal Hall, San Miguel - Cabatuan Rd, San Miguel, 5025 Iloilo", "facebook": null, "url": null, "contact_mobile": null, "contact_landline": "(033) 331 0699", "email": null, "logo": null, "latitude": 10.780585, "longitude": 122.464964, "region": "Region VI (Western Visayas)", "province": "Iloilo", "municity": "San Miguel", "district": null, "barangay": "Barangay 1", "category": "DRRM" }, "geometry": { "type": "Point", "coordinates": [ 122.464964, 10.780585 ] } },
{ "type": "Feature", "properties": { "name": "Assessor Office - Municipality Of San Miguel", "type": "Government", "address": "QFJ7+8XC, San Miguel Municipal Hall, Sales St, San Miguel, 5025 Iloilo", "facebook": null, "url": null, "contact_mobile": null, "contact_landline": "(033) 331 0758", "email": null, "logo": null, "latitude": 10.780788, "longitude": 122.46496, "region": "Region VI (Western Visayas)", "province": "Iloilo", "municity": "San Miguel", "district": null, "barangay": "Barangay 1", "category": "DRRM" }, "geometry": { "type": "Point", "coordinates": [ 122.46496, 10.780788 ] } },
{ "type": "Feature", "properties": { "name": "Environment And Natural Resources - Municipality Of San Miguel", "type": "Government", "address": "QFJ7+8XC, San Miguel Municipal Hall, Sales St, San Miguel, 5025 Iloilo", "facebook": null, "url": null, "contact_mobile": null, "contact_landline": "(033) 331 0797", "email": null, "logo": null, "latitude": 10.780788, "longitude": 122.46496, "region": "Region VI (Western Visayas)", "province": "Iloilo", "municity": "San Miguel", "district": null, "barangay": "Barangay 1", "category": "DRRM" }, "geometry": { "type": "Point", "coordinates": [ 122.46496, 10.780788 ] } },
{ "type": "Feature", "properties": { "name": "Accounting Office - Municipality Of San Miguel", "type": "Government", "address": "QFJ7+8XC, San Miguel Municipal Hall, Sales St, San Miguel, 5025 Iloilo", "facebook": null, "url": null, "contact_mobile": null, "contact_landline": "(033) 331 0172", "email": null, "logo": null, "latitude": 10.780788, "longitude": 122.46496, "region": "Region VI (Western Visayas)", "province": "Iloilo", "municity": "San Miguel", "district": null, "barangay": "Barangay 1", "category": "DRRM" }, "geometry": { "type": "Point", "coordinates": [ 122.46496, 10.780788 ] } },
{ "type": "Feature", "properties": { "name": "Municipal Hall San Miguel", "type": "Multipurpose Hall", "address": "Municipal Hall, Sales St, San Miguel, 5025 Iloilo", "facebook": null, "url": null, "contact_mobile": null, "contact_landline": null, "email": null, "logo": null, "latitude": 10.781561, "longitude": 122.465791, "region": "Region VI (Western Visayas)", "province": "Iloilo", "municity": "San Miguel", "district": null, "barangay": "Barangay 1", "category": "DRRM" }, "geometry": { "type": "Point", "coordinates": [ 122.465791, 10.781561 ] } },
{ "type": "Feature", "properties": { "name": "San Miguel Central Elementary School", "type": "Education", "address": "QFH9+J29 San Miguel Central Elementary School, San Miguel, Iloilo", "facebook": null, "url": null, "contact_mobile": null, "contact_landline": null, "email": null, "logo": null, "latitude": 10.779035, "longitude": 122.46761, "region": "Region VI (Western Visayas)", "province": "Iloilo", "municity": "San Miguel", "district": null, "barangay": "Barangay 1", "category": "DRRM" }, "geometry": { "type": "Point", "coordinates": [ 122.46761, 10.779035 ] } },
{ "type": "Feature", "properties": { "name": "Emmanuel Christian Church", "type": "Faith-Based", "address": "QFCG+C2, San Miguel, Iloilo", "facebook": null, "url": null, "contact_mobile": null, "contact_landline": null, "email": null, "logo": null, "latitude": 10.771072, "longitude": 122.475011, "region": "Region VI (Western Visayas)", "province": "Iloilo", "municity": "San Miguel", "district": null, "barangay": "Barangay 1", "category": "DRRM" }, "geometry": { "type": "Point", "coordinates": [ 122.475011, 10.771072 ] } },
{ "type": "Feature", "properties": { "name": "San Miguel Plaza", "type": "Parks and Open Space", "address": "QFJ8+H7V, San Miguel, Iloilo", "facebook": null, "url": null, "contact_mobile": null, "contact_landline": null, "email": null, "logo": null, "latitude": 10.781487, "longitude": 122.465667, "region": "Region VI (Western Visayas)", "province": "Iloilo", "municity": "San Miguel", "district": null, "barangay": "Barangay 1", "category": "DRRM" }, "geometry": { "type": "Point", "coordinates": [ 122.465667, 10.781487 ] } },
{ "type": "Feature", "properties": { "name": "Brgy. Hall, Pamuringao Proper", "type": "Government", "address": "VFG5+JWJ, Cabatuan, Iloilo", "facebook": null, "url": null, "contact_mobile": null, "contact_landline": null, "email": null, "logo": null, "latitude": 10.876588, "longitude": 122.45977, "region": "Region VI (Western Visayas)", "province": "Iloilo", "municity": "Cabatuan", "district": null, "barangay": "Pamuringao Proper", "category": "DRRM" }, "geometry": { "type": "Point", "coordinates": [ 122.45977, 10.876588 ] } },
{ "type": "Feature", "properties": { "name": "Cabolo-an Norte Brgy. Hall", "type": "Government", "address": "QF3G+CGQ, Oton, Iloilo", "facebook": null, "url": null, "contact_mobile": null, "contact_landline": null, "email": null, "logo": null, "latitude": 10.753586, "longitude": 122.476353, "region": "Region VI (Western Visayas)", "province": "Iloilo", "municity": "Oton", "district": null, "barangay": "Caboloan Norte", "category": "DRRM" }, "geometry": { "type": "Point", "coordinates": [ 122.476353, 10.753586 ] } },
{ "type": "Feature", "properties": { "name": "Cabuloan Norte Day Care Center Iloilo City", "type": "Education", "address": "QF5C+MVW Cabuloan Norte Day Care Center Iloilo City, Oton, Iloilo", "facebook": null, "url": null, "contact_mobile": null, "contact_landline": null, "email": null, "logo": null, "latitude": 10.759248, "longitude": 122.472199, "region": "Region VI (Western Visayas)", "province": "Iloilo", "municity": "Oton", "district": null, "barangay": "Caboloan Norte", "category": "DRRM" }, "geometry": { "type": "Point", "coordinates": [ 122.472199, 10.759248 ] } },
{ "type": "Feature", "properties": { "name": "Barangay Divinagracia Hall", "type": "Government", "address": "Zone 3, Barangay Divinagracia Hall, Divinagracia, Iloilo City, 5000 Iloilo", "facebook": null, "url": null, "contact_mobile": null, "contact_landline": null, "email": null, "logo": null, "latitude": 10.708855, "longitude": 122.572584, "region": "Region VI (Western Visayas)", "province": "Iloilo", "municity": "Iloilo City", "district": "La Paz", "barangay": "Divinagracia", "category": "DRRM" }, "geometry": { "type": "Point", "coordinates": [ 122.572584, 10.708855 ] } },
{ "type": "Feature", "properties": { "name": "Iloilo City Police Station 2", "type": "Emergency Response", "address": "Huervana St., Brgy. Divinagracia, Lapaz, Iloilo City", "facebook": null, "url": null, "contact_mobile": "9985986244", "contact_landline": "(033) 329 0904", "email": null, "logo": null, "latitude": 10.710686, "longitude": 122.570768, "region": "Region VI (Western Visayas)", "province": "Iloilo", "municity": "Iloilo City", "district": "La Paz", "barangay": "Divinagracia", "category": "DRRM" }, "geometry": { "type": "Point", "coordinates": [ 122.570768, 10.710686 ] } },
{ "type": "Feature", "properties": { "name": "La Paz I Elementary School", "type": "Education", "address": "La Paz 1 Elementary School", "facebook": "https://www.facebook.com/117606LPIES/", "url": null, "contact_mobile": null, "contact_landline": null, "email": "117606@deped.gov.ph", "logo": "https://drive.google.com/file/d/18zLl0GBXh2HWXXjxSRxB4sY98wv8b87K/view?usp=sharing", "latitude": 10.711216, "longitude": 122.571732, "region": "Region VI (Western Visayas)", "province": "Iloilo", "municity": "Iloilo City", "district": "La Paz", "barangay": "Divinagracia", "category": "DRRM" }, "geometry": { "type": "Point", "coordinates": [ 122.571732, 10.711216 ] } },
{ "type": "Feature", "properties": { "name": "Cadinglian Barangay Hall", "type": "Government", "address": "PCQQ+G7V, National Road, Cadinglian, Oton, 5020 Iloilo", "facebook": null, "url": null, "contact_mobile": "0915 808 7544", "contact_landline": null, "email": null, "logo": null, "latitude": 10.738864, "longitude": 122.438172, "region": "Region VI (Western Visayas)", "province": "Iloilo", "municity": "Oton", "district": null, "barangay": "Cadinglian", "category": "DRRM" }, "geometry": { "type": "Point", "coordinates": [ 122.438172, 10.738864 ] } },
{ "type": "Feature", "properties": { "name": "St. Michael the Archangel Parish", "type": "Faith-Based", "address": "QFJ8+8G2, Sales St, San Miguel, 5025 Iloilo", "facebook": null, "url": null, "contact_mobile": null, "contact_landline": null, "email": null, "logo": null, "latitude": 10.780775, "longitude": 122.466277, "region": "Region VI (Western Visayas)", "province": "Iloilo", "municity": "San Miguel", "district": null, "barangay": "Barangay 11", "category": "DRRM" }, "geometry": { "type": "Point", "coordinates": [ 122.466277, 10.780775 ] } },
{ "type": "Feature", "properties": { "name": "Rizal Lapaz Barangay Hall", "type": "Government", "address": "59 Rizal St, Lapuz, Iloilo City, 5000 Iloilo", "facebook": null, "url": null, "contact_mobile": null, "contact_landline": "(033) 327 0964", "email": null, "logo": null, "latitude": 10.706876, "longitude": 122.569264, "region": "Region VI (Western Visayas)", "province": "Iloilo", "municity": "Iloilo City", "district": "La Paz", "barangay": "Rizal (La Paz)", "category": "DRRM" }, "geometry": { "type": "Point", "coordinates": [ 122.569264, 10.706876 ] } },
{ "type": "Feature", "properties": { "name": "Tugas Elementary School", "type": "Education", "address": "VG7G+8JJ Tugas Elementary School, Santa Barbara, Iloilo", "facebook": "https://www.facebook.com/tugas.elementaryschool/", "url": null, "contact_mobile": null, "contact_landline": null, "email": null, "logo": "https://drive.google.com/file/d/1e--szjjxH2l2N8T1nEen1HmFjWoSLpA5/view?usp=sharing", "latitude": 10.863334, "longitude": 122.526518, "region": "Region VI (Western Visayas)", "province": "Iloilo", "municity": "Santa Barbara", "district": null, "barangay": "Tugas", "category": "DRRM" }, "geometry": { "type": "Point", "coordinates": [ 122.526518, 10.863334 ] } },
{ "type": "Feature", "properties": { "name": "Buayahon Barangay Hall", "type": "Government", "address": "VG7R+745, Santa Barbara, Iloilo", "facebook": null, "url": null, "contact_mobile": null, "contact_landline": null, "email": null, "logo": null, "latitude": 10.863132, "longitude": 122.540355, "region": "Region VI (Western Visayas)", "province": "Iloilo", "municity": "Santa Barbara", "district": null, "barangay": "Buayahon", "category": "DRRM" }, "geometry": { "type": "Point", "coordinates": [ 122.540355, 10.863132 ] } },
{ "type": "Feature", "properties": { "name": "Nstra. Sra. De La Paz Y Buen Viaje", "type": "Faith-Based", "address": "PH6C+XHQ, Jereos St, La Paz, Iloilo City, 5000 Iloilo", "facebook": null, "url": null, "contact_mobile": null, "contact_landline": "(033) 329 6680", "email": null, "logo": null, "latitude": 10.712472, "longitude": 122.571474, "region": "Region VI (Western Visayas)", "province": "Iloilo", "municity": "Iloilo City", "district": "La Paz", "barangay": "Lopez Jaena Norte", "category": "DRRM" }, "geometry": { "type": "Point", "coordinates": [ 122.571474, 10.712472 ] } },
{ "type": "Feature", "properties": { "name": "La Paz Fire Sub-Station", "type": "Emergency Response", "address": "PH69+9WX La Paz Fire Sub-Station, La Paz, Iloilo City, Iloilo", "facebook": null, "url": null, "contact_mobile": null, "contact_landline": null, "email": null, "logo": null, "latitude": 10.710989, "longitude": 122.569874, "region": "Region VI (Western Visayas)", "province": "Iloilo", "municity": "Iloilo City", "district": "La Paz", "barangay": "Burgos-Mabini-Plaza", "category": "DRRM" }, "geometry": { "type": "Point", "coordinates": [ 122.569874, 10.710989 ] } },
{ "type": "Feature", "properties": { "name": "Jereos Child Development Center", "type": "Education", "address": "PH98+JG7 Jereos Child Development Center, Jereos St, Jaro, Iloilo City, 5000 Iloilo", "facebook": "https://www.facebook.com/profile.php?id=100090712309334#", "url": null, "contact_mobile": "0915 467 4000", "contact_landline": null, "email": "charitysmagayones@gmail.com", "logo": "https://drive.google.com/file/d/1KRgLNmTPsxXZis4GpOcXuXQLzGEV-QdX/view?usp=sharing", "latitude": 10.719027, "longitude": 122.56631, "region": "Region VI (Western Visayas)", "province": "Iloilo", "municity": "Iloilo City", "district": "La Paz", "barangay": "Burgos-Mabini-Plaza", "category": "DRRM" }, "geometry": { "type": "Point", "coordinates": [ 122.56631, 10.719027 ] } },
{ "type": "Feature", "properties": { "name": "La Paz Plaza", "type": "Parks and Open Space", "address": "6 Jereos St, La Paz, Iloilo City, Iloilo", "facebook": null, "url": null, "contact_mobile": null, "contact_landline": null, "email": null, "logo": null, "latitude": 10.712599, "longitude": 122.57102, "region": "Region VI (Western Visayas)", "province": "Iloilo", "municity": "Iloilo City", "district": "La Paz", "barangay": "Burgos-Mabini-Plaza", "category": "DRRM" }, "geometry": { "type": "Point", "coordinates": [ 122.57102, 10.712599 ] } },
{ "type": "Feature", "properties": { "name": "Gustilo Barangay Hall", "type": "Government", "address": "PH8C+CQV Gustilo Barangay Hall, La Paz, Iloilo City, 5000 Iloilo", "facebook": null, "url": null, "contact_mobile": null, "contact_landline": "(033) 301 1794", "email": null, "logo": null, "latitude": 10.716102, "longitude": 122.571932, "region": "Region VI (Western Visayas)", "province": "Iloilo", "municity": "Iloilo City", "district": "La Paz", "barangay": "Gustilo", "category": "DRRM" }, "geometry": { "type": "Point", "coordinates": [ 122.571932, 10.716102 ] } },
{ "type": "Feature", "properties": { "name": "Brgy. Gustilo Tanod Outpost", "type": "Emergency Response", "address": "PH8C+JH3 Brgy. Gustilo Tanod Outpost, Gustilo St, La Paz, Iloilo City, 5000 Iloilo", "facebook": null, "url": null, "contact_mobile": null, "contact_landline": null, "email": null, "logo": null, "latitude": 10.716503, "longitude": 122.571413, "region": "Region VI (Western Visayas)", "province": "Iloilo", "municity": "Iloilo City", "district": "La Paz", "barangay": "Gustilo", "category": "DRRM" }, "geometry": { "type": "Point", "coordinates": [ 122.571413, 10.716503 ] } },
{ "type": "Feature", "properties": { "name": "Iloilo Trinity Christian Church", "type": "Faith-Based", "address": "PH7C+P2H, Jereos St, La Paz, Iloilo City, Iloilo", "facebook": null, "url": null, "contact_mobile": null, "contact_landline": null, "email": null, "logo": null, "latitude": 10.714309, "longitude": 122.570117, "region": "Region VI (Western Visayas)", "province": "Iloilo", "municity": "Iloilo City", "district": "La Paz", "barangay": "Gustilo", "category": "DRRM" }, "geometry": { "type": "Point", "coordinates": [ 122.570117, 10.714309 ] } },
{ "type": "Feature", "properties": { "name": "Brgy. Hall Ito Norte", "type": "Government", "address": "RFRC+RXJ, Cabatuan, Iloilo", "facebook": null, "url": null, "contact_mobile": null, "contact_landline": null, "email": null, "logo": null, "latitude": 10.842084, "longitude": 122.472402, "region": "Region VI (Western Visayas)", "province": "Iloilo", "municity": "Cabatuan", "district": null, "barangay": "Ito Norte", "category": "DRRM" }, "geometry": { "type": "Point", "coordinates": [ 122.472402, 10.842084 ] } },
{ "type": "Feature", "properties": { "name": "Barangay 14 Mutli-Purpose Hall", "type": "Multipurpose Hall", "address": "QFJ7+7G7, Iloilo City - Aleosan Rd, San Miguel, Iloilo", "facebook": null, "url": null, "contact_mobile": null, "contact_landline": null, "email": null, "logo": null, "latitude": 10.780651, "longitude": 122.463784, "region": "Region VI (Western Visayas)", "province": "Iloilo", "municity": "San Miguel", "district": null, "barangay": "Barangay 14", "category": "DRRM" }, "geometry": { "type": "Point", "coordinates": [ 122.463784, 10.780651 ] } },
{ "type": "Feature", "properties": { "name": "Brgy. East Baluarte - Multi Purpose Hall (USWAG Gym)", "type": "Multipurpose Hall", "address": "MGVX+2MV Molo, Iloilo City, Iloilo", "facebook": null, "url": null, "contact_mobile": null, "contact_landline": null, "email": null, "logo": null, "latitude": 10.692606, "longitude": 122.549182, "region": "Region VI (Western Visayas)", "province": "Iloilo", "municity": "Iloilo City", "district": "Molo", "barangay": "East Baluarte", "category": "DRRM" }, "geometry": { "type": "Point", "coordinates": [ 122.549182, 10.692606 ] } },
{ "type": "Feature", "properties": { "name": "Baluarte Elementary School", "type": "Education", "address": "BALUARTE ELEMENTARY SCHOOL, 45 Lopez Jaena St, Molo, Iloilo City, Iloilo", "facebook": "https://www.facebook.com/p/Baluarte-Elementary-School-Iloilo-City-100060519931457/", "url": null, "contact_mobile": null, "contact_landline": "(033) 338 4796", "email": null, "logo": "https://drive.google.com/file/d/1rbtQfMFtuetyZmE_V5U8YcYjzfi56S0l/view?usp=sharing", "latitude": 10.692608, "longitude": 122.548543, "region": "Region VI (Western Visayas)", "province": "Iloilo", "municity": "Iloilo City", "district": "Molo", "barangay": "East Baluarte", "category": "DRRM" }, "geometry": { "type": "Point", "coordinates": [ 122.548543, 10.692608 ] } },
{ "type": "Feature", "properties": { "name": "Tanod Outpost & Senior Citizen Hall", "type": "Emergency Response", "address": "MHR3+RQH Brgy. North Baluarte Tanod Out Post, Brgy, Molo, Iloilo City, 5000 Iloilo", "facebook": null, "url": null, "contact_mobile": null, "contact_landline": null, "email": null, "logo": null, "latitude": 10.693133, "longitude": 122.552688, "region": "Region VI (Western Visayas)", "province": "Iloilo", "municity": "Iloilo City", "district": "Molo", "barangay": "Cochero", "category": "DRRM" }, "geometry": { "type": "Point", "coordinates": [ 122.552688, 10.693133 ] } },
{ "type": "Feature", "properties": { "name": "ILOILO FAITH CENTER CHURCH OF GOD, Inc.", "type": "Faith-Based", "address": "MHV2+7W Iloilo City, Iloilo", "facebook": null, "url": null, "contact_mobile": null, "contact_landline": null, "email": null, "logo": null, "latitude": 10.693241, "longitude": 122.552358, "region": "Region VI (Western Visayas)", "province": "Iloilo", "municity": "Iloilo City", "district": "Molo", "barangay": "Cochero", "category": "DRRM" }, "geometry": { "type": "Point", "coordinates": [ 122.552358, 10.693241 ] } },
{ "type": "Feature", "properties": { "name": "Molo Fire Sub Station", "type": "Emergency Response", "address": "BFP Iloilo City, Brgy Taal, Molo, Iloilo City, Iloilo", "facebook": null, "url": null, "contact_mobile": null, "contact_landline": null, "email": null, "logo": null, "latitude": 10.696784, "longitude": 122.547988, "region": "Region VI (Western Visayas)", "province": "Iloilo", "municity": "Iloilo City", "district": "Molo", "barangay": "East Timawa", "category": "DRRM" }, "geometry": { "type": "Point", "coordinates": [ 122.547988, 10.696784 ] } },
{ "type": "Feature", "properties": { "name": "Iloilo Doctor's Child Learning Center", "type": "Education", "address": "Iloilo Doctor's Child Learning Center, West Ave, Molo, Iloilo City, 5000 Iloilo", "facebook": null, "url": null, "contact_mobile": null, "contact_landline": "(033) 337 9232", "email": "midwifery@idc.edu.ph", "logo": null, "latitude": 10.696525, "longitude": 122.554701, "region": "Region VI (Western Visayas)", "province": "Iloilo", "municity": "Iloilo City", "district": "Molo", "barangay": "East Timawa", "category": "DRRM" }, "geometry": { "type": "Point", "coordinates": [ 122.554701, 10.696525 ] } },
{ "type": "Feature", "properties": { "name": "Tanod Outpost", "type": "Emergency Response", "address": "QGVP+7C3, Iloilo R-3 Rd, Pavia, Iloilo City, 5001 Iloilo", "facebook": null, "url": null, "contact_mobile": null, "contact_landline": null, "email": null, "logo": null, "latitude": 10.793148, "longitude": 122.536033, "region": "Region VI (Western Visayas)", "province": "Iloilo", "municity": "Pavia", "district": null, "barangay": "Cabugao Sur", "category": "DRRM" }, "geometry": { "type": "Point", "coordinates": [ 122.536033, 10.793148 ] } },
{ "type": "Feature", "properties": { "name": "Iloilo Merchant Marine School", "type": "Education", "address": "QGVM+MQ9 R-3 Rd., Cabugao Sur, Pavia, Iloilo City, 5001 Iloilo", "facebook": "https://www.facebook.com/imms.edu.ph/", "url": null, "contact_mobile": "0963 988 4671", "contact_landline": "(033) 320 6762", "email": "imms226@gmail.com", "logo": "https://drive.google.com/file/d/1ZvE5sxM3-keR5pdi03jp_5ER2LJsCdmR/view?usp=sharing", "latitude": 10.794167, "longitude": 122.534492, "region": "Region VI (Western Visayas)", "province": "Iloilo", "municity": "Pavia", "district": null, "barangay": "Cabugao Sur", "category": "DRRM" }, "geometry": { "type": "Point", "coordinates": [ 122.534492, 10.794167 ] } },
{ "type": "Feature", "properties": { "name": "Agape Christian Fellowship", "type": "Faith-Based", "address": "QGVM+RP9, Iloilo R-3 Rd, Pavia, 5001 Iloilo", "facebook": null, "url": null, "contact_mobile": null, "contact_landline": null, "email": null, "logo": null, "latitude": 10.794527, "longitude": 122.534344, "region": "Region VI (Western Visayas)", "province": "Iloilo", "municity": "Pavia", "district": null, "barangay": "Cabugao Sur", "category": "DRRM" }, "geometry": { "type": "Point", "coordinates": [ 122.534344, 10.794527 ] } },
{ "type": "Feature", "properties": { "name": "Camambugan Multi-Purpose Building", "type": "Multipurpose Hall", "address": "RGP7+MFW, Santa Barbara, Iloilo", "facebook": null, "url": null, "contact_mobile": null, "contact_landline": null, "email": null, "logo": null, "latitude": 10.836734, "longitude": 122.5137, "region": "Region VI (Western Visayas)", "province": "Iloilo", "municity": "Santa Barbara", "district": null, "barangay": "Camambugan", "category": "DRRM" }, "geometry": { "type": "Point", "coordinates": [ 122.5137, 10.836734 ] } },
{ "type": "Feature", "properties": { "name": "ITO BAPTIST CHURCH", "type": "Faith-Based", "address": "RFM8+FJ7, Cabatuan, Iloilo", "facebook": null, "url": null, "contact_mobile": null, "contact_landline": null, "email": null, "logo": null, "latitude": 10.833668, "longitude": 122.466538, "region": "Region VI (Western Visayas)", "province": "Iloilo", "municity": "Cabatuan", "district": null, "barangay": "Ito Sur", "category": "DRRM" }, "geometry": { "type": "Point", "coordinates": [ 122.466538, 10.833668 ] } },
{ "type": "Feature", "properties": { "name": "St. Bernard Novitiate", "type": "Faith-Based", "address": "VH54+8W4, Santa Barbara - New Lucena Rd, Santa Barbara, Iloilo", "facebook": null, "url": "https://fsspx.asia/en/list-sspx-chapels-1", "contact_mobile": null, "contact_landline": null, "email": null, "logo": null, "latitude": 10.858273, "longitude": 122.557327, "region": "Region VI (Western Visayas)", "province": "Iloilo", "municity": "Santa Barbara", "district": null, "barangay": "Daga", "category": "DRRM" }, "geometry": { "type": "Point", "coordinates": [ 122.557327, 10.858273 ] } },
{ "type": "Feature", "properties": { "name": "Angels Paradise Memorial Park", "type": "Parks and Open Space", "address": "VH28+WJV, Santa Barbara, Iloilo", "facebook": null, "url": null, "contact_mobile": null, "contact_landline": null, "email": null, "logo": null, "latitude": 10.852363, "longitude": 122.56655, "region": "Region VI (Western Visayas)", "province": "Iloilo", "municity": "Santa Barbara", "district": null, "barangay": "Daga", "category": "DRRM" }, "geometry": { "type": "Point", "coordinates": [ 122.56655, 10.852363 ] } },
{ "type": "Feature", "properties": { "name": "Envirotech Waste Recycling Plant Subay Marketing, Inc.", "type": "Solid Waste", "address": "Oton, Iloilo 5020, Oton, 5020 Iloilo", "facebook": null, "url": null, "contact_mobile": "0917 304 4437", "contact_landline": null, "email": null, "logo": null, "latitude": 10.734622, "longitude": 122.45628, "region": "Region VI (Western Visayas)", "province": "Iloilo", "municity": "Oton", "district": null, "barangay": "Santa Monica", "category": "DRRM" }, "geometry": { "type": "Point", "coordinates": [ 122.45628, 10.734622 ] } },
{ "type": "Feature", "properties": { "name": "Santa Monica Parish Church", "type": "Faith-Based", "address": "Zone 2 Sta. Monica, Oton, Iloilo", "facebook": null, "url": null, "contact_mobile": null, "contact_landline": null, "email": null, "logo": null, "latitude": 10.736421, "longitude": 122.452378, "region": "Region VI (Western Visayas)", "province": "Iloilo", "municity": "Oton", "district": null, "barangay": "Santa Monica", "category": "DRRM" }, "geometry": { "type": "Point", "coordinates": [ 122.452378, 10.736421 ] } },
{ "type": "Feature", "properties": { "name": "Sta. Rita National High School", "type": "Education", "address": "PF94+8VV Sta. Rita National High School, Oton, Iloilo", "facebook": "https://www.facebook.com/srnhs302574/", "url": "https://sites.google.com/deped.gov.ph/staritanationalhighschool/home", "contact_mobile": null, "contact_landline": "(033) 503 9509", "email": "302574@deped.gov.ph", "logo": "https://drive.google.com/file/d/1jdFUADpWJHjCF3o9MUtg8zKLWeUhPl0J/view?usp=sharing", "latitude": 10.7194, "longitude": 122.456999, "region": "Region VI (Western Visayas)", "province": "Iloilo", "municity": "Oton", "district": null, "barangay": "Santa Rita", "category": "DRRM" }, "geometry": { "type": "Point", "coordinates": [ 122.456999, 10.7194 ] } },
{ "type": "Feature", "properties": { "name": "Rizal Barangay Hall", "type": "Government", "address": "QC6W+CWC, Oton, 5020 Iloilo", "facebook": null, "url": null, "contact_mobile": "0917 698 0960", "contact_landline": null, "email": null, "logo": null, "latitude": 10.761059, "longitude": 122.447268, "region": "Region VI (Western Visayas)", "province": "Iloilo", "municity": "Oton", "district": null, "barangay": "Rizal", "category": "DRRM" }, "geometry": { "type": "Point", "coordinates": [ 122.447268, 10.761059 ] } },
{ "type": "Feature", "properties": { "name": "Door of Faith Church Rizal Oton", "type": "Faith-Based", "address": "QC4W+3W8, Rizal, Oton, Iloilo", "facebook": null, "url": null, "contact_mobile": null, "contact_landline": null, "email": null, "logo": null, "latitude": 10.755166, "longitude": 122.447325, "region": "Region VI (Western Visayas)", "province": "Iloilo", "municity": "Oton", "district": null, "barangay": "Rizal", "category": "DRRM" }, "geometry": { "type": "Point", "coordinates": [ 122.447325, 10.755166 ] } },
{ "type": "Feature", "properties": { "name": "Tagbac Norte Brgy hall", "type": "Government", "address": "PFG9+79H, Oton, Iloilo", "facebook": null, "url": null, "contact_mobile": null, "contact_landline": null, "email": null, "logo": null, "latitude": 10.725685, "longitude": 122.468479, "region": "Region VI (Western Visayas)", "province": "Iloilo", "municity": "Oton", "district": null, "barangay": "Tagbac Norte", "category": "DRRM" }, "geometry": { "type": "Point", "coordinates": [ 122.468479, 10.725685 ] } },
{ "type": "Feature", "properties": { "name": "Barangay West Timawa Tanod Outpost", "type": "Emergency Response", "address": "MGWX+8MM Timawa St., Brgy. West Timawa, Iloilo City, Iloilo", "facebook": null, "url": null, "contact_mobile": null, "contact_landline": null, "email": null, "logo": null, "latitude": 10.695938, "longitude": 122.549428, "region": "Region VI (Western Visayas)", "province": "Iloilo", "municity": "Iloilo City", "district": "Molo", "barangay": "West Timawa", "category": "DRRM" }, "geometry": { "type": "Point", "coordinates": [ 122.549428, 10.695938 ] } },
{ "type": "Feature", "properties": { "name": "Iloilo Doctors' College", "type": "Education", "address": "MHW3+898 Infante St, Molo, Iloilo City, Iloilo", "facebook": "https://www.facebook.com/IloiloDoctorsCollege/", "url": "http://www.idc.edu.ph", "contact_mobile": null, "contact_landline": "(033) 337 7755", "email": "info@idc.edu.ph", "logo": "https://drive.google.com/file/d/1HLwlExSfxpMCQmaY-_F26P9NTfAJJg7Q/view?usp=sharing", "latitude": 10.695777, "longitude": 122.553457, "region": "Region VI (Western Visayas)", "province": "Iloilo", "municity": "Iloilo City", "district": "Molo", "barangay": "West Timawa", "category": "DRRM" }, "geometry": { "type": "Point", "coordinates": [ 122.553457, 10.695777 ] } },
{ "type": "Feature", "properties": { "name": "Association Of Barangay Captains", "type": "Government", "address": "Molo Plaza, Lopez Jaena St, Katilingban, Iloilo City, 5000 Iloilo", "facebook": null, "url": "https://iloilocity.gov.ph/", "contact_mobile": null, "contact_landline": null, "email": null, "logo": null, "latitude": 10.696431, "longitude": 122.544606, "region": "Region VI (Western Visayas)", "province": "Iloilo", "municity": "Iloilo City", "district": "Molo", "barangay": "San Pedro (Molo)", "category": "DRRM" }, "geometry": { "type": "Point", "coordinates": [ 122.544606, 10.696431 ] } },
{ "type": "Feature", "properties": { "name": "Molo District Police Station", "type": "Emergency Response", "address": "MGWV+QRQ Molo, Iloilo City, Iloilo", "facebook": null, "url": null, "contact_mobile": null, "contact_landline": "(033) 337 9502", "email": null, "logo": null, "latitude": 10.696961, "longitude": 122.544614, "region": "Region VI (Western Visayas)", "province": "Iloilo", "municity": "Iloilo City", "district": "Molo", "barangay": "San Pedro (Molo)", "category": "DRRM" }, "geometry": { "type": "Point", "coordinates": [ 122.544614, 10.696961 ] } },
{ "type": "Feature", "properties": { "name": "USWAG GYM", "type": "Multipurpose Hall", "address": "MGXX+J2 Iloilo City, Iloilo", "facebook": null, "url": null, "contact_mobile": null, "contact_landline": null, "email": null, "logo": null, "latitude": 10.699076, "longitude": 122.547523, "region": "Region VI (Western Visayas)", "province": "Iloilo", "municity": "Iloilo City", "district": "Molo", "barangay": "San Pedro (Molo)", "category": "DRRM" }, "geometry": { "type": "Point", "coordinates": [ 122.547523, 10.699076 ] } },
{ "type": "Feature", "properties": { "name": "San Pedro Barangay Hall 2", "type": "Government", "address": "MGXW+MQ8 San Pedro St., Brgy. San Pedro, Iloilo City, Iloilo", "facebook": null, "url": null, "contact_mobile": null, "contact_landline": null, "email": null, "logo": null, "latitude": 10.699208, "longitude": 122.547199, "region": "Region VI (Western Visayas)", "province": "Iloilo", "municity": "Iloilo City", "district": "Molo", "barangay": "San Pedro (Molo)", "category": "DRRM" }, "geometry": { "type": "Point", "coordinates": [ 122.547199, 10.699208 ] } },
{ "type": "Feature", "properties": { "name": "Persons with Disability Affairs Office (PDAO)", "type": "Government", "address": "MGXW+HQ4 San Pedro St., Brgy. San Pedro, Iloilo City, Iloilo", "facebook": null, "url": null, "contact_mobile": null, "contact_landline": null, "email": null, "logo": null, "latitude": 10.699134, "longitude": 122.547117, "region": "Region VI (Western Visayas)", "province": "Iloilo", "municity": "Iloilo City", "district": "Molo", "barangay": "San Pedro (Molo)", "category": "DRRM" }, "geometry": { "type": "Point", "coordinates": [ 122.547117, 10.699134 ] } },
{ "type": "Feature", "properties": { "name": "Department of Social Welfare and Development", "type": "Government", "address": "MGXX+72X M.H del Pilar St, Molo, Iloilo City, 5000 Iloilo", "facebook": null, "url": null, "contact_mobile": null, "contact_landline": "(033) 337 6221", "email": null, "logo": null, "latitude": 10.698234, "longitude": 122.547613, "region": "Region VI (Western Visayas)", "province": "Iloilo", "municity": "Iloilo City", "district": "Molo", "barangay": "San Pedro (Molo)", "category": "DRRM" }, "geometry": { "type": "Point", "coordinates": [ 122.547613, 10.698234 ] } },
{ "type": "Feature", "properties": { "name": "St. Therese-MTC Colleges-La Fiesta", "type": "Education", "address": "M.H del Pilar St, Molo, Iloilo City, 5000 Iloilo", "facebook": "https://www.facebook.com/STMTCCLAFIESTAOFFICIAL/", "url": "sttheresemtcc.com", "contact_mobile": "0963 109 9138", "contact_landline": "(033) 336 1384", "email": "registrar.lafiesta@stmtcc.edu.ph", "logo": "https://drive.google.com/file/d/106eXARSgREJoYU3FOtxXFk4M6YJN46q6/view?usp=sharing", "latitude": 10.697752, "longitude": 122.546798, "region": "Region VI (Western Visayas)", "province": "Iloilo", "municity": "Iloilo City", "district": "Molo", "barangay": "San Pedro (Molo)", "category": "DRRM" }, "geometry": { "type": "Point", "coordinates": [ 122.546798, 10.697752 ] } },
{ "type": "Feature", "properties": { "name": "Molo I Elementary School", "type": "Education", "address": "Molo I Elementary School, San Pedro St, Molo, Iloilo City, Iloilo", "facebook": "https://www.facebook.com/Molo1ES/", "url": null, "contact_mobile": null, "contact_landline": "(033) 337 2304", "email": "molo1elementaryschool@yahoo.com", "logo": "https://drive.google.com/file/d/1lRn5NfaYCV2iM0ehKZvyIqlvkYo4-KWM/view?usp=sharing", "latitude": 10.6986, "longitude": 122.548092, "region": "Region VI (Western Visayas)", "province": "Iloilo", "municity": "Iloilo City", "district": "Molo", "barangay": "San Pedro (Molo)", "category": "DRRM" }, "geometry": { "type": "Point", "coordinates": [ 122.548092, 10.6986 ] } },
{ "type": "Feature", "properties": { "name": "Molo Church / Sta. Ana Parish of Molo", "type": "Faith-Based", "address": "132 San Pedro St, Molo, Iloilo City, 5000 Iloilo", "facebook": null, "url": null, "contact_mobile": null, "contact_landline": "(033) 337 2258", "email": null, "logo": null, "latitude": 10.697282, "longitude": 122.544428, "region": "Region VI (Western Visayas)", "province": "Iloilo", "municity": "Iloilo City", "district": "Molo", "barangay": "San Pedro (Molo)", "category": "DRRM" }, "geometry": { "type": "Point", "coordinates": [ 122.544428, 10.697282 ] } },
{ "type": "Feature", "properties": { "name": "Masjid Molo", "type": "Faith-Based", "address": "MGXW+MWX, Molo, Iloilo City, Iloilo", "facebook": null, "url": null, "contact_mobile": "0920 217 5251", "contact_landline": null, "email": null, "logo": null, "latitude": 10.69924, "longitude": 122.547359, "region": "Region VI (Western Visayas)", "province": "Iloilo", "municity": "Iloilo City", "district": "Molo", "barangay": "San Pedro (Molo)", "category": "DRRM" }, "geometry": { "type": "Point", "coordinates": [ 122.547359, 10.69924 ] } },
{ "type": "Feature", "properties": { "name": "Molo Plaza", "type": "Parks and Open Space", "address": "MGWV+RJ5, San Pedro St, Molo, Iloilo City, 5000 Iloilo", "facebook": null, "url": null, "contact_mobile": "0922 845 5261", "contact_landline": null, "email": null, "logo": null, "latitude": 10.697008, "longitude": 122.544098, "region": "Region VI (Western Visayas)", "province": "Iloilo", "municity": "Iloilo City", "district": "Molo", "barangay": "San Pedro (Molo)", "category": "DRRM" }, "geometry": { "type": "Point", "coordinates": [ 122.544098, 10.697008 ] } },
{ "type": "Feature", "properties": { "name": "Poblacion Molo Barangay Hall and Multi-Purpose Hall", "type": "Multipurpose Hall", "address": "MGWX+V4H Molo, Iloilo City, Iloilo", "facebook": null, "url": null, "contact_mobile": null, "contact_landline": null, "email": null, "logo": null, "latitude": 10.696928, "longitude": 122.547711, "region": "Region VI (Western Visayas)", "province": "Iloilo", "municity": "Iloilo City", "district": "Molo", "barangay": "Poblacion Molo", "category": "DRRM" }, "geometry": { "type": "Point", "coordinates": [ 122.547711, 10.696928 ] } },
{ "type": "Feature", "properties": { "name": "Poblacion Molo Barangay Hall and Multi-Purpose Hall", "type": "Government", "address": "MGWX+V4H Molo, Iloilo City, Iloilo", "facebook": null, "url": null, "contact_mobile": null, "contact_landline": null, "email": null, "logo": null, "latitude": 10.696928, "longitude": 122.547711, "region": "Region VI (Western Visayas)", "province": "Iloilo", "municity": "Iloilo City", "district": "Molo", "barangay": "Poblacion Molo", "category": "DRRM" }, "geometry": { "type": "Point", "coordinates": [ 122.547711, 10.696928 ] } },
{ "type": "Feature", "properties": { "name": "Social Security System", "type": "Government", "address": "GT Plaza Mall, M.H del Pilar St, Poblacion, Molo, Iloilo City, 5000 Iloilo", "facebook": null, "url": "https://www.sss.gov.ph/", "contact_mobile": null, "contact_landline": "(033) 330 2963", "email": null, "logo": null, "latitude": 10.696235, "longitude": 122.545142, "region": "Region VI (Western Visayas)", "province": "Iloilo", "municity": "Iloilo City", "district": "Molo", "barangay": "Poblacion Molo", "category": "DRRM" }, "geometry": { "type": "Point", "coordinates": [ 122.545142, 10.696235 ] } },
{ "type": "Feature", "properties": { "name": "Door of Faith Church", "type": "Faith-Based", "address": "QGFH+3H5, Pavia, Iloilo", "facebook": null, "url": null, "contact_mobile": null, "contact_landline": null, "email": null, "logo": null, "latitude": 10.772644, "longitude": 122.528981, "region": "Region VI (Western Visayas)", "province": "Iloilo", "municity": "Pavia", "district": null, "barangay": "Pal-agon", "category": "DRRM" }, "geometry": { "type": "Point", "coordinates": [ 122.528981, 10.772644 ] } },
{ "type": "Feature", "properties": { "name": "Tanod Outpost Brgy.Tap-oc", "type": "Emergency Response", "address": "MGXV+CCC Jocson St, Molo, Iloilo City, 5000 Iloilo", "facebook": null, "url": null, "contact_mobile": null, "contact_landline": null, "email": null, "logo": null, "latitude": 10.698561, "longitude": 122.543519, "region": "Region VI (Western Visayas)", "province": "Iloilo", "municity": "Iloilo City", "district": "Molo", "barangay": "Tap-oc", "category": "DRRM" }, "geometry": { "type": "Point", "coordinates": [ 122.543519, 10.698561 ] } },
{ "type": "Feature", "properties": { "name": "DAY CARE CENTER (Cabatuan)", "type": "Education", "address": "VF6Q+P53 DAY CARE CENTER, Cabatuan, Iloilo", "facebook": null, "url": null, "contact_mobile": null, "contact_landline": null, "email": null, "logo": null, "latitude": 10.861768, "longitude": 122.48791, "region": "Region VI (Western Visayas)", "province": "Iloilo", "municity": "Cabatuan", "district": null, "barangay": "Pamul-Ogan", "category": "DRRM" }, "geometry": { "type": "Point", "coordinates": [ 122.48791, 10.861768 ] } },
{ "type": "Feature", "properties": { "name": "Pamul ogan Hill", "type": "Faith-Based", "address": "VF7P+G83, Cabatuan, Iloilo", "facebook": null, "url": null, "contact_mobile": null, "contact_landline": null, "email": null, "logo": null, "latitude": 10.863755, "longitude": 122.485808, "region": "Region VI (Western Visayas)", "province": "Iloilo", "municity": "Cabatuan", "district": null, "barangay": "Pamul-Ogan", "category": "DRRM" }, "geometry": { "type": "Point", "coordinates": [ 122.485808, 10.863755 ] } },
{ "type": "Feature", "properties": { "name": "Gaub Barangay Hall", "type": "Government", "address": "VF2Q+3VG, Cabatuan, Iloilo", "facebook": null, "url": null, "contact_mobile": null, "contact_landline": null, "email": null, "logo": null, "latitude": 10.850175, "longitude": 122.489719, "region": "Region VI (Western Visayas)", "province": "Iloilo", "municity": "Cabatuan", "district": null, "barangay": "Gaub", "category": "DRRM" }, "geometry": { "type": "Point", "coordinates": [ 122.489719, 10.850175 ] } },
{ "type": "Feature", "properties": { "name": "Gaub Chapel", "type": "Faith-Based", "address": "VF2Q+FWR, Cabatuan, Iloilo", "facebook": null, "url": null, "contact_mobile": null, "contact_landline": null, "email": null, "logo": null, "latitude": 10.851242, "longitude": 122.489774, "region": "Region VI (Western Visayas)", "province": "Iloilo", "municity": "Cabatuan", "district": null, "barangay": "Gaub", "category": "DRRM" }, "geometry": { "type": "Point", "coordinates": [ 122.489774, 10.851242 ] } },
{ "type": "Feature", "properties": { "name": "GSEF College", "type": "Education", "address": "VFRJ+WJR Cabatuan, Iloilo", "facebook": null, "url": null, "contact_mobile": null, "contact_landline": null, "email": null, "logo": null, "latitude": 10.892353, "longitude": 122.481529, "region": "Region VI (Western Visayas)", "province": "Iloilo", "municity": "Cabatuan", "district": null, "barangay": "Ayaman", "category": "DRRM" }, "geometry": { "type": "Point", "coordinates": [ 122.481529, 10.892353 ] } },
{ "type": "Feature", "properties": { "name": "Cabatuan Central Elementary School", "type": "Education", "address": "VFHP+F8M, Cabatuan, Iloilo", "facebook": null, "url": null, "contact_mobile": null, "contact_landline": null, "email": null, "logo": null, "latitude": 10.87871, "longitude": 122.485809, "region": "Region VI (Western Visayas)", "province": "Iloilo", "municity": "Cabatuan", "district": null, "barangay": "Ayaman", "category": "DRRM" }, "geometry": { "type": "Point", "coordinates": [ 122.485809, 10.87871 ] } },
{ "type": "Feature", "properties": { "name": "Cabatuan National Comprehensive High School", "type": "Education", "address": "VFJP+QR6 Cabatuan National Comprehensive High School, Old Iloilo - Capiz Rd, Cabatuan, Iloilo", "facebook": "https://www.facebook.com/CNCHS.302473/", "url": null, "contact_mobile": null, "contact_landline": "(033) 522 7850", "email": "cnchs_deped@yahoo.com", "logo": "https://drive.google.com/file/d/1rJyxp7GiV3ny0hy2wSGXSKsA2GckHiVH/view?usp=sharing", "latitude": 10.881904, "longitude": 122.487012, "region": "Region VI (Western Visayas)", "province": "Iloilo", "municity": "Cabatuan", "district": null, "barangay": "Ayaman", "category": "DRRM" }, "geometry": { "type": "Point", "coordinates": [ 122.487012, 10.881904 ] } },
{ "type": "Feature", "properties": { "name": "Clairemont International Grade School", "type": "Education", "address": "Clairemont International Grade School, AMES House, 36 Serrano Street, Cabatuan, 5031, Iloilo", "facebook": null, "url": null, "contact_mobile": null, "contact_landline": "(033) 522 8446", "email": null, "logo": null, "latitude": 10.881548, "longitude": 122.486359, "region": "Region VI (Western Visayas)", "province": "Iloilo", "municity": "Cabatuan", "district": null, "barangay": "Ayaman", "category": "DRRM" }, "geometry": { "type": "Point", "coordinates": [ 122.486359, 10.881548 ] } },
{ "type": "Feature", "properties": { "name": "Iglesia Ni Cristo - Lokal ng Cabatuan [Iloilo South]", "type": "Faith-Based", "address": "VFVQ+F4F, Cabatuan, Iloilo", "facebook": null, "url": null, "contact_mobile": "0948 358 7979", "contact_landline": null, "email": null, "logo": null, "latitude": 10.893676, "longitude": 122.48781, "region": "Region VI (Western Visayas)", "province": "Iloilo", "municity": "Cabatuan", "district": null, "barangay": "Ayaman", "category": "DRRM" }, "geometry": { "type": "Point", "coordinates": [ 122.48781, 10.893676 ] } },
{ "type": "Feature", "properties": { "name": "Brgy. Rizal Pala-Pala Zone 1 Basketball Court", "type": "Multipurpose Hall", "address": "MHR7+J33 Brgy. Rizal Pala-Pala Zone 1 Basketball Court, Brgy. Pala-Pala Zone 1 City Proper, Iloilo City, 5000 Iloilo", "facebook": null, "url": null, "contact_mobile": null, "contact_landline": null, "email": null, "logo": null, "latitude": 10.691504, "longitude": 122.562667, "region": "Region VI (Western Visayas)", "province": "Iloilo", "municity": "Iloilo City", "district": "City Proper", "barangay": "Rizal Palapala I", "category": "DRRM" }, "geometry": { "type": "Point", "coordinates": [ 122.562667, 10.691504 ] } },
{ "type": "Feature", "properties": { "name": "Pavia Pilot Elementary School", "type": "Education", "address": "PAVIA PILOT ELEMENTARY SCHOOL, 122 Evangelista St, Pavia, Iloilo", "facebook": "https://www.facebook.com/profile.php?id=100063997842085", "url": "https://placestars.com/wp-signup.php?new=pavia-pilot-elementary-school", "contact_mobile": null, "contact_landline": "(033) 320 6656", "email": null, "logo": "https://drive.google.com/file/d/1Kj7W69afrnnxsx4Lk-h7UCpbME--hy3n/view?usp=sharing", "latitude": 10.778112, "longitude": 122.539488, "region": "Region VI (Western Visayas)", "province": "Iloilo", "municity": "Pavia", "district": null, "barangay": "Purok I (Pob.)", "category": "DRRM" }, "geometry": { "type": "Point", "coordinates": [ 122.539488, 10.778112 ] } },
{ "type": "Feature", "properties": { "name": "Pavia National High School", "type": "Education", "address": "Pavia National High School, 2014 Evangelista St, Pavia, Iloilo", "facebook": "https://www.facebook.com/p/Pavia-National-High-School-Senior-High-Department-100071216237091/", "url": null, "contact_mobile": null, "contact_landline": "(033) 320 2332", "email": null, "logo": "https://drive.google.com/file/d/1npKrgbk9E8SOcbvwH7b_0JCzyp3iVz8Y/view?usp=sharing", "latitude": 10.779406, "longitude": 122.539039, "region": "Region VI (Western Visayas)", "province": "Iloilo", "municity": "Pavia", "district": null, "barangay": "Purok I (Pob.)", "category": "DRRM" }, "geometry": { "type": "Point", "coordinates": [ 122.539039, 10.779406 ] } },
{ "type": "Feature", "properties": { "name": "Masjid Al-Khabeer", "type": "Faith-Based", "address": "QGJQ+PW2, Pavia, Iloilo", "facebook": null, "url": null, "contact_mobile": "0923 740 2148", "contact_landline": null, "email": null, "logo": null, "latitude": 10.781754, "longitude": 122.539762, "region": "Region VI (Western Visayas)", "province": "Iloilo", "municity": "Pavia", "district": null, "barangay": "Purok I (Pob.)", "category": "DRRM" }, "geometry": { "type": "Point", "coordinates": [ 122.539762, 10.781754 ] } },
{ "type": "Feature", "properties": { "name": "Healing Garden", "type": "Parks and Open Space", "address": "RG7R+GJ6, Jaro, Santa Barbara, Iloilo", "facebook": null, "url": null, "contact_mobile": null, "contact_landline": null, "email": null, "logo": null, "latitude": 10.813792, "longitude": 122.541517, "region": "Region VI (Western Visayas)", "province": "Iloilo", "municity": "Santa Barbara", "district": null, "barangay": "Agutayan", "category": "DRRM" }, "geometry": { "type": "Point", "coordinates": [ 122.541517, 10.813792 ] } },
{ "type": "Feature", "properties": { "name": "DENR Land Management Offices (Bureau Of Lands)", "type": "Government", "address": "MHRH+44C DENR Land Management Offices (Bureau Of Lands), Iloilo City Proper, Iloilo City, Iloilo", "facebook": null, "url": null, "contact_mobile": null, "contact_landline": null, "email": null, "logo": null, "latitude": 10.690311, "longitude": 122.577752, "region": "Region VI (Western Visayas)", "province": "Iloilo", "municity": "Iloilo City", "district": "City Proper", "barangay": "Santo Rosario-Duran", "category": "DRRM" }, "geometry": { "type": "Point", "coordinates": [ 122.577752, 10.690311 ] } },
{ "type": "Feature", "properties": { "name": "Brgy Sto. Rosario Duran Outpost", "type": "Government", "address": "MHRG+6RG Brgy Sto. Rosario Duran Outpost, Iloilo City Proper, Iloilo City, Iloilo", "facebook": null, "url": null, "contact_mobile": null, "contact_landline": null, "email": null, "logo": null, "latitude": 10.690554, "longitude": 122.577081, "region": "Region VI (Western Visayas)", "province": "Iloilo", "municity": "Iloilo City", "district": "City Proper", "barangay": "Santo Rosario-Duran", "category": "DRRM" }, "geometry": { "type": "Point", "coordinates": [ 122.577081, 10.690554 ] } },
{ "type": "Feature", "properties": { "name": "Government Service Insurance System", "type": "Government", "address": "Government Service Insurance System, Plaza Libertad Zamora St, Iloilo City Proper, Iloilo City, 5000 Iloilo", "facebook": null, "url": "https://www.gsis.gov.ph/", "contact_mobile": null, "contact_landline": "(033) 337 4308", "email": null, "logo": null, "latitude": 10.692325, "longitude": 122.574856, "region": "Region VI (Western Visayas)", "province": "Iloilo", "municity": "Iloilo City", "district": "City Proper", "barangay": "Santo Rosario-Duran", "category": "DRRM" }, "geometry": { "type": "Point", "coordinates": [ 122.574856, 10.692325 ] } },
{ "type": "Feature", "properties": { "name": "Concepcion Barangay Hall", "type": "Government", "address": "MHVH+9QC Concepcion Barangay Hall, Duran St, Iloilo City Proper, Iloilo City, 5000 Iloilo", "facebook": null, "url": null, "contact_mobile": null, "contact_landline": null, "email": null, "logo": null, "latitude": 10.69345, "longitude": 122.579403, "region": "Region VI (Western Visayas)", "province": "Iloilo", "municity": "Iloilo City", "district": "City Proper", "barangay": "Concepcion-Montes", "category": "DRRM" }, "geometry": { "type": "Point", "coordinates": [ 122.579403, 10.69345 ] } },
{ "type": "Feature", "properties": { "name": "Iglesia Ni Cristo - Lokal ng Jaro [Iloilo South]", "type": "Faith-Based", "address": "44 Cuartero St, Jaro, Iloilo City, Iloilo", "facebook": null, "url": "https://iglesianicristo.net/", "contact_mobile": null, "contact_landline": null, "email": null, "logo": null, "latitude": 10.724361, "longitude": 122.554928, "region": "Region VI (Western Visayas)", "province": "Iloilo", "municity": "Iloilo City", "district": "Jaro", "barangay": "Libertad, Santa Isabel", "category": "DRRM" }, "geometry": { "type": "Point", "coordinates": [ 122.554928, 10.724361 ] } },
{ "type": "Feature", "properties": { "name": "Metro Iloilo Bulk Water Supply Corporation", "type": "Water Supply and Distribution", "address": "RGW9+PF5, MIWD Water Treatment Plant Compound, Brgy., Talanghauan, Sta. Barbara, Iloilo City", "facebook": null, "url": "https://metropacificwater.com/metro-iloilo-bulk-water-supply-corporation-mib/", "contact_mobile": null, "contact_landline": "(033) 885 2537", "email": null, "logo": null, "latitude": 10.846755, "longitude": 122.518737, "region": "Region VI (Western Visayas)", "province": "Iloilo", "municity": "Santa Barbara", "district": null, "barangay": "Talanghauan", "category": "DRRM" }, "geometry": { "type": "Point", "coordinates": [ 122.518737, 10.846755 ] } },
{ "type": "Feature", "properties": { "name": "Barangay Hall Brgy. Seminario", "type": "Government", "address": "PHC4+XJG Barangay Hall Brgy. Seminario, Seminario St, Jaro, Iloilo City, Iloilo", "facebook": null, "url": null, "contact_mobile": null, "contact_landline": null, "email": null, "logo": null, "latitude": 10.722449, "longitude": 122.556589, "region": "Region VI (Western Visayas)", "province": "Iloilo", "municity": "Iloilo City", "district": "Jaro", "barangay": "Seminario (Burgos Jalandoni)", "category": "DRRM" }, "geometry": { "type": "Point", "coordinates": [ 122.556589, 10.722449 ] } },
{ "type": "Feature", "properties": { "name": "Pius XII College Iloilo", "type": "Education", "address": "PHF4+JC7 El 98 St, Jaro, Iloilo City, 5000 Iloilo", "facebook": "https://www.facebook.com/p/Pius-XII-College-Iloilo-61557970168783/", "url": null, "contact_mobile": null, "contact_landline": null, "email": "piusxiicollegeiloilo@gmail.com", "logo": null, "latitude": 10.724027, "longitude": 122.556038, "region": "Region VI (Western Visayas)", "province": "Iloilo", "municity": "Iloilo City", "district": "Jaro", "barangay": "Seminario (Burgos Jalandoni)", "category": "DRRM" }, "geometry": { "type": "Point", "coordinates": [ 122.556038, 10.724027 ] } },
{ "type": "Feature", "properties": { "name": "St. Vincent Ferrer Seminary", "type": "Education", "address": "Jaro Cathedral Seminario St, Jaro, Iloilo City, 5000 Iloilo", "facebook": "https://www.facebook.com/p/St-Vincent-Ferrer-Seminary-100054410023631/", "url": "svfs1869.org", "contact_mobile": null, "contact_landline": "(033) 329 4734", "email": "svfs1869@yahoo.com", "logo": "https://drive.google.com/file/d/1QcN9PLCb_CecuvLGUrm0s_fxQ4xV8yZS/view?usp=sharing", "latitude": 10.721793, "longitude": 122.557381, "region": "Region VI (Western Visayas)", "province": "Iloilo", "municity": "Iloilo City", "district": "Jaro", "barangay": "Seminario (Burgos Jalandoni)", "category": "DRRM" }, "geometry": { "type": "Point", "coordinates": [ 122.557381, 10.721793 ] } },
{ "type": "Feature", "properties": { "name": "Jaro Metropolitan Cathedral of St. Elizabeth of Hungary & National Shrine of Our Lady of Candles", "type": "Faith-Based", "address": "PHF4+GH3, Jaro, Iloilo City, 5000 Iloilo", "facebook": "https://www.facebook.com/JaroCandelaria", "url": null, "contact_mobile": null, "contact_landline": "(033) 329 1625", "email": "jarometropolitancathedral@gmail.com", "logo": "https://drive.google.com/file/d/1uT7t_nPPWgnN4_may4UfdvQf0Z0kFnhO/view?usp=sharing", "latitude": 10.723761, "longitude": 122.556419, "region": "Region VI (Western Visayas)", "province": "Iloilo", "municity": "Iloilo City", "district": "Jaro", "barangay": "Seminario (Burgos Jalandoni)", "category": "DRRM" }, "geometry": { "type": "Point", "coordinates": [ 122.556419, 10.723761 ] } },
{ "type": "Feature", "properties": { "name": "Cabatuan Seventh-Day Adventist Church", "type": "Faith-Based", "address": "VFMG+2W9, Rizal Ilaya St, Cabatuan, Iloilo", "facebook": null, "url": null, "contact_mobile": null, "contact_landline": null, "email": null, "logo": null, "latitude": 10.882538, "longitude": 122.477359, "region": "Region VI (Western Visayas)", "province": "Iloilo", "municity": "Cabatuan", "district": null, "barangay": "Amerang", "category": "DRRM" }, "geometry": { "type": "Point", "coordinates": [ 122.477359, 10.882538 ] } },
{ "type": "Feature", "properties": { "name": "Brgy. Salacay Covered Court", "type": "Multipurpose Hall", "address": "VFCG+VCG, Brgy, Cabatuan, Iloilo", "facebook": null, "url": null, "contact_mobile": null, "contact_landline": null, "email": null, "logo": null, "latitude": 10.872176, "longitude": 122.476077, "region": "Region VI (Western Visayas)", "province": "Iloilo", "municity": "Cabatuan", "district": null, "barangay": "Salacay", "category": "DRRM" }, "geometry": { "type": "Point", "coordinates": [ 122.476077, 10.872176 ] } },
{ "type": "Feature", "properties": { "name": "San Roque Baranggay Hall", "type": "Government", "address": "PHJ3+9HG San Roque Baranggay Hall, Jaro, Iloilo City, Iloilo", "facebook": null, "url": null, "contact_mobile": null, "contact_landline": null, "email": null, "logo": null, "latitude": 10.730939, "longitude": 122.553944, "region": "Region VI (Western Visayas)", "province": "Iloilo", "municity": "Iloilo City", "district": "Jaro", "barangay": "San Roque", "category": "DRRM" }, "geometry": { "type": "Point", "coordinates": [ 122.553944, 10.730939 ] } },
{ "type": "Feature", "properties": { "name": "Simon Ledesma Barangay Hall", "type": "Government", "address": "PHH4+JW3 Simon Ledesma Barangay Hall, Jaro, Iloilo City, 5000 Iloilo", "facebook": null, "url": null, "contact_mobile": null, "contact_landline": null, "email": null, "logo": null, "latitude": 10.729023, "longitude": 122.557303, "region": "Region VI (Western Visayas)", "province": "Iloilo", "municity": "Iloilo City", "district": "Jaro", "barangay": "Simon Ledesma", "category": "DRRM" }, "geometry": { "type": "Point", "coordinates": [ 122.557303, 10.729023 ] } },
{ "type": "Feature", "properties": { "name": "Bo.Obrero Barangay Hall", "type": "Government", "address": "Lapuz, Iloilo City, Iloilo", "facebook": null, "url": null, "contact_mobile": null, "contact_landline": null, "email": null, "logo": null, "latitude": 10.696048, "longitude": 122.585263, "region": "Region VI (Western Visayas)", "province": "Iloilo", "municity": "Iloilo City", "district": "Lapuz", "barangay": "Obrero-Lapuz", "category": "DRRM" }, "geometry": { "type": "Point", "coordinates": [ 122.585263, 10.696048 ] } },
{ "type": "Feature", "properties": { "name": "BO.OBRERO FIRE SUB-STATION", "type": "Emergency Response", "address": "MHXQ+Q2V Dahlia St, Lapuz, Iloilo City, Iloilo", "facebook": null, "url": null, "contact_mobile": null, "contact_landline": null, "email": null, "logo": null, "latitude": 10.699477, "longitude": 122.587556, "region": "Region VI (Western Visayas)", "province": "Iloilo", "municity": "Iloilo City", "district": "Lapuz", "barangay": "Obrero-Lapuz", "category": "DRRM" }, "geometry": { "type": "Point", "coordinates": [ 122.587556, 10.699477 ] } },
{ "type": "Feature", "properties": { "name": "Coast Guard District Western Visayas", "type": "Emergency Response", "address": "MHWP+RMP 22 Dahlia St, Lapuz, Iloilo City, Iloilo", "facebook": null, "url": null, "contact_mobile": null, "contact_landline": null, "email": null, "logo": null, "latitude": 10.696112, "longitude": 122.586496, "region": "Region VI (Western Visayas)", "province": "Iloilo", "municity": "Iloilo City", "district": "Lapuz", "barangay": "Obrero-Lapuz", "category": "DRRM" }, "geometry": { "type": "Point", "coordinates": [ 122.586496, 10.696112 ] } },
{ "type": "Feature", "properties": { "name": "Barrio Obrero Covered Gym", "type": "Multipurpose Hall", "address": "MHXP+WX6 Lapuz, Iloilo City, Iloilo", "facebook": null, "url": null, "contact_mobile": null, "contact_landline": "(033) 300 6652", "email": null, "logo": null, "latitude": 10.699793, "longitude": 122.587402, "region": "Region VI (Western Visayas)", "province": "Iloilo", "municity": "Iloilo City", "district": "Lapuz", "barangay": "Obrero-Lapuz", "category": "DRRM" }, "geometry": { "type": "Point", "coordinates": [ 122.587402, 10.699793 ] } },
{ "type": "Feature", "properties": { "name": "Assumption Socio Educational Center", "type": "Education", "address": "MHWP+MQH Assumption Socio Educational Center, Lapuz, Iloilo City, Iloilo", "facebook": "https://www.facebook.com/p/Assumption-Socio-Educational-Center-100064038280337/", "url": null, "contact_mobile": null, "contact_landline": "(033) 337 5458", "email": "asecbo.obrero@yahoo.com", "logo": "https://drive.google.com/file/d/1UPFISwAFfe2pmI44MYIXzXcQt35U8hQK/view?usp=sharing", "latitude": 10.696693, "longitude": 122.586995, "region": "Region VI (Western Visayas)", "province": "Iloilo", "municity": "Iloilo City", "district": "Lapuz", "barangay": "Obrero-Lapuz", "category": "DRRM" }, "geometry": { "type": "Point", "coordinates": [ 122.586995, 10.696693 ] } },
{ "type": "Feature", "properties": { "name": "Christian Life Fellowship Learning Center Tiring Inc.", "type": "Education", "address": "VG43+FXP Christian Life Fellowship Learning Center Tiring Inc., Old Iloilo - Capiz Rd, Cabatuan, Iloilo", "facebook": "https://www.facebook.com/clflc/", "url": null, "contact_mobile": "0939 312 6233; 0912 482 2566", "contact_landline": null, "email": "clflct@gmail.com", "logo": "https://drive.google.com/file/d/1EC1bx-ghqmelsI0oQgZ5CMDIgzFW2mS5/view?usp=sharing", "latitude": 10.856201, "longitude": 122.504957, "region": "Region VI (Western Visayas)", "province": "Iloilo", "municity": "Cabatuan", "district": null, "barangay": "Tiring", "category": "DRRM" }, "geometry": { "type": "Point", "coordinates": [ 122.504957, 10.856201 ] } },
{ "type": "Feature", "properties": { "name": "Globe Satellite", "type": "Telecommunication", "address": "VG45+9PC, Cabatuan, Iloilo", "facebook": null, "url": null, "contact_mobile": null, "contact_landline": null, "email": null, "logo": null, "latitude": 10.855943, "longitude": 122.509273, "region": "Region VI (Western Visayas)", "province": "Iloilo", "municity": "Cabatuan", "district": null, "barangay": "Tiring", "category": "DRRM" }, "geometry": { "type": "Point", "coordinates": [ 122.509273, 10.855943 ] } },
{ "type": "Feature", "properties": { "name": "Guno Uncovered Court & DayCare Center", "type": "Education", "address": "RGQQ+WWJ Guno Uncovered Court & DayCare Center, Santa Barbara, Iloilo", "facebook": null, "url": null, "contact_mobile": null, "contact_landline": null, "email": null, "logo": null, "latitude": 10.839849, "longitude": 122.539764, "region": "Region VI (Western Visayas)", "province": "Iloilo", "municity": "Santa Barbara", "district": null, "barangay": "Guno", "category": "DRRM" }, "geometry": { "type": "Point", "coordinates": [ 122.539764, 10.839849 ] } },
{ "type": "Feature", "properties": { "name": "Jaro National High School", "type": "Education", "address": "Jaro National High School, 32 Fajardo St, Jaro, Iloilo City, Iloilo", "facebook": "https://www.facebook.com/jaronationalhighschool2.0/", "url": "https://jaronhs.blogspot.com/", "contact_mobile": null, "contact_landline": null, "email": null, "logo": "https://drive.google.com/file/d/1kaySpy3r6tdkYnvWeCiWt1x53wK58tSo/view?usp=sharing", "latitude": 10.723234, "longitude": 122.553655, "region": "Region VI (Western Visayas)", "province": "Iloilo", "municity": "Iloilo City", "district": "Jaro", "barangay": "Cuartero", "category": "DRRM" }, "geometry": { "type": "Point", "coordinates": [ 122.553655, 10.723234 ] } },
{ "type": "Feature", "properties": { "name": "Barangay Hall Cubay", "type": "Government", "address": "PHH7+PR8 Barangay Hall Cubay, Jaro Iloilo City, Sitio Irrigation, Jaro, Iloilo City, Iloilo", "facebook": null, "url": null, "contact_mobile": null, "contact_landline": null, "email": null, "logo": null, "latitude": 10.729276, "longitude": 122.564573, "region": "Region VI (Western Visayas)", "province": "Iloilo", "municity": "Iloilo City", "district": "Jaro", "barangay": "Cubay", "category": "DRRM" }, "geometry": { "type": "Point", "coordinates": [ 122.564573, 10.729276 ] } },
{ "type": "Feature", "properties": { "name": "Tanod Out Post", "type": "Emergency Response", "address": "PHJ7+RR2 Tanod Out Post, Apitong St, Jaro, Iloilo City, Iloilo", "facebook": null, "url": null, "contact_mobile": null, "contact_landline": null, "email": null, "logo": null, "latitude": 10.73201, "longitude": 122.564526, "region": "Region VI (Western Visayas)", "province": "Iloilo", "municity": "Iloilo City", "district": "Jaro", "barangay": "Cubay", "category": "DRRM" }, "geometry": { "type": "Point", "coordinates": [ 122.564526, 10.73201 ] } },
{ "type": "Feature", "properties": { "name": "St. Joseph Regional Seminary Graduate School of Theology", "type": "Education", "address": "Saint Joseph Seminary, Jaro, Iloilo City, Iloilo", "facebook": "https://www.facebook.com/sjrs1976/", "url": null, "contact_mobile": null, "contact_landline": "(033) 329 0020", "email": "sjrs_iloilo@yahoo.com", "logo": "https://drive.google.com/file/d/1PqM_le-KRI38mZ16JxsejkCbW8MZ91Sa/view?usp=sharing", "latitude": 10.731429, "longitude": 122.567146, "region": "Region VI (Western Visayas)", "province": "Iloilo", "municity": "Iloilo City", "district": "Jaro", "barangay": "Cubay", "category": "DRRM" }, "geometry": { "type": "Point", "coordinates": [ 122.567146, 10.731429 ] } },
{ "type": "Feature", "properties": { "name": "TOTO TALIPAPA", "type": "Public Market", "address": "PHJ6+6WM, Jaro, Iloilo City, Iloilo", "facebook": null, "url": null, "contact_mobile": null, "contact_landline": null, "email": null, "logo": null, "latitude": 10.7306, "longitude": 122.562311, "region": "Region VI (Western Visayas)", "province": "Iloilo", "municity": "Iloilo City", "district": "Jaro", "barangay": "Cubay", "category": "DRRM" }, "geometry": { "type": "Point", "coordinates": [ 122.562311, 10.7306 ] } },
{ "type": "Feature", "properties": { "name": "Zone V, Zone V Pob. (Barangay 5) Barangay Hall", "type": "Government", "address": "WG57+MV Cabatuan, Iloilo", "facebook": null, "url": null, "contact_mobile": null, "contact_landline": "(033) 522 9336", "email": null, "logo": null, "latitude": 10.909187, "longitude": 122.514644, "region": "Region VI (Western Visayas)", "province": "Iloilo", "municity": "Cabatuan", "district": null, "barangay": "Inaladan", "category": "DRRM" }, "geometry": { "type": "Point", "coordinates": [ 122.514644, 10.909187 ] } },
{ "type": "Feature", "properties": { "name": "Buhang Barangay Hall", "type": "Government", "address": "Buhang Barangay Hall, Brgy, Jaro, Iloilo City, 5000 Iloilo", "facebook": null, "url": null, "contact_mobile": null, "contact_landline": null, "email": null, "logo": null, "latitude": 10.74948, "longitude": 122.566522, "region": "Region VI (Western Visayas)", "province": "Iloilo", "municity": "Iloilo City", "district": "Jaro", "barangay": "Buhang", "category": "DRRM" }, "geometry": { "type": "Point", "coordinates": [ 122.566522, 10.74948 ] } },
{ "type": "Feature", "properties": { "name": "Globe cellsite", "type": "Telecommunication", "address": "QH2C+G9F, Jaro, Iloilo City, Iloilo", "facebook": null, "url": null, "contact_mobile": null, "contact_landline": null, "email": null, "logo": null, "latitude": 10.751306, "longitude": 122.570915, "region": "Region VI (Western Visayas)", "province": "Iloilo", "municity": "Iloilo City", "district": "Jaro", "barangay": "Buhang", "category": "DRRM" }, "geometry": { "type": "Point", "coordinates": [ 122.570915, 10.751306 ] } },
{ "type": "Feature", "properties": { "name": "Barangay Balabag Hall", "type": "Government", "address": "WGFP+32M Barangay Hall, Barangay, Cabatuan, Iloilo", "facebook": null, "url": null, "contact_mobile": null, "contact_landline": null, "email": null, "logo": null, "latitude": 10.922711, "longitude": 122.535051, "region": "Region VI (Western Visayas)", "province": "Iloilo", "municity": "Cabatuan", "district": null, "barangay": "Balabag", "category": "DRRM" }, "geometry": { "type": "Point", "coordinates": [ 122.535051, 10.922711 ] } },
{ "type": "Feature", "properties": { "name": "Brgy Camalig, Barangay Hall", "type": "Government", "address": "QH4C+JGJ Brgy Camalig, Barangay Hall, Brgy, Jaro", "facebook": null, "url": null, "contact_mobile": null, "contact_landline": null, "email": null, "logo": null, "latitude": 10.756579, "longitude": 122.571253, "region": "Region VI (Western Visayas)", "province": "Iloilo", "municity": "Iloilo City", "district": "Jaro", "barangay": "Camalig", "category": "DRRM" }, "geometry": { "type": "Point", "coordinates": [ 122.571253, 10.756579 ] } },
{ "type": "Feature", "properties": { "name": "Brgy. Camalig Day Care Center", "type": "Education", "address": "QH4C+GC3 Brgy. Camalig Day Care Center, Jaro, Iloilo City, Iloilo", "facebook": null, "url": null, "contact_mobile": null, "contact_landline": null, "email": null, "logo": null, "latitude": 10.756264, "longitude": 122.571059, "region": "Region VI (Western Visayas)", "province": "Iloilo", "municity": "Iloilo City", "district": "Jaro", "barangay": "Camalig", "category": "DRRM" }, "geometry": { "type": "Point", "coordinates": [ 122.571059, 10.756264 ] } },
{ "type": "Feature", "properties": { "name": "Our Lady of Candles Parish", "type": "Faith-Based", "address": "WG3P+J3G, Cabatuan, Iloilo", "facebook": null, "url": null, "contact_mobile": null, "contact_landline": null, "email": null, "logo": null, "latitude": 10.904058, "longitude": 122.535209, "region": "Region VI (Western Visayas)", "province": "Iloilo", "municity": "Cabatuan", "district": null, "barangay": "Jelicuon Montinola", "category": "DRRM" }, "geometry": { "type": "Point", "coordinates": [ 122.535209, 10.904058 ] } },
{ "type": "Feature", "properties": { "name": "Brgy. PHHC Block 22", "type": "Government", "address": "Mandurriao, Iloilo City, Brgy. PHHC Block 22, Jasmin St, Mandurriao, Iloilo City, 5000 Iloilo", "facebook": null, "url": null, "contact_mobile": null, "contact_landline": "(033) 503 4323", "email": null, "logo": null, "latitude": 10.722298, "longitude": 122.542459, "region": "Region VI (Western Visayas)", "province": "Iloilo", "municity": "Iloilo City", "district": "Mandurriao", "barangay": "PHHC Block 22 NHA", "category": "DRRM" }, "geometry": { "type": "Point", "coordinates": [ 122.542459, 10.722298 ] } },
{ "type": "Feature", "properties": { "name": "Sangguniang Kabata Barangay Arguelles", "type": "Government", "address": "PHH3+2F9 Sangguniang Kabata Barangay Arguelles, Jaro, Iloilo City, Iloilo", "facebook": null, "url": null, "contact_mobile": null, "contact_landline": null, "email": null, "logo": null, "latitude": 10.727545, "longitude": 122.553745, "region": "Region VI (Western Visayas)", "province": "Iloilo", "municity": "Iloilo City", "district": "Jaro", "barangay": "Arguelles", "category": "DRRM" }, "geometry": { "type": "Point", "coordinates": [ 122.553745, 10.727545 ] } },
{ "type": "Feature", "properties": { "name": "Brgy. Arguelles Jaro Tanod Outpost", "type": "Emergency Response", "address": "PHG3+WCW Brgy. Arguelles Jaro Tanod Outpost, Jaro, Iloilo City, 5000 Iloilo", "facebook": null, "url": null, "contact_mobile": null, "contact_landline": null, "email": null, "logo": null, "latitude": 10.727367, "longitude": 122.553594, "region": "Region VI (Western Visayas)", "province": "Iloilo", "municity": "Iloilo City", "district": "Jaro", "barangay": "Arguelles", "category": "DRRM" }, "geometry": { "type": "Point", "coordinates": [ 122.553594, 10.727367 ] } },
{ "type": "Feature", "properties": { "name": "Arguelles Barangay Hall", "type": "Government", "address": "Arguelles St., Iloilo City, Philippines", "facebook": null, "url": null, "contact_mobile": "0921 993 2601", "contact_landline": null, "email": null, "logo": null, "latitude": 10.727618, "longitude": 122.554243, "region": "Region VI (Western Visayas)", "province": "Iloilo", "municity": "Iloilo City", "district": "Jaro", "barangay": "Arguelles", "category": "DRRM" }, "geometry": { "type": "Point", "coordinates": [ 122.554243, 10.727618 ] } },
{ "type": "Feature", "properties": { "name": "The Growing Tree Learning Cneter", "type": "Education", "address": "The Growing Tree Learning Center, CBC Compound, Fajardo St, Jaro, Iloilo City, 5000 Iloilo", "facebook": null, "url": null, "contact_mobile": null, "contact_landline": null, "email": null, "logo": null, "latitude": 10.727328, "longitude": 122.554939, "region": "Region VI (Western Visayas)", "province": "Iloilo", "municity": "Iloilo City", "district": "Jaro", "barangay": "Arguelles", "category": "DRRM" }, "geometry": { "type": "Point", "coordinates": [ 122.554939, 10.727328 ] } },
{ "type": "Feature", "properties": { "name": "Barangay M. Chavez Day Care Center", "type": "Education", "address": "HPX5+F4P Barangay M. Chavez Day Care Center, Guimaras Circumferential Rd, San Lorenzo, Guimaras", "facebook": null, "url": null, "contact_mobile": null, "contact_landline": null, "email": null, "logo": null, "latitude": 10.598722, "longitude": 122.707814, "region": "Region VI (Western Visayas)", "province": "Guimaras", "municity": "San Lorenzo", "district": null, "barangay": "M. Chavez", "category": "DRRM" }, "geometry": { "type": "Point", "coordinates": [ 122.707814, 10.598722 ] } },
{ "type": "Feature", "properties": { "name": "Brgy. Baluyan Barangay Hall", "type": "Government", "address": "WF4R+XP5, Cabatuan, Iloilo", "facebook": null, "url": null, "contact_mobile": null, "contact_landline": null, "email": null, "logo": null, "latitude": 10.907395, "longitude": 122.491862, "region": "Region VI (Western Visayas)", "province": "Iloilo", "municity": "Cabatuan", "district": null, "barangay": "Baluyan", "category": "DRRM" }, "geometry": { "type": "Point", "coordinates": [ 122.491862, 10.907395 ] } },
{ "type": "Feature", "properties": { "name": "United Pentecostal Church (CABATUAN)", "type": "Faith-Based", "address": "WF5R+QG2, PC Barracks Rd, Cabatuan, Iloilo", "facebook": null, "url": null, "contact_mobile": null, "contact_landline": null, "email": null, "logo": null, "latitude": 10.909381, "longitude": 122.491254, "region": "Region VI (Western Visayas)", "province": "Iloilo", "municity": "Cabatuan", "district": null, "barangay": "Baluyan", "category": "DRRM" }, "geometry": { "type": "Point", "coordinates": [ 122.491254, 10.909381 ] } },
{ "type": "Feature", "properties": { "name": "El Shekinah International School of Arevalo, Inc.", "type": "Education", "address": "MGV2+67Q Villa Arevalo District, Iloilo City, Iloilo", "facebook": "https://www.facebook.com/esicsAREVALO?mibextid=LQQJ4d", "url": null, "contact_mobile": "0948 727 1772", "contact_landline": null, "email": null, "logo": "https://drive.google.com/file/d/1YOhyXVLNhsF6b1YPoLoy-svPnCkd8pCO/view?usp=sharing", "latitude": 10.693082, "longitude": 122.500747, "region": "Region VI (Western Visayas)", "province": "Iloilo", "municity": "Iloilo City", "district": "Arevalo", "barangay": "Mohon", "category": "DRRM" }, "geometry": { "type": "Point", "coordinates": [ 122.500747, 10.693082 ] } },
{ "type": "Feature", "properties": { "name": "Barangay Hall", "type": "Government", "address": "Barangay Hall, Barangay Quezon Landheights Subdivision, Phase 2 Quezon St, Villa Arevalo District, Iloilo City, Iloilo", "facebook": null, "url": null, "contact_mobile": null, "contact_landline": null, "email": null, "logo": null, "latitude": 10.68725, "longitude": 122.519256, "region": "Region VI (Western Visayas)", "province": "Iloilo", "municity": "Iloilo City", "district": "Arevalo", "barangay": "Quezon", "category": "DRRM" }, "geometry": { "type": "Point", "coordinates": [ 122.519256, 10.68725 ] } },
{ "type": "Feature", "properties": { "name": "Ramon Avancena National High School", "type": "Education", "address": "MGP9+54W Villa Arevalo District, Iloilo City, 5000 Iloilo", "facebook": "https://www.facebook.com/RANHSONLINE/", "url": null, "contact_mobile": "(033) 338 0292", "contact_landline": null, "email": "302750@deped.gov.ph", "logo": "https://drive.google.com/file/d/1udrhaFUmP-lfAzNgGWh1iEbIoPJWMyRB/view?usp=sharing", "latitude": 10.685482, "longitude": 122.517827, "region": "Region VI (Western Visayas)", "province": "Iloilo", "municity": "Iloilo City", "district": "Arevalo", "barangay": "Quezon", "category": "DRRM" }, "geometry": { "type": "Point", "coordinates": [ 122.517827, 10.685482 ] } },
{ "type": "Feature", "properties": { "name": "Inaca Multipurpose Hall", "type": "Multipurpose Hall", "address": "VF33+679, Cabatuan, Iloilo", "facebook": null, "url": null, "contact_mobile": null, "contact_landline": null, "email": null, "logo": null, "latitude": 10.853036, "longitude": 122.453235, "region": "Region VI (Western Visayas)", "province": "Iloilo", "municity": "Cabatuan", "district": null, "barangay": "Inaca", "category": "DRRM" }, "geometry": { "type": "Point", "coordinates": [ 122.453235, 10.853036 ] } },
{ "type": "Feature", "properties": { "name": "Barangay Multi Purpose Hall", "type": "Multipurpose Hall", "address": "QHCM+QP Barangay Multi Purpose Hall, Brgy, Jaro, Iloilo City, 5000 Iloilo", "facebook": null, "url": null, "contact_mobile": null, "contact_landline": null, "email": null, "logo": null, "latitude": 10.771929, "longitude": 122.584318, "region": "Region VI (Western Visayas)", "province": "Iloilo", "municity": "Iloilo City", "district": "Jaro", "barangay": "Buntatala", "category": "DRRM" }, "geometry": { "type": "Point", "coordinates": [ 122.584318, 10.771929 ] } },
{ "type": "Feature", "properties": { "name": "Bureau Of Plant Industry - NSQCS VI", "type": "Government", "address": "Bureau Of Plant Industry - NSQCS VI, Brgy, Jaro, Iloilo City, 5000 Iloilo", "facebook": null, "url": null, "contact_mobile": null, "contact_landline": "(033) 320 4350", "email": null, "logo": null, "latitude": 10.771046, "longitude": 122.580596, "region": "Region VI (Western Visayas)", "province": "Iloilo", "municity": "Iloilo City", "district": "Jaro", "barangay": "Buntatala", "category": "DRRM" }, "geometry": { "type": "Point", "coordinates": [ 122.580596, 10.771046 ] } },
{ "type": "Feature", "properties": { "name": "Iloilo PAGASA Complex", "type": "Government", "address": "QHFH+5Q8 Iloilo PAGASA Complex, Jaro, Iloilo City, Iloilo", "facebook": null, "url": null, "contact_mobile": null, "contact_landline": "(033) 321 6420", "email": null, "logo": null, "latitude": 10.772914, "longitude": 122.579448, "region": "Region VI (Western Visayas)", "province": "Iloilo", "municity": "Iloilo City", "district": "Jaro", "barangay": "Buntatala", "category": "DRRM" }, "geometry": { "type": "Point", "coordinates": [ 122.579448, 10.772914 ] } },
{ "type": "Feature", "properties": { "name": "Department of Agriculture - Western Visayas Integrated Agricultural Research Center", "type": "Government", "address": "QHCM+88G Department of Agriculture - Western Visayas Integrated Agricultural Research Center, Hamungaya, Jaro, Iloilo City, Iloilo", "facebook": null, "url": null, "contact_mobile": null, "contact_landline": "(033) 329 0956", "email": null, "logo": null, "latitude": 10.770814, "longitude": 122.583338, "region": "Region VI (Western Visayas)", "province": "Iloilo", "municity": "Iloilo City", "district": "Jaro", "barangay": "Buntatala", "category": "DRRM" }, "geometry": { "type": "Point", "coordinates": [ 122.583338, 10.770814 ] } },
{ "type": "Feature", "properties": { "name": "Barangay Buntatala Day Care Center I", "type": "Education", "address": "QH9P+4G7 Barangay Buntatala Day Care Center I, Brgy, Buntatala Relocation Site, Jaro, Iloilo City, 5000 Iloilo", "facebook": null, "url": null, "contact_mobile": null, "contact_landline": null, "email": null, "logo": null, "latitude": 10.767274, "longitude": 122.585119, "region": "Region VI (Western Visayas)", "province": "Iloilo", "municity": "Iloilo City", "district": "Jaro", "barangay": "Buntatala", "category": "DRRM" }, "geometry": { "type": "Point", "coordinates": [ 122.585119, 10.767274 ] } },
{ "type": "Feature", "properties": { "name": "Brgy Buntatala Jaro I.C Material Recovery Facility", "type": "Solid Waste", "address": "Buntatala Relocation Site, Jaro, Iloilo City, Iloilo", "facebook": null, "url": null, "contact_mobile": null, "contact_landline": null, "email": null, "logo": null, "latitude": 10.767698, "longitude": 122.585019, "region": "Region VI (Western Visayas)", "province": "Iloilo", "municity": "Iloilo City", "district": "Jaro", "barangay": "Buntatala", "category": "DRRM" }, "geometry": { "type": "Point", "coordinates": [ 122.585019, 10.767698 ] } },
{ "type": "Feature", "properties": { "name": "Manguna Barangay Hall", "type": "Government", "address": "RFGH+5PX, San Miguel - Cabatuan Rd, Cabatuan, Iloilo", "facebook": null, "url": null, "contact_mobile": null, "contact_landline": null, "email": null, "logo": null, "latitude": 10.825494, "longitude": 122.479373, "region": "Region VI (Western Visayas)", "province": "Iloilo", "municity": "Cabatuan", "district": null, "barangay": "Manguna", "category": "DRRM" }, "geometry": { "type": "Point", "coordinates": [ 122.479373, 10.825494 ] } },
{ "type": "Feature", "properties": { "name": "Ortiz Barangay Hall", "type": "Government", "address": "MHRC+MQR Ortiz Barangay Hall, Iloilo City Proper, Iloilo City, 5000 Iloilo", "facebook": null, "url": null, "contact_mobile": null, "contact_landline": "(033) 300 4417", "email": null, "logo": null, "latitude": 10.691731, "longitude": 122.571887, "region": "Region VI (Western Visayas)", "province": "Iloilo", "municity": "Iloilo City", "district": "City Proper", "barangay": "Ortiz", "category": "DRRM" }, "geometry": { "type": "Point", "coordinates": [ 122.571887, 10.691731 ] } },
{ "type": "Feature", "properties": { "name": "Loboc-Lapuz Gym", "type": "Multipurpose Hall", "address": "PH3Q+WJ6 Loboc-Lapuz Gym, Loboc, Lapuz, Iloilo City, Iloilo", "facebook": null, "url": null, "contact_mobile": null, "contact_landline": null, "email": null, "logo": null, "latitude": 10.704783, "longitude": 122.589001, "region": "Region VI (Western Visayas)", "province": "Iloilo", "municity": "Iloilo City", "district": "Lapuz", "barangay": "Loboc-Lapuz", "category": "DRRM" }, "geometry": { "type": "Point", "coordinates": [ 122.589001, 10.704783 ] } },
{ "type": "Feature", "properties": { "name": "Philippine Ports Authority (PPA) - Region 6", "type": "Government", "address": "PH4R+873 Lapuz, Iloilo City, Iloilo", "facebook": null, "url": null, "contact_mobile": null, "contact_landline": null, "email": null, "logo": null, "latitude": 10.705774, "longitude": 122.59067, "region": "Region VI (Western Visayas)", "province": "Iloilo", "municity": "Iloilo City", "district": "Lapuz", "barangay": "Loboc-Lapuz", "category": "DRRM" }, "geometry": { "type": "Point", "coordinates": [ 122.59067, 10.705774 ] } },
{ "type": "Feature", "properties": { "name": "Abilay Norte Barangay Hall", "type": "Government", "address": "PFWR+3Q9, Oton, Iloilo", "facebook": null, "url": null, "contact_mobile": null, "contact_landline": null, "email": null, "logo": null, "latitude": 10.745151, "longitude": 122.491987, "region": "Region VI (Western Visayas)", "province": "Iloilo", "municity": "Oton", "district": null, "barangay": "Abilay Norte", "category": "DRRM" }, "geometry": { "type": "Point", "coordinates": [ 122.491987, 10.745151 ] } },
{ "type": "Feature", "properties": { "name": "Barangay Abilay Norte Day Care Center", "type": "Education", "address": "Barangay Abilay Norte Day care center, Oton, Iloilo", "facebook": null, "url": null, "contact_mobile": null, "contact_landline": null, "email": null, "logo": null, "latitude": 10.742882, "longitude": 122.493259, "region": "Region VI (Western Visayas)", "province": "Iloilo", "municity": "Oton", "district": null, "barangay": "Abilay Norte", "category": "DRRM" }, "geometry": { "type": "Point", "coordinates": [ 122.493259, 10.742882 ] } },
{ "type": "Feature", "properties": { "name": "Buray Barangay Hall", "type": "Government", "address": "PF46+WC9, National Road, Oton, 5020 Iloilo", "facebook": null, "url": null, "contact_mobile": null, "contact_landline": "(033) 510 8013", "email": null, "logo": null, "latitude": 10.707286, "longitude": 122.461099, "region": "Region VI (Western Visayas)", "province": "Iloilo", "municity": "Oton", "district": null, "barangay": "Buray", "category": "DRRM" }, "geometry": { "type": "Point", "coordinates": [ 122.461099, 10.707286 ] } },
{ "type": "Feature", "properties": { "name": "Sped Headstart School", "type": "Education", "address": "Sped Headstart School, Blk 28 Lot 3, Florvel Homes Subd, Oton, Iloilo", "facebook": "https://www.facebook.com/spedheadstartschool/", "url": null, "contact_mobile": null, "contact_landline": "(033) 333 0084", "email": null, "logo": null, "latitude": 10.703149, "longitude": 122.467734, "region": "Region VI (Western Visayas)", "province": "Iloilo", "municity": "Oton", "district": null, "barangay": "Buray", "category": "DRRM" }, "geometry": { "type": "Point", "coordinates": [ 122.467734, 10.703149 ] } },
{ "type": "Feature", "properties": { "name": "Buray Day Care Center", "type": "Education", "address": "PF46+V9X Buray Day Care Center, Oton - Alimodian Rd, Oton, Iloilo", "facebook": null, "url": null, "contact_mobile": null, "contact_landline": null, "email": null, "logo": null, "latitude": 10.707234, "longitude": 122.460999, "region": "Region VI (Western Visayas)", "province": "Iloilo", "municity": "Oton", "district": null, "barangay": "Buray", "category": "DRRM" }, "geometry": { "type": "Point", "coordinates": [ 122.460999, 10.707234 ] } },
{ "type": "Feature", "properties": { "name": "Materials Recovery Facility", "type": "Solid Waste", "address": "PF37+2X Oton, Iloilo", "facebook": null, "url": null, "contact_mobile": null, "contact_landline": null, "email": null, "logo": null, "latitude": 10.702559, "longitude": 122.464886, "region": "Region VI (Western Visayas)", "province": "Iloilo", "municity": "Oton", "district": null, "barangay": "Buray", "category": "DRRM" }, "geometry": { "type": "Point", "coordinates": [ 122.464886, 10.702559 ] } },
{ "type": "Feature", "properties": { "name": "God of Glory Christian Church (GGCC Oton)", "type": "Faith-Based", "address": "MFWH+45R, By-Pass Road, Oton, 5020 Iloilo", "facebook": "https://www.facebook.com/GGCCOTON1992", "url": "https://sites.google.com/view/GGCCOTON1992", "contact_mobile": "0919 533 9767", "contact_landline": null, "email": "GGCCOTON1992@gmail.com", "logo": "https://drive.google.com/file/d/1mx--tw8pwkQD4Kj9V754w6ZxGRBzzWPp/view?usp=sharing", "latitude": 10.695363, "longitude": 122.477895, "region": "Region VI (Western Visayas)", "province": "Iloilo", "municity": "Oton", "district": null, "barangay": "Buray", "category": "DRRM" }, "geometry": { "type": "Point", "coordinates": [ 122.477895, 10.695363 ] } },
{ "type": "Feature", "properties": { "name": "Galang Barangay Hall", "type": "Government", "address": "PCGW+237, National Road, Galang, Oton, 5020 Iloilo", "facebook": null, "url": null, "contact_mobile": "0929 386 9708", "contact_landline": null, "email": null, "logo": null, "latitude": 10.725038, "longitude": 122.445182, "region": "Region VI (Western Visayas)", "province": "Iloilo", "municity": "Oton", "district": null, "barangay": "Galang", "category": "DRRM" }, "geometry": { "type": "Point", "coordinates": [ 122.445182, 10.725038 ] } },
{ "type": "Feature", "properties": { "name": "Galang-Salngan Elementary School", "type": "Education", "address": "PCFV+PRW Galang-Salngan Elementary School, Galang-Salngan, Oton, 5020 Iloilo", "facebook": "https://www.facebook.com/p/Galang-Salngan-Elementary-School-100063962622482/", "url": null, "contact_mobile": "0998 282 8923", "contact_landline": null, "email": null, "logo": "https://drive.google.com/file/d/1-nK6aRtJfFE7lD21fUqowa7sbpAqST9s/view?usp=sharing", "latitude": 10.724357, "longitude": 122.444563, "region": "Region VI (Western Visayas)", "province": "Iloilo", "municity": "Oton", "district": null, "barangay": "Galang", "category": "DRRM" }, "geometry": { "type": "Point", "coordinates": [ 122.444563, 10.724357 ] } },
{ "type": "Feature", "properties": { "name": "Brgy.Poblacion North Tanod Outpost", "type": "Emergency Response", "address": "MFRJ+MG7, Paterno St, Oton, Iloilo", "facebook": null, "url": null, "contact_mobile": null, "contact_landline": null, "email": null, "logo": null, "latitude": 10.691671, "longitude": 122.4813, "region": "Region VI (Western Visayas)", "province": "Iloilo", "municity": "Oton", "district": null, "barangay": "Poblacion North", "category": "DRRM" }, "geometry": { "type": "Point", "coordinates": [ 122.4813, 10.691671 ] } },
{ "type": "Feature", "properties": { "name": "Oton National High School", "type": "Education", "address": "MFRJ+JP2 Oton National High School, Jose P Laurel St, Oton, Iloilo", "facebook": "https://www.facebook.com/otonnhsofficial/", "url": null, "contact_mobile": null, "contact_landline": "(033) 336 2315", "email": "302542@deped.gov.ph", "logo": "https://drive.google.com/file/d/1N4-MBBx7IOp3TeAeKYY3SGMDg11DZP6T/view?usp=sharing", "latitude": 10.691514, "longitude": 122.481778, "region": "Region VI (Western Visayas)", "province": "Iloilo", "municity": "Oton", "district": null, "barangay": "Poblacion North", "category": "DRRM" }, "geometry": { "type": "Point", "coordinates": [ 122.481778, 10.691514 ] } },
{ "type": "Feature", "properties": { "name": "Inter-Faith Christian Academy, Inc", "type": "Education", "address": "MFRJ+XMG Inter-Faith Christian Academy, Inc., Oton, Iloilo", "facebook": "https://www.facebook.com/people/Inter-Faith-Christian-Academy-Inc-ICONS/61551878466073/?_rdr", "url": null, "contact_mobile": "0970 228 9200", "contact_landline": null, "email": "elgadian24@gmail.com", "logo": "https://drive.google.com/file/d/1sq_toKm062gz1wka-M15pkJ2yL-9gE6G/view?usp=sharing", "latitude": 10.692438, "longitude": 122.481716, "region": "Region VI (Western Visayas)", "province": "Iloilo", "municity": "Oton", "district": null, "barangay": "Poblacion North", "category": "DRRM" }, "geometry": { "type": "Point", "coordinates": [ 122.481716, 10.692438 ] } },
{ "type": "Feature", "properties": { "name": "Christian Bible Baptist Church", "type": "Faith-Based", "address": "MFVJ+3F7, Oton, Iloilo", "facebook": null, "url": null, "contact_mobile": null, "contact_landline": null, "email": null, "logo": null, "latitude": 10.692674, "longitude": 122.481173, "region": "Region VI (Western Visayas)", "province": "Iloilo", "municity": "Oton", "district": null, "barangay": "Poblacion North", "category": "DRRM" }, "geometry": { "type": "Point", "coordinates": [ 122.481173, 10.692674 ] } },
{ "type": "Feature", "properties": { "name": "United Pentecostal Church Oton, Iloilo (Official)", "type": "Faith-Based", "address": "MFRM+66 Paterno St, Oton, Iloilo", "facebook": null, "url": null, "contact_mobile": "0907 540 0789", "contact_landline": null, "email": null, "logo": null, "latitude": 10.690612, "longitude": 122.483035, "region": "Region VI (Western Visayas)", "province": "Iloilo", "municity": "Oton", "district": null, "barangay": "Poblacion North", "category": "DRRM" }, "geometry": { "type": "Point", "coordinates": [ 122.483035, 10.690612 ] } },
{ "type": "Feature", "properties": { "name": "Tuy-an Multi Purpose Hall", "type": "Multipurpose Hall", "address": "WFCF+59M, Cabatuan, Iloilo", "facebook": null, "url": null, "contact_mobile": null, "contact_landline": null, "email": null, "logo": null, "latitude": 10.920454, "longitude": 122.473415, "region": "Region VI (Western Visayas)", "province": "Iloilo", "municity": "Cabatuan", "district": null, "barangay": "Tuy-an", "category": "DRRM" }, "geometry": { "type": "Point", "coordinates": [ 122.473415, 10.920454 ] } },
{ "type": "Feature", "properties": { "name": "Jordan Public Market", "type": "Public Market", "address": "MH8R+856, Jordan, Guimaras", "facebook": null, "url": null, "contact_mobile": null, "contact_landline": null, "email": null, "logo": null, "latitude": 10.665781, "longitude": 122.590383, "region": "Region VI (Western Visayas)", "province": "Guimaras", "municity": "Jordan", "district": null, "barangay": "Rizal", "category": "DRRM" }, "geometry": { "type": "Point", "coordinates": [ 122.590383, 10.665781 ] } },
{ "type": "Feature", "properties": { "name": "Villa Anita Baranggay Hall", "type": "Government", "address": "MHX5+HP3 Villa Anita Baranggay Hall, Montinola St, Iloilo City Proper, Iloilo City, Iloilo", "facebook": null, "url": null, "contact_mobile": null, "contact_landline": null, "email": null, "logo": null, "latitude": 10.698894, "longitude": 122.559284, "region": "Region VI (Western Visayas)", "province": "Iloilo", "municity": "Iloilo City", "district": "City Proper", "barangay": "Villa Anita", "category": "DRRM" }, "geometry": { "type": "Point", "coordinates": [ 122.559284, 10.698894 ] } },
{ "type": "Feature", "properties": { "name": "Wenceslao S. Grio NHS", "type": "Education", "address": "VGMG+388 Wenceslao S. Grio NHS, Unnamed Road, Cabatuan, Iloilo", "facebook": "https://www.facebook.com/p/Wenceslao-S-Grio-National-High-School-100063571731575/", "url": null, "contact_mobile": null, "contact_landline": null, "email": null, "logo": "https://drive.google.com/file/d/1ZLiYF4BquYglmWVkumbY_Qsr9riSDBsM/view?usp=sharing", "latitude": 10.882673, "longitude": 122.525833, "region": "Region VI (Western Visayas)", "province": "Iloilo", "municity": "Cabatuan", "district": null, "barangay": "Puyas", "category": "DRRM" }, "geometry": { "type": "Point", "coordinates": [ 122.525833, 10.882673 ] } },
{ "type": "Feature", "properties": { "name": "Bacan Multi Purpose Hall", "type": "Multipurpose Hall", "address": "VFM6+RHH, Cabatuan, Iloilo", "facebook": null, "url": null, "contact_mobile": null, "contact_landline": null, "email": null, "logo": null, "latitude": 10.884565, "longitude": 122.4615, "region": "Region VI (Western Visayas)", "province": "Iloilo", "municity": "Cabatuan", "district": null, "barangay": "Bacan", "category": "DRRM" }, "geometry": { "type": "Point", "coordinates": [ 122.4615, 10.884565 ] } },
{ "type": "Feature", "properties": { "name": "Globe Telecom Cellsite", "type": "Telecommunication", "address": "HG98+JXQ, Jordan, Guimaras", "facebook": null, "url": null, "contact_mobile": null, "contact_landline": null, "email": null, "logo": null, "latitude": 10.569079, "longitude": 122.517496, "region": "Region VI (Western Visayas)", "province": "Guimaras", "municity": "Jordan", "district": null, "barangay": "Sinapsapan", "category": "DRRM" }, "geometry": { "type": "Point", "coordinates": [ 122.517496, 10.569079 ] } },
{ "type": "Feature", "properties": { "name": "New Cabatuan MPS", "type": "Emergency Response", "address": "VFJJ+66P, Cabatuan, Iloilo", "facebook": null, "url": null, "contact_mobile": null, "contact_landline": "(033) 522 7871", "email": null, "logo": null, "latitude": 10.880593, "longitude": 122.480582, "region": "Region VI (Western Visayas)", "province": "Iloilo", "municity": "Cabatuan", "district": null, "barangay": "Poblacion", "category": "DRRM" }, "geometry": { "type": "Point", "coordinates": [ 122.480582, 10.880593 ] } },
{ "type": "Feature", "properties": { "name": "Cabatuan Hall Of Justice", "type": "Government", "address": "VFJJ+75R, Ilaya St, Cabatuan, Iloilo", "facebook": null, "url": null, "contact_mobile": null, "contact_landline": null, "email": null, "logo": null, "latitude": 10.880748, "longitude": 122.480396, "region": "Region VI (Western Visayas)", "province": "Iloilo", "municity": "Cabatuan", "district": null, "barangay": "Poblacion", "category": "DRRM" }, "geometry": { "type": "Point", "coordinates": [ 122.480396, 10.880748 ] } },
{ "type": "Feature", "properties": { "name": "Office of the Municipal General Services - Municipality of Cabatuan", "type": "Government", "address": "Dumalag Municipal Hall, Old Iloilo - Capiz Rd, Cabatuan, 5031 Iloilo", "facebook": null, "url": null, "contact_mobile": null, "contact_landline": "(044) 600 4895", "email": null, "logo": null, "latitude": 10.879826, "longitude": 122.480985, "region": "Region VI (Western Visayas)", "province": "Iloilo", "municity": "Cabatuan", "district": null, "barangay": "Poblacion", "category": "DRRM" }, "geometry": { "type": "Point", "coordinates": [ 122.480985, 10.879826 ] } },
{ "type": "Feature", "properties": { "name": "Cabatuan Municipal Town Hall", "type": "Government", "address": "VFHJ+V9X, PC Barracks Rd, Cabatuan, Iloilo", "facebook": null, "url": null, "contact_mobile": null, "contact_landline": null, "email": null, "logo": null, "latitude": 10.879735, "longitude": 122.480971, "region": "Region VI (Western Visayas)", "province": "Iloilo", "municity": "Cabatuan", "district": null, "barangay": "Poblacion", "category": "DRRM" }, "geometry": { "type": "Point", "coordinates": [ 122.480971, 10.879735 ] } },
{ "type": "Feature", "properties": { "name": " DAR - Municipal Office (Cabatuan)", "type": "Government", "address": "VFHM+3JM, Rizal Ilawod St, Cabatuan, Iloilo", "facebook": null, "url": null, "contact_mobile": null, "contact_landline": null, "email": null, "logo": null, "latitude": 10.877701, "longitude": 122.484036, "region": "Region VI (Western Visayas)", "province": "Iloilo", "municity": "Cabatuan", "district": null, "barangay": "Poblacion", "category": "DRRM" }, "geometry": { "type": "Point", "coordinates": [ 122.484036, 10.877701 ] } },
{ "type": "Feature", "properties": { "name": "Negosyo Center Cabatuan", "type": "Government", "address": "VFJJ+28W, PC Barracks Rd, Cabatuan, Iloilo", "facebook": "https://www.facebook.com/NC.Cabatuan", "url": null, "contact_mobile": "0945 324 2662", "contact_landline": null, "email": null, "logo": null, "latitude": 10.88012, "longitude": 122.480814, "region": "Region VI (Western Visayas)", "province": "Iloilo", "municity": "Cabatuan", "district": null, "barangay": "Poblacion", "category": "DRRM" }, "geometry": { "type": "Point", "coordinates": [ 122.480814, 10.88012 ] } },
{ "type": "Feature", "properties": { "name": "Public Employment Service Office - Cabatuan", "type": "Government", "address": "VFHJ+W96, Municipal Hall, National Road, Cabatuan, 5031 Iloilo", "facebook": null, "url": null, "contact_mobile": null, "contact_landline": "(033) 522 8530", "email": null, "logo": null, "latitude": 10.879794, "longitude": 122.480902, "region": "Region VI (Western Visayas)", "province": "Iloilo", "municity": "Cabatuan", "district": null, "barangay": "Poblacion", "category": "DRRM" }, "geometry": { "type": "Point", "coordinates": [ 122.480902, 10.879794 ] } },
{ "type": "Feature", "properties": { "name": "Cabatuan Municipal Police Station", "type": "Government", "address": "VFHJ+W9X, Old Iloilo - Capiz Rd, Cabatuan, 5031 Iloilo", "facebook": null, "url": null, "contact_mobile": "0912 529 4831", "contact_landline": null, "email": null, "logo": null, "latitude": 10.879872, "longitude": 122.480982, "region": "Region VI (Western Visayas)", "province": "Iloilo", "municity": "Cabatuan", "district": null, "barangay": "Poblacion", "category": "DRRM" }, "geometry": { "type": "Point", "coordinates": [ 122.480982, 10.879872 ] } },
{ "type": "Feature", "properties": { "name": "Brgy. Hall Zone IV", "type": "Government", "address": "VFJH+W6F, Rizal Ilaya St., Cabatuan, Iloilo", "facebook": null, "url": null, "contact_mobile": null, "contact_landline": null, "email": null, "logo": null, "latitude": 10.882304, "longitude": 122.478046, "region": "Region VI (Western Visayas)", "province": "Iloilo", "municity": "Cabatuan", "district": null, "barangay": "Poblacion", "category": "DRRM" }, "geometry": { "type": "Point", "coordinates": [ 122.478046, 10.882304 ] } },
{ "type": "Feature", "properties": { "name": "Barangay Hall Brgy. Zone VII", "type": "Government", "address": "VFJM+G2F San Nicolas St, Cabatuan, Iloilo", "facebook": null, "url": null, "contact_mobile": null, "contact_landline": null, "email": null, "logo": null, "latitude": 10.881322, "longitude": 122.482544, "region": "Region VI (Western Visayas)", "province": "Iloilo", "municity": "Cabatuan", "district": null, "barangay": "Poblacion", "category": "DRRM" }, "geometry": { "type": "Point", "coordinates": [ 122.482544, 10.881322 ] } },
{ "type": "Feature", "properties": { "name": "Cabatuan Fire Station", "type": "Emergency Response", "address": "Corner, Confessor Dr, Aragon St, Cabatuan, Iloilo", "facebook": null, "url": null, "contact_mobile": null, "contact_landline": null, "email": null, "logo": null, "latitude": 10.881428, "longitude": 122.480548, "region": "Region VI (Western Visayas)", "province": "Iloilo", "municity": "Cabatuan", "district": null, "barangay": "Poblacion", "category": "DRRM" }, "geometry": { "type": "Point", "coordinates": [ 122.480548, 10.881428 ] } },
{ "type": "Feature", "properties": { "name": "Cabatuan Parochial School", "type": "Education", "address": "VFHJ+VF5 Cabatuan Parochial School, Rizal St, Cabatuan, Santa Barbara, Iloilo", "facebook": null, "url": null, "contact_mobile": null, "contact_landline": "(033) 522 9141", "email": null, "logo": null, "latitude": 10.879648, "longitude": 122.481245, "region": "Region VI (Western Visayas)", "province": "Iloilo", "municity": "Cabatuan", "district": null, "barangay": "Poblacion", "category": "DRRM" }, "geometry": { "type": "Point", "coordinates": [ 122.481245, 10.879648 ] } },
{ "type": "Feature", "properties": { "name": "Cabatuan Public Market", "type": "Public Market", "address": "VFHJ+CRQ, Cabatuan, Iloilo", "facebook": null, "url": null, "contact_mobile": null, "contact_landline": null, "email": null, "logo": null, "latitude": 10.878664, "longitude": 122.482492, "region": "Region VI (Western Visayas)", "province": "Iloilo", "municity": "Cabatuan", "district": null, "barangay": "Poblacion", "category": "DRRM" }, "geometry": { "type": "Point", "coordinates": [ 122.482492, 10.878664 ] } },
{ "type": "Feature", "properties": { "name": "San Nicolas de Tolentino Church", "type": "Faith-Based", "address": "VFHJ+PGV, Cabatuan, Iloilo", "facebook": null, "url": null, "contact_mobile": null, "contact_landline": "(033) 522 8653", "email": null, "logo": null, "latitude": 10.879368, "longitude": 122.481294, "region": "Region VI (Western Visayas)", "province": "Iloilo", "municity": "Cabatuan", "district": null, "barangay": "Poblacion", "category": "DRRM" }, "geometry": { "type": "Point", "coordinates": [ 122.481294, 10.879368 ] } },
{ "type": "Feature", "properties": { "name": "Cabatuan Full Gospel Mission Church", "type": "Faith-Based", "address": "VFGQ+43R, Rizal Ilawod St, Cabatuan, Iloilo", "facebook": null, "url": null, "contact_mobile": null, "contact_landline": null, "email": null, "logo": null, "latitude": 10.875351, "longitude": 122.487635, "region": "Region VI (Western Visayas)", "province": "Iloilo", "municity": "Cabatuan", "district": null, "barangay": "Poblacion", "category": "DRRM" }, "geometry": { "type": "Point", "coordinates": [ 122.487635, 10.875351 ] } },
{ "type": "Feature", "properties": { "name": "Harvester Community Church - Cabatuan", "type": "Faith-Based", "address": "VFHM+CF4, Cabatuan, Iloilo", "facebook": null, "url": null, "contact_mobile": null, "contact_landline": null, "email": null, "logo": null, "latitude": 10.87851, "longitude": 122.483693, "region": "Region VI (Western Visayas)", "province": "Iloilo", "municity": "Cabatuan", "district": null, "barangay": "Poblacion", "category": "DRRM" }, "geometry": { "type": "Point", "coordinates": [ 122.483693, 10.87851 ] } },
{ "type": "Feature", "properties": { "name": "Cabatuan Plaza Park", "type": "Parks and Open Space", "address": "VFJJ+3RJ, Cabatuan, Iloilo", "facebook": null, "url": null, "contact_mobile": null, "contact_landline": null, "email": null, "logo": null, "latitude": 10.880208, "longitude": 122.48202, "region": "Region VI (Western Visayas)", "province": "Iloilo", "municity": "Cabatuan", "district": null, "barangay": "Poblacion", "category": "DRRM" }, "geometry": { "type": "Point", "coordinates": [ 122.48202, 10.880208 ] } },
{ "type": "Feature", "properties": { "name": "DA 6 Research Outreach Station - Cabatuan", "type": "Government", "address": "VFCR+33R, Cabatuan, Iloilo", "facebook": null, "url": null, "contact_mobile": null, "contact_landline": null, "email": null, "logo": null, "latitude": 10.870379, "longitude": 122.490666, "region": "Region VI (Western Visayas)", "province": "Iloilo", "municity": "Cabatuan", "district": null, "barangay": "Banguit", "category": "DRRM" }, "geometry": { "type": "Point", "coordinates": [ 122.490666, 10.870379 ] } },
{ "type": "Feature", "properties": { "name": "Blessed Gems Christian Academe, Inc.", "type": "Education", "address": "VFFQ+9MC Blessed Gems Christian Academe, Inc., Brgy. Banguit, Cabatuan, iloilo, 5033 Iloilo", "facebook": "https://www.facebook.com/blessedgemschristianacademe/", "url": "https://blessedgemschristianacademe.wordpress.com/", "contact_mobile": "0963 958 4293", "contact_landline": null, "email": "blessedgemsca@gmail.com", "logo": "https://drive.google.com/file/d/1yJVNyPZXIBSVXYn9nRghDB9F4y7yafo3/view?usp=sharing", "latitude": 10.87343, "longitude": 122.489154, "region": "Region VI (Western Visayas)", "province": "Iloilo", "municity": "Cabatuan", "district": null, "barangay": "Banguit", "category": "DRRM" }, "geometry": { "type": "Point", "coordinates": [ 122.489154, 10.87343 ] } },
{ "type": "Feature", "properties": { "name": "Cabatuan Memorial Park(Municipal Cemetery)", "type": "Parks and Open Space", "address": "VFFR+27X, Cabatuan, Iloilo", "facebook": null, "url": null, "contact_mobile": null, "contact_landline": null, "email": null, "logo": null, "latitude": 10.872616, "longitude": 122.490735, "region": "Region VI (Western Visayas)", "province": "Iloilo", "municity": "Cabatuan", "district": null, "barangay": "Banguit", "category": "DRRM" }, "geometry": { "type": "Point", "coordinates": [ 122.490735, 10.872616 ] } },
{ "type": "Feature", "properties": { "name": "Arsenal Aduana Barangay Hall", "type": "Government", "address": "MHWC+3C4 Arsenal Aduana Barangay Hall, Aldeguer St, Iloilo City Proper, Iloilo City, 5000 Iloilo", "facebook": null, "url": null, "contact_mobile": null, "contact_landline": null, "email": null, "logo": null, "latitude": 10.695131, "longitude": 122.571067, "region": "Region VI (Western Visayas)", "province": "Iloilo", "municity": "Iloilo City", "district": "City Proper", "barangay": "Arsenal Aduana", "category": "DRRM" }, "geometry": { "type": "Point", "coordinates": [ 122.571067, 10.695131 ] } },
{ "type": "Feature", "properties": { "name": "Iloilo City Emergency Responders", "type": "Emergency Response", "address": "Freedom Grandstand, JM Basas Street, Macario Peralta Street, Iloilo City Proper, Iloilo City, 5000 Iloilo", "facebook": null, "url": null, "contact_mobile": null, "contact_landline": "(033) 335 1554", "email": null, "logo": null, "latitude": 10.693672, "longitude": 122.572005, "region": "Region VI (Western Visayas)", "province": "Iloilo", "municity": "Iloilo City", "district": "City Proper", "barangay": "Arsenal Aduana", "category": "DRRM" }, "geometry": { "type": "Point", "coordinates": [ 122.572005, 10.693672 ] } },
{ "type": "Feature", "properties": { "name": "Sunburst Park Iloilo", "type": "Parks and Open Space", "address": "MHVC+FP8, JM Basa St, Iloilo City Proper, Iloilo City, 5000 Iloilo", "facebook": null, "url": null, "contact_mobile": null, "contact_landline": null, "email": null, "logo": null, "latitude": 10.693674, "longitude": 122.571842, "region": "Region VI (Western Visayas)", "province": "Iloilo", "municity": "Iloilo City", "district": "City Proper", "barangay": "Arsenal Aduana", "category": "DRRM" }, "geometry": { "type": "Point", "coordinates": [ 122.571842, 10.693674 ] } },
{ "type": "Feature", "properties": { "name": "BRGY.MA.CHRISTINA barangay hall", "type": "Government", "address": "PHH4+J9M BRGY.MA.CHRISTINA barangay hall, Democracia St, Jaro, Iloilo City, Iloilo", "facebook": null, "url": null, "contact_mobile": null, "contact_landline": null, "email": null, "logo": null, "latitude": 10.729092, "longitude": 122.555916, "region": "Region VI (Western Visayas)", "province": "Iloilo", "municity": "Iloilo City", "district": "Jaro", "barangay": "Maria Cristina", "category": "DRRM" }, "geometry": { "type": "Point", "coordinates": [ 122.555916, 10.729092 ] } },
{ "type": "Feature", "properties": { "name": "Commission on Election @ Region VI - Iloilo", "type": "Government", "address": "PHF5+6HG Commission on Election @ Region VI - Iloilo, 12 Washington St, Jaro, Iloilo City, 5000 Iloilo", "facebook": null, "url": null, "contact_mobile": null, "contact_landline": "(033) 320 6499", "email": null, "logo": null, "latitude": 10.726433, "longitude": 122.557555, "region": "Region VI (Western Visayas)", "province": "Iloilo", "municity": "Iloilo City", "district": "Jaro", "barangay": "Democracia", "category": "DRRM" }, "geometry": { "type": "Point", "coordinates": [ 122.557555, 10.726433 ] } },
{ "type": "Feature", "properties": { "name": "PHINMA University of Iloilo", "type": "Education", "address": "Rizal St, Iloilo City Proper, Iloilo City, 5000 Iloilo", "facebook": "https://www.facebook.com/phinmaui/", "url": "http://www.ui.phinma.edu.ph", "contact_mobile": null, "contact_landline": "(033) 338 1071", "email": "info.ui@phinmaed.com", "logo": "https://drive.google.com/file/d/1-7JU1O6hEMfKcDf_8nDVQOgvdmhLaYWo/view?usp=sharing", "latitude": 10.691919, "longitude": 122.569594, "region": "Region VI (Western Visayas)", "province": "Iloilo", "municity": "Iloilo City", "district": "City Proper", "barangay": "Maria Clara", "category": "DRRM" }, "geometry": { "type": "Point", "coordinates": [ 122.569594, 10.691919 ] } },
{ "type": "Feature", "properties": { "name": "Iloilo Sun Yat Sen High School", "type": "Education", "address": "MHVC+4CQ Iloilo Sun Yat Sen High School, Mapa St, Iloilo City Proper, Iloilo City, Iloilo", "facebook": "https://www.facebook.com/choosetiongsan/", "url": null, "contact_mobile": null, "contact_landline": "(033) 335 1351", "email": "tiongsan@yahoo.com", "logo": "https://drive.google.com/file/d/1PWSVhZiHWfCrgjkL5nDy7rBuNfsqiVHs/view?usp=sharing", "latitude": 10.692842, "longitude": 122.57112, "region": "Region VI (Western Visayas)", "province": "Iloilo", "municity": "Iloilo City", "district": "City Proper", "barangay": "Maria Clara", "category": "DRRM" }, "geometry": { "type": "Point", "coordinates": [ 122.57112, 10.692842 ] } },
{ "type": "Feature", "properties": { "name": "Santa Maria Parish - Iloilo (怡朗中華聖母堂)", "type": "Faith-Based", "address": "139 Gen. Blanco St, Iloilo City Proper, Iloilo City, 5000 Iloilo", "facebook": "https://www.facebook.com/OurLadyofChina/?_rdr", "url": null, "contact_mobile": "0966 497 8682", "contact_landline": "(033) 338 2245", "email": "stamariaparish@gmail.com", "logo": null, "latitude": 10.691287, "longitude": 122.57045, "region": "Region VI (Western Visayas)", "province": "Iloilo", "municity": "Iloilo City", "district": "City Proper", "barangay": "Maria Clara", "category": "DRRM" }, "geometry": { "type": "Point", "coordinates": [ 122.57045, 10.691287 ] } },
{ "type": "Feature", "properties": { "name": "San Lorenzo Municipal Hall", "type": "Government", "address": "HMRR+X45, San Lorenzo, Guimaras", "facebook": null, "url": null, "contact_mobile": null, "contact_landline": null, "email": null, "logo": null, "latitude": 10.592399, "longitude": 122.690356, "region": "Region VI (Western Visayas)", "province": "Guimaras", "municity": "San Lorenzo", "district": null, "barangay": "Cabano", "category": "DRRM" }, "geometry": { "type": "Point", "coordinates": [ 122.690356, 10.592399 ] } },
{ "type": "Feature", "properties": { "name": "San Lorenzo Police Station", "type": "Emergency Response", "address": "HMVQ+3X3, San Lorenzo, Guimaras", "facebook": null, "url": null, "contact_mobile": null, "contact_landline": null, "email": null, "logo": null, "latitude": 10.592647, "longitude": 122.689916, "region": "Region VI (Western Visayas)", "province": "Guimaras", "municity": "San Lorenzo", "district": null, "barangay": "Cabano", "category": "DRRM" }, "geometry": { "type": "Point", "coordinates": [ 122.689916, 10.592647 ] } },
{ "type": "Feature", "properties": { "name": "Living Faith Baptist Church", "type": "Faith-Based", "address": "HMF8+RQ5, Guimaras Circumferential Rd, San Lorenzo, Guimaras", "facebook": null, "url": null, "contact_mobile": null, "contact_landline": null, "email": null, "logo": null, "latitude": 10.574523, "longitude": 122.666988, "region": "Region VI (Western Visayas)", "province": "Guimaras", "municity": "San Lorenzo", "district": null, "barangay": "Cabano", "category": "DRRM" }, "geometry": { "type": "Point", "coordinates": [ 122.666988, 10.574523 ] } },
{ "type": "Feature", "properties": { "name": "Iloilo Vocational Technical School, Inc.", "type": "Education", "address": "ILOILO VOCATIONAL TECHNICAL SCHOOL, INC., Alley 2 Belfa Compound, Fuentes St, Iloilo City Proper, Iloilo City, 5000 Iloilo", "facebook": "https://www.facebook.com/p/Iloilo-Vocational-Technical-School-Inc-100057488828727/", "url": null, "contact_mobile": null, "contact_landline": "(033) 508 3305", "email": null, "logo": null, "latitude": 10.694012, "longitude": 122.563732, "region": "Region VI (Western Visayas)", "province": "Iloilo", "municity": "Iloilo City", "district": "City Proper", "barangay": "San Jose (City Proper)", "category": "DRRM" }, "geometry": { "type": "Point", "coordinates": [ 122.563732, 10.694012 ] } },
{ "type": "Feature", "properties": { "name": " Avila Barangay Hall", "type": "Government", "address": "MPR5+CXP, Guimaras Circumferential Rd, Buenavista, Guimaras", "facebook": null, "url": null, "contact_mobile": null, "contact_landline": null, "email": null, "logo": null, "latitude": 10.691087, "longitude": 122.709939, "region": "Region VI (Western Visayas)", "province": "Guimaras", "municity": "Buenavista", "district": null, "barangay": "Avila", "category": "DRRM" }, "geometry": { "type": "Point", "coordinates": [ 122.709939, 10.691087 ] } },
{ "type": "Feature", "properties": { "name": "Apostolic Church Of Jesus Christ (Guimaras)", "type": "Faith-Based", "address": "MJJQ+32J, Guimaras Circumferential Rd, Buenavista, Guimaras", "facebook": null, "url": null, "contact_mobile": null, "contact_landline": null, "email": null, "logo": null, "latitude": 10.68021, "longitude": 122.637516, "region": "Region VI (Western Visayas)", "province": "Guimaras", "municity": "Buenavista", "district": null, "barangay": "San Isidro", "category": "DRRM" }, "geometry": { "type": "Point", "coordinates": [ 122.637516, 10.68021 ] } },
{ "type": "Feature", "properties": { "name": "Multi Purpose Hall", "type": "Multipurpose Hall", "address": "PH59+X5G Brgy. Railway, La Paz, Iloilo City, 5000 Iloilo", "facebook": null, "url": null, "contact_mobile": null, "contact_landline": null, "email": null, "logo": null, "latitude": 10.709939, "longitude": 122.567949, "region": "Region VI (Western Visayas)", "province": "Iloilo", "municity": "Iloilo City", "district": "La Paz", "barangay": "Railway", "category": "DRRM" }, "geometry": { "type": "Point", "coordinates": [ 122.567949, 10.709939 ] } },
{ "type": "Feature", "properties": { "name": "Lapaz Public Market", "type": "Public Market", "address": "18 Huervana St, La Paz, Iloilo City, 5000 Iloilo", "facebook": null, "url": null, "contact_mobile": null, "contact_landline": "(033) 320 7514", "email": null, "logo": null, "latitude": 10.708711, "longitude": 122.567635, "region": "Region VI (Western Visayas)", "province": "Iloilo", "municity": "Iloilo City", "district": "La Paz", "barangay": "Railway", "category": "DRRM" }, "geometry": { "type": "Point", "coordinates": [ 122.567635, 10.708711 ] } },
{ "type": "Feature", "properties": { "name": "Guimaras Provincial Capitol", "type": "Government", "address": "HHXQ+QMC, Jordan, Guimaras", "facebook": null, "url": "https://guimaras.gov.ph/", "contact_mobile": null, "contact_landline": "(033) 237 1111", "email": null, "logo": null, "latitude": 10.599445, "longitude": 122.589146, "region": "Region VI (Western Visayas)", "province": "Guimaras", "municity": "Jordan", "district": null, "barangay": "San Miguel", "category": "DRRM" }, "geometry": { "type": "Point", "coordinates": [ 122.589146, 10.599445 ] } },
{ "type": "Feature", "properties": { "name": "Civil Service Commission Guimaras Field Office", "type": "Government", "address": "JH2Q+9VF, Jordan, Lalawigan ng Guimaras", "facebook": null, "url": "https://csc.gov.ph/", "contact_mobile": null, "contact_landline": null, "email": null, "logo": null, "latitude": 10.600944, "longitude": 122.589669, "region": "Region VI (Western Visayas)", "province": "Guimaras", "municity": "Jordan", "district": null, "barangay": "San Miguel", "category": "DRRM" }, "geometry": { "type": "Point", "coordinates": [ 122.589669, 10.600944 ] } },
{ "type": "Feature", "properties": { "name": "Bureau of Agricultural Statistics - Guimaras", "type": "Government", "address": "CAVES Building, San Miguel, Jordan, 5045, Guimaras", "facebook": null, "url": null, "contact_mobile": null, "contact_landline": "(033) 237 1478", "email": null, "logo": null, "latitude": 10.597385, "longitude": 122.590266, "region": "Region VI (Western Visayas)", "province": "Guimaras", "municity": "Jordan", "district": null, "barangay": "San Miguel", "category": "DRRM" }, "geometry": { "type": "Point", "coordinates": [ 122.590266, 10.597385 ] } },
{ "type": "Feature", "properties": { "name": "Philippine Drug Enforcement Agency - Guimaras Office", "type": "Government", "address": "HHMM+M56, Jordan, Guimaras", "facebook": null, "url": null, "contact_mobile": null, "contact_landline": null, "email": null, "logo": null, "latitude": 10.584083, "longitude": 122.582913, "region": "Region VI (Western Visayas)", "province": "Guimaras", "municity": "Jordan", "district": null, "barangay": "San Miguel", "category": "DRRM" }, "geometry": { "type": "Point", "coordinates": [ 122.582913, 10.584083 ] } },
{ "type": "Feature", "properties": { "name": "Department of Agrarian Reform (DAR) - Provincial Office (Guimaras)", "type": "Government", "address": "Fine Rock Building, Old Site, Jordan, Guimaras", "facebook": null, "url": null, "contact_mobile": null, "contact_landline": "(033) 237 1548", "email": null, "logo": null, "latitude": 10.602115, "longitude": 122.587867, "region": "Region VI (Western Visayas)", "province": "Guimaras", "municity": "Jordan", "district": null, "barangay": "San Miguel", "category": "DRRM" }, "geometry": { "type": "Point", "coordinates": [ 122.587867, 10.602115 ] } },
{ "type": "Feature", "properties": { "name": "Pantawid Office Guimaras POO", "type": "Government", "address": "JH3Q+J8Q, Guimaras Circumferential Rd, Jordan, Guimaras", "facebook": null, "url": null, "contact_mobile": null, "contact_landline": null, "email": null, "logo": null, "latitude": 10.604072, "longitude": 122.58834, "region": "Region VI (Western Visayas)", "province": "Guimaras", "municity": "Jordan", "district": null, "barangay": "San Miguel", "category": "DRRM" }, "geometry": { "type": "Point", "coordinates": [ 122.58834, 10.604072 ] } },
{ "type": "Feature", "properties": { "name": "BFAR Provincial Fisheries Office - Guimaras", "type": "Government", "address": "JH2R+75P, Guimaras Circumferential Rd, Jordan, Guimaras", "facebook": null, "url": null, "contact_mobile": null, "contact_landline": null, "email": null, "logo": null, "latitude": 10.600978, "longitude": 122.589923, "region": "Region VI (Western Visayas)", "province": "Guimaras", "municity": "Jordan", "district": null, "barangay": "San Miguel", "category": "DRRM" }, "geometry": { "type": "Point", "coordinates": [ 122.589923, 10.600978 ] } },
{ "type": "Feature", "properties": { "name": "LTO Guimaras Extension Office", "type": "Government", "address": "HHXQ+XV2, Jordan, Guimaras", "facebook": null, "url": null, "contact_mobile": null, "contact_landline": null, "email": null, "logo": null, "latitude": 10.599886, "longitude": 122.589632, "region": "Region VI (Western Visayas)", "province": "Guimaras", "municity": "Jordan", "district": null, "barangay": "San Miguel", "category": "DRRM" }, "geometry": { "type": "Point", "coordinates": [ 122.589632, 10.599886 ] } },
{ "type": "Feature", "properties": { "name": "LTO Guimaras New Office", "type": "Government", "address": "HHRV+QJM, Jordan, Guimaras", "facebook": null, "url": null, "contact_mobile": null, "contact_landline": null, "email": null, "logo": null, "latitude": 10.590882, "longitude": 122.593454, "region": "Region VI (Western Visayas)", "province": "Guimaras", "municity": "Jordan", "district": null, "barangay": "San Miguel", "category": "DRRM" }, "geometry": { "type": "Point", "coordinates": [ 122.593454, 10.590882 ] } },
{ "type": "Feature", "properties": { "name": "DOLE GUIMARAS FIELD OFFICE", "type": "Government", "address": "JH3Q+454, Guimaras Circumferential Rd, Jordan, Guimaras", "facebook": null, "url": null, "contact_mobile": "0920 975 6481", "contact_landline": null, "email": null, "logo": null, "latitude": 10.602753, "longitude": 122.587941, "region": "Region VI (Western Visayas)", "province": "Guimaras", "municity": "Jordan", "district": null, "barangay": "San Miguel", "category": "DRRM" }, "geometry": { "type": "Point", "coordinates": [ 122.587941, 10.602753 ] } },
{ "type": "Feature", "properties": { "name": "San Miguel Barangay Hall", "type": "Government", "address": "HHWP+W98, Jordan, Lalawigan ng Guimaras", "facebook": null, "url": null, "contact_mobile": null, "contact_landline": null, "email": null, "logo": null, "latitude": 10.597293, "longitude": 122.585969, "region": "Region VI (Western Visayas)", "province": "Guimaras", "municity": "Jordan", "district": null, "barangay": "San Miguel", "category": "DRRM" }, "geometry": { "type": "Point", "coordinates": [ 122.585969, 10.597293 ] } },
{ "type": "Feature", "properties": { "name": "Office of the Provincial Fire Director - Guimaras (BFP Guimaras Provincial Office))", "type": "Government", "address": "HHXR+37W, Capitol Compound, Jordan, 5045 Guimaras", "facebook": null, "url": null, "contact_mobile": null, "contact_landline": null, "email": null, "logo": null, "latitude": 10.597728, "longitude": 122.590695, "region": "Region VI (Western Visayas)", "province": "Guimaras", "municity": "Jordan", "district": null, "barangay": "San Miguel", "category": "DRRM" }, "geometry": { "type": "Point", "coordinates": [ 122.590695, 10.597728 ] } },
{ "type": "Feature", "properties": { "name": "Police Sub-Station", "type": "Emergency Response", "address": "HHWP+HJ3, Jordan, Guimaras", "facebook": null, "url": null, "contact_mobile": null, "contact_landline": null, "email": null, "logo": null, "latitude": 10.596393, "longitude": 122.586546, "region": "Region VI (Western Visayas)", "province": "Guimaras", "municity": "Jordan", "district": null, "barangay": "San Miguel", "category": "DRRM" }, "geometry": { "type": "Point", "coordinates": [ 122.586546, 10.596393 ] } },
{ "type": "Feature", "properties": { "name": "Hall of Justice and Multi-Purpose Bldg.", "type": "Government", "address": "JH2Q+2J5, Jordan, Guimaras", "facebook": null, "url": null, "contact_mobile": null, "contact_landline": null, "email": null, "logo": null, "latitude": 10.600024, "longitude": 122.589102, "region": "Region VI (Western Visayas)", "province": "Guimaras", "municity": "Jordan", "district": null, "barangay": "San Miguel", "category": "DRRM" }, "geometry": { "type": "Point", "coordinates": [ 122.589102, 10.600024 ] } },
{ "type": "Feature", "properties": { "name": "Hall of Justice and Multi-Purpose Bldg.", "type": "Multipurpose Hall", "address": "JH2Q+2J5, Jordan, Guimaras", "facebook": null, "url": null, "contact_mobile": null, "contact_landline": null, "email": null, "logo": null, "latitude": 10.600024, "longitude": 122.589102, "region": "Region VI (Western Visayas)", "province": "Guimaras", "municity": "Jordan", "district": null, "barangay": "San Miguel", "category": "DRRM" }, "geometry": { "type": "Point", "coordinates": [ 122.589102, 10.600024 ] } },
{ "type": "Feature", "properties": { "name": "DENR PENRO Guimaras", "type": "Government", "address": "JH2R+75P, Guimaras Circumferential Rd, Jordan, Guimaras", "facebook": null, "url": "https://r6.denr.gov.ph/transparency-governance/freedom-of-information-mannual/89-webpage/810-penro-guimaras", "contact_mobile": null, "contact_landline": "(033) 581 2991", "email": null, "logo": null, "latitude": 10.600717, "longitude": 122.590448, "region": "Region VI (Western Visayas)", "province": "Guimaras", "municity": "Jordan", "district": null, "barangay": "San Miguel", "category": "DRRM" }, "geometry": { "type": "Point", "coordinates": [ 122.590448, 10.600717 ] } },
{ "type": "Feature", "properties": { "name": "Jordan Water District", "type": "Water Supply and Distribution", "address": "HHXR+73X, Jordan, Guimaras", "facebook": null, "url": null, "contact_mobile": "0917 506 9261", "contact_landline": null, "email": null, "logo": null, "latitude": 10.59823, "longitude": 122.590245, "region": "Region VI (Western Visayas)", "province": "Guimaras", "municity": "Jordan", "district": null, "barangay": "San Miguel", "category": "DRRM" }, "geometry": { "type": "Point", "coordinates": [ 122.590245, 10.59823 ] } },
{ "type": "Feature", "properties": { "name": "Guimaras Baptist Academy", "type": "Education", "address": "HHWQ+9VC Guimaras Baptist Academy, Guimaras Circumferential Rd, Jordan, Guimaras", "facebook": "https://www.facebook.com/gbaofc/", "url": null, "contact_mobile": "0930 763 9554", "contact_landline": null, "email": "gbaacademics@gmail.com", "logo": "https://drive.google.com/file/d/1PvDwdyjAAqXoSigJnnTysyn8tlM9wIdy/view?usp=sharing", "latitude": 10.595932, "longitude": 122.58965, "region": "Region VI (Western Visayas)", "province": "Guimaras", "municity": "Jordan", "district": null, "barangay": "San Miguel", "category": "DRRM" }, "geometry": { "type": "Point", "coordinates": [ 122.58965, 10.595932 ] } },
{ "type": "Feature", "properties": { "name": "Guimaras Central Public Market", "type": "Public Market", "address": "JH3Q+P36, Jordan, Guimaras", "facebook": null, "url": null, "contact_mobile": null, "contact_landline": null, "email": null, "logo": null, "latitude": 10.604289, "longitude": 122.587644, "region": "Region VI (Western Visayas)", "province": "Guimaras", "municity": "Jordan", "district": null, "barangay": "San Miguel", "category": "DRRM" }, "geometry": { "type": "Point", "coordinates": [ 122.587644, 10.604289 ] } },
{ "type": "Feature", "properties": { "name": "Guimaras Central Public Market - Produce Stalls", "type": "Public Market", "address": "JH3P+HWM, Jordan, Guimaras", "facebook": null, "url": null, "contact_mobile": null, "contact_landline": null, "email": null, "logo": null, "latitude": 10.603951, "longitude": 122.587299, "region": "Region VI (Western Visayas)", "province": "Guimaras", "municity": "Jordan", "district": null, "barangay": "San Miguel", "category": "DRRM" }, "geometry": { "type": "Point", "coordinates": [ 122.587299, 10.603951 ] } },
{ "type": "Feature", "properties": { "name": "Globe Telecom", "type": "Telecommunication", "address": "HHWQ+R36, Guimaras Circumferential Rd, Jordan, Guimaras", "facebook": null, "url": null, "contact_mobile": null, "contact_landline": null, "email": null, "logo": null, "latitude": 10.597041, "longitude": 122.587641, "region": "Region VI (Western Visayas)", "province": "Guimaras", "municity": "Jordan", "district": null, "barangay": "San Miguel", "category": "DRRM" }, "geometry": { "type": "Point", "coordinates": [ 122.587641, 10.597041 ] } },
{ "type": "Feature", "properties": { "name": "Smart Telecom Cellsite", "type": "Telecommunication", "address": "HHXP+4H7, Jordan, Guimaras", "facebook": null, "url": null, "contact_mobile": null, "contact_landline": null, "email": null, "logo": null, "latitude": 10.597798, "longitude": 122.586432, "region": "Region VI (Western Visayas)", "province": "Guimaras", "municity": "Jordan", "district": null, "barangay": "San Miguel", "category": "DRRM" }, "geometry": { "type": "Point", "coordinates": [ 122.586432, 10.597798 ] } },
{ "type": "Feature", "properties": { "name": "DITO Telecom Cellsite", "type": "Telecommunication", "address": "HHWP+9J6, Jordan, Guimaras", "facebook": null, "url": null, "contact_mobile": null, "contact_landline": null, "email": null, "logo": null, "latitude": 10.5959, "longitude": 122.586529, "region": "Region VI (Western Visayas)", "province": "Guimaras", "municity": "Jordan", "district": null, "barangay": "San Miguel", "category": "DRRM" }, "geometry": { "type": "Point", "coordinates": [ 122.586529, 10.5959 ] } },
{ "type": "Feature", "properties": { "name": "Trappist Monastery", "type": "Faith-Based", "address": "HHJG+9V3, Jordan, Guimaras", "facebook": null, "url": null, "contact_mobile": "0948 709 3438", "contact_landline": null, "email": null, "logo": null, "latitude": 10.580891, "longitude": 122.577173, "region": "Region VI (Western Visayas)", "province": "Guimaras", "municity": "Jordan", "district": null, "barangay": "San Miguel", "category": "DRRM" }, "geometry": { "type": "Point", "coordinates": [ 122.577173, 10.580891 ] } },
{ "type": "Feature", "properties": { "name": "St. Michael The Archangel Parish Church", "type": "Faith-Based", "address": "HHRP+RGW, Jordan, Guimaras", "facebook": null, "url": null, "contact_mobile": null, "contact_landline": null, "email": null, "logo": null, "latitude": 10.592124, "longitude": 122.586318, "region": "Region VI (Western Visayas)", "province": "Guimaras", "municity": "Jordan", "district": null, "barangay": "San Miguel", "category": "DRRM" }, "geometry": { "type": "Point", "coordinates": [ 122.586318, 10.592124 ] } },
{ "type": "Feature", "properties": { "name": "Chavez MX Park/Guimaras Sports Complex", "type": "Parks and Open Space", "address": "HHMP+GX, Jordan, Guimaras", "facebook": null, "url": null, "contact_mobile": null, "contact_landline": null, "email": null, "logo": null, "latitude": 10.58384, "longitude": 122.587449, "region": "Region VI (Western Visayas)", "province": "Guimaras", "municity": "Jordan", "district": null, "barangay": "San Miguel", "category": "DRRM" }, "geometry": { "type": "Point", "coordinates": [ 122.587449, 10.58384 ] } },
{ "type": "Feature", "properties": { "name": "Guimaras State College-Baterna Campus", "type": "Education", "address": "HMMC+CF8 San Lorenzo, 5046 Guimaras", "facebook": "https://www.facebook.com/gsc.baternacampus/", "url": "http://www.gsu.edu.ph/", "contact_mobile": null, "contact_landline": null, "email": null, "logo": "https://drive.google.com/file/d/18Bb-O9uvbm36BVuOTEa4re8qVwGQOGlb/view?usp=sharing", "latitude": 10.583538, "longitude": 122.671189, "region": "Region VI (Western Visayas)", "province": "Guimaras", "municity": "San Lorenzo", "district": null, "barangay": "Constancia", "category": "DRRM" }, "geometry": { "type": "Point", "coordinates": [ 122.671189, 10.583538 ] } },
{ "type": "Feature", "properties": { "name": "ẞumirig Alegría Sibunag Guimaras Philippines", "type": "Faith-Based", "address": "HJVM+42R, Sumírig Àlegria, ẞíbuñag, Guimaras", "facebook": null, "url": null, "contact_mobile": null, "contact_landline": null, "email": null, "logo": null, "latitude": 10.592866, "longitude": 122.632508, "region": "Region VI (Western Visayas)", "province": "Guimaras", "municity": "San Lorenzo", "district": null, "barangay": "Constancia", "category": "DRRM" }, "geometry": { "type": "Point", "coordinates": [ 122.632508, 10.592866 ] } },
{ "type": "Feature", "properties": { "name": "Igdarapdap Barangay Hall", "type": "Government", "address": "CHM6+7HX, Nueva Valencia, Guimaras", "facebook": null, "url": null, "contact_mobile": null, "contact_landline": null, "email": null, "logo": null, "latitude": 10.433228, "longitude": 122.561482, "region": "Region VI (Western Visayas)", "province": "Guimaras", "municity": "Nueva Valencia", "district": null, "barangay": "Igdarapdap", "category": "DRRM" }, "geometry": { "type": "Point", "coordinates": [ 122.561482, 10.433228 ] } },
{ "type": "Feature", "properties": { "name": "NATIONAL POLICE COMMISSION", "type": "Emergency Response", "address": "NATIONAL POLICE COMMISSION, Iloilo City Proper, Iloilo City, Iloilo", "facebook": "https://www.facebook.com/napolcom.regionvi/", "url": "https://r6.napolcom.gov.ph/", "contact_mobile": null, "contact_landline": "(033) 335 0023", "email": "napolcom_r6@yahoo.com", "logo": "https://drive.google.com/file/d/14dg4_JhpIw3Ns2g9t1Ui7q75tyenTEqn/view?usp=sharing", "latitude": 10.694919, "longitude": 122.563325, "region": "Region VI (Western Visayas)", "province": "Iloilo", "municity": "Iloilo City", "district": "City Proper", "barangay": "Liberation", "category": "DRRM" }, "geometry": { "type": "Point", "coordinates": [ 122.563325, 10.694919 ] } },
{ "type": "Feature", "properties": { "name": "Brgy. San Jose City Proper Brgy. Hall", "type": "Government", "address": "Brgy. San Jose City Proper Brgy. Hall., Fuentes street Alley, 2 San Jose, Iloilo City Proper", "facebook": null, "url": null, "contact_mobile": null, "contact_landline": null, "email": null, "logo": null, "latitude": 10.696269, "longitude": 122.563434, "region": "Region VI (Western Visayas)", "province": "Iloilo", "municity": "Iloilo City", "district": "City Proper", "barangay": "Liberation", "category": "DRRM" }, "geometry": { "type": "Point", "coordinates": [ 122.563434, 10.696269 ] } },
{ "type": "Feature", "properties": { "name": "Fo Guang Shan Iloilo Buddhist Center", "type": "Faith-Based", "address": "13-A Fuentes Street, Iloilo City, Iloilo", "facebook": null, "url": "https://www.fgs.org.tw/", "contact_mobile": null, "contact_landline": "(033) 337 2002", "email": null, "logo": null, "latitude": 10.696302, "longitude": 122.563379, "region": "Region VI (Western Visayas)", "province": "Iloilo", "municity": "Iloilo City", "district": "City Proper", "barangay": "Liberation", "category": "DRRM" }, "geometry": { "type": "Point", "coordinates": [ 122.563379, 10.696302 ] } },
{ "type": "Feature", "properties": { "name": "Igang Plaza", "type": "Parks and Open Space", "address": "GG7F+F42, Guimaras Circumferential Rd, Nueva Valencia, Guimaras", "facebook": null, "url": null, "contact_mobile": null, "contact_landline": null, "email": null, "logo": null, "latitude": 10.513648, "longitude": 122.522761, "region": "Region VI (Western Visayas)", "province": "Guimaras", "municity": "Nueva Valencia", "district": null, "barangay": "Igang", "category": "DRRM" }, "geometry": { "type": "Point", "coordinates": [ 122.522761, 10.513648 ] } },
{ "type": "Feature", "properties": { "name": "Sto. Rosario Barangay Hall", "type": "Government", "address": "MJQ8+2PJ, Buenavista, Guimaras", "facebook": null, "url": null, "contact_mobile": null, "contact_landline": null, "email": null, "logo": null, "latitude": 10.687584, "longitude": 122.616765, "region": "Region VI (Western Visayas)", "province": "Guimaras", "municity": "Buenavista", "district": null, "barangay": "Santo Rosario", "category": "DRRM" }, "geometry": { "type": "Point", "coordinates": [ 122.616765, 10.687584 ] } },
{ "type": "Feature", "properties": { "name": "Salvacion Police Station", "type": "Emergency Response", "address": "CGVM+CQ2, Nueva Valencia, Guimaras", "facebook": null, "url": null, "contact_mobile": null, "contact_landline": null, "email": null, "logo": null, "latitude": 10.4435, "longitude": 122.534391, "region": "Region VI (Western Visayas)", "province": "Guimaras", "municity": "Nueva Valencia", "district": null, "barangay": "Salvacion", "category": "DRRM" }, "geometry": { "type": "Point", "coordinates": [ 122.534391, 10.4435 ] } },
{ "type": "Feature", "properties": { "name": "Professional Regulation Commission", "type": "Government", "address": "Unit #2ME25, Professional Regulation Commission, Quezon St, Iloilo City Proper, Iloilo City, Iloilo", "facebook": "https://www.facebook.com/prcro6/", "url": "https://www.prc.gov.ph/", "contact_mobile": null, "contact_landline": "(033) 329 2410", "email": "ro6@prc.gov.ph", "logo": "https://drive.google.com/file/d/17w3ki98AIJ9UTtiVXVdToXUKkAxyf11F/view?usp=sharing", "latitude": 10.695069, "longitude": 122.565396, "region": "Region VI (Western Visayas)", "province": "Iloilo", "municity": "Iloilo City", "district": "City Proper", "barangay": "Roxas Village", "category": "DRRM" }, "geometry": { "type": "Point", "coordinates": [ 122.565396, 10.695069 ] } },
{ "type": "Feature", "properties": { "name": "Department of Foreign Affairs - Iloilo", "type": "Government", "address": "Unit #03118, Quezon St, Iloilo City Proper, Iloilo City, Iloilo", "facebook": null, "url": "https://dfa.gov.ph/", "contact_mobile": null, "contact_landline": "(033) 336 1737", "email": null, "logo": "https://drive.google.com/file/d/1_3rD1vh3qk-GGzNuCcdTT8m9OTj7jZz2/view?usp=sharing", "latitude": 10.694643, "longitude": 122.565835, "region": "Region VI (Western Visayas)", "province": "Iloilo", "municity": "Iloilo City", "district": "City Proper", "barangay": "Roxas Village", "category": "DRRM" }, "geometry": { "type": "Point", "coordinates": [ 122.565835, 10.694643 ] } },
{ "type": "Feature", "properties": { "name": "Land Transportation Office", "type": "Government", "address": "MHV8+Q3V Land Transportation Office, Quezon St, Iloilo City Proper, Iloilo City, Iloilo", "facebook": "https://www.facebook.com/ltoroxasdistrictoffice", "url": "https://portal.lto.gov.ph/", "contact_mobile": null, "contact_landline": "(033) 503 4278", "email": "ltodmpao6.roxas@gmail.com", "logo": "https://drive.google.com/file/d/15IyEvn1fhm-LTAP5ImXO_tCA11IfV-03/view?usp=sharing", "latitude": 10.6945, "longitude": 122.565163, "region": "Region VI (Western Visayas)", "province": "Iloilo", "municity": "Iloilo City", "district": "City Proper", "barangay": "Roxas Village", "category": "DRRM" }, "geometry": { "type": "Point", "coordinates": [ 122.565163, 10.6945 ] } },
{ "type": "Feature", "properties": { "name": "POEA", "type": "Government", "address": "MHV8+P3F POEA, Ledesma St, Iloilo City Proper, Iloilo City, Iloilo", "facebook": null, "url": null, "contact_mobile": null, "contact_landline": "(033) 336 8611", "email": null, "logo": "https://drive.google.com/file/d/1OH82a5QAe610hOsPSbkmqwwkNkg8QfLy/view?usp=sharing", "latitude": 10.694306, "longitude": 122.565181, "region": "Region VI (Western Visayas)", "province": "Iloilo", "municity": "Iloilo City", "district": "City Proper", "barangay": "Roxas Village", "category": "DRRM" }, "geometry": { "type": "Point", "coordinates": [ 122.565181, 10.694306 ] } },
{ "type": "Feature", "properties": { "name": "PhilHealth", "type": "Government", "address": "PhilHealth, Level 2 Mabini Wing, Robinsons Place Iloilo, Quezon Street, Corner De Leon Street, Iloilo City, 5000 Iloilo", "facebook": null, "url": null, "contact_mobile": null, "contact_landline": "(033) 501 9160", "email": null, "logo": "https://drive.google.com/file/d/127YKugmAXg4w7XkiQIOw1bKKOSU5yvve/view?usp=sharing", "latitude": 10.69406, "longitude": 122.565133, "region": "Region VI (Western Visayas)", "province": "Iloilo", "municity": "Iloilo City", "district": "City Proper", "barangay": "Roxas Village", "category": "DRRM" }, "geometry": { "type": "Point", "coordinates": [ 122.565133, 10.69406 ] } },
{ "type": "Feature", "properties": { "name": "Salvacion Barangay Hall", "type": "Government", "address": "MJVQ+WJJ, Guimaras Circumferential Rd, Buenavista, Guimaras", "facebook": null, "url": null, "contact_mobile": null, "contact_landline": null, "email": null, "logo": null, "latitude": 10.694826, "longitude": 122.639008, "region": "Region VI (Western Visayas)", "province": "Guimaras", "municity": "Buenavista", "district": null, "barangay": "Salvacion", "category": "DRRM" }, "geometry": { "type": "Point", "coordinates": [ 122.639008, 10.694826 ] } },
{ "type": "Feature", "properties": { "name": "Good Shepherds Fold Academy", "type": "Education", "address": "MJRG+XCW Good Shepherds Fold Academy, Buenavista, Guimaras", "facebook": "https://www.facebook.com/p/Good-Shepherds-Fold-Inc-100057268068826/", "url": null, "contact_mobile": null, "contact_landline": "(033) 580 7981", "email": null, "logo": "https://drive.google.com/file/d/1AHSYbB4vjtJxjhoVUYQyAJ9oXfmgYoER/view?usp=sharing", "latitude": 10.692485, "longitude": 122.626066, "region": "Region VI (Western Visayas)", "province": "Guimaras", "municity": "Buenavista", "district": null, "barangay": "Salvacion", "category": "DRRM" }, "geometry": { "type": "Point", "coordinates": [ 122.626066, 10.692485 ] } },
{ "type": "Feature", "properties": { "name": "Philippine Independent Church- Cathedral of Salvation (IFI)", "type": "Faith-Based", "address": "MJWR+77X, Buenavista, Guimaras", "facebook": null, "url": null, "contact_mobile": null, "contact_landline": null, "email": null, "logo": null, "latitude": 10.695731, "longitude": 122.640745, "region": "Region VI (Western Visayas)", "province": "Guimaras", "municity": "Buenavista", "district": null, "barangay": "Salvacion", "category": "DRRM" }, "geometry": { "type": "Point", "coordinates": [ 122.640745, 10.695731 ] } },
{ "type": "Feature", "properties": { "name": "Masjid Al Ajar", "type": "Faith-Based", "address": "MJMM+92W, Buenavista Guimaras, Buenavista, Guimaras", "facebook": null, "url": null, "contact_mobile": null, "contact_landline": null, "email": null, "logo": null, "latitude": 10.6835, "longitude": 122.632568, "region": "Region VI (Western Visayas)", "province": "Guimaras", "municity": "Buenavista", "district": null, "barangay": "Salvacion", "category": "DRRM" }, "geometry": { "type": "Point", "coordinates": [ 122.632568, 10.6835 ] } },
{ "type": "Feature", "properties": { "name": "Multi Purpose Hall", "type": "Multipurpose Hall", "address": "MHR9+X55 Valeria Extension, Iloilo City Proper, Iloilo City, 5000 Iloilo", "facebook": null, "url": null, "contact_mobile": null, "contact_landline": null, "email": null, "logo": null, "latitude": 10.692394, "longitude": 122.567975, "region": "Region VI (Western Visayas)", "province": "Iloilo", "municity": "Iloilo City", "district": "City Proper", "barangay": "Nonoy", "category": "DRRM" }, "geometry": { "type": "Point", "coordinates": [ 122.567975, 10.692394 ] } },
{ "type": "Feature", "properties": { "name": "Tanod Outpost", "type": "Emergency Response", "address": "MHV9+259 Tanod Outpost, Valeria Extension, Iloilo City Proper, Iloilo City, 5000 Iloilo", "facebook": null, "url": null, "contact_mobile": null, "contact_landline": null, "email": null, "logo": null, "latitude": 10.692548, "longitude": 122.567979, "region": "Region VI (Western Visayas)", "province": "Iloilo", "municity": "Iloilo City", "district": "City Proper", "barangay": "Nonoy", "category": "DRRM" }, "geometry": { "type": "Point", "coordinates": [ 122.567979, 10.692548 ] } },
{ "type": "Feature", "properties": { "name": "Sta. Teresita del Niño Jesus Parish - Iloilo City", "type": "Faith-Based", "address": "17 J. De Leon Street, Iloilo City Proper, Iloilo City, 5000 Iloilo", "facebook": null, "url": null, "contact_mobile": null, "contact_landline": "(033) 335 0093", "email": null, "logo": null, "latitude": 10.693113, "longitude": 122.566642, "region": "Region VI (Western Visayas)", "province": "Iloilo", "municity": "Iloilo City", "district": "City Proper", "barangay": "Nonoy", "category": "DRRM" }, "geometry": { "type": "Point", "coordinates": [ 122.566642, 10.693113 ] } },
{ "type": "Feature", "properties": { "name": "Nueva Valencia Town Hall", "type": "Government", "address": "GGGQ+9W8, Guimaras Circumferential Rd, Nueva Valencia, Guimaras", "facebook": null, "url": null, "contact_mobile": null, "contact_landline": null, "email": null, "logo": null, "latitude": 10.525906, "longitude": 122.539829, "region": "Region VI (Western Visayas)", "province": "Guimaras", "municity": "Nueva Valencia", "district": null, "barangay": "Poblacion", "category": "DRRM" }, "geometry": { "type": "Point", "coordinates": [ 122.539829, 10.525906 ] } },
{ "type": "Feature", "properties": { "name": "Nueva Valencia Fire Station", "type": "Emergency Response", "address": "GGFQ+XR Nueva Valencia, Guimaras", "facebook": null, "url": null, "contact_mobile": null, "contact_landline": null, "email": null, "logo": null, "latitude": 10.524936, "longitude": 122.539539, "region": "Region VI (Western Visayas)", "province": "Guimaras", "municity": "Nueva Valencia", "district": null, "barangay": "Poblacion", "category": "DRRM" }, "geometry": { "type": "Point", "coordinates": [ 122.539539, 10.524936 ] } },
{ "type": "Feature", "properties": { "name": "Nueva Valencia National High School", "type": "Education", "address": "GGFH+FM9 Nueva Valencia National High School, Guimaras Circumferential Rd, Nueva Valencia, Guimaras", "facebook": "https://www.facebook.com/NVNHS64/", "url": null, "contact_mobile": null, "contact_landline": null, "email": null, "logo": "https://drive.google.com/file/d/1URn6wG3upSoPy0lmsEdw_H6L2v2DFgNl/view?usp=sharing", "latitude": 10.523657, "longitude": 122.529241, "region": "Region VI (Western Visayas)", "province": "Guimaras", "municity": "Nueva Valencia", "district": null, "barangay": "Poblacion", "category": "DRRM" }, "geometry": { "type": "Point", "coordinates": [ 122.529241, 10.523657 ] } },
{ "type": "Feature", "properties": { "name": "smart cell tower nueva valencia", "type": "Telecommunication", "address": "GGGP+QVF, Nueva Valencia, Guimaras", "facebook": null, "url": null, "contact_mobile": null, "contact_landline": null, "email": null, "logo": null, "latitude": 10.526927, "longitude": 122.53717, "region": "Region VI (Western Visayas)", "province": "Guimaras", "municity": "Nueva Valencia", "district": null, "barangay": "Poblacion", "category": "DRRM" }, "geometry": { "type": "Point", "coordinates": [ 122.53717, 10.526927 ] } },
{ "type": "Feature", "properties": { "name": "Globe cell tower nueva valencia", "type": "Telecommunication", "address": "GGGP+WV9, Nueva Valencia, Guimaras", "facebook": null, "url": null, "contact_mobile": null, "contact_landline": null, "email": null, "logo": null, "latitude": 10.527291, "longitude": 122.537245, "region": "Region VI (Western Visayas)", "province": "Guimaras", "municity": "Nueva Valencia", "district": null, "barangay": "Poblacion", "category": "DRRM" }, "geometry": { "type": "Point", "coordinates": [ 122.537245, 10.527291 ] } },
{ "type": "Feature", "properties": { "name": "St. Vincent Ferrer Parish", "type": "Faith-Based", "address": "GGGQ+7MP, Guimaras Circumferential Road, Poblacion, Nueva Valencia, 5046", "facebook": null, "url": null, "contact_mobile": null, "contact_landline": null, "email": null, "logo": null, "latitude": 10.525713, "longitude": 122.539192, "region": "Region VI (Western Visayas)", "province": "Guimaras", "municity": "Nueva Valencia", "district": null, "barangay": "Poblacion", "category": "DRRM" }, "geometry": { "type": "Point", "coordinates": [ 122.539192, 10.525713 ] } },
{ "type": "Feature", "properties": { "name": "Navalas Church", "type": "Faith-Based", "address": "PMMM+49X, 5 Navalas Rd, Buenavista, Guimaras", "facebook": null, "url": null, "contact_mobile": null, "contact_landline": null, "email": null, "logo": null, "latitude": 10.732745, "longitude": 122.683134, "region": "Region VI (Western Visayas)", "province": "Guimaras", "municity": "Buenavista", "district": null, "barangay": "Navalas", "category": "DRRM" }, "geometry": { "type": "Point", "coordinates": [ 122.683134, 10.732745 ] } },
{ "type": "Feature", "properties": { "name": "McLain Barangay Hall", "type": "Government", "address": "MMX2+4X8, Guimaras Circumferential Rd, Buenavista, Guimaras", "facebook": null, "url": null, "contact_mobile": null, "contact_landline": null, "email": null, "logo": null, "latitude": 10.697783, "longitude": 122.652445, "region": "Region VI (Western Visayas)", "province": "Guimaras", "municity": "Buenavista", "district": null, "barangay": "McLain", "category": "DRRM" }, "geometry": { "type": "Point", "coordinates": [ 122.652445, 10.697783 ] } },
{ "type": "Feature", "properties": { "name": "Guimaras State College-Main", "type": "Education", "address": "MMX2+GF7 Guimaras Circumferential Rd, Buenavista, Guimaras", "facebook": "https://www.facebook.com/GuimarasStateUniversity/", "url": "http://www.gsu.edu.ph/", "contact_mobile": null, "contact_landline": "(033) 580 8244", "email": "information.unit@gsu.edu.ph", "logo": "https://drive.google.com/file/d/18Bb-O9uvbm36BVuOTEa4re8qVwGQOGlb/view?usp=sharing", "latitude": 10.698781, "longitude": 122.651169, "region": "Region VI (Western Visayas)", "province": "Guimaras", "municity": "Buenavista", "district": null, "barangay": "McLain", "category": "DRRM" }, "geometry": { "type": "Point", "coordinates": [ 122.651169, 10.698781 ] } },
{ "type": "Feature", "properties": { "name": "Supang Central School", "type": "Education", "address": "PM2C+W9C Supang Central School, Buenavista, 5044 Guimaras", "facebook": null, "url": null, "contact_mobile": null, "contact_landline": null, "email": null, "logo": "https://drive.google.com/file/d/1BfvWF0en5pJUkUduV1c6pX6RVvQDiLKM/view?usp=sharing", "latitude": 10.702321, "longitude": 122.670877, "region": "Region VI (Western Visayas)", "province": "Guimaras", "municity": "Buenavista", "district": null, "barangay": "McLain", "category": "DRRM" }, "geometry": { "type": "Point", "coordinates": [ 122.670877, 10.702321 ] } },
{ "type": "Feature", "properties": { "name": "Sto. Niño Catholic Church", "type": "Faith-Based", "address": "MMX2+CQ5, Buenavista, Guimaras", "facebook": null, "url": null, "contact_mobile": null, "contact_landline": "5808847", "email": null, "logo": null, "latitude": 10.698501, "longitude": 122.651985, "region": "Region VI (Western Visayas)", "province": "Guimaras", "municity": "Buenavista", "district": null, "barangay": "McLain", "category": "DRRM" }, "geometry": { "type": "Point", "coordinates": [ 122.651985, 10.698501 ] } },
{ "type": "Feature", "properties": { "name": "Carigon Barangay Hall", "type": "Government", "address": "MJ5Q+5RJ, Guimaras Circumferential Rd, Buenavista, Guimaras", "facebook": null, "url": null, "contact_mobile": null, "contact_landline": null, "email": null, "logo": null, "latitude": 10.657969, "longitude": 122.639527, "region": "Region VI (Western Visayas)", "province": "Guimaras", "municity": "Buenavista", "district": null, "barangay": "Piña", "category": "DRRM" }, "geometry": { "type": "Point", "coordinates": [ 122.639527, 10.657969 ] } },
{ "type": "Feature", "properties": { "name": "Buenavista SWM Facility", "type": "Solid Waste", "address": "MM22+Q46, Buenavista, Guimaras", "facebook": null, "url": null, "contact_mobile": null, "contact_landline": null, "email": null, "logo": null, "latitude": 10.651912, "longitude": 122.65025, "region": "Region VI (Western Visayas)", "province": "Guimaras", "municity": "Buenavista", "district": null, "barangay": "Piña", "category": "DRRM" }, "geometry": { "type": "Point", "coordinates": [ 122.65025, 10.651912 ] } },
{ "type": "Feature", "properties": { "name": "Guimaras Garden Memorial Park", "type": "Parks and Open Space", "address": "HHGG+QF5, Sibunag, Guimaras", "facebook": null, "url": null, "contact_mobile": null, "contact_landline": null, "email": null, "logo": null, "latitude": 10.576893, "longitude": 122.57622, "region": "Region VI (Western Visayas)", "province": "Guimaras", "municity": "Sibunag", "district": null, "barangay": "Ravina", "category": "DRRM" }, "geometry": { "type": "Point", "coordinates": [ 122.57622, 10.576893 ] } },
{ "type": "Feature", "properties": { "name": "Aguilar Plaza", "type": "Parks and Open Space", "address": "JMG5+C2M, San Lorenzo, Guimaras", "facebook": null, "url": null, "contact_mobile": null, "contact_landline": null, "email": null, "logo": null, "latitude": 10.626091, "longitude": 122.65756, "region": "Region VI (Western Visayas)", "province": "Guimaras", "municity": "San Lorenzo", "district": null, "barangay": "Aguilar", "category": "DRRM" }, "geometry": { "type": "Point", "coordinates": [ 122.65756, 10.626091 ] } },
{ "type": "Feature", "properties": { "name": "Hamza Pioneer Masjed-Guimaras", "type": "Faith-Based", "address": "CJW9+2XF, Sibunag, Guimaras", "facebook": null, "url": null, "contact_mobile": null, "contact_landline": null, "email": null, "logo": null, "latitude": 10.445074, "longitude": 122.619915, "region": "Region VI (Western Visayas)", "province": "Guimaras", "municity": "Sibunag", "district": null, "barangay": "Alegria", "category": "DRRM" }, "geometry": { "type": "Point", "coordinates": [ 122.619915, 10.445074 ] } },
{ "type": "Feature", "properties": { "name": "Brgy. Nasitasan Barangay Hall", "type": "Government", "address": "PH47+25M Hechanova St, La Paz, Iloilo City, 5000 Iloilo", "facebook": null, "url": null, "contact_mobile": null, "contact_landline": null, "email": null, "logo": null, "latitude": 10.705081, "longitude": 122.562934, "region": "Region VI (Western Visayas)", "province": "Iloilo", "municity": "Iloilo City", "district": "La Paz", "barangay": "Nabitasan", "category": "DRRM" }, "geometry": { "type": "Point", "coordinates": [ 122.562934, 10.705081 ] } },
{ "type": "Feature", "properties": { "name": "Tanod Outpost", "type": "Emergency Response", "address": "PH47+25G Hechanova St, La Paz, Iloilo City, 5000 Iloilo", "facebook": null, "url": null, "contact_mobile": null, "contact_landline": null, "email": null, "logo": null, "latitude": 10.705069, "longitude": 122.562939, "region": "Region VI (Western Visayas)", "province": "Iloilo", "municity": "Iloilo City", "district": "La Paz", "barangay": "Nabitasan", "category": "DRRM" }, "geometry": { "type": "Point", "coordinates": [ 122.562939, 10.705069 ] } },
{ "type": "Feature", "properties": { "name": "Ombudsman Field Office No. VI", "type": "Government", "address": "2nd Floor, The Mangroves, Prime Estates Subd., Sen. E.P, Senator Efraim P. Treñas Boulevard, La Paz, Iloilo City", "facebook": null, "url": "https://www.ombudsman.gov.ph/", "contact_mobile": null, "contact_landline": "335095644", "email": null, "logo": "https://drive.google.com/file/d/19jLHMCtB48aHEvn7Qd_ja-z9ck5-gJEu/view?usp=sharing", "latitude": 10.702703, "longitude": 122.560171, "region": "Region VI (Western Visayas)", "province": "Iloilo", "municity": "Iloilo City", "district": "La Paz", "barangay": "Nabitasan", "category": "DRRM" }, "geometry": { "type": "Point", "coordinates": [ 122.560171, 10.702703 ] } },
{ "type": "Feature", "properties": { "name": "PAREF Ridgefield School Iloilo", "type": "Education", "address": "PAREF Ridgefield School Iloilo, #2 Muyco Compound, Magsaysay Rd, La Paz, Iloilo City, 5000 Iloilo", "facebook": "https://www.facebook.com/PAREFRidgefieldIloilo/", "url": "https://sites.google.com/paref.edu.ph/montrose/home", "contact_mobile": "0916 238 2696", "contact_landline": "(033) 326 1235", "email": "ridgefield@paref.edu.ph", "logo": "https://drive.google.com/file/d/1OLA1T1YvjN4il0teQkQbE13Vys0alke0/view?usp=sharing", "latitude": 10.707985, "longitude": 122.562598, "region": "Region VI (Western Visayas)", "province": "Iloilo", "municity": "Iloilo City", "district": "La Paz", "barangay": "Nabitasan", "category": "DRRM" }, "geometry": { "type": "Point", "coordinates": [ 122.562598, 10.707985 ] } },
{ "type": "Feature", "properties": { "name": "Iloilo City Garden of Love", "type": "Parks and Open Space", "address": "PH26+V3Q, La Paz, Iloilo City, Iloilo", "facebook": "https://www.facebook.com/profile.php?id=100095609880863", "url": null, "contact_mobile": null, "contact_landline": "(033) 333 1111", "email": "iloilocitybeautification@gmail.com", "logo": "https://drive.google.com/file/d/1YI-uQtwmdwTuZQuYGQmXg8XXfU6xn08h/view?usp=sharing", "latitude": 10.702216, "longitude": 122.560243, "region": "Region VI (Western Visayas)", "province": "Iloilo", "municity": "Iloilo City", "district": "La Paz", "barangay": "Nabitasan", "category": "DRRM" }, "geometry": { "type": "Point", "coordinates": [ 122.560243, 10.702216 ] } },
{ "type": "Feature", "properties": { "name": "Department of Human Settlements and Urban Development ", "type": "Government", "address": "PH53+WHG Region 6, Mandurriao, Iloilo City, Iloilo", "facebook": null, "url": null, "contact_mobile": null, "contact_landline": "(033) 321 6177", "email": null, "logo": null, "latitude": 10.709705, "longitude": 122.553843, "region": "Region VI (Western Visayas)", "province": "Iloilo", "municity": "Iloilo City", "district": "Mandurriao", "barangay": "San Rafael", "category": "DRRM" }, "geometry": { "type": "Point", "coordinates": [ 122.553843, 10.709705 ] } },
{ "type": "Feature", "properties": { "name": "PRC Regional Office 6 - Iloilo City", "type": "Government", "address": "2/F Gaisano Iloilo City Center Mall, Benigno Aquino Ave, Mandurriao, Iloilo City", "facebook": null, "url": null, "contact_mobile": null, "contact_landline": "(033) 329 2410", "email": null, "logo": null, "latitude": 10.709715, "longitude": 122.553569, "region": "Region VI (Western Visayas)", "province": "Iloilo", "municity": "Iloilo City", "district": "Mandurriao", "barangay": "San Rafael", "category": "DRRM" }, "geometry": { "type": "Point", "coordinates": [ 122.553569, 10.709715 ] } },
{ "type": "Feature", "properties": { "name": "San Rafael Barangay Hall", "type": "Government", "address": "PG5W+GG7 San Rafael Barangay Hall, Donato Pison Ave, Barangay, San Rafael, Mandurriao, Iloilo City, 5008 Iloilo", "facebook": null, "url": null, "contact_mobile": null, "contact_landline": null, "email": null, "logo": null, "latitude": 10.70879, "longitude": 122.54631, "region": "Region VI (Western Visayas)", "province": "Iloilo", "municity": "Iloilo City", "district": "Mandurriao", "barangay": "San Rafael", "category": "DRRM" }, "geometry": { "type": "Point", "coordinates": [ 122.54631, 10.70879 ] } },
{ "type": "Feature", "properties": { "name": "San Rafael Police Station", "type": "Emergency Response", "address": "PG5W+GG7 San Rafael Barangay Hall, Donato Pison Ave, Barangay, San Rafael, Mandurriao, Iloilo City, 5008 Iloilo", "facebook": null, "url": "https://www.bir.gov.ph/", "contact_mobile": null, "contact_landline": null, "email": null, "logo": null, "latitude": 10.70879, "longitude": 122.54631, "region": "Region VI (Western Visayas)", "province": "Iloilo", "municity": "Iloilo City", "district": "Mandurriao", "barangay": "San Rafael", "category": "DRRM" }, "geometry": { "type": "Point", "coordinates": [ 122.54631, 10.70879 ] } },
{ "type": "Feature", "properties": { "name": "Bureau of Internal Revenue Iloilo", "type": "Government", "address": "PH62+982 Plazuela Dos, Pison Ave, Mandurriao, Iloilo City, Iloilo", "facebook": null, "url": null, "contact_mobile": null, "contact_landline": "(033) 337 6060", "email": null, "logo": null, "latitude": 10.710888, "longitude": 122.550764, "region": "Region VI (Western Visayas)", "province": "Iloilo", "municity": "Iloilo City", "district": "Mandurriao", "barangay": "San Rafael", "category": "DRRM" }, "geometry": { "type": "Point", "coordinates": [ 122.550764, 10.710888 ] } },
{ "type": "Feature", "properties": { "name": "Ateneo de Iloilo - Santa Maria Catholic School ", "type": "Education", "address": "Atria Park District, Donato Pison Avenue, San Rafael, Mandurriao, Iloilo City, Philippines", "facebook": "https://www.facebook.com/AteneodeIloiloSMCS/", "url": "https://www.smcs.adi.edu.ph/", "contact_mobile": "0998 860 5312", "contact_landline": "(033) 337 5531", "email": "info@adi.edu.ph", "logo": "https://drive.google.com/file/d/17D66o242YOUDg4CKwTICR5CX9hBgUn-0/view?usp=sharing", "latitude": 10.705309, "longitude": 122.547646, "region": "Region VI (Western Visayas)", "province": "Iloilo", "municity": "Iloilo City", "district": "Mandurriao", "barangay": "San Rafael", "category": "DRRM" }, "geometry": { "type": "Point", "coordinates": [ 122.547646, 10.705309 ] } },
{ "type": "Feature", "properties": { "name": "Iloilo River Esplanade 1", "type": "Parks and Open Space", "address": "PH33+287, Iloilo Riverside Blvd, Mandurriao, Iloilo City, Iloilo", "facebook": null, "url": null, "contact_mobile": null, "contact_landline": null, "email": null, "logo": null, "latitude": 10.702544, "longitude": 122.553287, "region": "Region VI (Western Visayas)", "province": "Iloilo", "municity": "Iloilo City", "district": "Mandurriao", "barangay": "San Rafael", "category": "DRRM" }, "geometry": { "type": "Point", "coordinates": [ 122.553287, 10.702544 ] } },
{ "type": "Feature", "properties": { "name": "Bureau of Internal Revenue (BIR)", "type": "Government", "address": "BIR Bldg., M.H. del Pilar Molo, Iloilo City, 5000, Iloilo Province", "facebook": null, "url": "https://www.bir.gov.ph/", "contact_mobile": null, "contact_landline": "(033) 335-06-74", "email": "rr_11csu@bir.gov.ph", "logo": "https://drive.google.com/file/d/13ILk-5h1knUHXPIRCcVQr-gdXsQ8hjxG/view?usp=sharing", "latitude": 10.697756, "longitude": 122.547884, "region": "Region VI (Western Visayas)", "province": "Iloilo", "municity": "Iloilo City", "district": "Molo", "barangay": "Taal", "category": "DRRM" }, "geometry": { "type": "Point", "coordinates": [ 122.547884, 10.697756 ] } },
{ "type": "Feature", "properties": { "name": "Iloilo City Community College", "type": "Education", "address": "MGXX+HJW INJAP Bldg., Corner Tiolas St., M.H del Pilar St, Molo, Iloilo City, 5000 Iloilo", "facebook": "https://www.facebook.com/p/Iloilo-City-Community-College-100063679938243/", "url": "icccph.com", "contact_mobile": null, "contact_landline": "(033) 335 0798", "email": "iloilocitycollege@gmail.com", "logo": "https://drive.google.com/file/d/1jWBu4EOl2iuMv4U9gdj18G6ZagaF1PQ0/view?usp=sharing", "latitude": 10.698993, "longitude": 122.549068, "region": "Region VI (Western Visayas)", "province": "Iloilo", "municity": "Iloilo City", "district": "Molo", "barangay": "Taal", "category": "DRRM" }, "geometry": { "type": "Point", "coordinates": [ 122.549068, 10.698993 ] } },
{ "type": "Feature", "properties": { "name": "Interface Computer College-Iloilo", "type": "Education", "address": "Iloilo River Esplanade, Mandurriao, Iloilo City, Iloilo", "facebook": "https://www.facebook.com/icciloilo/", "url": "http://www.Interface.edu.ph", "contact_mobile": null, "contact_landline": "(033) 323 6339", "email": "information@interface.edu.ph", "logo": "https://drive.google.com/file/d/1zHXp6sJeJ8Z6m8a_F3rAaj7fPTwuqKRl/view?usp=sharing", "latitude": 10.700879, "longitude": 122.553671, "region": "Region VI (Western Visayas)", "province": "Iloilo", "municity": "Iloilo City", "district": "Molo", "barangay": "Taal", "category": "DRRM" }, "geometry": { "type": "Point", "coordinates": [ 122.553671, 10.700879 ] } },
{ "type": "Feature", "properties": { "name": "John B. Lacson Foundation Maritime University-Molo", "type": "Education", "address": "MHX2+MX5 MH del Pilar St, Molo, Iloilo City, 5000 Iloilo", "facebook": "https://www.facebook.com/jblfmumolofficial/", "url": "http://www.jblfmu.edu.ph/", "contact_mobile": null, "contact_landline": "(033) 336 5507", "email": "admin.molo@jblfmu.edu.ph", "logo": "https://drive.google.com/file/d/1RCDHlcAOGolwDa-GyMwfmoXHaU49Fs_Y/view?usp=sharing", "latitude": 10.69913, "longitude": 122.552498, "region": "Region VI (Western Visayas)", "province": "Iloilo", "municity": "Iloilo City", "district": "Molo", "barangay": "Taal", "category": "DRRM" }, "geometry": { "type": "Point", "coordinates": [ 122.552498, 10.69913 ] } },
{ "type": "Feature", "properties": { "name": "Iloilo City National High School", "type": "Education", "address": "MGXX+8JQ Iloilo City National High School, Molo, Iloilo City, Iloilo", "facebook": "https://www.facebook.com/icnhsofficial1/", "url": "https://r6icnhs.hubhuman.org/", "contact_mobile": "0946 906 5020", "contact_landline": null, "email": "302738icnhs@gmail.com", "logo": "https://drive.google.com/file/d/1uouasnq4wrB-Fq9IiYsJEu68HiIQjaMp/view?usp=sharing", "latitude": 10.698333, "longitude": 122.549117, "region": "Region VI (Western Visayas)", "province": "Iloilo", "municity": "Iloilo City", "district": "Molo", "barangay": "Taal", "category": "DRRM" }, "geometry": { "type": "Point", "coordinates": [ 122.549117, 10.698333 ] } },
{ "type": "Feature", "properties": { "name": "RRLS Academy", "type": "Education", "address": "RRLS Academy, JBLFMU Compound, M.H del Pilar St, Molo, Iloilo City, 5000 Iloilo", "facebook": "https://www.facebook.com/RRLSICTAcademyOfficial/", "url": null, "contact_mobile": null, "contact_landline": "(033) 337 5792", "email": null, "logo": "https://drive.google.com/file/d/1qiOmId8h51mXIqMjBb2INvAGAsu12jLf/view?usp=sharing", "latitude": 10.699293, "longitude": 122.552295, "region": "Region VI (Western Visayas)", "province": "Iloilo", "municity": "Iloilo City", "district": "Molo", "barangay": "Taal", "category": "DRRM" }, "geometry": { "type": "Point", "coordinates": [ 122.552295, 10.699293 ] } },
{ "type": "Feature", "properties": { "name": "Calumpang Barangay Hall", "type": "Government", "address": "MGJQ+J2Q Molo, Iloilo City, Iloilo", "facebook": null, "url": null, "contact_mobile": null, "contact_landline": null, "email": null, "logo": null, "latitude": 10.681579, "longitude": 122.537598, "region": "Region VI (Western Visayas)", "province": "Iloilo", "municity": "Iloilo City", "district": "Molo", "barangay": "Calumpang", "category": "DRRM" }, "geometry": { "type": "Point", "coordinates": [ 122.537598, 10.681579 ] } },
{ "type": "Feature", "properties": { "name": "Our Lady of the Miraculous Medal Parish", "type": "Faith-Based", "address": "MGMP+MVM, Molo, Iloilo City, 5000 Iloilo", "facebook": null, "url": null, "contact_mobile": null, "contact_landline": null, "email": null, "logo": null, "latitude": 10.684201, "longitude": 122.537163, "region": "Region VI (Western Visayas)", "province": "Iloilo", "municity": "Iloilo City", "district": "Molo", "barangay": "Calumpang", "category": "DRRM" }, "geometry": { "type": "Point", "coordinates": [ 122.537163, 10.684201 ] } },
{ "type": "Feature", "properties": { "name": "MH Del Pilar Barangay Hall", "type": "Government", "address": "PHG8+Q46 MH Del Pilar Barangay Hall, Jaro, Iloilo City, Iloilo", "facebook": null, "url": null, "contact_mobile": null, "contact_landline": null, "email": null, "logo": null, "latitude": 10.726905, "longitude": 122.565267, "region": "Region VI (Western Visayas)", "province": "Iloilo", "municity": "Iloilo City", "district": "Jaro", "barangay": "Marcelo H. del Pilar", "category": "DRRM" }, "geometry": { "type": "Point", "coordinates": [ 122.565267, 10.726905 ] } },
{ "type": "Feature", "properties": { "name": "Brgy. MH del Pilar Multi-purpose Building", "type": "Government", "address": "Brgy. MH del Pilar Multi-purpose Building, Brgy, Don Francisco Village, Dama de Noche Street, M.H. Del Pilar St, Jaro, Iloilo City", "facebook": null, "url": null, "contact_mobile": null, "contact_landline": null, "email": null, "logo": null, "latitude": 10.725699, "longitude": 122.564896, "region": "Region VI (Western Visayas)", "province": "Iloilo", "municity": "Iloilo City", "district": "Jaro", "barangay": "Marcelo H. del Pilar", "category": "DRRM" }, "geometry": { "type": "Point", "coordinates": [ 122.564896, 10.725699 ] } },
{ "type": "Feature", "properties": { "name": "Lov Children's Learning Center", "type": "Education", "address": "PHG8+73G Lov Children's Learning Center, Dama de Noche, Lapuz, Iloilo City, 5000 Iloilo", "facebook": "https://www.facebook.com/lovclci/", "url": null, "contact_mobile": "0961 082 2925", "contact_landline": null, "email": "lovclci2000@gmail.com", "logo": "https://drive.google.com/file/d/1uXa-SvRkaNYiau4GlLzGHsVo14UjT7B4/view?usp=sharing", "latitude": 10.725684, "longitude": 122.565218, "region": "Region VI (Western Visayas)", "province": "Iloilo", "municity": "Iloilo City", "district": "Jaro", "barangay": "Marcelo H. del Pilar", "category": "DRRM" }, "geometry": { "type": "Point", "coordinates": [ 122.565218, 10.725684 ] } },
{ "type": "Feature", "properties": { "name": "GABAN BARANGAY HALL", "type": "Government", "address": "JMGJ+J9Q, San Lorenzo, Guimaras", "facebook": null, "url": null, "contact_mobile": null, "contact_landline": null, "email": null, "logo": null, "latitude": 10.626598, "longitude": 122.680989, "region": "Region VI (Western Visayas)", "province": "Guimaras", "municity": "San Lorenzo", "district": null, "barangay": "Gaban", "category": "DRRM" }, "geometry": { "type": "Point", "coordinates": [ 122.680989, 10.626598 ] } },
{ "type": "Feature", "properties": { "name": "San Roque Day Care Center", "type": "Education", "address": "CGP7+GR4 San Roque Day Care Center, Nueva Valencia, Guimaras", "facebook": null, "url": null, "contact_mobile": null, "contact_landline": null, "email": null, "logo": null, "latitude": 10.436258, "longitude": 122.514568, "region": "Region VI (Western Visayas)", "province": "Guimaras", "municity": "Nueva Valencia", "district": null, "barangay": "San Roque", "category": "DRRM" }, "geometry": { "type": "Point", "coordinates": [ 122.514568, 10.436258 ] } },
{ "type": "Feature", "properties": { "name": "Ticud Barangay Hall", "type": "Government", "address": "PH8H+X9P Ticud St, La Paz, Iloilo City, Iloilo", "facebook": null, "url": null, "contact_mobile": null, "contact_landline": null, "email": null, "logo": null, "latitude": 10.717462, "longitude": 122.578449, "region": "Region VI (Western Visayas)", "province": "Iloilo", "municity": "Iloilo City", "district": "La Paz", "barangay": "Ticud (La Paz)", "category": "DRRM" }, "geometry": { "type": "Point", "coordinates": [ 122.578449, 10.717462 ] } },
{ "type": "Feature", "properties": { "name": "Ticud Tanod Outpost", "type": "Government", "address": "PH8H+X93 Coastal Road, La Paz, Iloilo City, Iloilo", "facebook": null, "url": null, "contact_mobile": null, "contact_landline": null, "email": null, "logo": null, "latitude": 10.717399, "longitude": 122.578433, "region": "Region VI (Western Visayas)", "province": "Iloilo", "municity": "Iloilo City", "district": "La Paz", "barangay": "Ticud (La Paz)", "category": "DRRM" }, "geometry": { "type": "Point", "coordinates": [ 122.578433, 10.717399 ] } },
{ "type": "Feature", "properties": { "name": "Tabuc Suba Uswag Gym (Multi-Purpose Hall)", "type": "Multipurpose Hall", "address": "PHJ4+WCJ Tabuc Suba Uswag Gym (Multi-Purpose Hall), Jaro, Iloilo City, 5000 Iloilo", "facebook": null, "url": null, "contact_mobile": null, "contact_landline": null, "email": null, "logo": null, "latitude": 10.732303, "longitude": 122.556055, "region": "Region VI (Western Visayas)", "province": "Iloilo", "municity": "Iloilo City", "district": "Jaro", "barangay": "Tabuc Suba (Jaro)", "category": "DRRM" }, "geometry": { "type": "Point", "coordinates": [ 122.556055, 10.732303 ] } },
{ "type": "Feature", "properties": { "name": "AMA Computer College-Iloilo", "type": "Education", "address": "PHJ5+RV Iloilo City, Iloilo", "facebook": "https://www.facebook.com/AMACCIloilo/", "url": "http://www.amaes.edu.ph", "contact_mobile": null, "contact_landline": "(033)5111946 / (033) 323 5910", "email": null, "logo": "https://drive.google.com/file/d/1arZ-xPBBidTKz3TwP7Jj9hQE9XosQLg5/view?usp=sharing", "latitude": 10.732103, "longitude": 122.559629, "region": "Region VI (Western Visayas)", "province": "Iloilo", "municity": "Iloilo City", "district": "Jaro", "barangay": "Tabuc Suba (Jaro)", "category": "DRRM" }, "geometry": { "type": "Point", "coordinates": [ 122.559629, 10.732103 ] } },
{ "type": "Feature", "properties": { "name": "Solomon Integrated School de Iloilo", "type": "Education", "address": "PHM5+PX4 Solomon Integrated School De Iloilo, Jaro, Iloilo City, Iloilo", "facebook": "https://www.facebook.com/solomonschooldeiloilo/", "url": "http://solomonintegratedschool.com/", "contact_mobile": null, "contact_landline": "(033) 329 0972", "email": "sisdeisolomon@gmail.com", "logo": "https://drive.google.com/file/d/1MpcOXbuCpWgpvkPwrEOJetV5rv3YrGID/view?usp=sharing", "latitude": 10.734267, "longitude": 122.559948, "region": "Region VI (Western Visayas)", "province": "Iloilo", "municity": "Iloilo City", "district": "Jaro", "barangay": "Tabuc Suba (Jaro)", "category": "DRRM" }, "geometry": { "type": "Point", "coordinates": [ 122.559948, 10.734267 ] } },
{ "type": "Feature", "properties": { "name": "Judith Lazarraga Tiongco Mem. School", "type": "Education", "address": "PHM3+8M6 JUDITH LAZARRAGA TIONGCO MEM. SCHOOL, Jaro, Iloilo City, Iloilo", "facebook": "https://www.facebook.com/jltms/", "url": null, "contact_mobile": null, "contact_landline": "(033) 320 6079", "email": "judithlazarragationgcoms@gmail.com", "logo": "https://drive.google.com/file/d/1m-85KU3Udc35AP9JS02x4BHt2Kfm8nNG/view?usp=sharing", "latitude": 10.733297, "longitude": 122.554154, "region": "Region VI (Western Visayas)", "province": "Iloilo", "municity": "Iloilo City", "district": "Jaro", "barangay": "Tabuc Suba (Jaro)", "category": "DRRM" }, "geometry": { "type": "Point", "coordinates": [ 122.554154, 10.733297 ] } },
{ "type": "Feature", "properties": { "name": "Angelicum School", "type": "Education", "address": "Angelicum School, Angelicum School R4, Jaro, Iloilo City, 5000 Iloilo", "facebook": "https://www.facebook.com/angelicumschooliloilocity/", "url": "https://www.angelicum.edu.ph/", "contact_mobile": "63 9618075984", "contact_landline": "(033) 329 0007", "email": "principal@angelicum.edu.ph", "logo": "https://drive.google.com/file/d/1NgJlEwsoifTOnGNaB4x7rRb1tfoAbMCE/view?usp=sharing", "latitude": 10.731996, "longitude": 122.559211, "region": "Region VI (Western Visayas)", "province": "Iloilo", "municity": "Iloilo City", "district": "Jaro", "barangay": "Tabuc Suba (Jaro)", "category": "DRRM" }, "geometry": { "type": "Point", "coordinates": [ 122.559211, 10.731996 ] } },
{ "type": "Feature", "properties": { "name": "Inner Genius Montessori School", "type": "Education", "address": "INNER GENIUS MONTESSORI SCHOOL, Villa Lizares, R4, Jaro, Iloilo City, 5000 Iloilo", "facebook": "https://www.facebook.com/innergeniusmontessori/", "url": "https://iloilogenius.weebly.com/", "contact_mobile": null, "contact_landline": "(033) 320 6870", "email": "igmsiloilo@gmail.com", "logo": "https://drive.google.com/file/d/1DpQ9UbSwG3htaMcDl9UJsoN1br2m5zZ-/view?usp=sharing", "latitude": 10.732191, "longitude": 122.55779, "region": "Region VI (Western Visayas)", "province": "Iloilo", "municity": "Iloilo City", "district": "Jaro", "barangay": "Tabuc Suba (Jaro)", "category": "DRRM" }, "geometry": { "type": "Point", "coordinates": [ 122.55779, 10.732191 ] } },
{ "type": "Feature", "properties": { "name": "Integrated Solid Waste Management Facility", "type": "Solid Waste", "address": "PHGP+PCG, Ingore, La Paz, Iloilo City, Iloilo", "facebook": null, "url": null, "contact_mobile": null, "contact_landline": null, "email": null, "logo": null, "latitude": 10.72682, "longitude": 122.586074, "region": "Region VI (Western Visayas)", "province": "Iloilo", "municity": "Iloilo City", "district": "La Paz", "barangay": "Banuyao", "category": "DRRM" }, "geometry": { "type": "Point", "coordinates": [ 122.586074, 10.72682 ] } },
{ "type": "Feature", "properties": { "name": "Old Poblacion Daycare Center", "type": "Education", "address": "MJMF+R77 Old Poblacion Daycare Center, Buenavista, Guimaras", "facebook": null, "url": null, "contact_mobile": null, "contact_landline": null, "email": null, "logo": null, "latitude": 10.684546, "longitude": 122.623175, "region": "Region VI (Western Visayas)", "province": "Guimaras", "municity": "Buenavista", "district": null, "barangay": "Old Poblacion", "category": "DRRM" }, "geometry": { "type": "Point", "coordinates": [ 122.623175, 10.684546 ] } },
{ "type": "Feature", "properties": { "name": "Philippine National Catholic Church", "type": "Faith-Based", "address": "MJMG+F26, Buenavista, Guimaras", "facebook": null, "url": null, "contact_mobile": null, "contact_landline": null, "email": null, "logo": null, "latitude": 10.683662, "longitude": 122.625008, "region": "Region VI (Western Visayas)", "province": "Guimaras", "municity": "Buenavista", "district": null, "barangay": "Old Poblacion", "category": "DRRM" }, "geometry": { "type": "Point", "coordinates": [ 122.625008, 10.683662 ] } },
{ "type": "Feature", "properties": { "name": "St patricks memorial park", "type": "Parks and Open Space", "address": "MJJH+JCM, Buenavista, Guimaras", "facebook": null, "url": null, "contact_mobile": null, "contact_landline": null, "email": null, "logo": null, "latitude": 10.681599, "longitude": 122.628554, "region": "Region VI (Western Visayas)", "province": "Guimaras", "municity": "Buenavista", "district": null, "barangay": "Old Poblacion", "category": "DRRM" }, "geometry": { "type": "Point", "coordinates": [ 122.628554, 10.681599 ] } },
{ "type": "Feature", "properties": { "name": "St. Paul Memorial Park", "type": "Parks and Open Space", "address": "MJJG+WWV, Guimaras Circumferential Rd, Buenavista, 5044 Guimaras", "facebook": null, "url": null, "contact_mobile": null, "contact_landline": null, "email": null, "logo": null, "latitude": 10.682356, "longitude": 122.627312, "region": "Region VI (Western Visayas)", "province": "Guimaras", "municity": "Buenavista", "district": null, "barangay": "Old Poblacion", "category": "DRRM" }, "geometry": { "type": "Point", "coordinates": [ 122.627312, 10.682356 ] } },
{ "type": "Feature", "properties": { "name": "Barangay Hall", "type": "Government", "address": "MGRG+7XV, Villa Arevalo District, Iloilo City, 5000 Iloilo", "facebook": null, "url": null, "contact_mobile": null, "contact_landline": null, "email": null, "logo": null, "latitude": 10.690726, "longitude": 122.527425, "region": "Region VI (Western Visayas)", "province": "Iloilo", "municity": "Iloilo City", "district": "Arevalo", "barangay": "Dulonan", "category": "DRRM" }, "geometry": { "type": "Point", "coordinates": [ 122.527425, 10.690726 ] } },
{ "type": "Feature", "properties": { "name": "Lopez Subdivision Day Care Center", "type": "Education", "address": "MGRG+8XC Lopez Subdivision Day Care Center, Villa Arevalo District, Iloilo City, 5000 Iloilo", "facebook": null, "url": null, "contact_mobile": null, "contact_landline": null, "email": null, "logo": null, "latitude": 10.690803, "longitude": 122.527382, "region": "Region VI (Western Visayas)", "province": "Iloilo", "municity": "Iloilo City", "district": "Arevalo", "barangay": "Dulonan", "category": "DRRM" }, "geometry": { "type": "Point", "coordinates": [ 122.527382, 10.690803 ] } },
{ "type": "Feature", "properties": { "name": "Barangay Flores Tanod Outpost", "type": "Emergency Response", "address": "MHV7+64J Barangay Flores Tanod Outpost, De Leon St., Corner Fuentes St., Flores, Iloilo City, 5000 Iloilo", "facebook": null, "url": null, "contact_mobile": null, "contact_landline": null, "email": null, "logo": null, "latitude": 10.693099, "longitude": 122.562766, "region": "Region VI (Western Visayas)", "province": "Iloilo", "municity": "Iloilo City", "district": "City Proper", "barangay": "Flores", "category": "DRRM" }, "geometry": { "type": "Point", "coordinates": [ 122.562766, 10.693099 ] } },
{ "type": "Feature", "properties": { "name": "Super/ Iloilo Terminal Market", "type": "Public Market", "address": "Iloilo City Proper, Iloilo City, Iloilo", "facebook": null, "url": null, "contact_mobile": null, "contact_landline": null, "email": null, "logo": null, "latitude": 10.692999, "longitude": 122.5645, "region": "Region VI (Western Visayas)", "province": "Iloilo", "municity": "Iloilo City", "district": "City Proper", "barangay": "Flores", "category": "DRRM" }, "geometry": { "type": "Point", "coordinates": [ 122.5645, 10.692999 ] } },
{ "type": "Feature", "properties": { "name": "ILOILO SACK CENTER", "type": "Public Market", "address": "50-1-8, 50-1-8 Fuentes St, Supermarket, Iloilo City, 5000 Iloilo", "facebook": null, "url": null, "contact_mobile": null, "contact_landline": null, "email": null, "logo": null, "latitude": 10.692655, "longitude": 122.563097, "region": "Region VI (Western Visayas)", "province": "Iloilo", "municity": "Iloilo City", "district": "City Proper", "barangay": "Flores", "category": "DRRM" }, "geometry": { "type": "Point", "coordinates": [ 122.563097, 10.692655 ] } },
{ "type": "Feature", "properties": { "name": "Sto. Niño Sur Baranggay Hall", "type": "Government", "address": "MGH3+XHF Sto. Niño Sur Baranggay Hall, Villa Arevalo District, Iloilo City, Iloilo", "facebook": "https://www.facebook.com/p/Barangay-Sto-Ni%C3%B1o-Sur-Arevalo-Iloilo-City-61553831649603/", "url": null, "contact_mobile": null, "contact_landline": null, "email": null, "logo": "https://drive.google.com/file/d/11qoeen1J82KJIk6AJ5AR6FWP1CW_1lcR/view?usp=sharing", "latitude": 10.679944, "longitude": 122.503924, "region": "Region VI (Western Visayas)", "province": "Iloilo", "municity": "Iloilo City", "district": "Arevalo", "barangay": "Santo Niño Sur", "category": "DRRM" }, "geometry": { "type": "Point", "coordinates": [ 122.503924, 10.679944 ] } },
{ "type": "Feature", "properties": { "name": "Sto. Niño Sur Fire Sub-Station", "type": "Emergency Response", "address": "MGH3+XJG Baluarte - Calumpang - Villa - Oton Blvd, Villa Arevalo District, Iloilo City, Iloilo", "facebook": "https://www.facebook.com/people/BFP-R6-Sto-Ni%C3%B1o-Sur-Substation/100089624141658/", "url": null, "contact_mobile": "0947 386 9950", "contact_landline": null, "email": "stoninosurfss@gmail.com", "logo": "https://drive.google.com/file/d/10AeGrnzXKNE322At8Pgh4oYUhGAWhlGA/view?usp=sharing", "latitude": 10.679935, "longitude": 122.504083, "region": "Region VI (Western Visayas)", "province": "Iloilo", "municity": "Iloilo City", "district": "Arevalo", "barangay": "Santo Niño Sur", "category": "DRRM" }, "geometry": { "type": "Point", "coordinates": [ 122.504083, 10.679935 ] } },
{ "type": "Feature", "properties": { "name": "John B. Lacson Foundation Maritime University-Arevalo", "type": "Education", "address": "MGH3+XXG Villa Arevalo District, Iloilo City, 5000 Iloilo", "facebook": "https://www.facebook.com/jblfmuarevaloofficial/", "url": "http://www.arevalo.jblfmu.edu.ph", "contact_mobile": null, "contact_landline": null, "email": "arevalo@jblfmu.edu.ph", "logo": "https://drive.google.com/file/d/1aeaT1nss3_g_-upNYE7LSDJMNppypsQg/view?usp=sharing", "latitude": 10.679927, "longitude": 122.504963, "region": "Region VI (Western Visayas)", "province": "Iloilo", "municity": "Iloilo City", "district": "Arevalo", "barangay": "Santo Niño Sur", "category": "DRRM" }, "geometry": { "type": "Point", "coordinates": [ 122.504963, 10.679927 ] } },
{ "type": "Feature", "properties": { "name": "Sto. Nino Sur Elementary School", "type": "Education", "address": "MGJ2+954 Baluarte - Calumpang - Villa - Oton Blvd, Villa Arevalo District, Iloilo City, Iloilo", "facebook": null, "url": null, "contact_mobile": "(033) 336 0530", "contact_landline": null, "email": null, "logo": null, "latitude": 10.680892, "longitude": 122.500462, "region": "Region VI (Western Visayas)", "province": "Iloilo", "municity": "Iloilo City", "district": "Arevalo", "barangay": "Santo Niño Sur", "category": "DRRM" }, "geometry": { "type": "Point", "coordinates": [ 122.500462, 10.680892 ] } },
{ "type": "Feature", "properties": { "name": "Temple Baptist Church", "type": "Faith-Based", "address": "MFJX+8W8, Valuarte-Calumpang-Villa-Oton Road, Sto. Niño Sur, Arevalo, Iloilo City, 5000 Iloilo", "facebook": null, "url": null, "contact_mobile": null, "contact_landline": null, "email": null, "logo": null, "latitude": 10.680798, "longitude": 122.499817, "region": "Region VI (Western Visayas)", "province": "Iloilo", "municity": "Iloilo City", "district": "Arevalo", "barangay": "Santo Niño Sur", "category": "DRRM" }, "geometry": { "type": "Point", "coordinates": [ 122.499817, 10.680798 ] } },
{ "type": "Feature", "properties": { "name": "Mohon Barangay Hall", "type": "Government", "address": "MGR2+8PX Mohon Barangay Hall, Villa Arevalo District, Iloilo City, 5000 Iloilo", "facebook": "https://www.facebook.com/barangay.mohon.10/photos", "url": null, "contact_mobile": null, "contact_landline": "(033) 336 1361", "email": null, "logo": "https://drive.google.com/file/d/1srNItQzzvThQ49uqmV6-NiQ5bnFIsRpE/view?usp=sharing", "latitude": 10.690862, "longitude": 122.501844, "region": "Region VI (Western Visayas)", "province": "Iloilo", "municity": "Iloilo City", "district": "Arevalo", "barangay": "Santa Cruz", "category": "DRRM" }, "geometry": { "type": "Point", "coordinates": [ 122.501844, 10.690862 ] } },
{ "type": "Feature", "properties": { "name": "BARANGAY STA. CRUZ MULTI-PURPOSE HALL", "type": "Government", "address": "Santa Cruz Barangay Hall, 106 Bonifacio St, Villa Arevalo District, Iloilo City, 5000 Iloilo", "facebook": null, "url": null, "contact_mobile": null, "contact_landline": "(033) 336 7669", "email": null, "logo": null, "latitude": 10.686258, "longitude": 122.50069, "region": "Region VI (Western Visayas)", "province": "Iloilo", "municity": "Iloilo City", "district": "Arevalo", "barangay": "Santa Cruz", "category": "DRRM" }, "geometry": { "type": "Point", "coordinates": [ 122.50069, 10.686258 ] } },
{ "type": "Feature", "properties": { "name": "IGLESIA NI CRISTO - Lokal ng Iloilo City [ILOILO SOUTH District Office]", "type": "Faith-Based", "address": "MHR8+V39, Iloilo City Proper, Iloilo City, Iloilo", "facebook": null, "url": "https://iglesianicristo.net/", "contact_mobile": null, "contact_landline": null, "email": null, "logo": null, "latitude": 10.692166, "longitude": 122.56524, "region": "Region VI (Western Visayas)", "province": "Iloilo", "municity": "Iloilo City", "district": "City Proper", "barangay": "Osmeña", "category": "DRRM" }, "geometry": { "type": "Point", "coordinates": [ 122.56524, 10.692166 ] } },
{ "type": "Feature", "properties": { "name": "So-Oc Barangay Hall", "type": "Government", "address": "MGXF+P6M So-Oc Barangay Hall, Mandurriao, Iloilo City, 5000 Iloilo", "facebook": "https://www.facebook.com/p/Brgy-Sooc-Arevalo-61554609025591/", "url": null, "contact_mobile": "0995 963 0538", "contact_landline": "(033) 300 3536", "email": "soocarevalo253@gmail.com", "logo": "https://drive.google.com/file/d/1GJ0BQO_5KQhlXB4qkW2EKqtA7uI4bxe3/view?usp=sharing", "latitude": 10.699331, "longitude": 122.523039, "region": "Region VI (Western Visayas)", "province": "Iloilo", "municity": "Iloilo City", "district": "Arevalo", "barangay": "So-oc", "category": "DRRM" }, "geometry": { "type": "Point", "coordinates": [ 122.523039, 10.699331 ] } },
{ "type": "Feature", "properties": { "name": "East Valencia National High School", "type": "Education", "address": "MP88+QQ6 East Valencia National High School, Guimaras Circumferential Rd, Buenavista, Guimaras", "facebook": "https://www.facebook.com/eastvalenciaNHS2020/", "url": null, "contact_mobile": null, "contact_landline": null, "email": null, "logo": "https://drive.google.com/file/d/1nJwnv1FvPlh4-jm2e1JBOpvdc3zZipZx/view?usp=sharing", "latitude": 10.666925, "longitude": 122.716895, "region": "Region VI (Western Visayas)", "province": "Guimaras", "municity": "Buenavista", "district": null, "barangay": "East Valencia", "category": "DRRM" }, "geometry": { "type": "Point", "coordinates": [ 122.716895, 10.666925 ] } },
{ "type": "Feature", "properties": { "name": "Iloilo City Landfill", "type": "Solid Waste", "address": "PG5F+VG4, Pakiad Rd, Mandurriao, Iloilo City, 5000 Iloilo", "facebook": null, "url": null, "contact_mobile": null, "contact_landline": null, "email": null, "logo": null, "latitude": 10.709634, "longitude": 122.523838, "region": "Region VI (Western Visayas)", "province": "Iloilo", "municity": "Iloilo City", "district": "Mandurriao", "barangay": "Calahunan", "category": "DRRM" }, "geometry": { "type": "Point", "coordinates": [ 122.523838, 10.709634 ] } },
{ "type": "Feature", "properties": { "name": "Balabago Barangay Hall", "type": "Government", "address": "PHQG+7R9 Barangay Hall, Balabago Road, Brgy Balabago, Jaro, Iloilo City, 5000 Iloilo", "facebook": null, "url": null, "contact_mobile": null, "contact_landline": "(033) 301 4470", "email": null, "logo": null, "latitude": 10.738159, "longitude": 122.577094, "region": "Region VI (Western Visayas)", "province": "Iloilo", "municity": "Iloilo City", "district": "Jaro", "barangay": "Balabago", "category": "DRRM" }, "geometry": { "type": "Point", "coordinates": [ 122.577094, 10.738159 ] } },
{ "type": "Feature", "properties": { "name": "Alta Tierra Covered Multi-Purpose Gymnasium", "type": "Multipurpose Hall", "address": "PHRF+783 Alta Tierra Covered Multi-Purpose Gymnasium, 2nd Main Ave, Jaro, Iloilo City, Iloilo", "facebook": null, "url": null, "contact_mobile": null, "contact_landline": null, "email": null, "logo": null, "latitude": 10.740644, "longitude": 122.573287, "region": "Region VI (Western Visayas)", "province": "Iloilo", "municity": "Iloilo City", "district": "Jaro", "barangay": "Balabago", "category": "DRRM" }, "geometry": { "type": "Point", "coordinates": [ 122.573287, 10.740644 ] } },
{ "type": "Feature", "properties": { "name": "Balabago Day Care Center", "type": "Education", "address": "PHQG+7R8 Balabago Day Care Center, Balabago Road, Brgy Balabago Jaro, Iloilo City, 5000 Iloilo", "facebook": null, "url": null, "contact_mobile": null, "contact_landline": null, "email": null, "logo": null, "latitude": 10.738171, "longitude": 122.577076, "region": "Region VI (Western Visayas)", "province": "Iloilo", "municity": "Iloilo City", "district": "Jaro", "barangay": "Balabago", "category": "DRRM" }, "geometry": { "type": "Point", "coordinates": [ 122.577076, 10.738171 ] } },
{ "type": "Feature", "properties": { "name": "Dagsa-an Barangay Hall", "type": "Government", "address": "PJ8F+CP7, Buenavista, Guimaras", "facebook": null, "url": null, "contact_mobile": null, "contact_landline": null, "email": null, "logo": null, "latitude": 10.716047, "longitude": 122.624305, "region": "Region VI (Western Visayas)", "province": "Guimaras", "municity": "Buenavista", "district": null, "barangay": "Dagsa-an", "category": "DRRM" }, "geometry": { "type": "Point", "coordinates": [ 122.624305, 10.716047 ] } },
{ "type": "Feature", "properties": { "name": "Jordan Fire Station", "type": "Emergency Response", "address": "JH4Q+W34, Piña - Tamborong-Alaguisoc Road., Jordan, Guimaras", "facebook": null, "url": null, "contact_mobile": null, "contact_landline": null, "email": null, "logo": null, "latitude": 10.60727, "longitude": 122.587712, "region": "Region VI (Western Visayas)", "province": "Guimaras", "municity": "Jordan", "district": null, "barangay": "Alaguisoc", "category": "DRRM" }, "geometry": { "type": "Point", "coordinates": [ 122.587712, 10.60727 ] } },
{ "type": "Feature", "properties": { "name": "Guimaras Police Provincial Office", "type": "Emergency Response", "address": "JH6V+54W, Jordan, Guimaras", "facebook": null, "url": null, "contact_mobile": null, "contact_landline": null, "email": null, "logo": null, "latitude": 10.610482, "longitude": 122.592822, "region": "Region VI (Western Visayas)", "province": "Guimaras", "municity": "Jordan", "district": null, "barangay": "Alaguisoc", "category": "DRRM" }, "geometry": { "type": "Point", "coordinates": [ 122.592822, 10.610482 ] } },
{ "type": "Feature", "properties": { "name": "Guimaras Provincial Public Safety Platoon", "type": "Emergency Response", "address": "JH6R+5MQ, Guimaras Circumferential Rd, Jordan, Guimaras", "facebook": null, "url": null, "contact_mobile": null, "contact_landline": null, "email": null, "logo": null, "latitude": 10.610475, "longitude": 122.591728, "region": "Region VI (Western Visayas)", "province": "Guimaras", "municity": "Jordan", "district": null, "barangay": "Alaguisoc", "category": "DRRM" }, "geometry": { "type": "Point", "coordinates": [ 122.591728, 10.610475 ] } },
{ "type": "Feature", "properties": { "name": "Guimaras State College-Mosqueda", "type": "Education", "address": "JH9V+GJ8 Guimaras Circumferential Rd, Jordan, Guimaras", "facebook": "https://www.facebook.com/GuimarasStateUniversityMosquedaCampus", "url": "http://www.gsu.edu.ph/", "contact_mobile": null, "contact_landline": "(033) 580 8244", "email": "mosqueda@gsu.edu.ph", "logo": "https://drive.google.com/file/d/18Bb-O9uvbm36BVuOTEa4re8qVwGQOGlb/view?usp=sharing", "latitude": 10.618782, "longitude": 122.594093, "region": "Region VI (Western Visayas)", "province": "Guimaras", "municity": "Jordan", "district": null, "barangay": "Alaguisoc", "category": "DRRM" }, "geometry": { "type": "Point", "coordinates": [ 122.594093, 10.618782 ] } },
{ "type": "Feature", "properties": { "name": "Alaguisoc Day Care Center", "type": "Education", "address": "JH9X+R4Q Alaguisoc Day Care Center, Jordan, Guimaras", "facebook": null, "url": null, "contact_mobile": null, "contact_landline": null, "email": null, "logo": null, "latitude": 10.619588, "longitude": 122.59786, "region": "Region VI (Western Visayas)", "province": "Guimaras", "municity": "Jordan", "district": null, "barangay": "Alaguisoc", "category": "DRRM" }, "geometry": { "type": "Point", "coordinates": [ 122.59786, 10.619588 ] } },
{ "type": "Feature", "properties": { "name": "Streamtech Guimaras | Fiber internet in Guimaras", "type": "Telecommunication", "address": "Jordan, 5045 Guimaras", "facebook": null, "url": "https://www.streamtech.com.ph/", "contact_mobile": "0948 346 1001", "contact_landline": null, "email": null, "logo": null, "latitude": 10.606528, "longitude": 122.587838, "region": "Region VI (Western Visayas)", "province": "Guimaras", "municity": "Jordan", "district": null, "barangay": "Alaguisoc", "category": "DRRM" }, "geometry": { "type": "Point", "coordinates": [ 122.587838, 10.606528 ] } },
{ "type": "Feature", "properties": { "name": "Globe Tower", "type": "Telecommunication", "address": "JHCV+8P6, Guimaras Circumferential Rd, Jordan, Guimaras", "facebook": null, "url": null, "contact_mobile": null, "contact_landline": null, "email": null, "logo": null, "latitude": 10.620355, "longitude": 122.594306, "region": "Region VI (Western Visayas)", "province": "Guimaras", "municity": "Jordan", "district": null, "barangay": "Alaguisoc", "category": "DRRM" }, "geometry": { "type": "Point", "coordinates": [ 122.594306, 10.620355 ] } },
{ "type": "Feature", "properties": { "name": "Purok 2 Alaguisoc", "type": "Parks and Open Space", "address": "JJ93+4H, Jordan, Guimaras, Jordan, Guimaras", "facebook": null, "url": null, "contact_mobile": null, "contact_landline": null, "email": null, "logo": null, "latitude": 10.617772, "longitude": 122.603894, "region": "Region VI (Western Visayas)", "province": "Guimaras", "municity": "Jordan", "district": null, "barangay": "Alaguisoc", "category": "DRRM" }, "geometry": { "type": "Point", "coordinates": [ 122.603894, 10.617772 ] } },
{ "type": "Feature", "properties": { "name": "Santa Isabel College of Iloilo City", "type": "Education", "address": "Thaddeus Subdivision, Mandurriao, Iloilo City, Iloilo", "facebook": "https://www.facebook.com/SantaIsabelcollegeofiloilocity/", "url": "http://www.santaisabelcollegeofiloilocity.com", "contact_mobile": null, "contact_landline": "(033) 327 4769", "email": "siis_iloilo@yahoo.com", "logo": "https://drive.google.com/file/d/1fpUnsdXdE3OptwJ29iQmXjYM_g0tBbhK/view?usp=sharing", "latitude": 10.727567, "longitude": 122.526468, "region": "Region VI (Western Visayas)", "province": "Iloilo", "municity": "Iloilo City", "district": "Mandurriao", "barangay": "Hibao-an Sur", "category": "DRRM" }, "geometry": { "type": "Point", "coordinates": [ 122.526468, 10.727567 ] } },
{ "type": "Feature", "properties": { "name": "Ingore Barangay Hall", "type": "Government", "address": "PH9R+QMG Ingore Barangay Hall, Ingore, Iloilo City, 5000 Iloilo", "facebook": null, "url": null, "contact_mobile": null, "contact_landline": "(033) 501 1137", "email": null, "logo": null, "latitude": 10.719439, "longitude": 122.591693, "region": "Region VI (Western Visayas)", "province": "Iloilo", "municity": "Iloilo City", "district": "La Paz", "barangay": "Ingore", "category": "DRRM" }, "geometry": { "type": "Point", "coordinates": [ 122.591693, 10.719439 ] } },
{ "type": "Feature", "properties": { "name": "Ingore Covered Gym", "type": "Multipurpose Hall", "address": "PH9R+VP6 Ingore Covered Gym, La Paz, Iloilo City, Iloilo", "facebook": null, "url": null, "contact_mobile": null, "contact_landline": null, "email": null, "logo": null, "latitude": 10.71967, "longitude": 122.591774, "region": "Region VI (Western Visayas)", "province": "Iloilo", "municity": "Iloilo City", "district": "La Paz", "barangay": "Ingore", "category": "DRRM" }, "geometry": { "type": "Point", "coordinates": [ 122.591774, 10.71967 ] } },
{ "type": "Feature", "properties": { "name": "Sangguniang Kabataan Hall - Brgy. Ingore", "type": "Government", "address": "Zone 1, Sangguniang Kabataan Hall - Brgy. Ingore, La Paz, Iloilo City, Iloilo", "facebook": null, "url": null, "contact_mobile": null, "contact_landline": null, "email": null, "logo": null, "latitude": 10.714046, "longitude": 122.584924, "region": "Region VI (Western Visayas)", "province": "Iloilo", "municity": "Iloilo City", "district": "La Paz", "barangay": "Ingore", "category": "DRRM" }, "geometry": { "type": "Point", "coordinates": [ 122.584924, 10.714046 ] } },
{ "type": "Feature", "properties": { "name": "Bito-on Barangay Hall", "type": "Government", "address": "QH2Q+4RG Bito-on Barangay Hall, brgy, Jaro, Iloilo City, 5000 Iloilo", "facebook": null, "url": null, "contact_mobile": null, "contact_landline": null, "email": null, "logo": null, "latitude": 10.750306, "longitude": 122.589573, "region": "Region VI (Western Visayas)", "province": "Iloilo", "municity": "Iloilo City", "district": "Jaro", "barangay": "Bito-on", "category": "DRRM" }, "geometry": { "type": "Point", "coordinates": [ 122.589573, 10.750306 ] } },
{ "type": "Feature", "properties": { "name": "Lucmayan Barangay Hall", "type": "Government", "address": "FGF9+6GC, Nueva Valencia, Guimaras", "facebook": null, "url": null, "contact_mobile": null, "contact_landline": null, "email": null, "logo": null, "latitude": 10.473062, "longitude": 122.518757, "region": "Region VI (Western Visayas)", "province": "Guimaras", "municity": "Nueva Valencia", "district": null, "barangay": "Lucmayan", "category": "DRRM" }, "geometry": { "type": "Point", "coordinates": [ 122.518757, 10.473062 ] } },
{ "type": "Feature", "properties": { "name": "Creative Community Foundation", "type": "Parks and Open Space", "address": "FJCJ+9C, Sibunag, Guimaras", "facebook": null, "url": null, "contact_mobile": null, "contact_landline": null, "email": null, "logo": null, "latitude": 10.470984, "longitude": 122.631006, "region": "Region VI (Western Visayas)", "province": "Guimaras", "municity": "Sibunag", "district": null, "barangay": "San Isidro", "category": "DRRM" }, "geometry": { "type": "Point", "coordinates": [ 122.631006, 10.470984 ] } },
{ "type": "Feature", "properties": { "name": "NBI WEVRO", "type": "Government", "address": "MHX5+V6X NBI WEVRO, San Felix, Iloilo City Proper, Iloilo City, Iloilo", "facebook": "https://www.facebook.com/nbi.wevrovi/", "url": null, "contact_mobile": null, "contact_landline": null, "email": "wevronbi@gmail.com", "logo": "https://drive.google.com/file/d/1WiT6hLNpn7ELpAQEq9ukwXUUlp8cUhsQ/view?usp=sharing", "latitude": 10.699572, "longitude": 122.558044, "region": "Region VI (Western Visayas)", "province": "Iloilo", "municity": "Iloilo City", "district": "City Proper", "barangay": "San Felix", "category": "DRRM" }, "geometry": { "type": "Point", "coordinates": [ 122.558044, 10.699572 ] } },
{ "type": "Feature", "properties": { "name": "Jordan Municipal Hall", "type": "Government", "address": "MH6R+GF9, Jordan-Hoskyn Rd, Poblacion, Jordan, 5045 Guimaras", "facebook": null, "url": null, "contact_mobile": null, "contact_landline": null, "email": null, "logo": null, "latitude": 10.661285, "longitude": 122.591222, "region": "Region VI (Western Visayas)", "province": "Guimaras", "municity": "Jordan", "district": null, "barangay": "Poblacion", "category": "DRRM" }, "geometry": { "type": "Point", "coordinates": [ 122.591222, 10.661285 ] } },
{ "type": "Feature", "properties": { "name": "Jordan Municipal Police Station", "type": "Emergency Response", "address": "Jordan Town Hall, Jordan, Guimaras", "facebook": null, "url": null, "contact_mobile": "0946 985 1371", "contact_landline": null, "email": null, "logo": null, "latitude": 10.660912, "longitude": 122.591075, "region": "Region VI (Western Visayas)", "province": "Guimaras", "municity": "Jordan", "district": null, "barangay": "Poblacion", "category": "DRRM" }, "geometry": { "type": "Point", "coordinates": [ 122.591075, 10.660912 ] } },
{ "type": "Feature", "properties": { "name": "Jordan Central School", "type": "Education", "address": "MH4R+8RP Jordan Central School, Jordan, Guimaras", "facebook": null, "url": null, "contact_mobile": null, "contact_landline": null, "email": "115864.guimaras@deped.gov.ph", "logo": "https://drive.google.com/file/d/1pq54ofrqgEDV25ObS_G9SNPngm06kcRZ/view?usp=sharing", "latitude": 10.655827, "longitude": 122.592072, "region": "Region VI (Western Visayas)", "province": "Guimaras", "municity": "Jordan", "district": null, "barangay": "Poblacion", "category": "DRRM" }, "geometry": { "type": "Point", "coordinates": [ 122.592072, 10.655827 ] } },
{ "type": "Feature", "properties": { "name": "Smallest Plaza", "type": "Parks and Open Space", "address": "MH5R+3PR, Jordan-Hoskyn Rd, Poblacion, Jordan, 5045 Guimaras", "facebook": null, "url": null, "contact_mobile": null, "contact_landline": null, "email": null, "logo": null, "latitude": 10.657732, "longitude": 122.591759, "region": "Region VI (Western Visayas)", "province": "Guimaras", "municity": "Jordan", "district": null, "barangay": "Poblacion", "category": "DRRM" }, "geometry": { "type": "Point", "coordinates": [ 122.591759, 10.657732 ] } },
{ "type": "Feature", "properties": { "name": "Jordan Municipal Plaza", "type": "Parks and Open Space", "address": "MH6R+F9H, Jordan-Hoskyn Rd, Poblacion, Jordan, 5045 Guimaras", "facebook": null, "url": null, "contact_mobile": null, "contact_landline": null, "email": null, "logo": null, "latitude": 10.66119, "longitude": 122.591, "region": "Region VI (Western Visayas)", "province": "Guimaras", "municity": "Jordan", "district": null, "barangay": "Poblacion", "category": "DRRM" }, "geometry": { "type": "Point", "coordinates": [ 122.591, 10.66119 ] } },
{ "type": "Feature", "properties": { "name": "Jordan Disposal Facility", "type": "Solid Waste", "address": "JJ5J+933, Jordan, Guimaras", "facebook": null, "url": null, "contact_mobile": null, "contact_landline": null, "email": null, "logo": null, "latitude": 10.608377, "longitude": 122.630164, "region": "Region VI (Western Visayas)", "province": "Guimaras", "municity": "Jordan", "district": null, "barangay": "Bugnay", "category": "DRRM" }, "geometry": { "type": "Point", "coordinates": [ 122.630164, 10.608377 ] } },
{ "type": "Feature", "properties": { "name": "Saint Paul's Theological Seminary", "type": "Faith-Based", "address": "HJV3+2V2, Jordan, Guimaras", "facebook": null, "url": null, "contact_mobile": null, "contact_landline": null, "email": null, "logo": null, "latitude": 10.592503, "longitude": 122.604639, "region": "Region VI (Western Visayas)", "province": "Guimaras", "municity": "Jordan", "district": null, "barangay": "Bugnay", "category": "DRRM" }, "geometry": { "type": "Point", "coordinates": [ 122.604639, 10.592503 ] } },
{ "type": "Feature", "properties": { "name": "Holy Family Hills", "type": "Faith-Based", "address": "JJGH+HWC, San Lorenzo, Guimaras", "facebook": null, "url": null, "contact_mobile": null, "contact_landline": null, "email": null, "logo": null, "latitude": 10.626429, "longitude": 122.629775, "region": "Region VI (Western Visayas)", "province": "Guimaras", "municity": "San Lorenzo", "district": null, "barangay": "Tamborong", "category": "DRRM" }, "geometry": { "type": "Point", "coordinates": [ 122.629775, 10.626429 ] } },
{ "type": "Feature", "properties": { "name": "DIAMOND JUBILEE HALL", "type": "Multipurpose Hall", "address": "Mabini St, Iloilo City Proper, Iloilo City, Iloilo", "facebook": null, "url": null, "contact_mobile": "0981 425 7618", "contact_landline": null, "email": null, "logo": null, "latitude": 10.700583, "longitude": 122.564188, "region": "Region VI (Western Visayas)", "province": "Iloilo", "municity": "Iloilo City", "district": "City Proper", "barangay": "San Agustin", "category": "DRRM" }, "geometry": { "type": "Point", "coordinates": [ 122.564188, 10.700583 ] } },
{ "type": "Feature", "properties": { "name": "University of San Agustin", "type": "Education", "address": "General Luna St, Iloilo City Proper, Iloilo City, 5000 Iloilo", "facebook": "https://www.facebook.com/sanagustiniloilo/", "url": "http://www.usa.edu.ph", "contact_mobile": "0999 997 1485", "contact_landline": null, "email": "info@usa.edu.ph", "logo": "https://drive.google.com/file/d/1yL8Qi64CUmTRRThUp8V9kOmgPzk4HMhp/view?usp=sharing", "latitude": 10.699503, "longitude": 122.562916, "region": "Region VI (Western Visayas)", "province": "Iloilo", "municity": "Iloilo City", "district": "City Proper", "barangay": "San Agustin", "category": "DRRM" }, "geometry": { "type": "Point", "coordinates": [ 122.562916, 10.699503 ] } },
{ "type": "Feature", "properties": { "name": "DepED SDO Iloilo City", "type": "Government", "address": "PH27+8PH DepEd SDO Iloilo City, Iloilo City Proper, Iloilo City, 5000 Iloilo", "facebook": "https://www.facebook.com/p/DepEd-Division-of-Iloilo-City-100069007666329/", "url": "http://pub.depediloilocity.net/", "contact_mobile": null, "contact_landline": "(033) 336 9273", "email": "iloilocity@deped.gov.ph", "logo": "https://drive.google.com/file/d/1F4ghs0Jvxj0sZnDGKt9FZlgBc_HHLKTK/view?usp=sharing", "latitude": 10.70081, "longitude": 122.564362, "region": "Region VI (Western Visayas)", "province": "Iloilo", "municity": "Iloilo City", "district": "City Proper", "barangay": "San Agustin", "category": "DRRM" }, "geometry": { "type": "Point", "coordinates": [ 122.564362, 10.70081 ] } },
{ "type": "Feature", "properties": { "name": "Caingin Barangay Hall", "type": "Government", "address": "PH9G+GV2 Caingin Barangay Hall, Caingin St, La Paz, Iloilo City, Iloilo", "facebook": null, "url": null, "contact_mobile": null, "contact_landline": null, "email": null, "logo": null, "latitude": 10.718768, "longitude": 122.577134, "region": "Region VI (Western Visayas)", "province": "Iloilo", "municity": "Iloilo City", "district": "La Paz", "barangay": "Caingin", "category": "DRRM" }, "geometry": { "type": "Point", "coordinates": [ 122.577134, 10.718768 ] } },
{ "type": "Feature", "properties": { "name": "Multi Purpose Hall Brgy. Caingin", "type": "Government", "address": "Zone 2, Brgy. Caingin, La Paz, Iloilo City, Iloilo", "facebook": null, "url": null, "contact_mobile": null, "contact_landline": null, "email": null, "logo": null, "latitude": 10.718456, "longitude": 122.577136, "region": "Region VI (Western Visayas)", "province": "Iloilo", "municity": "Iloilo City", "district": "La Paz", "barangay": "Caingin", "category": "DRRM" }, "geometry": { "type": "Point", "coordinates": [ 122.577136, 10.718456 ] } },
{ "type": "Feature", "properties": { "name": "Compo brgy hall", "type": "Government", "address": "MHV6+4FC Compo brgy hall, Iloilo City Proper, Iloilo City, Iloilo", "facebook": null, "url": null, "contact_mobile": null, "contact_landline": null, "email": null, "logo": null, "latitude": 10.692815, "longitude": 122.561127, "region": "Region VI (Western Visayas)", "province": "Iloilo", "municity": "Iloilo City", "district": "City Proper", "barangay": "Kahirupan", "category": "DRRM" }, "geometry": { "type": "Point", "coordinates": [ 122.561127, 10.692815 ] } },
{ "type": "Feature", "properties": { "name": "Iloilo City Hall", "type": "Government", "address": "Iloilo City Hall, De la Rama St, Iloilo City Proper, Iloilo City, 5000 Iloilo", "facebook": null, "url": "https://iloilocity.gov.ph/wp_iloilo", "contact_mobile": null, "contact_landline": "(033) 333 1111", "email": null, "logo": null, "latitude": 10.693234, "longitude": 122.573025, "region": "Region VI (Western Visayas)", "province": "Iloilo", "municity": "Iloilo City", "district": "City Proper", "barangay": "Muelle Loney-Montes", "category": "DRRM" }, "geometry": { "type": "Point", "coordinates": [ 122.573025, 10.693234 ] } },
{ "type": "Feature", "properties": { "name": "Barangay Hall", "type": "Government", "address": "MHWG+RFW Barangay Hall, Blumentritt, Brgy., Muelle Loney, Iloilo City, 5000 Iloilo", "facebook": null, "url": null, "contact_mobile": null, "contact_landline": null, "email": null, "logo": null, "latitude": 10.697123, "longitude": 122.576211, "region": "Region VI (Western Visayas)", "province": "Iloilo", "municity": "Iloilo City", "district": "City Proper", "barangay": "Muelle Loney-Montes", "category": "DRRM" }, "geometry": { "type": "Point", "coordinates": [ 122.576211, 10.697123 ] } },
{ "type": "Feature", "properties": { "name": "Department of Trade and Industry - Iloilo Provincial Office", "type": "Government", "address": "Department of Trade and Industry - Iloilo Provincial Office, Macario Peralta Street, Iloilo City Proper, Iloilo City, Iloilo", "facebook": "https://www.facebook.com/DTI.Iloilo", "url": "http://www.dti.gov.ph/", "contact_mobile": null, "contact_landline": "(033) 335 0149", "email": "r06.iloilo@dti.gov.ph", "logo": "https://drive.google.com/file/d/1a9UkXP3QjWBf9tti0kzUvKSaUG_kZylY/view?usp=sharing", "latitude": 10.69349, "longitude": 122.572395, "region": "Region VI (Western Visayas)", "province": "Iloilo", "municity": "Iloilo City", "district": "City Proper", "barangay": "Muelle Loney-Montes", "category": "DRRM" }, "geometry": { "type": "Point", "coordinates": [ 122.572395, 10.69349 ] } },
{ "type": "Feature", "properties": { "name": "Marina Industry Authority Region VI", "type": "Government", "address": "MHWG+564 Marina Industry Authority Region VI, Iloilo City Proper, Iloilo City, Iloilo", "facebook": "https://www.facebook.com/people/Maritime-Industry-Authority-Regional-Office-VI/61571316110205/", "url": "https://marina.gov.ph/", "contact_mobile": "0918 381 4477", "contact_landline": null, "email": "mro6@marina.gov.ph", "logo": "https://drive.google.com/file/d/1Azq41RDPX0F0KJ6ZwaWUd9USMMdifLFp/view?usp=sharing", "latitude": 10.695388, "longitude": 122.57559, "region": "Region VI (Western Visayas)", "province": "Iloilo", "municity": "Iloilo City", "district": "City Proper", "barangay": "Muelle Loney-Montes", "category": "DRRM" }, "geometry": { "type": "Point", "coordinates": [ 122.57559, 10.695388 ] } },
{ "type": "Feature", "properties": { "name": "Bureau of Fire Protection", "type": "Emergency Response", "address": "MHVF+H2H Bureau of Fire Protection, Macario Peralta Street, Iloilo City Proper, Iloilo City, Iloilo", "facebook": null, "url": null, "contact_mobile": null, "contact_landline": "(033) 337 6918", "email": null, "logo": null, "latitude": 10.693944, "longitude": 122.572619, "region": "Region VI (Western Visayas)", "province": "Iloilo", "municity": "Iloilo City", "district": "City Proper", "barangay": "Muelle Loney-Montes", "category": "DRRM" }, "geometry": { "type": "Point", "coordinates": [ 122.572619, 10.693944 ] } },
{ "type": "Feature", "properties": { "name": "ILOILO CITY PLANNING and DEVELOPMENT OFFICE", "type": "Government", "address": "ILOILO CITY PLANNING and DEVELOPMENT OFFICE, Iloilo City Hall, De la Rama Street, 5000, Iloilo City, 5000", "facebook": null, "url": "https://iloilocity.gov.ph/", "contact_mobile": null, "contact_landline": "(033) 337 7606", "email": null, "logo": null, "latitude": 10.69332, "longitude": 122.573121, "region": "Region VI (Western Visayas)", "province": "Iloilo", "municity": "Iloilo City", "district": "City Proper", "barangay": "Muelle Loney-Montes", "category": "DRRM" }, "geometry": { "type": "Point", "coordinates": [ 122.573121, 10.69332 ] } },
{ "type": "Feature", "properties": { "name": "CITY CIVIL REGISTRY OFFICE", "type": "Government", "address": "CITY CIVIL REGISTRY OFFICE, Iloilo City Hall, De la Rama Street, 5000, Iloilo City, 5000", "facebook": null, "url": null, "contact_mobile": null, "contact_landline": null, "email": null, "logo": null, "latitude": 10.693378, "longitude": 122.573458, "region": "Region VI (Western Visayas)", "province": "Iloilo", "municity": "Iloilo City", "district": "City Proper", "barangay": "Muelle Loney-Montes", "category": "DRRM" }, "geometry": { "type": "Point", "coordinates": [ 122.573458, 10.693378 ] } },
{ "type": "Feature", "properties": { "name": "Getulio Barangay Hall", "type": "Government", "address": "PMV6+M6P, Buenavista, Guimaras", "facebook": null, "url": null, "contact_mobile": null, "contact_landline": null, "email": null, "logo": null, "latitude": 10.744225, "longitude": 122.660571, "region": "Region VI (Western Visayas)", "province": "Guimaras", "municity": "Buenavista", "district": null, "barangay": "Getulio", "category": "DRRM" }, "geometry": { "type": "Point", "coordinates": [ 122.660571, 10.744225 ] } },
{ "type": "Feature", "properties": { "name": "Headquarters Regional Maritime Office 6", "type": "Government", "address": "MHXF+42R Fort San Pedro St., Camp Martin Delgado, Iloilo City, 5000 Tarlac", "facebook": null, "url": null, "contact_mobile": null, "contact_landline": "(033) 509 8454", "email": null, "logo": null, "latitude": 10.697867, "longitude": 122.57251, "region": "Region VI (Western Visayas)", "province": "Iloilo", "municity": "Iloilo City", "district": "Lapuz", "barangay": "Progreso-Lapuz", "category": "DRRM" }, "geometry": { "type": "Point", "coordinates": [ 122.57251, 10.697867 ] } },
{ "type": "Feature", "properties": { "name": "Ramon Q. Avanceña Hall of Justice", "type": "Government", "address": "PH39+Q76 Bonifacio Dr, Iloilo City Proper, Iloilo City, 5000 Iloilo", "facebook": null, "url": null, "contact_mobile": "0929 703 0940", "contact_landline": null, "email": null, "logo": null, "latitude": 10.704424, "longitude": 122.568155, "region": "Region VI (Western Visayas)", "province": "Iloilo", "municity": "Iloilo City", "district": "City Proper", "barangay": "President Roxas", "category": "DRRM" }, "geometry": { "type": "Point", "coordinates": [ 122.568155, 10.704424 ] } },
{ "type": "Feature", "properties": { "name": "Metro Iloilo Water District", "type": "Water Supply and Distribution", "address": "PH49+375 Boy Scouts of the Philippines Building, Bonifacio Drive, Iloilo City, 5000", "facebook": "https://www.facebook.com/profile.php?id=100057495495923#", "url": "https://miwd.gov.ph/", "contact_mobile": null, "contact_landline": "(033) 337 3242", "email": "miwdpio@gmail.com", "logo": "https://drive.google.com/file/d/1O-DuZtOG6OfXKEFWBKzCKTVF0ifb0Xmj/view?usp=sharing", "latitude": 10.705148, "longitude": 122.568226, "region": "Region VI (Western Visayas)", "province": "Iloilo", "municity": "Iloilo City", "district": "City Proper", "barangay": "President Roxas", "category": "DRRM" }, "geometry": { "type": "Point", "coordinates": [ 122.568226, 10.705148 ] } },
{ "type": "Feature", "properties": { "name": "Registry of Deeds - Iloilo City / Iloilo Province / Guimaras", "type": "Government", "address": "PH39+QF6 Muelle Loney, Iloilo City, Iloilo, Muelle Loney St, Iloilo City Proper, Iloilo City, 5000 Iloilo", "facebook": null, "url": null, "contact_mobile": null, "contact_landline": "(033) 320 6745", "email": "rd.iloilocity@lra.gov.ph", "logo": null, "latitude": 10.704401, "longitude": 122.568647, "region": "Region VI (Western Visayas)", "province": "Iloilo", "municity": "Iloilo City", "district": "City Proper", "barangay": "President Roxas", "category": "DRRM" }, "geometry": { "type": "Point", "coordinates": [ 122.568647, 10.704401 ] } },
{ "type": "Feature", "properties": { "name": "PSA Region VI Western Visayas", "type": "Government", "address": "J. Villanueva Building, Iznart St, Iloilo City Proper, Iloilo City, 5000 Iloilo", "facebook": "https://www.facebook.com/psa6govph/", "url": "https://rsso06.psa.gov.ph/", "contact_mobile": null, "contact_landline": "(033) 335 0907", "email": "rsso06@psa.gov.ph", "logo": "https://drive.google.com/file/d/1tWvIdGbqP3q5LCGmXVT5j1wRHJcfYro7/view?usp=sharing", "latitude": 10.698331, "longitude": 122.569453, "region": "Region VI (Western Visayas)", "province": "Iloilo", "municity": "Iloilo City", "district": "City Proper", "barangay": "President Roxas", "category": "DRRM" }, "geometry": { "type": "Point", "coordinates": [ 122.569453, 10.698331 ] } },
{ "type": "Feature", "properties": { "name": "Local Economic Development and Investment Promotion (LEDIP) Center", "type": "Government", "address": "PH29+RH8 Local Economic Development and Investment Promotion (LEDIP) Center-Iloilo Province, Iloilo City Proper, Iloilo City, Iloilo", "facebook": "https://www.morprogresiloilo.biz/", "url": null, "contact_mobile": null, "contact_landline": "(033) 328 7981", "email": "ledipcenter@iloilo.gov.ph", "logo": "https://drive.google.com/file/d/1Tjf4WpJT13-wjOi0YdCtPE3SbbYglvva/view?usp=sharing", "latitude": 10.702033, "longitude": 122.568946, "region": "Region VI (Western Visayas)", "province": "Iloilo", "municity": "Iloilo City", "district": "City Proper", "barangay": "President Roxas", "category": "DRRM" }, "geometry": { "type": "Point", "coordinates": [ 122.568946, 10.702033 ] } },
{ "type": "Feature", "properties": { "name": "PROVINCIAL COOPERATIVE DEVELOPMENT OFFICE", "type": "Government", "address": "PROVINCIAL COOPERATIVE DEVELOPMENT OFFICE (ILOILO), 4th floor New Iloilo Provincial Capitol Building, Muelle Loney St, Iloilo City, 5000 Iloilo", "facebook": "https://www.facebook.com/p/Provincial-Cooperatives-Development-Office-Iloilo-100085118913327/", "url": null, "contact_mobile": null, "contact_landline": "(033) 336 7167", "email": "pcdo@iloilo.gov.ph", "logo": "https://drive.google.com/file/d/1Po7zDuRg3OKH6eot27gtD4bnkow5zH9s/view?usp=sharing", "latitude": 10.702247, "longitude": 122.568983, "region": "Region VI (Western Visayas)", "province": "Iloilo", "municity": "Iloilo City", "district": "City Proper", "barangay": "President Roxas", "category": "DRRM" }, "geometry": { "type": "Point", "coordinates": [ 122.568983, 10.702247 ] } },
{ "type": "Feature", "properties": { "name": "GENERAL SERVICES OFFICE", "type": "Government", "address": "PH29+XM4 New Iloilo Provincial Capitol Building, Muelle Loney Street, Iloilo City, 5000", "facebook": null, "url": null, "contact_mobile": null, "contact_landline": "(033) 333-1111", "email": "iloilocity.gso@gmail.com", "logo": "https://drive.google.com/file/d/1lwoiI3OCReNR2B0EW16vn_ZcrpDvkH6s/view?usp=sharing", "latitude": 10.702397, "longitude": 122.569198, "region": "Region VI (Western Visayas)", "province": "Iloilo", "municity": "Iloilo City", "district": "City Proper", "barangay": "President Roxas", "category": "DRRM" }, "geometry": { "type": "Point", "coordinates": [ 122.569198, 10.702397 ] } },
{ "type": "Feature", "properties": { "name": "Iloilo Provincial Capitol", "type": "Government", "address": "PH39+2MJ Iloilo Provincial Capitol, New Iloilo Provincial Capitol Building, Muelle Loney St, Iloilo City Proper, Iloilo City, 5000 Iloilo", "facebook": null, "url": null, "contact_mobile": null, "contact_landline": "(033) 509 5093", "email": null, "logo": null, "latitude": 10.702575, "longitude": 122.569131, "region": "Region VI (Western Visayas)", "province": "Iloilo", "municity": "Iloilo City", "district": "City Proper", "barangay": "President Roxas", "category": "DRRM" }, "geometry": { "type": "Point", "coordinates": [ 122.569131, 10.702575 ] } },
{ "type": "Feature", "properties": { "name": "PROVINCIAL PLANNING AND DEVELOPMENT OFFICE", "type": "Government", "address": "PROVINCIAL PLANNING AND DEVELOPMENT OFFICE, 3rd Floor, Iloilo Provincial Capitol, Bonifacio Drive, Iloilo City, 5000 Iloilo", "facebook": "https://www.facebook.com/ppdoiloilo2022/", "url": null, "contact_mobile": null, "contact_landline": "(033) 335 1884", "email": null, "logo": null, "latitude": 10.702711, "longitude": 122.569142, "region": "Region VI (Western Visayas)", "province": "Iloilo", "municity": "Iloilo City", "district": "City Proper", "barangay": "President Roxas", "category": "DRRM" }, "geometry": { "type": "Point", "coordinates": [ 122.569142, 10.702711 ] } },
{ "type": "Feature", "properties": { "name": "Information and Communications Technology Municipal Department - Iloilo Provincial Government", "type": "Government", "address": "Information and Communications Technology Municipal Department - Iloilo Provincial Government, 3rd Floor, Iloilo Provincial Capitol, Bonifacio Drive, Iloilo City, 5000 Iloilo", "facebook": "https://www.facebook.com/ictmoiloprovofficial/", "url": "https://www.morprogresiloilo.biz/", "contact_mobile": null, "contact_landline": "(033) 337 0869", "email": "ictmo@iloilo.gov.ph", "logo": "https://drive.google.com/file/d/1hiWLrLRi_4F7M-LDO1VnrZlb8QPAbxTA/view?usp=sharing", "latitude": 10.702826, "longitude": 122.568971, "region": "Region VI (Western Visayas)", "province": "Iloilo", "municity": "Iloilo City", "district": "City Proper", "barangay": "President Roxas", "category": "DRRM" }, "geometry": { "type": "Point", "coordinates": [ 122.568971, 10.702826 ] } },
{ "type": "Feature", "properties": { "name": "Iloilo Esplanade 8", "type": "Parks and Open Space", "address": "PH39+HM2, Muelle Loney St, Iloilo City Proper, Iloilo City, Iloilo", "facebook": null, "url": null, "contact_mobile": null, "contact_landline": null, "email": null, "logo": null, "latitude": 10.703884, "longitude": 122.569136, "region": "Region VI (Western Visayas)", "province": "Iloilo", "municity": "Iloilo City", "district": "City Proper", "barangay": "President Roxas", "category": "DRRM" }, "geometry": { "type": "Point", "coordinates": [ 122.569136, 10.703884 ] } },
{ "type": "Feature", "properties": { "name": "Rizal Elementary School", "type": "Education", "address": "PH2F+MQM Rizal Elementary Sch, Rizal St, Lapuz, Iloilo City, Iloilo", "facebook": "https://www.facebook.com/RizalElementarySchoolIloiloCity/", "url": null, "contact_mobile": null, "contact_landline": "(033) 337 5339", "email": "melvincent.trentado@deped.gov.ph", "logo": "https://drive.google.com/file/d/1hqnduOOIBX8ZSqMWEhIloqMGf4W7kP0S/view?usp=sharing", "latitude": 10.701723, "longitude": 122.574432, "region": "Region VI (Western Visayas)", "province": "Iloilo", "municity": "Iloilo City", "district": "Lapuz", "barangay": "Libertad-Lapuz", "category": "DRRM" }, "geometry": { "type": "Point", "coordinates": [ 122.574432, 10.701723 ] } },
{ "type": "Feature", "properties": { "name": "Alalasan Barangay Hall", "type": "Government", "address": "Brgy Alalasan, Iloilo City, 5000 Iloilo", "facebook": null, "url": null, "contact_mobile": null, "contact_landline": null, "email": null, "logo": null, "latitude": 10.705564, "longitude": 122.573508, "region": "Region VI (Western Visayas)", "province": "Iloilo", "municity": "Iloilo City", "district": "Lapuz", "barangay": "Alalasan Lapuz", "category": "DRRM" }, "geometry": { "type": "Point", "coordinates": [ 122.573508, 10.705564 ] } },
{ "type": "Feature", "properties": { "name": "Barangay Sinikway Barangay Hall", "type": "Government", "address": "PH4F+PWQ Lapuz, Iloilo City, Iloilo", "facebook": null, "url": null, "contact_mobile": null, "contact_landline": null, "email": null, "logo": null, "latitude": 10.706847, "longitude": 122.57487, "region": "Region VI (Western Visayas)", "province": "Iloilo", "municity": "Iloilo City", "district": "Lapuz", "barangay": "Alalasan Lapuz", "category": "DRRM" }, "geometry": { "type": "Point", "coordinates": [ 122.57487, 10.706847 ] } },
{ "type": "Feature", "properties": { "name": "Barangay Sinikway Covered Basketball Court", "type": "Multipurpose Hall", "address": "PH4F+MVW Barangay Sinikway, Lapuz, Iloilo City, Iloilo", "facebook": null, "url": null, "contact_mobile": null, "contact_landline": null, "email": null, "logo": null, "latitude": 10.706729, "longitude": 122.574708, "region": "Region VI (Western Visayas)", "province": "Iloilo", "municity": "Iloilo City", "district": "Lapuz", "barangay": "Alalasan Lapuz", "category": "DRRM" }, "geometry": { "type": "Point", "coordinates": [ 122.574708, 10.706729 ] } },
{ "type": "Feature", "properties": { "name": "Marantha Christian Academy of Iloilo City Inc.", "type": "Education", "address": "Maranatha Christian Academy of Iloilo City Inc., Block 5 Sinikway, Lapuz, Iloilo City, 5000 Iloilo", "facebook": "https://www.facebook.com/p/Maranatha-Christian-Academy-Iloilo-Chapter-100063921703878/", "url": null, "contact_mobile": null, "contact_landline": null, "email": null, "logo": "https://drive.google.com/file/d/1Hq-VGZLzp8qpzU-AM3jPCUuFKi3zAzvv/view?usp=sharing", "latitude": 10.706761, "longitude": 122.574302, "region": "Region VI (Western Visayas)", "province": "Iloilo", "municity": "Iloilo City", "district": "Lapuz", "barangay": "Alalasan Lapuz", "category": "DRRM" }, "geometry": { "type": "Point", "coordinates": [ 122.574302, 10.706761 ] } },
{ "type": "Feature", "properties": { "name": "Urban Poor Day Care Center", "type": "Education", "address": "PH4F+PW4 Urban Poor Day Care Center, Block 5, Lapuz, Iloilo City, 5000 Iloilo", "facebook": null, "url": null, "contact_mobile": null, "contact_landline": null, "email": null, "logo": null, "latitude": 10.706767, "longitude": 122.574824, "region": "Region VI (Western Visayas)", "province": "Iloilo", "municity": "Iloilo City", "district": "Lapuz", "barangay": "Alalasan Lapuz", "category": "DRRM" }, "geometry": { "type": "Point", "coordinates": [ 122.574824, 10.706767 ] } },
{ "type": "Feature", "properties": { "name": "POLICE STATION 3", "type": "Emergency Response", "address": "PH87+533 Luna St, Jaro, Iloilo City, Iloilo", "facebook": null, "url": null, "contact_mobile": null, "contact_landline": null, "email": null, "logo": null, "latitude": 10.715381, "longitude": 122.562665, "region": "Region VI (Western Visayas)", "province": "Iloilo", "municity": "Iloilo City", "district": "La Paz", "barangay": "Magsaysay Village", "category": "DRRM" }, "geometry": { "type": "Point", "coordinates": [ 122.562665, 10.715381 ] } },
{ "type": "Feature", "properties": { "name": "Magsaysay Village Barangay Hall", "type": "Government", "address": "PH56+WVC Magsaysay Village Barangay Hall, Obregon Street, Brgy.Magsaysay Village, La paz, Iloilo City, 5000 Iloilo", "facebook": null, "url": null, "contact_mobile": null, "contact_landline": null, "email": null, "logo": null, "latitude": 10.709809, "longitude": 122.562146, "region": "Region VI (Western Visayas)", "province": "Iloilo", "municity": "Iloilo City", "district": "La Paz", "barangay": "Magsaysay Village", "category": "DRRM" }, "geometry": { "type": "Point", "coordinates": [ 122.562146, 10.709809 ] } },
{ "type": "Feature", "properties": { "name": "Barangay Magsaysay Village Tanod Outpost", "type": "Emergency Response", "address": "PH67+VV4 Magsaysay Rd, La Paz, Iloilo City, Iloilo", "facebook": null, "url": null, "contact_mobile": null, "contact_landline": null, "email": null, "logo": null, "latitude": 10.712147, "longitude": 122.564702, "region": "Region VI (Western Visayas)", "province": "Iloilo", "municity": "Iloilo City", "district": "La Paz", "barangay": "Magsaysay Village", "category": "DRRM" }, "geometry": { "type": "Point", "coordinates": [ 122.564702, 10.712147 ] } },
{ "type": "Feature", "properties": { "name": "Department of Science and Technology Regional Office", "type": "Government", "address": "PH67+QPG La Paz, Iloilo City, 5000 Iloilo", "facebook": null, "url": "https://region6.dost.gov.ph/", "contact_mobile": null, "contact_landline": "(033) 320 0907", "email": "ord@ro6.dost.gov.ph", "logo": "https://drive.google.com/file/d/1DPy9e23IXylqctcbZ6CifUu8yECmvQSc/view?usp=sharing", "latitude": 10.711929, "longitude": 122.564326, "region": "Region VI (Western Visayas)", "province": "Iloilo", "municity": "Iloilo City", "district": "La Paz", "barangay": "Magsaysay Village", "category": "DRRM" }, "geometry": { "type": "Point", "coordinates": [ 122.564326, 10.711929 ] } },
{ "type": "Feature", "properties": { "name": "Philippine Charity Sweepstakes Office", "type": "Government", "address": "PH66+GRC La Paz, Iloilo City, Iloilo", "facebook": null, "url": null, "contact_mobile": null, "contact_landline": "(033) 330 0133", "email": null, "logo": "https://drive.google.com/file/d/18JHtH_5OFgagxptS6Z3swwZpom63vG-S/view?usp=sharing", "latitude": 10.71132, "longitude": 122.56202, "region": "Region VI (Western Visayas)", "province": "Iloilo", "municity": "Iloilo City", "district": "La Paz", "barangay": "Magsaysay Village", "category": "DRRM" }, "geometry": { "type": "Point", "coordinates": [ 122.56202, 10.71132 ] } },
{ "type": "Feature", "properties": { "name": "West Visayas State University-Main", "type": "Education", "address": "Luna St, La Paz, Iloilo City, 5000 Iloilo", "facebook": "https://www.facebook.com/wvsuofficialpage/", "url": "https://wvsu.edu.ph/", "contact_mobile": null, "contact_landline": "(033) 320 0871", "email": "president@wvsu.edu.ph", "logo": "https://drive.google.com/file/d/1c4DwpfXwJZxGmlsheRy1YpBl1Lk2OnBp/view?usp=sharing", "latitude": 10.713666, "longitude": 122.562353, "region": "Region VI (Western Visayas)", "province": "Iloilo", "municity": "Iloilo City", "district": "La Paz", "barangay": "Magsaysay Village", "category": "DRRM" }, "geometry": { "type": "Point", "coordinates": [ 122.562353, 10.713666 ] } },
{ "type": "Feature", "properties": { "name": "Magsaysay Village Day Care Center", "type": "Education", "address": "PH66+Q9J Magsaysay Village Day Care Center, Brgy.Magsaysay Village, La paz, Iloilo City, 5000 Iloilo", "facebook": null, "url": null, "contact_mobile": null, "contact_landline": null, "email": null, "logo": null, "latitude": 10.711969, "longitude": 122.560893, "region": "Region VI (Western Visayas)", "province": "Iloilo", "municity": "Iloilo City", "district": "La Paz", "barangay": "Magsaysay Village", "category": "DRRM" }, "geometry": { "type": "Point", "coordinates": [ 122.560893, 10.711969 ] } },
{ "type": "Feature", "properties": { "name": "PLDT Smart Experience Hub La Paz", "type": "Telecommunication", "address": "Main Luna St., La Paz, Iloilo City, 5000 Iloilo", "facebook": null, "url": "https://pldthome.com/sales-and-service-centers", "contact_mobile": "0969 100 5722", "contact_landline": null, "email": null, "logo": null, "latitude": 10.712023, "longitude": 122.564683, "region": "Region VI (Western Visayas)", "province": "Iloilo", "municity": "Iloilo City", "district": "La Paz", "barangay": "Magsaysay Village", "category": "DRRM" }, "geometry": { "type": "Point", "coordinates": [ 122.564683, 10.712023 ] } },
{ "type": "Feature", "properties": { "name": "DigiHwy", "type": "Telecommunication", "address": "PH66+X3H, La Paz, Jaro, Iloilo City, 5000 Iloilo", "facebook": null, "url": "https://digihwy.org/", "contact_mobile": "0932 771 0703", "contact_landline": null, "email": null, "logo": null, "latitude": 10.712438, "longitude": 122.560188, "region": "Region VI (Western Visayas)", "province": "Iloilo", "municity": "Iloilo City", "district": "La Paz", "barangay": "Magsaysay Village", "category": "DRRM" }, "geometry": { "type": "Point", "coordinates": [ 122.560188, 10.712438 ] } },
{ "type": "Feature", "properties": { "name": "Iloilo Sports Complex", "type": "Parks and Open Space", "address": "PH67+M35, La Paz, Iloilo City, Iloilo", "facebook": null, "url": null, "contact_mobile": null, "contact_landline": null, "email": null, "logo": null, "latitude": 10.711639, "longitude": 122.56275, "region": "Region VI (Western Visayas)", "province": "Iloilo", "municity": "Iloilo City", "district": "La Paz", "barangay": "Magsaysay Village", "category": "DRRM" }, "geometry": { "type": "Point", "coordinates": [ 122.56275, 10.711639 ] } },
{ "type": "Feature", "properties": { "name": "Our Lady of Lourdes Barangay Hall", "type": "Government", "address": "Our Lady of Lourdes Barangay Hall, 109 Magsaysay Rd, La Paz, Iloilo City, Iloilo", "facebook": null, "url": null, "contact_mobile": null, "contact_landline": null, "email": null, "logo": null, "latitude": 10.713797, "longitude": 122.557784, "region": "Region VI (Western Visayas)", "province": "Iloilo", "municity": "Iloilo City", "district": "Jaro", "barangay": "Our Lady Of Lourdes", "category": "DRRM" }, "geometry": { "type": "Point", "coordinates": [ 122.557784, 10.713797 ] } },
{ "type": "Feature", "properties": { "name": "Office of the Provincial Election Supervisor of Iloilo", "type": "Government", "address": "187 Lopez Jaena Street, La Paz, Iloilo City", "facebook": null, "url": null, "contact_mobile": null, "contact_landline": null, "email": null, "logo": null, "latitude": 10.712462, "longitude": 122.573234, "region": "Region VI (Western Visayas)", "province": "Iloilo", "municity": "Iloilo City", "district": "La Paz", "barangay": "Lopez Jaena Sur", "category": "DRRM" }, "geometry": { "type": "Point", "coordinates": [ 122.573234, 10.712462 ] } },
{ "type": "Feature", "properties": { "name": "Lopez Jaena Sur Barangay Hall", "type": "Government", "address": "PH6F+P7V Lopez Jaena Sur Barangay Hall, Anceps St, La Paz, Iloilo City, 5000 Iloilo", "facebook": null, "url": null, "contact_mobile": null, "contact_landline": null, "email": null, "logo": null, "latitude": 10.711873, "longitude": 122.573157, "region": "Region VI (Western Visayas)", "province": "Iloilo", "municity": "Iloilo City", "district": "La Paz", "barangay": "Lopez Jaena Sur", "category": "DRRM" }, "geometry": { "type": "Point", "coordinates": [ 122.573157, 10.711873 ] } },
{ "type": "Feature", "properties": { "name": "Bureau of Immigration - District Office Region VI", "type": "Government", "address": "2F Unit B Festive Walk Parade, Megaworld Blvd, Mandurriao, Iloilo City, 5000", "facebook": null, "url": "https://immigration.gov.ph/contacts/", "contact_mobile": null, "contact_landline": "(033) 332 3353", "email": null, "logo": "https://drive.google.com/file/d/1T2T_5Dm0bVcHE_LmdnWE5AMf1mTMgU2y/view?usp=sharing", "latitude": 10.717569, "longitude": 122.547478, "region": "Region VI (Western Visayas)", "province": "Iloilo", "municity": "Iloilo City", "district": "Mandurriao", "barangay": "Buhang Taft North", "category": "DRRM" }, "geometry": { "type": "Point", "coordinates": [ 122.547478, 10.717569 ] } },
{ "type": "Feature", "properties": { "name": "Metro Pacific Iloilo Water", "type": "Water Supply and Distribution", "address": "PG9X+326 Mandurriao, Iloilo City, Iloilo", "facebook": null, "url": null, "contact_mobile": "0908 818 8552", "contact_landline": null, "email": null, "logo": null, "latitude": 10.717668, "longitude": 122.547526, "region": "Region VI (Western Visayas)", "province": "Iloilo", "municity": "Iloilo City", "district": "Mandurriao", "barangay": "Buhang Taft North", "category": "DRRM" }, "geometry": { "type": "Point", "coordinates": [ 122.547526, 10.717668 ] } },
{ "type": "Feature", "properties": { "name": "Philhealth", "type": "Government", "address": "PG8X+X2R Mandurriao, Iloilo City, Iloilo", "facebook": null, "url": null, "contact_mobile": null, "contact_landline": null, "email": null, "logo": "https://drive.google.com/file/d/127YKugmAXg4w7XkiQIOw1bKKOSU5yvve/view?usp=sharing", "latitude": 10.717498, "longitude": 122.547507, "region": "Region VI (Western Visayas)", "province": "Iloilo", "municity": "Iloilo City", "district": "Mandurriao", "barangay": "Buhang Taft North", "category": "DRRM" }, "geometry": { "type": "Point", "coordinates": [ 122.547507, 10.717498 ] } },
{ "type": "Feature", "properties": { "name": "Iloilo Integrated School Foundation, Inc.", "type": "Education", "address": "ILOILO INTEGRATED SCHOOL FOUNDATION, INC., 59 Taft St, Mandurriao, Iloilo City, 5000 Iloilo", "facebook": "https://www.facebook.com/iis2001/", "url": null, "contact_mobile": null, "contact_landline": "(033) 321 3326", "email": "theiis2001@gmail.com", "logo": "https://drive.google.com/file/d/1t2OVeuNv6DrGFHWm4QUCl_GlbVDRf75k/view?usp=sharing", "latitude": 10.718821, "longitude": 122.549136, "region": "Region VI (Western Visayas)", "province": "Iloilo", "municity": "Iloilo City", "district": "Mandurriao", "barangay": "Buhang Taft North", "category": "DRRM" }, "geometry": { "type": "Point", "coordinates": [ 122.549136, 10.718821 ] } },
{ "type": "Feature", "properties": { "name": "telecom enterprises", "type": "Telecommunication", "address": "PG9X+999, Mandurriao, Iloilo City, 5000 Iloilo", "facebook": null, "url": null, "contact_mobile": "0950 304 4273", "contact_landline": null, "email": null, "logo": null, "latitude": 10.718414, "longitude": 122.548497, "region": "Region VI (Western Visayas)", "province": "Iloilo", "municity": "Iloilo City", "district": "Mandurriao", "barangay": "Buhang Taft North", "category": "DRRM" }, "geometry": { "type": "Point", "coordinates": [ 122.548497, 10.718414 ] } },
{ "type": "Feature", "properties": { "name": "Wizbo FiberTek Inc. - Iloilo Branch", "type": "Telecommunication", "address": "Pro Tek Building, ISA Rd, Mandurriao, Iloilo City, 5000 Iloilo", "facebook": null, "url": null, "contact_mobile": null, "contact_landline": null, "email": null, "logo": null, "latitude": 10.71216, "longitude": 122.549294, "region": "Region VI (Western Visayas)", "province": "Iloilo", "municity": "Iloilo City", "district": "Mandurriao", "barangay": "Buhang Taft North", "category": "DRRM" }, "geometry": { "type": "Point", "coordinates": [ 122.549294, 10.71216 ] } },
{ "type": "Feature", "properties": { "name": "CIGNAL - POWERHOUSE HEAD OFFICE MANDURRIAO ILOILO", "type": "Telecommunication", "address": "1170 El 98 St, Mandurriao, Iloilo City, Iloilo", "facebook": null, "url": null, "contact_mobile": null, "contact_landline": null, "email": null, "logo": null, "latitude": 10.720191, "longitude": 122.553085, "region": "Region VI (Western Visayas)", "province": "Iloilo", "municity": "Iloilo City", "district": "Mandurriao", "barangay": "Buhang Taft North", "category": "DRRM" }, "geometry": { "type": "Point", "coordinates": [ 122.553085, 10.720191 ] } },
{ "type": "Feature", "properties": { "name": "Victory Iloilo - Mandurriao", "type": "Faith-Based", "address": "Victory Center, Paseo de Arcangeles, Benigno Aquino Ave, Mandurriao, Iloilo City, Iloilo", "facebook": "https://www.facebook.com/victoryiloilocity?mibextid=ZbWKwL", "url": null, "contact_mobile": null, "contact_landline": "(033) 330 3032", "email": null, "logo": null, "latitude": 10.715764, "longitude": 122.552374, "region": "Region VI (Western Visayas)", "province": "Iloilo", "municity": "Iloilo City", "district": "Mandurriao", "barangay": "Buhang Taft North", "category": "DRRM" }, "geometry": { "type": "Point", "coordinates": [ 122.552374, 10.715764 ] } },
{ "type": "Feature", "properties": { "name": "New Compania Barangay Hall", "type": "Government", "address": "Compania Fundidor road, Molo, Iloilo City, Iloilo", "facebook": null, "url": null, "contact_mobile": null, "contact_landline": "(033) 501 3370", "email": null, "logo": null, "latitude": 10.689164, "longitude": 122.536242, "region": "Region VI (Western Visayas)", "province": "Iloilo", "municity": "Iloilo City", "district": "Molo", "barangay": "Compania", "category": "DRRM" }, "geometry": { "type": "Point", "coordinates": [ 122.536242, 10.689164 ] } },
{ "type": "Feature", "properties": { "name": "Absorbent Mind Montessori Preschool", "type": "Education", "address": "ABSORBENT MIND MONTESSORI PRESCHOOL, 125 San Jose St, Molo, Iloilo City, Iloilo", "facebook": "https://www.facebook.com/p/Absorbent-Mind-Montessori-100064185601300/", "url": null, "contact_mobile": "0912 477 2152", "contact_landline": null, "email": "absorbentmindmontessorimolo@gmail.com", "logo": "https://drive.google.com/file/d/1vtsTlL8_I2iODKWfYls4IOUXv-G_nz4o/view?usp=sharing", "latitude": 10.697131, "longitude": 122.541141, "region": "Region VI (Western Visayas)", "province": "Iloilo", "municity": "Iloilo City", "district": "Molo", "barangay": "North Avanceña", "category": "DRRM" }, "geometry": { "type": "Point", "coordinates": [ 122.541141, 10.697131 ] } },
{ "type": "Feature", "properties": { "name": "Brgy. Tanod Outpost", "type": "Emergency Response", "address": "MGWV+CJV Lopez Jaena St, Molo, Iloilo City, 5000 Iloilo", "facebook": null, "url": null, "contact_mobile": null, "contact_landline": null, "email": null, "logo": null, "latitude": 10.696107, "longitude": 122.544049, "region": "Region VI (Western Visayas)", "province": "Iloilo", "municity": "Iloilo City", "district": "Molo", "barangay": "Katilingban", "category": "DRRM" }, "geometry": { "type": "Point", "coordinates": [ 122.544049, 10.696107 ] } },
{ "type": "Feature", "properties": { "name": "(OLD)Molo Fire Station / Fire Sub-Station", "type": "Emergency Response", "address": "MGWV+CPC Locsin St, Molo, Iloilo City, 5000 Iloilo", "facebook": null, "url": null, "contact_mobile": null, "contact_landline": "(033) 337-3011", "email": null, "logo": null, "latitude": 10.696075, "longitude": 122.544255, "region": "Region VI (Western Visayas)", "province": "Iloilo", "municity": "Iloilo City", "district": "Molo", "barangay": "Katilingban", "category": "DRRM" }, "geometry": { "type": "Point", "coordinates": [ 122.544255, 10.696075 ] } },
{ "type": "Feature", "properties": { "name": "South Fundidor Barangay Hall", "type": "Government", "address": "MGRM+5M Iloilo City, Iloilo", "facebook": null, "url": null, "contact_mobile": null, "contact_landline": null, "email": null, "logo": null, "latitude": 10.690487, "longitude": 122.534208, "region": "Region VI (Western Visayas)", "province": "Iloilo", "municity": "Iloilo City", "district": "Molo", "barangay": "South Fundidor", "category": "DRRM" }, "geometry": { "type": "Point", "coordinates": [ 122.534208, 10.690487 ] } },
{ "type": "Feature", "properties": { "name": "North Fundidor Barangay Hall", "type": "Government", "address": "MGRM+HJ3 North Fundidor Barangay Hall, Avanceña St, Molo, Iloilo City, 5000 Iloilo", "facebook": null, "url": null, "contact_mobile": null, "contact_landline": "(033) 508 3956", "email": null, "logo": null, "latitude": 10.691376, "longitude": 122.534047, "region": "Region VI (Western Visayas)", "province": "Iloilo", "municity": "Iloilo City", "district": "Molo", "barangay": "North Fundidor", "category": "DRRM" }, "geometry": { "type": "Point", "coordinates": [ 122.534047, 10.691376 ] } },
{ "type": "Feature", "properties": { "name": "North San Jose Barangay Hall", "type": "Government", "address": "MGXR+4QG Brgy, Jiocson St, Molo, Iloilo City, 5000 Iloilo", "facebook": null, "url": null, "contact_mobile": null, "contact_landline": null, "email": null, "logo": null, "latitude": 10.697797, "longitude": 122.541914, "region": "Region VI (Western Visayas)", "province": "Iloilo", "municity": "Iloilo City", "district": "Molo", "barangay": "North San Jose", "category": "DRRM" }, "geometry": { "type": "Point", "coordinates": [ 122.541914, 10.697797 ] } },
{ "type": "Feature", "properties": { "name": "Luna (Jaro) Barangay Hall", "type": "Government", "address": "PHC5+VHW Luna (Jaro) Barangay Hall, Luna Street, Jaro, Iloilo City, 5000 Iloilo", "facebook": null, "url": null, "contact_mobile": "0926 781 3092", "contact_landline": null, "email": null, "logo": null, "latitude": 10.72224, "longitude": 122.55894, "region": "Region VI (Western Visayas)", "province": "Iloilo", "municity": "Iloilo City", "district": "Jaro", "barangay": "Luna (Jaro)", "category": "DRRM" }, "geometry": { "type": "Point", "coordinates": [ 122.55894, 10.72224 ] } },
{ "type": "Feature", "properties": { "name": "Balantang Barangay Hall", "type": "Government", "address": "QH4F+GMH Balantang Barangay Hall, Iloilo East Coast - Capiz Rd, Jaro, Iloilo City, Iloilo", "facebook": null, "url": null, "contact_mobile": "0909 889 1817", "contact_landline": null, "email": null, "logo": null, "latitude": 10.756313, "longitude": 122.574234, "region": "Region VI (Western Visayas)", "province": "Iloilo", "municity": "Iloilo City", "district": "Jaro", "barangay": "Balantang", "category": "DRRM" }, "geometry": { "type": "Point", "coordinates": [ 122.574234, 10.756313 ] } },
{ "type": "Feature", "properties": { "name": "Community Police Assistance Center", "type": "Emergency Response", "address": "QH4F+GH4 Balantang Police Sub-station, Jaro, Iloilo City, Iloilo", "facebook": null, "url": null, "contact_mobile": null, "contact_landline": null, "email": null, "logo": null, "latitude": 10.756265, "longitude": 122.573951, "region": "Region VI (Western Visayas)", "province": "Iloilo", "municity": "Iloilo City", "district": "Jaro", "barangay": "Balantang", "category": "DRRM" }, "geometry": { "type": "Point", "coordinates": [ 122.573951, 10.756265 ] } },
{ "type": "Feature", "properties": { "name": "Department of Agrarian Reform Regional Office 6", "type": "Government", "address": "QH3F+945 Department of Agrarian Reform Regional Office 6, Jaro, Iloilo City, Iloilo", "facebook": null, "url": null, "contact_mobile": null, "contact_landline": "(033) 320 8086", "email": null, "logo": null, "latitude": 10.753381, "longitude": 122.572869, "region": "Region VI (Western Visayas)", "province": "Iloilo", "municity": "Iloilo City", "district": "Jaro", "barangay": "Balantang", "category": "DRRM" }, "geometry": { "type": "Point", "coordinates": [ 122.572869, 10.753381 ] } },
{ "type": "Feature", "properties": { "name": "Iloilo Sacred Heart School", "type": "Education", "address": "ILOILO SACRED HEART SCHOOL, 3rd Street Lawaan Village, Balantang, 3rd St, Jaro, Iloilo City (Capital), Iloilo", "facebook": "https://www.facebook.com/p/Iloilo-Sacred-Heart-School-Inc-100070278131882/", "url": null, "contact_mobile": null, "contact_landline": "(033) 323 5157", "email": "sacredh02@gmail.com", "logo": "https://drive.google.com/file/d/1beLDtREj6xizwl94s1B5ffNxsfhb1DHt/view?usp=sharing", "latitude": 10.753017, "longitude": 122.573999, "region": "Region VI (Western Visayas)", "province": "Iloilo", "municity": "Iloilo City", "district": "Jaro", "barangay": "Balantang", "category": "DRRM" }, "geometry": { "type": "Point", "coordinates": [ 122.573999, 10.753017 ] } },
{ "type": "Feature", "properties": { "name": "Juan Imperyo Talipapa", "type": "Public Market", "address": "QH4F+9HF, Jaro, Iloilo City, Iloilo", "facebook": null, "url": null, "contact_mobile": null, "contact_landline": null, "email": null, "logo": null, "latitude": 10.75593, "longitude": 122.573936, "region": "Region VI (Western Visayas)", "province": "Iloilo", "municity": "Iloilo City", "district": "Jaro", "barangay": "Balantang", "category": "DRRM" }, "geometry": { "type": "Point", "coordinates": [ 122.573936, 10.75593 ] } },
{ "type": "Feature", "properties": { "name": "Iloilo Memorial Park", "type": "Parks and Open Space", "address": "QH6F+JCH, Jaro, Iloilo City, 5000 Iloilo", "facebook": null, "url": null, "contact_mobile": null, "contact_landline": "(033) 335 0160", "email": null, "logo": null, "latitude": 10.761551, "longitude": 122.573619, "region": "Region VI (Western Visayas)", "province": "Iloilo", "municity": "Iloilo City", "district": "Jaro", "barangay": "Balantang", "category": "DRRM" }, "geometry": { "type": "Point", "coordinates": [ 122.573619, 10.761551 ] } },
{ "type": "Feature", "properties": { "name": "Barangay Hall", "type": "Government", "address": "PHJ3+P43 Barangay Hall, Sto. Domingo St, Brgy. Lopez Jaena, Jaro, Iloilo City, 5000 Iloilo", "facebook": null, "url": null, "contact_mobile": null, "contact_landline": null, "email": null, "logo": null, "latitude": 10.731753, "longitude": 122.552797, "region": "Region VI (Western Visayas)", "province": "Iloilo", "municity": "Iloilo City", "district": "Jaro", "barangay": "Lopez Jaena (Jaro)", "category": "DRRM" }, "geometry": { "type": "Point", "coordinates": [ 122.552797, 10.731753 ] } },
{ "type": "Feature", "properties": { "name": "CALAPARAN BRGY. HALL", "type": "Government", "address": "MGJH+F5F CALAPARAN BRGY.HALL, Villa Arevalo District, Iloilo City, 5000 Iloilo", "facebook": null, "url": null, "contact_mobile": null, "contact_landline": "(033) 338 4187", "email": null, "logo": null, "latitude": 10.681192, "longitude": 122.52791, "region": "Region VI (Western Visayas)", "province": "Iloilo", "municity": "Iloilo City", "district": "Arevalo", "barangay": "Calaparan", "category": "DRRM" }, "geometry": { "type": "Point", "coordinates": [ 122.52791, 10.681192 ] } },
{ "type": "Feature", "properties": { "name": "Melchor L. Nava National High School", "type": "Education", "address": "Z-15 Calaparan, Arevalo, Iloilo City, Iloilo City, Philippines", "facebook": "https://www.facebook.com/people/Melchor-L-Nava-National-High-School/61550706183226/", "url": null, "contact_mobile": null, "contact_landline": "(033) 336 5350", "email": "melchorl.navanhs@gmail.com", "logo": "https://drive.google.com/file/d/1-jfN76XBYCIirsJcZnz3Jh9KgQuh8Vv9/view?usp=sharing", "latitude": 10.682597, "longitude": 122.530065, "region": "Region VI (Western Visayas)", "province": "Iloilo", "municity": "Iloilo City", "district": "Arevalo", "barangay": "Calaparan", "category": "DRRM" }, "geometry": { "type": "Point", "coordinates": [ 122.530065, 10.682597 ] } },
{ "type": "Feature", "properties": { "name": "Brgy. Calaparan Day Care Center", "type": "Education", "address": "MGJH+63F BRGY. CALAPARAN DAY CARE CENTER, 232 Baluarte - Calumpang - Villa - Oton Blvd, Villa Arevalo District, Iloilo City, Iloilo", "facebook": null, "url": null, "contact_mobile": null, "contact_landline": null, "email": null, "logo": null, "latitude": 10.681076, "longitude": 122.527952, "region": "Region VI (Western Visayas)", "province": "Iloilo", "municity": "Iloilo City", "district": "Arevalo", "barangay": "Calaparan", "category": "DRRM" }, "geometry": { "type": "Point", "coordinates": [ 122.527952, 10.681076 ] } },
{ "type": "Feature", "properties": { "name": "Calaparan Day Care Center 3", "type": "Education", "address": "Calaparan Day Care Center 3, Capital, Zone 12 Calaparan Arevalo Iloilo City, Iloilo (Capital, 5000 Iloilo", "facebook": null, "url": null, "contact_mobile": null, "contact_landline": null, "email": null, "logo": null, "latitude": 10.679854, "longitude": 122.526667, "region": "Region VI (Western Visayas)", "province": "Iloilo", "municity": "Iloilo City", "district": "Arevalo", "barangay": "Calaparan", "category": "DRRM" }, "geometry": { "type": "Point", "coordinates": [ 122.526667, 10.679854 ] } },
{ "type": "Feature", "properties": { "name": "CARI MINOR BRGY. MULTI-PURPOSE HALL AND BASKET BALL COURT", "type": "Multipurpose Hall", "address": "QJR2+XC6, Leganes, Iloilo", "facebook": null, "url": null, "contact_mobile": null, "contact_landline": null, "email": null, "logo": null, "latitude": 10.792404, "longitude": 122.601024, "region": "Region VI (Western Visayas)", "province": "Iloilo", "municity": "Leganes", "district": null, "barangay": "Cari Minor", "category": "DRRM" }, "geometry": { "type": "Point", "coordinates": [ 122.601024, 10.792404 ] } },
{ "type": "Feature", "properties": { "name": "Buntatala Barangay Hall", "type": "Government", "address": "QHGM+JV Buntatala Barangay Hall, Leganes, Iloilo", "facebook": null, "url": null, "contact_mobile": null, "contact_landline": null, "email": null, "logo": null, "latitude": 10.776551, "longitude": 122.584714, "region": "Region VI (Western Visayas)", "province": "Iloilo", "municity": "Leganes", "district": null, "barangay": "Buntatala", "category": "DRRM" }, "geometry": { "type": "Point", "coordinates": [ 122.584714, 10.776551 ] } },
{ "type": "Feature", "properties": { "name": "Sto Domingo Barangay Multipurpose Hall", "type": "Multipurpose Hall", "address": "MGR3+RPF Sto Domingo Barangay Multipurpose Hall, Osmeña St, Villa Arevalo District, Iloilo City, 5000 Iloilo", "facebook": null, "url": null, "contact_mobile": null, "contact_landline": "(033) 501 7477", "email": null, "logo": null, "latitude": 10.692056, "longitude": 122.504305, "region": "Region VI (Western Visayas)", "province": "Iloilo", "municity": "Iloilo City", "district": "Arevalo", "barangay": "Santo Domingo", "category": "DRRM" }, "geometry": { "type": "Point", "coordinates": [ 122.504305, 10.692056 ] } },
{ "type": "Feature", "properties": { "name": "Brgy. Hall San Jose Arevalo", "type": "Government", "address": "MGQ8+4JW Brgy.Hall San Jose Arevalo, Villa Arevalo District, Iloilo City, 5000 Iloilo", "facebook": null, "url": null, "contact_mobile": null, "contact_landline": null, "email": null, "logo": null, "latitude": 10.687873, "longitude": 122.516575, "region": "Region VI (Western Visayas)", "province": "Iloilo", "municity": "Iloilo City", "district": "Arevalo", "barangay": "San Jose (Arevalo)", "category": "DRRM" }, "geometry": { "type": "Point", "coordinates": [ 122.516575, 10.687873 ] } },
{ "type": "Feature", "properties": { "name": "Multi-Purpose Hall, Barangay San Jose, Tubungan, Iloilo", "type": "Multipurpose Hall", "address": "MGRC+8MG Multi-Purpose Hall, Barangay San Jose, Tubungan, Iloilo, Villa Arevalo District, Iloilo City, 5027 Iloilo", "facebook": null, "url": null, "contact_mobile": null, "contact_landline": null, "email": null, "logo": null, "latitude": 10.690816, "longitude": 122.521712, "region": "Region VI (Western Visayas)", "province": "Iloilo", "municity": "Iloilo City", "district": "Arevalo", "barangay": "San Jose (Arevalo)", "category": "DRRM" }, "geometry": { "type": "Point", "coordinates": [ 122.521712, 10.690816 ] } },
{ "type": "Feature", "properties": { "name": "Brgy. San Jose Tanod Outpost", "type": "Emergency Response", "address": "MGQ9+X5H Brgy. San Jose Tanod Outpost, Villa Arevalo District, Iloilo City, 5000 Iloilo", "facebook": null, "url": null, "contact_mobile": null, "contact_landline": null, "email": null, "logo": null, "latitude": 10.689932, "longitude": 122.51798, "region": "Region VI (Western Visayas)", "province": "Iloilo", "municity": "Iloilo City", "district": "Arevalo", "barangay": "San Jose (Arevalo)", "category": "DRRM" }, "geometry": { "type": "Point", "coordinates": [ 122.51798, 10.689932 ] } },
{ "type": "Feature", "properties": { "name": "Arevalo Elementary School", "type": "Education", "address": "130 Jocson St, Villa Arevalo District, Iloilo City, Iloilo", "facebook": "https://www.facebook.com/ArevaloElemSch/", "url": null, "contact_mobile": null, "contact_landline": "(033) 337 5772", "email": "arevaloelementary@gmail.com", "logo": "https://drive.google.com/file/d/1e-1bRW0P68iFRjxghGIg4l20Lgm2q70A/view?usp=sharing", "latitude": 10.689426, "longitude": 122.517053, "region": "Region VI (Western Visayas)", "province": "Iloilo", "municity": "Iloilo City", "district": "Arevalo", "barangay": "San Jose (Arevalo)", "category": "DRRM" }, "geometry": { "type": "Point", "coordinates": [ 122.517053, 10.689426 ] } },
{ "type": "Feature", "properties": { "name": "Abilay Sur Barangay Hall", "type": "Government", "address": "PFFV+QH4, National Road, Abilay Sur, Oton, 5020", "facebook": null, "url": null, "contact_mobile": "0916 493 8870", "contact_landline": null, "email": null, "logo": null, "latitude": 10.724384, "longitude": 122.493941, "region": "Region VI (Western Visayas)", "province": "Iloilo", "municity": "Oton", "district": null, "barangay": "Abilay Sur", "category": "DRRM" }, "geometry": { "type": "Point", "coordinates": [ 122.493941, 10.724384 ] } },
{ "type": "Feature", "properties": { "name": "BARANGAY ALEGRE MULTIPURPOSE HALL", "type": "Multipurpose Hall", "address": "MFPV+GGV, Jose P Laurel St, Oton, Iloilo", "facebook": null, "url": null, "contact_mobile": null, "contact_landline": null, "email": null, "logo": null, "latitude": 10.686373, "longitude": 122.493799, "region": "Region VI (Western Visayas)", "province": "Iloilo", "municity": "Oton", "district": null, "barangay": "Alegre", "category": "DRRM" }, "geometry": { "type": "Point", "coordinates": [ 122.493799, 10.686373 ] } },
{ "type": "Feature", "properties": { "name": "Timawa Tanza II Barangay Hall", "type": "Government", "address": "MHW5+93C Timawa Tanza II Barangay Hall, Delgado St, Iloilo City Proper, Iloilo City, 5000 Iloilo", "facebook": null, "url": null, "contact_mobile": "0910 377 2806", "contact_landline": null, "email": null, "logo": null, "latitude": 10.69593, "longitude": 122.557635, "region": "Region VI (Western Visayas)", "province": "Iloilo", "municity": "Iloilo City", "district": "City Proper", "barangay": "Timawa Tanza II", "category": "DRRM" }, "geometry": { "type": "Point", "coordinates": [ 122.557635, 10.69593 ] } },
{ "type": "Feature", "properties": { "name": "Brgy. Timawa Tanza - I (Public Safety Office)", "type": "Government", "address": "Brgy. Timawa Tanza - I, Zone I Tanza St., Brgy. Timawa, Iloilo City, 5000 Iloilo", "facebook": null, "url": null, "contact_mobile": null, "contact_landline": null, "email": null, "logo": null, "latitude": 10.693699, "longitude": 122.556273, "region": "Region VI (Western Visayas)", "province": "Iloilo", "municity": "Iloilo City", "district": "City Proper", "barangay": "Timawa Tanza I", "category": "DRRM" }, "geometry": { "type": "Point", "coordinates": [ 122.556273, 10.693699 ] } },
{ "type": "Feature", "properties": { "name": "Barangay Infante Multi-Purpose Hall", "type": "Multipurpose Hall", "address": "MHV4+J38 BARANGAY INFANTE BARANGAY HALL, West Ave, Iloilo City Proper, Iloilo City, Iloilo", "facebook": "https://www.facebook.com/p/Barangay-Infante-Molo-100067619130906/", "url": null, "contact_mobile": null, "contact_landline": null, "email": null, "logo": "https://drive.google.com/file/d/1lkqIJy4aX-03WNhe35fQZHCMufagEFP_/view?usp=sharing", "latitude": 10.694047, "longitude": 122.555205, "region": "Region VI (Western Visayas)", "province": "Iloilo", "municity": "Iloilo City", "district": "City Proper", "barangay": "Timawa Tanza I", "category": "DRRM" }, "geometry": { "type": "Point", "coordinates": [ 122.555205, 10.694047 ] } },
{ "type": "Feature", "properties": { "name": "Office of the Building Official - Oton", "type": "Government", "address": "101 Mabini St, Oton, Iloilo", "facebook": null, "url": null, "contact_mobile": null, "contact_landline": null, "email": null, "logo": null, "latitude": 10.692054, "longitude": 122.477609, "region": "Region VI (Western Visayas)", "province": "Iloilo", "municity": "Oton", "district": null, "barangay": "Poblacion West", "category": "DRRM" }, "geometry": { "type": "Point", "coordinates": [ 122.477609, 10.692054 ] } },
{ "type": "Feature", "properties": { "name": "Oton Municipal Hall", "type": "Government", "address": "MFRH+R4P, Rizal St, Oton, 5020 Iloilo", "facebook": null, "url": null, "contact_mobile": null, "contact_landline": null, "email": null, "logo": null, "latitude": 10.692087, "longitude": 122.47783, "region": "Region VI (Western Visayas)", "province": "Iloilo", "municity": "Oton", "district": null, "barangay": "Poblacion West", "category": "DRRM" }, "geometry": { "type": "Point", "coordinates": [ 122.47783, 10.692087 ] } },
{ "type": "Feature", "properties": { "name": "Oton Tourism Office", "type": "Government", "address": "MFRH+P67, Rizal St, Oton, Iloilo", "facebook": null, "url": null, "contact_mobile": null, "contact_landline": null, "email": null, "logo": null, "latitude": 10.691796, "longitude": 122.478046, "region": "Region VI (Western Visayas)", "province": "Iloilo", "municity": "Oton", "district": null, "barangay": "Poblacion West", "category": "DRRM" }, "geometry": { "type": "Point", "coordinates": [ 122.478046, 10.691796 ] } },
{ "type": "Feature", "properties": { "name": "Assessor's Office - Oton", "type": "Government", "address": "MFRH+R59, Oton, Iloilo", "facebook": null, "url": null, "contact_mobile": null, "contact_landline": null, "email": null, "logo": null, "latitude": 10.692041, "longitude": 122.477972, "region": "Region VI (Western Visayas)", "province": "Iloilo", "municity": "Oton", "district": null, "barangay": "Poblacion West", "category": "DRRM" }, "geometry": { "type": "Point", "coordinates": [ 122.477972, 10.692041 ] } },
{ "type": "Feature", "properties": { "name": "Executive Assistant I - Municipality Of Oton", "type": "Government", "address": "MFRH+R66, Oton Town Hall, Bonifacio Street, Oton, 5020 Iloilo", "facebook": null, "url": null, "contact_mobile": null, "contact_landline": "(033) 335 1014", "email": null, "logo": null, "latitude": 10.69204, "longitude": 122.478027, "region": "Region VI (Western Visayas)", "province": "Iloilo", "municity": "Oton", "district": null, "barangay": "Poblacion West", "category": "DRRM" }, "geometry": { "type": "Point", "coordinates": [ 122.478027, 10.69204 ] } },
{ "type": "Feature", "properties": { "name": "Bureau of Fire Protection - Oton", "type": "Emergency Response", "address": "MFRH+M5V, Oton, Iloilo", "facebook": null, "url": null, "contact_mobile": null, "contact_landline": null, "email": null, "logo": null, "latitude": 10.691744, "longitude": 122.477926, "region": "Region VI (Western Visayas)", "province": "Iloilo", "municity": "Oton", "district": null, "barangay": "Poblacion West", "category": "DRRM" }, "geometry": { "type": "Point", "coordinates": [ 122.477926, 10.691744 ] } },
{ "type": "Feature", "properties": { "name": "Municipal Civil Registrar Office", "type": "Government", "address": "MFRH+Q54, Oton Municipal Hall, Bonifacio Street, Oton, Iloilo City, 5020", "facebook": null, "url": null, "contact_mobile": null, "contact_landline": null, "email": null, "logo": null, "latitude": 10.6919, "longitude": 122.477959, "region": "Region VI (Western Visayas)", "province": "Iloilo", "municity": "Oton", "district": null, "barangay": "Poblacion West", "category": "DRRM" }, "geometry": { "type": "Point", "coordinates": [ 122.477959, 10.6919 ] } },
{ "type": "Feature", "properties": { "name": "Municipal Disaster Risk Reduction Management Office Oton", "type": "Emergency Response", "address": "MFRH+M59, Iloilo - Antique Rd S, Oton, Iloilo", "facebook": null, "url": null, "contact_mobile": null, "contact_landline": "(033) 335 0920", "email": null, "logo": null, "latitude": 10.691667, "longitude": 122.477985, "region": "Region VI (Western Visayas)", "province": "Iloilo", "municity": "Oton", "district": null, "barangay": "Poblacion West", "category": "DRRM" }, "geometry": { "type": "Point", "coordinates": [ 122.477985, 10.691667 ] } },
{ "type": "Feature", "properties": { "name": "South Coast International School", "type": "Education", "address": "MFVH+FH9 South Coast International School, Rada St, Oton, Iloilo", "facebook": "https://www.facebook.com/SCIS2004/", "url": null, "contact_mobile": null, "contact_landline": "(033) 334 5679; (033) 331 9649", "email": "scis2004@yahoo.com", "logo": "https://drive.google.com/file/d/1pr4BTOeJ0ouMHgqXh7Xyn-yKpImGs0cu/view?usp=sharing", "latitude": 10.693674, "longitude": 122.478975, "region": "Region VI (Western Visayas)", "province": "Iloilo", "municity": "Oton", "district": null, "barangay": "Poblacion West", "category": "DRRM" }, "geometry": { "type": "Point", "coordinates": [ 122.478975, 10.693674 ] } },
{ "type": "Feature", "properties": { "name": "Guardian Angel School", "type": "Education", "address": "MFWF+3M6 Guardian Angel School, Rada St, Oton, Iloilo", "facebook": null, "url": null, "contact_mobile": null, "contact_landline": null, "email": null, "logo": null, "latitude": 10.695166, "longitude": 122.474134, "region": "Region VI (Western Visayas)", "province": "Iloilo", "municity": "Oton", "district": null, "barangay": "Poblacion West", "category": "DRRM" }, "geometry": { "type": "Point", "coordinates": [ 122.474134, 10.695166 ] } },
{ "type": "Feature", "properties": { "name": "The Immaculate Conception Parish", "type": "Faith-Based", "address": "MFVH+4P6, J.C. Zulueta St, Oton, 5020 Iloilo", "facebook": null, "url": null, "contact_mobile": null, "contact_landline": null, "email": null, "logo": null, "latitude": 10.692785, "longitude": 122.479262, "region": "Region VI (Western Visayas)", "province": "Iloilo", "municity": "Oton", "district": null, "barangay": "Poblacion West", "category": "DRRM" }, "geometry": { "type": "Point", "coordinates": [ 122.479262, 10.692785 ] } },
{ "type": "Feature", "properties": { "name": "Oton Town Plaza", "type": "Parks and Open Space", "address": "Mabini St, Oton, Iloilo", "facebook": null, "url": null, "contact_mobile": null, "contact_landline": null, "email": null, "logo": null, "latitude": 10.693181, "longitude": 122.478494, "region": "Region VI (Western Visayas)", "province": "Iloilo", "municity": "Oton", "district": null, "barangay": "Poblacion West", "category": "DRRM" }, "geometry": { "type": "Point", "coordinates": [ 122.478494, 10.693181 ] } },
{ "type": "Feature", "properties": { "name": "San Isidro (Jaro) Barangay Hall", "type": "Government", "address": "PGPW+C9X San Isidro (Jaro) Barangay Hall, Jaro, Iloilo City, 5000 Iloilo", "facebook": null, "url": null, "contact_mobile": null, "contact_landline": null, "email": null, "logo": null, "latitude": 10.73611, "longitude": 122.54599, "region": "Region VI (Western Visayas)", "province": "Iloilo", "municity": "Iloilo City", "district": "Jaro", "barangay": "San Isidro (Jaro)", "category": "DRRM" }, "geometry": { "type": "Point", "coordinates": [ 122.54599, 10.73611 ] } },
{ "type": "Feature", "properties": { "name": "San Isidro (Jaro) Multi-purpose Building", "type": "Multipurpose Hall", "address": "PGPX+JPQ San Isidro (Jaro) Multi-purpose Building, Jaro, Iloilo City, Iloilo", "facebook": null, "url": null, "contact_mobile": null, "contact_landline": null, "email": null, "logo": null, "latitude": 10.736414, "longitude": 122.549296, "region": "Region VI (Western Visayas)", "province": "Iloilo", "municity": "Iloilo City", "district": "Jaro", "barangay": "San Isidro (Jaro)", "category": "DRRM" }, "geometry": { "type": "Point", "coordinates": [ 122.549296, 10.736414 ] } },
{ "type": "Feature", "properties": { "name": "Barangay San Isidro Evacuation Center", "type": "Emergency Response", "address": "Brgy, Jaro, Iloilo City, 5000 Iloilo", "facebook": null, "url": null, "contact_mobile": null, "contact_landline": null, "email": null, "logo": null, "latitude": 10.736219, "longitude": 122.545895, "region": "Region VI (Western Visayas)", "province": "Iloilo", "municity": "Iloilo City", "district": "Jaro", "barangay": "San Isidro (Jaro)", "category": "DRRM" }, "geometry": { "type": "Point", "coordinates": [ 122.545895, 10.736219 ] } },
{ "type": "Feature", "properties": { "name": "Integrated Midwives Association of the Philippines Foundation School of Midwifery", "type": "Education", "address": "129 Lopez Jaena St, Jaro, Iloilo City, 5000 Iloilo", "facebook": "https://www.facebook.com/ImapSchoolIloilo", "url": null, "contact_mobile": null, "contact_landline": "(033) 329 7455", "email": "imapburgos@yahoo.com", "logo": "https://drive.google.com/file/d/1XYdQxGvPTGL9NT-vgO6LWNFqtf77Xbi-/view?usp=sharing", "latitude": 10.73413, "longitude": 122.547948, "region": "Region VI (Western Visayas)", "province": "Iloilo", "municity": "Iloilo City", "district": "Jaro", "barangay": "San Isidro (Jaro)", "category": "DRRM" }, "geometry": { "type": "Point", "coordinates": [ 122.547948, 10.73413 ] } },
{ "type": "Feature", "properties": { "name": "Kid's Nook Integrated School", "type": "Education", "address": "KID'S NOOK INTEGRATED SCHOOL, 151 Lopez Jaena St, Jaro, Iloilo City, 5000 Iloilo", "facebook": null, "url": null, "contact_mobile": "0956 316 6634", "contact_landline": null, "email": null, "logo": null, "latitude": 10.735198, "longitude": 122.546369, "region": "Region VI (Western Visayas)", "province": "Iloilo", "municity": "Iloilo City", "district": "Jaro", "barangay": "San Isidro (Jaro)", "category": "DRRM" }, "geometry": { "type": "Point", "coordinates": [ 122.546369, 10.735198 ] } },
{ "type": "Feature", "properties": { "name": "St. Joseph the Worker Parish Church", "type": "Faith-Based", "address": "Lopez Jaena St, Jaro, Iloilo City, Iloilo", "facebook": null, "url": null, "contact_mobile": null, "contact_landline": "(033) 320 4859", "email": null, "logo": null, "latitude": 10.734746, "longitude": 122.546677, "region": "Region VI (Western Visayas)", "province": "Iloilo", "municity": "Iloilo City", "district": "Jaro", "barangay": "San Isidro (Jaro)", "category": "DRRM" }, "geometry": { "type": "Point", "coordinates": [ 122.546677, 10.734746 ] } },
{ "type": "Feature", "properties": { "name": "Pandac Barangay Hall", "type": "Government", "address": "QG3C+8R5, Pavia, Iloilo", "facebook": null, "url": null, "contact_mobile": null, "contact_landline": null, "email": null, "logo": null, "latitude": 10.753263, "longitude": 122.522113, "region": "Region VI (Western Visayas)", "province": "Iloilo", "municity": "Pavia", "district": null, "barangay": "Pandac", "category": "DRRM" }, "geometry": { "type": "Point", "coordinates": [ 122.522113, 10.753263 ] } },
{ "type": "Feature", "properties": { "name": "Pandac Elementary School", "type": "Education", "address": "QG3F+C24 Pandac Elementary School, Pavia, Iloilo", "facebook": "https://www.facebook.com/PandacES.gov.ph/", "url": null, "contact_mobile": "0947 732 2068", "contact_landline": null, "email": "116642@deped.gov.ph", "logo": "https://drive.google.com/file/d/1fV2B5rU-7zw4BWYYnQs5sHE63bRyLaB_/view?usp=sharing", "latitude": 10.753522, "longitude": 122.522568, "region": "Region VI (Western Visayas)", "province": "Iloilo", "municity": "Pavia", "district": null, "barangay": "Pandac", "category": "DRRM" }, "geometry": { "type": "Point", "coordinates": [ 122.522568, 10.753522 ] } },
{ "type": "Feature", "properties": { "name": "Quiver School Pavia", "type": "Education", "address": "Phase 1 Block 1 Lot 28, Quiver School Pavia, Deca Homes, Pavia, Iloilo", "facebook": "https://www.facebook.com/QuiverSchool", "url": null, "contact_mobile": null, "contact_landline": null, "email": null, "logo": "https://drive.google.com/file/d/1gZkDDVxO7kk2sc53pZUtFDI9Qu-hAU1W/view?usp=sharing", "latitude": 10.753413, "longitude": 122.52077, "region": "Region VI (Western Visayas)", "province": "Iloilo", "municity": "Pavia", "district": null, "barangay": "Pandac", "category": "DRRM" }, "geometry": { "type": "Point", "coordinates": [ 122.52077, 10.753413 ] } },
{ "type": "Feature", "properties": { "name": "Brilliant Kinder School", "type": "Education", "address": "BRILLIANT KINDER SCHOOL, Block 3, Phase 2, Deca Homes Subd., Brgy. Pandac, Pavia, 5001", "facebook": "https://www.facebook.com/brilliantkinderschool/", "url": null, "contact_mobile": null, "contact_landline": "(033) 331 9498", "email": "brilliantkinderschool@gmail.com", "logo": "https://drive.google.com/file/d/1Ck1hqFzfNP2borZRtXxkol5rwHBCg2Ui/view?usp=sharing", "latitude": 10.754573, "longitude": 122.525108, "region": "Region VI (Western Visayas)", "province": "Iloilo", "municity": "Pavia", "district": null, "barangay": "Pandac", "category": "DRRM" }, "geometry": { "type": "Point", "coordinates": [ 122.525108, 10.754573 ] } },
{ "type": "Feature", "properties": { "name": "Pavia Hope Learning Center, Inc.", "type": "Education", "address": "Pavia Hope Learning Center, Inc, Felix Gorriceta Jr. Avenue, Pavia, 5001 Iloilo", "facebook": "https://www.facebook.com/profile.php?id=100093633295738", "url": null, "contact_mobile": "0993 496 9016 / 0960 598 8002", "contact_landline": null, "email": "hopechristiancenter2017@gmail.com", "logo": "https://drive.google.com/file/d/1tBcojYRUL5ABVkQfWYc0J1AO0kEgFI7z/view?usp=sharing", "latitude": 10.75136, "longitude": 122.521788, "region": "Region VI (Western Visayas)", "province": "Iloilo", "municity": "Pavia", "district": null, "barangay": "Pandac", "category": "DRRM" }, "geometry": { "type": "Point", "coordinates": [ 122.521788, 10.75136 ] } },
{ "type": "Feature", "properties": { "name": "FASTEL. Kingdan Telecommunication Services", "type": "Telecommunication", "address": "Blk 62 Lot 1, FASTEL. Kingdan Telecommunication Services, Deca Homes, Pavia, 5001 Iloilo", "facebook": null, "url": null, "contact_mobile": "0930 448 0032", "contact_landline": null, "email": null, "logo": null, "latitude": 10.754841, "longitude": 122.524468, "region": "Region VI (Western Visayas)", "province": "Iloilo", "municity": "Pavia", "district": null, "barangay": "Pandac", "category": "DRRM" }, "geometry": { "type": "Point", "coordinates": [ 122.524468, 10.754841 ] } },
{ "type": "Feature", "properties": { "name": "Ashi’s PISO WIFI", "type": "Telecommunication", "address": "Felix Gorriceta Jr. Avenue, Pavia, 5001 Iloilo", "facebook": null, "url": null, "contact_mobile": "0917 305 3236", "contact_landline": null, "email": null, "logo": null, "latitude": 10.749266, "longitude": 122.519716, "region": "Region VI (Western Visayas)", "province": "Iloilo", "municity": "Pavia", "district": null, "barangay": "Pandac", "category": "DRRM" }, "geometry": { "type": "Point", "coordinates": [ 122.519716, 10.749266 ] } },
{ "type": "Feature", "properties": { "name": "HOPE CHRISTIAN CENTER INC.", "type": "Faith-Based", "address": "QG2C+JM Pavia, Iloilo", "facebook": null, "url": null, "contact_mobile": "0960 598 8064", "contact_landline": null, "email": null, "logo": null, "latitude": 10.751508, "longitude": 122.521712, "region": "Region VI (Western Visayas)", "province": "Iloilo", "municity": "Pavia", "district": null, "barangay": "Pandac", "category": "DRRM" }, "geometry": { "type": "Point", "coordinates": [ 122.521712, 10.751508 ] } },
{ "type": "Feature", "properties": { "name": "Sto Nino Church", "type": "Faith-Based", "address": "QG3C+CFJ, Pavia, Iloilo", "facebook": null, "url": null, "contact_mobile": null, "contact_landline": null, "email": null, "logo": null, "latitude": 10.753581, "longitude": 122.521137, "region": "Region VI (Western Visayas)", "province": "Iloilo", "municity": "Pavia", "district": null, "barangay": "Pandac", "category": "DRRM" }, "geometry": { "type": "Point", "coordinates": [ 122.521137, 10.753581 ] } },
{ "type": "Feature", "properties": { "name": "Campo Alcántara Stadium", "type": "Parks and Open Space", "address": "PGWG+4WH, Pavia, Iloilo", "facebook": null, "url": null, "contact_mobile": null, "contact_landline": null, "email": null, "logo": null, "latitude": 10.745316, "longitude": 122.527359, "region": "Region VI (Western Visayas)", "province": "Iloilo", "municity": "Pavia", "district": null, "barangay": "Pandac", "category": "DRRM" }, "geometry": { "type": "Point", "coordinates": [ 122.527359, 10.745316 ] } },
{ "type": "Feature", "properties": { "name": "Brgy. Esperanza Tanza (Government Office)", "type": "Government", "address": "MHV5+C84 Brgy. Esperanza Tanza, esperanza tanza, Iloilo City Proper, Iloilo City, 5000", "facebook": null, "url": null, "contact_mobile": "0961 170 9751", "contact_landline": null, "email": null, "logo": null, "latitude": 10.69351, "longitude": 122.558319, "region": "Region VI (Western Visayas)", "province": "Iloilo", "municity": "Iloilo City", "district": "City Proper", "barangay": "Tanza-Esperanza", "category": "DRRM" }, "geometry": { "type": "Point", "coordinates": [ 122.558319, 10.69351 ] } },
{ "type": "Feature", "properties": { "name": "Iloilo City Police Station 7", "type": "Emergency Response", "address": "MHV5+C62 Tanza-Esperanza, Iloilo City Proper, Iloilo City, Iloilo", "facebook": null, "url": null, "contact_mobile": null, "contact_landline": null, "email": null, "logo": null, "latitude": 10.693521, "longitude": 122.558017, "region": "Region VI (Western Visayas)", "province": "Iloilo", "municity": "Iloilo City", "district": "City Proper", "barangay": "Tanza-Esperanza", "category": "DRRM" }, "geometry": { "type": "Point", "coordinates": [ 122.558017, 10.693521 ] } },
{ "type": "Feature", "properties": { "name": "A. Bonifacio integrated School", "type": "Education", "address": "MHV5+GW3 A. Bonifacio integrated School, Ledesma St, Iloilo City Proper, Iloilo City, Iloilo", "facebook": "https://www.facebook.com/abes.iloilocity/", "url": null, "contact_mobile": null, "contact_landline": null, "email": null, "logo": "https://drive.google.com/file/d/19R9AxssKCT9CoErCv-0YhVYGlBh14-Qm/view?usp=sharing", "latitude": 10.693757, "longitude": 122.559794, "region": "Region VI (Western Visayas)", "province": "Iloilo", "municity": "Iloilo City", "district": "City Proper", "barangay": "Tanza-Esperanza", "category": "DRRM" }, "geometry": { "type": "Point", "coordinates": [ 122.559794, 10.693757 ] } },
{ "type": "Feature", "properties": { "name": "Dungon-B Barangay Hall", "type": "Government", "address": "Dungon B, Dungon-B Barangay Hall, Jaro, Iloilo City, Iloilo", "facebook": null, "url": null, "contact_mobile": null, "contact_landline": null, "email": null, "logo": null, "latitude": 10.72995, "longitude": 122.544345, "region": "Region VI (Western Visayas)", "province": "Iloilo", "municity": "Iloilo City", "district": "Jaro", "barangay": "Dungon B", "category": "DRRM" }, "geometry": { "type": "Point", "coordinates": [ 122.544345, 10.72995 ] } },
{ "type": "Feature", "properties": { "name": "Tanod Outpost Brgy. Dungon B", "type": "Emergency Response", "address": "PGHV+XV9 Tanod Outpost Brgy. Dungon B, Brgy, Diversion Rd, Jaro, Iloilo City, 5000 Iloilo", "facebook": null, "url": null, "contact_mobile": null, "contact_landline": null, "email": null, "logo": null, "latitude": 10.729915, "longitude": 122.544722, "region": "Region VI (Western Visayas)", "province": "Iloilo", "municity": "Iloilo City", "district": "Jaro", "barangay": "Dungon B", "category": "DRRM" }, "geometry": { "type": "Point", "coordinates": [ 122.544722, 10.729915 ] } },
{ "type": "Feature", "properties": { "name": "Brgy. Tanod Outpost Dungon A", "type": "Emergency Response", "address": "Brgy. Tanod Outpost Dungon A, Brgy, Jaro, Iloilo City, 5000 Iloilo", "facebook": null, "url": null, "contact_mobile": null, "contact_landline": null, "email": null, "logo": null, "latitude": 10.727177, "longitude": 122.548143, "region": "Region VI (Western Visayas)", "province": "Iloilo", "municity": "Iloilo City", "district": "Jaro", "barangay": "Dungon A", "category": "DRRM" }, "geometry": { "type": "Point", "coordinates": [ 122.548143, 10.727177 ] } },
{ "type": "Feature", "properties": { "name": "Dungon A Multi Purpose Hall", "type": "Multipurpose Hall", "address": "PGGX+W94 Dungon A Multi Purpose Hall, Jaro, Iloilo City, Iloilo", "facebook": null, "url": null, "contact_mobile": null, "contact_landline": null, "email": null, "logo": null, "latitude": 10.72723, "longitude": 122.548297, "region": "Region VI (Western Visayas)", "province": "Iloilo", "municity": "Iloilo City", "district": "Jaro", "barangay": "Dungon A", "category": "DRRM" }, "geometry": { "type": "Point", "coordinates": [ 122.548297, 10.72723 ] } },
{ "type": "Feature", "properties": { "name": "Central Philippine University", "type": "Education", "address": "Lopez Jaena St., Jaro 5000 Iloilo City, Philippines", "facebook": "https://www.facebook.com/CentralPhilippineUniversity.CPU/", "url": "http://www.cpu.edu.ph", "contact_mobile": null, "contact_landline": "033-329-1971 / 033-320-3824 / 033-320-36-85", "email": "infocenter@cpu.edu.ph", "logo": "https://drive.google.com/file/d/1d9nHx4avVpbUcyfXKbqsa7h_KQIvCIp0/view?usp=sharing", "latitude": 10.731395, "longitude": 122.546907, "region": "Region VI (Western Visayas)", "province": "Iloilo", "municity": "Iloilo City", "district": "Jaro", "barangay": "Dungon A", "category": "DRRM" }, "geometry": { "type": "Point", "coordinates": [ 122.546907, 10.731395 ] } },
{ "type": "Feature", "properties": { "name": "Western Institute of Technology", "type": "Education", "address": "PGHX+MMM Lopez Jaena St, Jaro, Iloilo City, 5000 Iloilo", "facebook": "https://www.facebook.com/WesternInstituteOfTechnology.Iloilo/", "url": "http://www.wit.edu.ph", "contact_mobile": null, "contact_landline": "(033) 320 0902", "email": "wit@wit.edu.ph", "logo": "https://drive.google.com/file/d/1QdOTgP7KVME6q_iioVGunFfuIglJt6g3/view?usp=sharing", "latitude": 10.729212, "longitude": 122.549184, "region": "Region VI (Western Visayas)", "province": "Iloilo", "municity": "Iloilo City", "district": "Jaro", "barangay": "Dungon A", "category": "DRRM" }, "geometry": { "type": "Point", "coordinates": [ 122.549184, 10.729212 ] } },
{ "type": "Feature", "properties": { "name": "CPU University Church", "type": "Faith-Based", "address": "PGHX+V3W, Jaro, Iloilo City, Iloilo", "facebook": null, "url": null, "contact_mobile": null, "contact_landline": "(033) 329 1971", "email": null, "logo": null, "latitude": 10.72973, "longitude": 122.547713, "region": "Region VI (Western Visayas)", "province": "Iloilo", "municity": "Iloilo City", "district": "Jaro", "barangay": "Dungon A", "category": "DRRM" }, "geometry": { "type": "Point", "coordinates": [ 122.547713, 10.72973 ] } },
{ "type": "Feature", "properties": { "name": "Hua Siong College of Iloilo", "type": "Education", "address": "MHW9+QHH Iznart St, Iloilo City Proper, Iloilo City, Iloilo", "facebook": "https://www.facebook.com/huasiongcollegedepartment/", "url": "huasiong.edu.ph", "contact_mobile": null, "contact_landline": "(033) 337 3679 / (033) 320 3929", "email": "academics@huasiong.edu.ph", "logo": "https://drive.google.com/file/d/1cJpsWWfshAxxyMwLMiuuqZZHqaO4jqvG/view?usp=sharing", "latitude": 10.696934, "longitude": 122.568993, "region": "Region VI (Western Visayas)", "province": "Iloilo", "municity": "Iloilo City", "district": "City Proper", "barangay": "Edganzon", "category": "DRRM" }, "geometry": { "type": "Point", "coordinates": [ 122.568993, 10.696934 ] } },
{ "type": "Feature", "properties": { "name": "ACSI College Iloilo", "type": "Education", "address": "MHW9+5VX Iloilo City Proper, Iloilo City, Iloilo", "facebook": "https://www.facebook.com/acsicollegeiloiloofficial/", "url": null, "contact_mobile": "0945 670 9602", "contact_landline": "(003) 3273674", "email": "acsicollegeiloilo31@gmail.com", "logo": "https://drive.google.com/file/d/1KWyOAEllUFkxhtE9bbBTZbIlOKgr9C3s/view?usp=sharing", "latitude": 10.69549, "longitude": 122.56973, "region": "Region VI (Western Visayas)", "province": "Iloilo", "municity": "Iloilo City", "district": "City Proper", "barangay": "Magsaysay", "category": "DRRM" }, "geometry": { "type": "Point", "coordinates": [ 122.56973, 10.69549 ] } },
{ "type": "Feature", "properties": { "name": "Covered Court", "type": "Multipurpose Hall", "address": "Covered Court, Doane Compound, Iloilo City Proper, Iloilo City, 5000 Iloilo", "facebook": null, "url": null, "contact_mobile": null, "contact_landline": "(033) 337 4682", "email": null, "logo": null, "latitude": 10.702737, "longitude": 122.567726, "region": "Region VI (Western Visayas)", "province": "Iloilo", "municity": "Iloilo City", "district": "City Proper", "barangay": "Danao", "category": "DRRM" }, "geometry": { "type": "Point", "coordinates": [ 122.567726, 10.702737 ] } },
{ "type": "Feature", "properties": { "name": "Cabalum Western College", "type": "Education", "address": "PH29+FCV Iznart St, Iloilo City Proper, Iloilo City, 5000 Iloilo", "facebook": "https://www.facebook.com/cabalumwesterncollege/", "url": "http://www.cabalumwesterncollege.com", "contact_mobile": null, "contact_landline": "(033) 337-25-36 / (033) 337-22-30", "email": "1945cwc@gmail.com", "logo": "https://drive.google.com/file/d/17bdLEHYM0daOgjRBuTodYH3xp_siFvEo/view?usp=sharing", "latitude": 10.701232, "longitude": 122.568556, "region": "Region VI (Western Visayas)", "province": "Iloilo", "municity": "Iloilo City", "district": "City Proper", "barangay": "Danao", "category": "DRRM" }, "geometry": { "type": "Point", "coordinates": [ 122.568556, 10.701232 ] } },
{ "type": "Feature", "properties": { "name": "St. Paul University of Iloilo", "type": "Education", "address": "PH28+PXR General Luna St, Iloilo City Proper, Iloilo City, Iloilo", "facebook": "https://www.facebook.com/spuiloilo/", "url": "http://www.spuiloilo.edu.ph", "contact_mobile": null, "contact_landline": "(033) 338 1097", "email": "info@spuiloilo.edu.ph", "logo": "https://drive.google.com/file/d/1ATEQHjsSnWia9tyZsU8ZhYNMXyYdAsKE/view?usp=sharing", "latitude": 10.701852, "longitude": 122.567403, "region": "Region VI (Western Visayas)", "province": "Iloilo", "municity": "Iloilo City", "district": "City Proper", "barangay": "Danao", "category": "DRRM" }, "geometry": { "type": "Point", "coordinates": [ 122.567403, 10.701852 ] } },
{ "type": "Feature", "properties": { "name": "STO. NIÑO MISSION CHAPEL", "type": "Faith-Based", "address": "MHX8+QQM, Delgado, Valeria St, Iloilo City Proper, Iloilo City, Iloilo", "facebook": null, "url": null, "contact_mobile": null, "contact_landline": "3368562", "email": null, "logo": null, "latitude": 10.699473, "longitude": 122.566915, "region": "Region VI (Western Visayas)", "province": "Iloilo", "municity": "Iloilo City", "district": "City Proper", "barangay": "Danao", "category": "DRRM" }, "geometry": { "type": "Point", "coordinates": [ 122.566915, 10.699473 ] } },
{ "type": "Feature", "properties": { "name": "Camangay Barangay Hall Leganes", "type": "Government", "address": "QH6V+RQF, Coastal Road, Jaro, Leganes, 5000 Iloilo", "facebook": null, "url": null, "contact_mobile": null, "contact_landline": null, "email": null, "logo": null, "latitude": 10.762068, "longitude": 122.594437, "region": "Region VI (Western Visayas)", "province": "Iloilo", "municity": "Leganes", "district": null, "barangay": "Camangay", "category": "DRRM" }, "geometry": { "type": "Point", "coordinates": [ 122.594437, 10.762068 ] } },
{ "type": "Feature", "properties": { "name": "General Hughes Barangay Hall", "type": "Government", "address": "MHQG+WH7 General Hughes Barangay Hall, General Hughes Street, Iloilo City Proper, Iloilo City, 5000 Iloilo", "facebook": null, "url": null, "contact_mobile": null, "contact_landline": null, "email": null, "logo": null, "latitude": 10.689783, "longitude": 122.576416, "region": "Region VI (Western Visayas)", "province": "Iloilo", "municity": "Iloilo City", "district": "City Proper", "barangay": "General Hughes-Montes", "category": "DRRM" }, "geometry": { "type": "Point", "coordinates": [ 122.576416, 10.689783 ] } },
{ "type": "Feature", "properties": { "name": "Colegio del Sagrado Corazon de Jesus", "type": "Education", "address": "MHRG+73C General Hughes Street, City Proper, Iloilo City, 5000 Iloilo", "facebook": "https://www.facebook.com/CSCJSACREDHEARTOFJESUS/", "url": "http://www.cscj.edu.ph", "contact_mobile": null, "contact_landline": "(033) 337 4654", "email": "admin@cscj.edu.ph", "logo": "https://drive.google.com/file/d/1JuzERWeKhCdoW2KPZLsMhZ-eeSrPIUfh/view?usp=sharing", "latitude": 10.690686, "longitude": 122.575141, "region": "Region VI (Western Visayas)", "province": "Iloilo", "municity": "Iloilo City", "district": "City Proper", "barangay": "General Hughes-Montes", "category": "DRRM" }, "geometry": { "type": "Point", "coordinates": [ 122.575141, 10.690686 ] } },
{ "type": "Feature", "properties": { "name": "BLCA Multi-Purpose Hall", "type": "Multipurpose Hall", "address": "QJW5+PC6, Leganes, Iloilo", "facebook": null, "url": null, "contact_mobile": null, "contact_landline": null, "email": null, "logo": null, "latitude": 10.79678, "longitude": 122.608505, "region": "Region VI (Western Visayas)", "province": "Iloilo", "municity": "Leganes", "district": null, "barangay": "Cari Mayor", "category": "DRRM" }, "geometry": { "type": "Point", "coordinates": [ 122.608505, 10.79678 ] } },
{ "type": "Feature", "properties": { "name": "Leganes Vision Church", "type": "Faith-Based", "address": "QJW5+978, Leganes, Iloilo", "facebook": null, "url": null, "contact_mobile": null, "contact_landline": null, "email": null, "logo": null, "latitude": 10.795915, "longitude": 122.60819, "region": "Region VI (Western Visayas)", "province": "Iloilo", "municity": "Leganes", "district": null, "barangay": "Cari Mayor", "category": "DRRM" }, "geometry": { "type": "Point", "coordinates": [ 122.60819, 10.795915 ] } },
{ "type": "Feature", "properties": { "name": "Botong Barangay Hall", "type": "Government", "address": "MCPQ+3CJ, National Road, Botong, Oton, 5020 Iloilo", "facebook": null, "url": null, "contact_mobile": null, "contact_landline": "(033) 338 4182", "email": null, "logo": null, "latitude": 10.68521, "longitude": 122.438526, "region": "Region VI (Western Visayas)", "province": "Iloilo", "municity": "Oton", "district": null, "barangay": "Botong", "category": "DRRM" }, "geometry": { "type": "Point", "coordinates": [ 122.438526, 10.68521 ] } },
{ "type": "Feature", "properties": { "name": "Botong Oton Seventh Day Adventist Church", "type": "Faith-Based", "address": "MCPV+RVR, Oton, Iloilo", "facebook": null, "url": null, "contact_mobile": null, "contact_landline": null, "email": null, "logo": null, "latitude": 10.687106, "longitude": 122.44465, "region": "Region VI (Western Visayas)", "province": "Iloilo", "municity": "Oton", "district": null, "barangay": "Botong", "category": "DRRM" }, "geometry": { "type": "Point", "coordinates": [ 122.44465, 10.687106 ] } },
{ "type": "Feature", "properties": { "name": "Pagsanga-an Barangay Hall", "type": "Government", "address": "QH83+443, Pavia, Pagsanga-an Road, Pavia, Iloilo", "facebook": null, "url": null, "contact_mobile": null, "contact_landline": null, "email": null, "logo": null, "latitude": 10.76527, "longitude": 122.552808, "region": "Region VI (Western Visayas)", "province": "Iloilo", "municity": "Pavia", "district": null, "barangay": "Pagsanga-an", "category": "DRRM" }, "geometry": { "type": "Point", "coordinates": [ 122.552808, 10.76527 ] } },
{ "type": "Feature", "properties": { "name": "Cabugao Norte(Pavia) Barangay Hall", "type": "Government", "address": "QGPW+M74, Pavia, Iloilo", "facebook": null, "url": null, "contact_mobile": null, "contact_landline": null, "email": null, "logo": null, "latitude": 10.786633, "longitude": 122.545715, "region": "Region VI (Western Visayas)", "province": "Iloilo", "municity": "Pavia", "district": null, "barangay": "Cabugao Norte", "category": "DRRM" }, "geometry": { "type": "Point", "coordinates": [ 122.545715, 10.786633 ] } },
{ "type": "Feature", "properties": { "name": "GATORS TALIPAPA", "type": "Public Market", "address": "QGPW+5F9, Cabugao Norte, Pavia, Iloilo", "facebook": null, "url": null, "contact_mobile": null, "contact_landline": null, "email": null, "logo": null, "latitude": 10.785415, "longitude": 122.546232, "region": "Region VI (Western Visayas)", "province": "Iloilo", "municity": "Pavia", "district": null, "barangay": "Cabugao Norte", "category": "DRRM" }, "geometry": { "type": "Point", "coordinates": [ 122.546232, 10.785415 ] } },
{ "type": "Feature", "properties": { "name": "Tanod Outpost", "type": "Emergency Response", "address": "Block 5, Brgy. Sinikway, Lapuz, Iloilo City, 5000 Iloilo", "facebook": null, "url": null, "contact_mobile": null, "contact_landline": null, "email": null, "logo": null, "latitude": 10.705934, "longitude": 122.57689, "region": "Region VI (Western Visayas)", "province": "Iloilo", "municity": "Iloilo City", "district": "Lapuz", "barangay": "Sinikway (Bangkerohan Lapuz)", "category": "DRRM" }, "geometry": { "type": "Point", "coordinates": [ 122.57689, 10.705934 ] } },
{ "type": "Feature", "properties": { "name": "Mali-ao Barangay Hall", "type": "Government", "address": "QGGM+5F5 Barrio Road, Pavia, Iloilo", "facebook": null, "url": null, "contact_mobile": null, "contact_landline": null, "email": null, "logo": null, "latitude": 10.775399, "longitude": 122.533741, "region": "Region VI (Western Visayas)", "province": "Iloilo", "municity": "Pavia", "district": null, "barangay": "Mali-ao", "category": "DRRM" }, "geometry": { "type": "Point", "coordinates": [ 122.533741, 10.775399 ] } },
{ "type": "Feature", "properties": { "name": "Mali-Ao Day Care Center", "type": "Education", "address": "QGGQ+63Q Mali-Ao Day Care Center, Brgy, Pavia, 5001 Iloilo", "facebook": null, "url": null, "contact_mobile": null, "contact_landline": null, "email": null, "logo": null, "latitude": 10.775407, "longitude": 122.533721, "region": "Region VI (Western Visayas)", "province": "Iloilo", "municity": "Pavia", "district": null, "barangay": "Mali-ao", "category": "DRRM" }, "geometry": { "type": "Point", "coordinates": [ 122.533721, 10.775407 ] } },
{ "type": "Feature", "properties": { "name": "Iglesia Ni Cristo - Lokal ng Pavia [Iloilo South]", "type": "Faith-Based", "address": "QGFP+WJW, 28 Mali-ao Barrio Rd, Pavia, Iloilo", "facebook": null, "url": null, "contact_mobile": null, "contact_landline": null, "email": null, "logo": null, "latitude": 10.774863, "longitude": 122.536578, "region": "Region VI (Western Visayas)", "province": "Iloilo", "municity": "Pavia", "district": null, "barangay": "Mali-ao", "category": "DRRM" }, "geometry": { "type": "Point", "coordinates": [ 122.536578, 10.774863 ] } },
{ "type": "Feature", "properties": { "name": "Cabugao Norte", "type": "Government", "address": "RG2R+FXF, Santa Barbara Barangay Hall, Santa Barbara, 5002 Iloilo", "facebook": null, "url": null, "contact_mobile": null, "contact_landline": "(033) 523 9732", "email": null, "logo": null, "latitude": 10.801178, "longitude": 122.542418, "region": "Region VI (Western Visayas)", "province": "Iloilo", "municity": "Santa Barbara", "district": null, "barangay": "Cabugao Norte", "category": "DRRM" }, "geometry": { "type": "Point", "coordinates": [ 122.542418, 10.801178 ] } },
{ "type": "Feature", "properties": { "name": "Oton PNP Compac Station", "type": "Emergency Response", "address": "MCMM+P6M, Oton, Iloilo", "facebook": null, "url": null, "contact_mobile": null, "contact_landline": null, "email": null, "logo": null, "latitude": 10.684346, "longitude": 122.433036, "region": "Region VI (Western Visayas)", "province": "Iloilo", "municity": "Oton", "district": null, "barangay": "Cabanbanan", "category": "DRRM" }, "geometry": { "type": "Point", "coordinates": [ 122.433036, 10.684346 ] } },
{ "type": "Feature", "properties": { "name": "San Isidro Labrador Church", "type": "Faith-Based", "address": "PFMP+73V Oton - San Jose-Santa Barbara Rd, Oton, Iloilo", "facebook": null, "url": null, "contact_mobile": null, "contact_landline": null, "email": null, "logo": null, "latitude": 10.733248, "longitude": 122.485167, "region": "Region VI (Western Visayas)", "province": "Iloilo", "municity": "Oton", "district": null, "barangay": "Mambog", "category": "DRRM" }, "geometry": { "type": "Point", "coordinates": [ 122.485167, 10.733248 ] } },
{ "type": "Feature", "properties": { "name": "Sitio Mainuswagon Plaza", "type": "Parks and Open Space", "address": "HJ95+44H, Sibunag, Guimaras", "facebook": null, "url": null, "contact_mobile": null, "contact_landline": null, "email": null, "logo": null, "latitude": 10.567829, "longitude": 122.607848, "region": "Region VI (Western Visayas)", "province": "Guimaras", "municity": "Sibunag", "district": null, "barangay": "Millan", "category": "DRRM" }, "geometry": { "type": "Point", "coordinates": [ 122.607848, 10.567829 ] } },
{ "type": "Feature", "properties": { "name": "DOH", "type": "Government", "address": "RG7J+V5C, Brgy, Santa Barbara, Iloilo", "facebook": null, "url": null, "contact_mobile": null, "contact_landline": null, "email": null, "logo": null, "latitude": 10.814678, "longitude": 122.5304, "region": "Region VI (Western Visayas)", "province": "Iloilo", "municity": "Santa Barbara", "district": null, "barangay": "Bolong Oeste", "category": "DRRM" }, "geometry": { "type": "Point", "coordinates": [ 122.5304, 10.814678 ] } },
{ "type": "Feature", "properties": { "name": "Department of Health Regional Office VI", "type": "Government", "address": "RG7J+46G, Jaro, Santa Barbara, Iloilo", "facebook": "https://www.facebook.com/DOHWesternVisayasCHD/?_rdc=2&_rdr#", "url": "https://bit.ly/igdohwvchd", "contact_mobile": null, "contact_landline": null, "email": null, "logo": null, "latitude": 10.812807, "longitude": 122.530593, "region": "Region VI (Western Visayas)", "province": "Iloilo", "municity": "Santa Barbara", "district": null, "barangay": "Bolong Oeste", "category": "DRRM" }, "geometry": { "type": "Point", "coordinates": [ 122.530593, 10.812807 ] } },
{ "type": "Feature", "properties": { "name": "Solid Rock Baptist School of Sta. Barbara", "type": "Education", "address": "RG8M+WRP Solid Rock Baptist School Of Sta. Barbara, Marietta Homes, Santa Barbara, Iloilo", "facebook": "https://www.facebook.com/people/Solid-Rock-Baptist-School-of-Santa-Barbara-Incorporated/100064322405111/", "url": null, "contact_mobile": "0929 563 2832", "contact_landline": null, "email": null, "logo": "https://drive.google.com/file/d/1haMX8DjykGk3za0VSnaisiZAdlYyvvVw/view?usp=sharing", "latitude": 10.817336, "longitude": 122.53459, "region": "Region VI (Western Visayas)", "province": "Iloilo", "municity": "Santa Barbara", "district": null, "barangay": "Bolong Oeste", "category": "DRRM" }, "geometry": { "type": "Point", "coordinates": [ 122.53459, 10.817336 ] } },
{ "type": "Feature", "properties": { "name": "Fundamental Baptist Church", "type": "Faith-Based", "address": "RG8M+XRF, Santa Barbara, Iloilo", "facebook": null, "url": null, "contact_mobile": null, "contact_landline": null, "email": null, "logo": null, "latitude": 10.81743, "longitude": 122.534561, "region": "Region VI (Western Visayas)", "province": "Iloilo", "municity": "Santa Barbara", "district": null, "barangay": "Bolong Oeste", "category": "DRRM" }, "geometry": { "type": "Point", "coordinates": [ 122.534561, 10.81743 ] } },
{ "type": "Feature", "properties": { "name": "Gua-An Multi-Purpose Hall", "type": "Multipurpose Hall", "address": "QJJ7+JV3, Coastal Rd, Leganes, Iloilo", "facebook": null, "url": null, "contact_mobile": null, "contact_landline": null, "email": null, "logo": null, "latitude": 10.781508, "longitude": 122.614665, "region": "Region VI (Western Visayas)", "province": "Iloilo", "municity": "Leganes", "district": null, "barangay": "Gua-an", "category": "DRRM" }, "geometry": { "type": "Point", "coordinates": [ 122.614665, 10.781508 ] } },
{ "type": "Feature", "properties": { "name": "Fajardo Barangay Hall", "type": "Government", "address": "PHG3+FMQ Fajardo Barangay Hall, Fajardo St, Jaro, Iloilo City, 5000 Iloilo", "facebook": null, "url": null, "contact_mobile": null, "contact_landline": null, "email": null, "logo": null, "latitude": 10.726215, "longitude": 122.554221, "region": "Region VI (Western Visayas)", "province": "Iloilo", "municity": "Iloilo City", "district": "Jaro", "barangay": "Fajardo", "category": "DRRM" }, "geometry": { "type": "Point", "coordinates": [ 122.554221, 10.726215 ] } },
{ "type": "Feature", "properties": { "name": "Fgcc Iloilo", "type": "Faith-Based", "address": "6 Fajardo St, Jaro, Iloilo City, Iloilo", "facebook": null, "url": "https://fgccph.com/", "contact_mobile": null, "contact_landline": null, "email": null, "logo": null, "latitude": 10.726453, "longitude": 122.554508, "region": "Region VI (Western Visayas)", "province": "Iloilo", "municity": "Iloilo City", "district": "Jaro", "barangay": "Fajardo", "category": "DRRM" }, "geometry": { "type": "Point", "coordinates": [ 122.554508, 10.726453 ] } },
{ "type": "Feature", "properties": { "name": "Luna (La Paz) Barangay Hall", "type": "Government", "address": "PH48+V9J La Paz, Iloilo City, 5000 Iloilo", "facebook": null, "url": null, "contact_mobile": null, "contact_landline": "(033) 503 3045", "email": null, "logo": null, "latitude": 10.707219, "longitude": 122.565902, "region": "Region VI (Western Visayas)", "province": "Iloilo", "municity": "Iloilo City", "district": "La Paz", "barangay": "Luna (La Paz)", "category": "DRRM" }, "geometry": { "type": "Point", "coordinates": [ 122.565902, 10.707219 ] } },
{ "type": "Feature", "properties": { "name": "Philhealth Region 6 Office", "type": "Government", "address": "PH48+VRJ Gaisano Malll Luna St., La Paz, Iloilo City, 5000 Iloilo", "facebook": null, "url": "https://www.philhealth.gov.ph/", "contact_mobile": null, "contact_landline": "(033) 501 9160", "email": null, "logo": "https://drive.google.com/file/d/127YKugmAXg4w7XkiQIOw1bKKOSU5yvve/view?usp=sharing", "latitude": 10.707201, "longitude": 122.567006, "region": "Region VI (Western Visayas)", "province": "Iloilo", "municity": "Iloilo City", "district": "La Paz", "barangay": "Luna (La Paz)", "category": "DRRM" }, "geometry": { "type": "Point", "coordinates": [ 122.567006, 10.707201 ] } },
{ "type": "Feature", "properties": { "name": "Barangay Bolilao Multi-Purpose Building", "type": "Multipurpose Hall", "address": "PH63+FV9 Brgy. Mandurriao, Iloilo City, Iloilo", "facebook": null, "url": null, "contact_mobile": null, "contact_landline": null, "email": null, "logo": null, "latitude": 10.711157, "longitude": 122.554749, "region": "Region VI (Western Visayas)", "province": "Iloilo", "municity": "Iloilo City", "district": "Mandurriao", "barangay": "Bolilao", "category": "DRRM" }, "geometry": { "type": "Point", "coordinates": [ 122.554749, 10.711157 ] } },
{ "type": "Feature", "properties": { "name": "Barangay South Baluarte Multipurpose Hall", "type": "Multipurpose Hall", "address": "MHR2+92 Iloilo City, Iloilo", "facebook": null, "url": null, "contact_mobile": null, "contact_landline": "(033) 335 0940", "email": null, "logo": null, "latitude": 10.690984, "longitude": 122.550077, "region": "Region VI (Western Visayas)", "province": "Iloilo", "municity": "Iloilo City", "district": "Molo", "barangay": "South Baluarte", "category": "DRRM" }, "geometry": { "type": "Point", "coordinates": [ 122.550077, 10.690984 ] } },
{ "type": "Feature", "properties": { "name": "Brgy. Sta. Rosa Brgy Hall", "type": "Government", "address": "PGGW+J9F Brgy. Sta. Rosa Bgry Hall, Jaro, Iloilo City, Iloilo", "facebook": null, "url": null, "contact_mobile": null, "contact_landline": null, "email": null, "logo": null, "latitude": 10.726556, "longitude": 122.545909, "region": "Region VI (Western Visayas)", "province": "Iloilo", "municity": "Iloilo City", "district": "Mandurriao", "barangay": "PHHC Block 17", "category": "DRRM" }, "geometry": { "type": "Point", "coordinates": [ 122.545909, 10.726556 ] } },
{ "type": "Feature", "properties": { "name": "Brgy. PHHC Blk 17 Hall", "type": "Government", "address": "PGFR+QP8 Mandurriao, Iloilo City, Iloilo", "facebook": null, "url": null, "contact_mobile": null, "contact_landline": null, "email": null, "logo": null, "latitude": 10.724401, "longitude": 122.541821, "region": "Region VI (Western Visayas)", "province": "Iloilo", "municity": "Iloilo City", "district": "Mandurriao", "barangay": "PHHC Block 17", "category": "DRRM" }, "geometry": { "type": "Point", "coordinates": [ 122.541821, 10.724401 ] } },
{ "type": "Feature", "properties": { "name": "Day Care Center (Iloilo City)", "type": "Education", "address": "Block 17, Day Care Center, Brgy. PHHC , Mandurriao, Iloilo City, 5000 Iloilo", "facebook": null, "url": null, "contact_mobile": null, "contact_landline": null, "email": null, "logo": null, "latitude": 10.72455, "longitude": 122.541701, "region": "Region VI (Western Visayas)", "province": "Iloilo", "municity": "Iloilo City", "district": "Mandurriao", "barangay": "PHHC Block 17", "category": "DRRM" }, "geometry": { "type": "Point", "coordinates": [ 122.541701, 10.72455 ] } },
{ "type": "Feature", "properties": { "name": "Lawi Barangay Plaza", "type": "Parks and Open Space", "address": "HG4P+M72, Barangay Lawi, Jordan, Lalawigan ng Guimaras", "facebook": null, "url": null, "contact_mobile": null, "contact_landline": null, "email": null, "logo": null, "latitude": 10.556644, "longitude": 122.535627, "region": "Region VI (Western Visayas)", "province": "Guimaras", "municity": "Jordan", "district": null, "barangay": "Lawi", "category": "DRRM" }, "geometry": { "type": "Point", "coordinates": [ 122.535627, 10.556644 ] } },
{ "type": "Feature", "properties": { "name": "Sampaguita Barangay Hall", "type": "Government", "address": "MHX8+Q92 Sampaguita Barangay Hall, Iloilo City Proper, Iloilo City, Iloilo", "facebook": "https://www.facebook.com/profile.php?id=100064059454130&locale=en_GB", "url": null, "contact_mobile": null, "contact_landline": null, "email": null, "logo": "https://drive.google.com/file/d/1AatvJJjOlGxWJ8UdBHaqlrTA5-OlorGY/view?usp=sharing", "latitude": 10.699385, "longitude": 122.565875, "region": "Region VI (Western Visayas)", "province": "Iloilo", "municity": "Iloilo City", "district": "City Proper", "barangay": "Sampaguita", "category": "DRRM" }, "geometry": { "type": "Point", "coordinates": [ 122.565875, 10.699385 ] } },
{ "type": "Feature", "properties": { "name": "ABE International Business College-Iloilo", "type": "Education", "address": "MHX7+9XV, Iloilo City Proper, Iloilo City, Iloilo", "facebook": "https://www.facebook.com/iloiloabe/", "url": "http://www.amaes.edu.ph", "contact_mobile": null, "contact_landline": "(033)3362515 / (033) 336 2515 / (033)3362515", "email": "abe_iloilo@amaes.edu.ph", "logo": "https://drive.google.com/file/d/1ZxD8tQlwC6qRACi-VmLa0jqkmdbXefWo/view?usp=sharing", "latitude": 10.698488, "longitude": 122.564922, "region": "Region VI (Western Visayas)", "province": "Iloilo", "municity": "Iloilo City", "district": "City Proper", "barangay": "Sampaguita", "category": "DRRM" }, "geometry": { "type": "Point", "coordinates": [ 122.564922, 10.698488 ] } },
{ "type": "Feature", "properties": { "name": "ACLC College of Iloilo", "type": "Education", "address": "22 Delgado St, Iloilo City Proper, Iloilo City, Iloilo", "facebook": "https://www.facebook.com/aclccollegeiloilo/", "url": "http://www.aclc.edu.ph/", "contact_mobile": "0938 701 4614", "contact_landline": "033 320-8307", "email": "aclc_iloilo@amaes.edu.ph", "logo": "https://drive.google.com/file/d/1TJAieKM_COXWdL_0WO7TmraE_caTUOqv/view?usp=sharing", "latitude": 10.697991, "longitude": 122.566019, "region": "Region VI (Western Visayas)", "province": "Iloilo", "municity": "Iloilo City", "district": "City Proper", "barangay": "Sampaguita", "category": "DRRM" }, "geometry": { "type": "Point", "coordinates": [ 122.566019, 10.697991 ] } },
{ "type": "Feature", "properties": { "name": "Oñate de Leon Barangay Hall", "type": "Government", "address": "PG8P+PGF Mandurriao, Iloilo City, Iloilo", "facebook": null, "url": null, "contact_mobile": null, "contact_landline": null, "email": null, "logo": null, "latitude": 10.716809, "longitude": 122.536304, "region": "Region VI (Western Visayas)", "province": "Iloilo", "municity": "Iloilo City", "district": "Mandurriao", "barangay": "Oñate de Leon", "category": "DRRM" }, "geometry": { "type": "Point", "coordinates": [ 122.536304, 10.716809 ] } },
{ "type": "Feature", "properties": { "name": "Mandurriao Police Station", "type": "Emergency Response", "address": "PG8P+JHM Mandurriao Police Station, Mandurriao, Iloilo City, 5000 Iloilo", "facebook": null, "url": null, "contact_mobile": null, "contact_landline": "(033) 333 2734", "email": null, "logo": null, "latitude": 10.716587, "longitude": 122.536412, "region": "Region VI (Western Visayas)", "province": "Iloilo", "municity": "Iloilo City", "district": "Mandurriao", "barangay": "Oñate de Leon", "category": "DRRM" }, "geometry": { "type": "Point", "coordinates": [ 122.536412, 10.716587 ] } },
{ "type": "Feature", "properties": { "name": "Mandurriao Fire Sub-Station", "type": "Emergency Response", "address": "PG8P+MHC Mandurriao Fire Sub Station, Guzman Jesena St, Mandurriao, Iloilo City, 5000 Iloilo", "facebook": null, "url": null, "contact_mobile": null, "contact_landline": "(033) 321 0779", "email": null, "logo": null, "latitude": 10.716677, "longitude": 122.536405, "region": "Region VI (Western Visayas)", "province": "Iloilo", "municity": "Iloilo City", "district": "Mandurriao", "barangay": "Oñate de Leon", "category": "DRRM" }, "geometry": { "type": "Point", "coordinates": [ 122.536405, 10.716677 ] } },
{ "type": "Feature", "properties": { "name": "Civil Service Commission Regional Office No. 6", "type": "Government", "address": "PG8P+PWC 7 Onate De Leon St, Mandurriao, Iloilo City, 5000 Iloilo", "facebook": null, "url": "https://www.csc.gov.ph/", "contact_mobile": null, "contact_landline": "(033) 321 1253", "email": null, "logo": null, "latitude": 10.717087, "longitude": 122.537346, "region": "Region VI (Western Visayas)", "province": "Iloilo", "municity": "Iloilo City", "district": "Mandurriao", "barangay": "Oñate de Leon", "category": "DRRM" }, "geometry": { "type": "Point", "coordinates": [ 122.537346, 10.717087 ] } },
{ "type": "Feature", "properties": { "name": "Espousal of Our Lady Parish Church", "type": "Faith-Based", "address": "C. F Perfecto Street, Mandurriao, Iloilo City, Iloilo", "facebook": null, "url": null, "contact_mobile": null, "contact_landline": "(033) 321 0030", "email": null, "logo": null, "latitude": 10.717692, "longitude": 122.536263, "region": "Region VI (Western Visayas)", "province": "Iloilo", "municity": "Iloilo City", "district": "Mandurriao", "barangay": "Oñate de Leon", "category": "DRRM" }, "geometry": { "type": "Point", "coordinates": [ 122.536263, 10.717692 ] } },
{ "type": "Feature", "properties": { "name": "Forest Lake Memorial Parks - Iloilo", "type": "Parks and Open Space", "address": "Onate Ext., Brgy, Mandurriao, Iloilo City, Iloilo", "facebook": null, "url": null, "contact_mobile": null, "contact_landline": "(033) 321 2789", "email": null, "logo": null, "latitude": 10.709501, "longitude": 122.529447, "region": "Region VI (Western Visayas)", "province": "Iloilo", "municity": "Iloilo City", "district": "Mandurriao", "barangay": "Oñate de Leon", "category": "DRRM" }, "geometry": { "type": "Point", "coordinates": [ 122.529447, 10.709501 ] } },
{ "type": "Feature", "properties": { "name": "NAVAIS BASKETBALL COURT", "type": "Multipurpose Hall", "address": "PG3M+JCJ Unnamed Road, Mandurriao, Iloilo City, Iloilo", "facebook": null, "url": null, "contact_mobile": null, "contact_landline": null, "email": null, "logo": null, "latitude": 10.704089, "longitude": 122.533506, "region": "Region VI (Western Visayas)", "province": "Iloilo", "municity": "Iloilo City", "district": "Mandurriao", "barangay": "Navais", "category": "DRRM" }, "geometry": { "type": "Point", "coordinates": [ 122.533506, 10.704089 ] } },
{ "type": "Feature", "properties": { "name": "Brgy. Hall - Guzman-Jesena", "type": "Government", "address": "Guzman, Jesena St, Mandurriao, Iloilo City, Iloilo", "facebook": null, "url": null, "contact_mobile": null, "contact_landline": null, "email": null, "logo": null, "latitude": 10.722341, "longitude": 122.530899, "region": "Region VI (Western Visayas)", "province": "Iloilo", "municity": "Iloilo City", "district": "Mandurriao", "barangay": "Guzman-Jesena", "category": "DRRM" }, "geometry": { "type": "Point", "coordinates": [ 122.530899, 10.722341 ] } },
{ "type": "Feature", "properties": { "name": "Inter-faith Global Church", "type": "Faith-Based", "address": "57 Guzman St, Mandurriao, Iloilo City, 5000 Iloilo", "facebook": "https://www.facebook.com/IGCIloilo?_rdc=1&_rdr#", "url": null, "contact_mobile": null, "contact_landline": null, "email": "igciloilo2021@gmail.com", "logo": "https://drive.google.com/file/d/1f_E-njEJ79c3RDNDgIogampjS5XRezQB/view?usp=sharing", "latitude": 10.723992, "longitude": 122.530926, "region": "Region VI (Western Visayas)", "province": "Iloilo", "municity": "Iloilo City", "district": "Mandurriao", "barangay": "Guzman-Jesena", "category": "DRRM" }, "geometry": { "type": "Point", "coordinates": [ 122.530926, 10.723992 ] } },
{ "type": "Feature", "properties": { "name": "Brgy. Bonifacio Barangay Hall", "type": "Government", "address": "MGP4+CQJ Brgy. Bonifacio Barangay Hall, Bonifacio St, Villa Arevalo District, Iloilo City, Iloilo", "facebook": "https://www.facebook.com/barangay.bonifacio.arevalo", "url": null, "contact_mobile": null, "contact_landline": null, "email": null, "logo": "https://drive.google.com/file/d/1FQTMwjLvS7tD6Xb-lWHy-a1xPT_vihcO/view?usp=sharing", "latitude": 10.686079, "longitude": 122.506887, "region": "Region VI (Western Visayas)", "province": "Iloilo", "municity": "Iloilo City", "district": "Arevalo", "barangay": "Bonifacio (Arevalo)", "category": "DRRM" }, "geometry": { "type": "Point", "coordinates": [ 122.506887, 10.686079 ] } },
{ "type": "Feature", "properties": { "name": "Sto. Domingo Elementary School", "type": "Education", "address": "9 Guanco St, Villa Arevalo District, Iloilo City, Iloilo", "facebook": null, "url": null, "contact_mobile": null, "contact_landline": null, "email": "stodomingoelementaryschool@gmail.com", "logo": null, "latitude": 10.689098, "longitude": 122.506675, "region": "Region VI (Western Visayas)", "province": "Iloilo", "municity": "Iloilo City", "district": "Arevalo", "barangay": "Bonifacio (Arevalo)", "category": "DRRM" }, "geometry": { "type": "Point", "coordinates": [ 122.506675, 10.689098 ] } },
{ "type": "Feature", "properties": { "name": "Sibunag Municipal Hall", "type": "Government", "address": "GJ3J+RFJ, Sibunag, Guimaras", "facebook": null, "url": null, "contact_mobile": null, "contact_landline": null, "email": null, "logo": null, "latitude": 10.504591, "longitude": 122.631138, "region": "Region VI (Western Visayas)", "province": "Guimaras", "municity": "Sibunag", "district": null, "barangay": "Dasal", "category": "DRRM" }, "geometry": { "type": "Point", "coordinates": [ 122.631138, 10.504591 ] } },
{ "type": "Feature", "properties": { "name": "Sibunag Fire Station", "type": "Emergency Response", "address": "GJ4J+2R9, Sibunag, Guimaras", "facebook": null, "url": null, "contact_mobile": "0917 112 2170", "contact_landline": null, "email": null, "logo": null, "latitude": 10.505036, "longitude": 122.632096, "region": "Region VI (Western Visayas)", "province": "Guimaras", "municity": "Sibunag", "district": null, "barangay": "Dasal", "category": "DRRM" }, "geometry": { "type": "Point", "coordinates": [ 122.632096, 10.505036 ] } },
{ "type": "Feature", "properties": { "name": "Brgy. Inday Multi-Purpose Hall", "type": "Multipurpose Hall", "address": "MHX4+Q93 Brgy. Inday Multi-Purpose Hall, Barangay, Ybiernas St, Iloilo City Proper, Iloilo City, 5000 Iloilo", "facebook": null, "url": null, "contact_mobile": null, "contact_landline": "(033) 330 1853", "email": "barangayinday@gmail.com", "logo": null, "latitude": 10.699394, "longitude": 122.555921, "region": "Region VI (Western Visayas)", "province": "Iloilo", "municity": "Iloilo City", "district": "City Proper", "barangay": "Inday", "category": "DRRM" }, "geometry": { "type": "Point", "coordinates": [ 122.555921, 10.699394 ] } },
{ "type": "Feature", "properties": { "name": "San Felix Barangay Hall", "type": "Government", "address": "MHX4+FF3, Iloilo City Proper, Iloilo City, 5000 Iloilo", "facebook": null, "url": null, "contact_mobile": null, "contact_landline": null, "email": null, "logo": null, "latitude": 10.698637, "longitude": 122.556181, "region": "Region VI (Western Visayas)", "province": "Iloilo", "municity": "Iloilo City", "district": "City Proper", "barangay": "Inday", "category": "DRRM" }, "geometry": { "type": "Point", "coordinates": [ 122.556181, 10.698637 ] } },
{ "type": "Feature", "properties": { "name": "University of the Philippines Visayas - Iloilo City", "type": "Education", "address": "MHX4+549 Iloilo City Proper, Iloilo City, Iloilo", "facebook": "https://www.facebook.com/U.P.Visayas.Official/", "url": "https://www.upv.edu.ph/", "contact_mobile": null, "contact_landline": null, "email": null, "logo": "https://drive.google.com/file/d/1H21XtdcbVlIXmNfJMcZT8lji-LJLBMcX/view?usp=sharing", "latitude": 10.697919, "longitude": 122.555365, "region": "Region VI (Western Visayas)", "province": "Iloilo", "municity": "Iloilo City", "district": "City Proper", "barangay": "Inday", "category": "DRRM" }, "geometry": { "type": "Point", "coordinates": [ 122.555365, 10.697919 ] } },
{ "type": "Feature", "properties": { "name": "Brgy. Legaspi Basketball Court", "type": "Multipurpose Hall", "address": "MHXH+48V Brgy. Legaspi Basketball Court, Legaspi, Brgy. Legaspi, Iloilo City, 5000 Iloilo", "facebook": null, "url": null, "contact_mobile": null, "contact_landline": null, "email": null, "logo": null, "latitude": 10.697859, "longitude": 122.578306, "region": "Region VI (Western Visayas)", "province": "Iloilo", "municity": "Iloilo City", "district": "City Proper", "barangay": "Monica Blumentritt", "category": "DRRM" }, "geometry": { "type": "Point", "coordinates": [ 122.578306, 10.697859 ] } },
{ "type": "Feature", "properties": { "name": "Barangay Monica", "type": "Government", "address": "MHWH+M56 Barangay Monica, Blumentritt, Iloilo City Proper, Iloilo City, 5000 Iloilo", "facebook": null, "url": null, "contact_mobile": null, "contact_landline": null, "email": "monicacityproper@gmail.com", "logo": null, "latitude": 10.696651, "longitude": 122.577896, "region": "Region VI (Western Visayas)", "province": "Iloilo", "municity": "Iloilo City", "district": "City Proper", "barangay": "Monica Blumentritt", "category": "DRRM" }, "geometry": { "type": "Point", "coordinates": [ 122.577896, 10.696651 ] } },
{ "type": "Feature", "properties": { "name": "Lapuz Sur Covered Basketball Court", "type": "Multipurpose Hall", "address": "PH2C+QMR Lapuz Sur, Lapuz, Iloilo City, Iloilo", "facebook": null, "url": null, "contact_mobile": null, "contact_landline": null, "email": null, "logo": null, "latitude": 10.701988, "longitude": 122.571654, "region": "Region VI (Western Visayas)", "province": "Iloilo", "municity": "Iloilo City", "district": "Lapuz", "barangay": "Lapuz Sur", "category": "DRRM" }, "geometry": { "type": "Point", "coordinates": [ 122.571654, 10.701988 ] } },
{ "type": "Feature", "properties": { "name": "DPWH Iloilo City Engineering District", "type": "Government", "address": "DPWH Iloilo City Engineering District, Mission Rd, Jaro, Iloilo City, Iloilo", "facebook": null, "url": "https://www.dpwh.gov.ph/dpwh/", "contact_mobile": null, "contact_landline": "(033) 337 8387", "email": null, "logo": null, "latitude": 10.715082, "longitude": 122.562128, "region": "Region VI (Western Visayas)", "province": "Iloilo", "municity": "Iloilo City", "district": "Jaro", "barangay": "Montinola", "category": "DRRM" }, "geometry": { "type": "Point", "coordinates": [ 122.562128, 10.715082 ] } },
{ "type": "Feature", "properties": { "name": "DepEd Iloilo - Public Affairs Office", "type": "Government", "address": "PH77+JJJ Luna St, La Paz, Iloilo City, 5000 Iloilo", "facebook": null, "url": "https://depediloilo.ph", "contact_mobile": null, "contact_landline": "(033) 327 2252", "email": null, "logo": null, "latitude": 10.71415, "longitude": 122.563891, "region": "Region VI (Western Visayas)", "province": "Iloilo", "municity": "Iloilo City", "district": "La Paz", "barangay": "San Nicolas", "category": "DRRM" }, "geometry": { "type": "Point", "coordinates": [ 122.563891, 10.71415 ] } },
{ "type": "Feature", "properties": { "name": "CIGNAL HUB LAPAZ ILOILO CITY", "type": "Telecommunication", "address": "Luna St, La Paz, Iloilo City, 5000 Iloilo", "facebook": null, "url": null, "contact_mobile": "0938 889 9990", "contact_landline": null, "email": null, "logo": null, "latitude": 10.710202, "longitude": 122.566283, "region": "Region VI (Western Visayas)", "province": "Iloilo", "municity": "Iloilo City", "district": "La Paz", "barangay": "San Nicolas", "category": "DRRM" }, "geometry": { "type": "Point", "coordinates": [ 122.566283, 10.710202 ] } },
{ "type": "Feature", "properties": { "name": "Baptist Center Church", "type": "Faith-Based", "address": "Luna St, La Paz, Iloilo City, Iloilo", "facebook": null, "url": null, "contact_mobile": null, "contact_landline": null, "email": null, "logo": null, "latitude": 10.713086, "longitude": 122.564374, "region": "Region VI (Western Visayas)", "province": "Iloilo", "municity": "Iloilo City", "district": "La Paz", "barangay": "San Nicolas", "category": "DRRM" }, "geometry": { "type": "Point", "coordinates": [ 122.564374, 10.713086 ] } },
{ "type": "Feature", "properties": { "name": "Brgy. Baldoza Brgy Hall / Covered Court", "type": "Government", "address": "PH7H+4XJ Brgy. Baldoza Brgy Hall / Covered Court, La Paz, Iloilo City, Iloilo", "facebook": null, "url": null, "contact_mobile": null, "contact_landline": null, "email": null, "logo": null, "latitude": 10.712844, "longitude": 122.579881, "region": "Region VI (Western Visayas)", "province": "Iloilo", "municity": "Iloilo City", "district": "La Paz", "barangay": "Baldoza", "category": "DRRM" }, "geometry": { "type": "Point", "coordinates": [ 122.579881, 10.712844 ] } },
{ "type": "Feature", "properties": { "name": "Brgy. Baldoza Brgy Hall / Covered Court", "type": "Multipurpose Hall", "address": "PH7H+4XJ Brgy. Baldoza Brgy Hall / Covered Court, La Paz, Iloilo City, Iloilo", "facebook": null, "url": null, "contact_mobile": null, "contact_landline": null, "email": null, "logo": null, "latitude": 10.712844, "longitude": 122.579881, "region": "Region VI (Western Visayas)", "province": "Iloilo", "municity": "Iloilo City", "district": "La Paz", "barangay": "Baldoza", "category": "DRRM" }, "geometry": { "type": "Point", "coordinates": [ 122.579881, 10.712844 ] } },
{ "type": "Feature", "properties": { "name": "Brgy. Ingore Tanod Outpost", "type": "Emergency Response", "address": "PH7P+QP4 Brgy. Ingore Tanod Outpost, La Paz, Iloilo City, Iloilo", "facebook": null, "url": null, "contact_mobile": null, "contact_landline": null, "email": null, "logo": null, "latitude": 10.714391, "longitude": 122.586823, "region": "Region VI (Western Visayas)", "province": "Iloilo", "municity": "Iloilo City", "district": "La Paz", "barangay": "Baldoza", "category": "DRRM" }, "geometry": { "type": "Point", "coordinates": [ 122.586823, 10.714391 ] } },
{ "type": "Feature", "properties": { "name": "Holy Rosary Academy", "type": "Education", "address": "Holy Rosary Academy, 5000 Avanceña St, Molo, Iloilo City, 5000 Iloilo", "facebook": "https://www.facebook.com/hramoloinc/", "url": null, "contact_mobile": null, "contact_landline": "(033) 337 8577", "email": "hramolo@yahoo.com", "logo": "https://drive.google.com/file/d/1O8C98WuKRXjLtc6S2kW02IvSEbb3QBEB/view?usp=sharing", "latitude": 10.69464, "longitude": 122.540633, "region": "Region VI (Western Visayas)", "province": "Iloilo", "municity": "Iloilo City", "district": "Molo", "barangay": "San Antonio", "category": "DRRM" }, "geometry": { "type": "Point", "coordinates": [ 122.540633, 10.69464 ] } },
{ "type": "Feature", "properties": { "name": "SAN JUAN BARANGAY HALL", "type": "Government", "address": "MGQW+C5C Molo, Iloilo City, 5000 Iloilo", "facebook": null, "url": null, "contact_mobile": null, "contact_landline": "(033) 300 3363", "email": null, "logo": null, "latitude": 10.688573, "longitude": 122.545393, "region": "Region VI (Western Visayas)", "province": "Iloilo", "municity": "Iloilo City", "district": "Molo", "barangay": "San Juan", "category": "DRRM" }, "geometry": { "type": "Point", "coordinates": [ 122.545393, 10.688573 ] } },
{ "type": "Feature", "properties": { "name": "Brgy. San Juan Zone 3, Basketball Court", "type": "Multipurpose Hall", "address": "Zone 1, MGQV+7PX Molo, Iloilo City, 5000 Iloilo", "facebook": null, "url": null, "contact_mobile": null, "contact_landline": null, "email": null, "logo": null, "latitude": 10.685733, "longitude": 122.54526, "region": "Region VI (Western Visayas)", "province": "Iloilo", "municity": "Iloilo City", "district": "Molo", "barangay": "San Juan", "category": "DRRM" }, "geometry": { "type": "Point", "coordinates": [ 122.54526, 10.685733 ] } },
{ "type": "Feature", "properties": { "name": "Brgy. San Juan Basketball Court", "type": "Multipurpose Hall", "address": "Zone 2, Brgy.san juan zone 3.molo Brgy, Molo, Iloilo City, 5000 Iloilo", "facebook": null, "url": null, "contact_mobile": null, "contact_landline": null, "email": null, "logo": null, "latitude": 10.688107, "longitude": 122.545147, "region": "Region VI (Western Visayas)", "province": "Iloilo", "municity": "Iloilo City", "district": "Molo", "barangay": "San Juan", "category": "DRRM" }, "geometry": { "type": "Point", "coordinates": [ 122.545147, 10.688107 ] } },
{ "type": "Feature", "properties": { "name": "Tabuc Suba La Paz Barangay Hall", "type": "Government", "address": "PH8C+XQM Tabuc Suba, Gustillo St, La Paz, Iloilo City, 5000 Iloilo", "facebook": null, "url": null, "contact_mobile": null, "contact_landline": null, "email": null, "logo": null, "latitude": 10.717428, "longitude": 122.571803, "region": "Region VI (Western Visayas)", "province": "Iloilo", "municity": "Iloilo City", "district": "La Paz", "barangay": "Tabuc Suba (La Paz)", "category": "DRRM" }, "geometry": { "type": "Point", "coordinates": [ 122.571803, 10.717428 ] } },
{ "type": "Feature", "properties": { "name": "Santa Clarita Internation School Inc.", "type": "Education", "address": "Santa Clarita International School Inc., Puerto Real de Iloilo, Santa Clarita Lane, La Paz, Iloilo City, 5000 Iloilo", "facebook": "https://www.facebook.com/scisincedu/", "url": null, "contact_mobile": "0928 339 2228", "contact_landline": null, "email": "scisinc.edu@gmail.com", "logo": "https://drive.google.com/file/d/1OBzGIdPlLcAqNEeFi33_runLR6CuUC7X/view?usp=sharing", "latitude": 10.724241, "longitude": 122.572535, "region": "Region VI (Western Visayas)", "province": "Iloilo", "municity": "Iloilo City", "district": "La Paz", "barangay": "Tabuc Suba (La Paz)", "category": "DRRM" }, "geometry": { "type": "Point", "coordinates": [ 122.572535, 10.724241 ] } },
{ "type": "Feature", "properties": { "name": "San Isidro (La Paz) Barangay Hall", "type": "Government", "address": "PHCJ+X4W La Paz, Iloilo City, 5000 Iloilo", "facebook": null, "url": null, "contact_mobile": null, "contact_landline": "(033) 301 4802", "email": null, "logo": null, "latitude": 10.722499, "longitude": 122.580331, "region": "Region VI (Western Visayas)", "province": "Iloilo", "municity": "Iloilo City", "district": "La Paz", "barangay": "San Isidro (La Paz)", "category": "DRRM" }, "geometry": { "type": "Point", "coordinates": [ 122.580331, 10.722499 ] } },
{ "type": "Feature", "properties": { "name": "LaPaz National High School Extension SIA", "type": "Education", "address": "PHCM+RQ7 LaPaz National High School Extension SIA, Burgos Ville, La Paz, Iloilo City, Iloilo", "facebook": "https://www.facebook.com/LPNHS302747/", "url": null, "contact_mobile": "0919 909 6017", "contact_landline": null, "email": "lpnhsofficial@gmail.com", "logo": "https://drive.google.com/file/d/1eKAQ-4PWLOBcjl4nqv5QuqQFwtCgTQda/view?usp=sharing", "latitude": 10.722032, "longitude": 122.584411, "region": "Region VI (Western Visayas)", "province": "Iloilo", "municity": "Iloilo City", "district": "La Paz", "barangay": "San Isidro (La Paz)", "category": "DRRM" }, "geometry": { "type": "Point", "coordinates": [ 122.584411, 10.722032 ] } },
{ "type": "Feature", "properties": { "name": "Masjid Muhajireen", "type": "Faith-Based", "address": "PHFH+H35, La Paz, Iloilo City, Iloilo", "facebook": null, "url": null, "contact_mobile": null, "contact_landline": null, "email": null, "logo": null, "latitude": 10.723763, "longitude": 122.578252, "region": "Region VI (Western Visayas)", "province": "Iloilo", "municity": "Iloilo City", "district": "La Paz", "barangay": "San Isidro (La Paz)", "category": "DRRM" }, "geometry": { "type": "Point", "coordinates": [ 122.578252, 10.723763 ] } },
{ "type": "Feature", "properties": { "name": "Hibao-an Norte Barangay Hall", "type": "Government", "address": "PGQ9+P3C Mandurriao, Iloilo City, Iloilo", "facebook": null, "url": null, "contact_mobile": null, "contact_landline": null, "email": null, "logo": null, "latitude": 10.739305, "longitude": 122.517636, "region": "Region VI (Western Visayas)", "province": "Iloilo", "municity": "Iloilo City", "district": "Mandurriao", "barangay": "Hibao-an Norte", "category": "DRRM" }, "geometry": { "type": "Point", "coordinates": [ 122.517636, 10.739305 ] } },
{ "type": "Feature", "properties": { "name": "Barangay Dungon-C Tanod Outpost", "type": "Emergency Response", "address": "PGFR+M2W Brgy. Dungon-C, Mandurriao, Iloilo City, 5000 Iloilo", "facebook": null, "url": null, "contact_mobile": null, "contact_landline": null, "email": null, "logo": null, "latitude": 10.724227, "longitude": 122.540065, "region": "Region VI (Western Visayas)", "province": "Iloilo", "municity": "Iloilo City", "district": "Mandurriao", "barangay": "Dungon", "category": "DRRM" }, "geometry": { "type": "Point", "coordinates": [ 122.540065, 10.724227 ] } },
{ "type": "Feature", "properties": { "name": "Barangay Multi-Purpose Hall", "type": "Multipurpose Hall", "address": "PGGQ+C2V C, Mandurriao, Iloilo City, 5000 Iloilo", "facebook": null, "url": null, "contact_mobile": null, "contact_landline": null, "email": null, "logo": null, "latitude": 10.726116, "longitude": 122.537538, "region": "Region VI (Western Visayas)", "province": "Iloilo", "municity": "Iloilo City", "district": "Mandurriao", "barangay": "Dungon", "category": "DRRM" }, "geometry": { "type": "Point", "coordinates": [ 122.537538, 10.726116 ] } },
{ "type": "Feature", "properties": { "name": "Sambag Community Police Assistance Center/Police Station 3", "type": "Emergency Response", "address": "PGRQ+QQQ Sambag Community Police Assistance Center, Lopez Jaena St, Jaro, Iloilo City, Iloilo", "facebook": null, "url": null, "contact_mobile": null, "contact_landline": null, "email": null, "logo": null, "latitude": 10.741964, "longitude": 122.53948, "region": "Region VI (Western Visayas)", "province": "Iloilo", "municity": "Iloilo City", "district": "Jaro", "barangay": "Sambag", "category": "DRRM" }, "geometry": { "type": "Point", "coordinates": [ 122.53948, 10.741964 ] } },
{ "type": "Feature", "properties": { "name": "Tanod Outpost", "type": "Emergency Response", "address": "PGRR+H58 Tanod Outpost, Lopez Jaena St, Jaro, Iloilo City, 5000 Iloilo", "facebook": null, "url": null, "contact_mobile": null, "contact_landline": null, "email": null, "logo": null, "latitude": 10.741423, "longitude": 122.540443, "region": "Region VI (Western Visayas)", "province": "Iloilo", "municity": "Iloilo City", "district": "Jaro", "barangay": "Sambag", "category": "DRRM" }, "geometry": { "type": "Point", "coordinates": [ 122.540443, 10.741423 ] } },
{ "type": "Feature", "properties": { "name": "Brgy. Sambag Day Care Center 2", "type": "Education", "address": "PGRR+H58 Brgy. Sambag Day Care Center 2, Lopez Jaena St, Jaro, Iloilo City, 5000 Iloilo", "facebook": null, "url": null, "contact_mobile": null, "contact_landline": null, "email": null, "logo": null, "latitude": 10.741417, "longitude": 122.540465, "region": "Region VI (Western Visayas)", "province": "Iloilo", "municity": "Iloilo City", "district": "Jaro", "barangay": "Sambag", "category": "DRRM" }, "geometry": { "type": "Point", "coordinates": [ 122.540465, 10.741417 ] } },
{ "type": "Feature", "properties": { "name": "Ungka Jaro Barangay Hall", "type": "Government", "address": "PGWQ+VG9 Ungka Jaro Barangay Hall, Jaro, Iloilo City, Iloilo", "facebook": null, "url": null, "contact_mobile": null, "contact_landline": null, "email": null, "logo": null, "latitude": 10.747154, "longitude": 122.538845, "region": "Region VI (Western Visayas)", "province": "Iloilo", "municity": "Iloilo City", "district": "Jaro", "barangay": "Ungka", "category": "DRRM" }, "geometry": { "type": "Point", "coordinates": [ 122.538845, 10.747154 ] } },
{ "type": "Feature", "properties": { "name": "Iloilo City Ungka Fire Sub-Station", "type": "Emergency Response", "address": "PGWQ+PHG Iloilo City Ungka Fire Sub-Station, Jaro, Iloilo City, Iloilo", "facebook": null, "url": null, "contact_mobile": null, "contact_landline": null, "email": null, "logo": null, "latitude": 10.746813, "longitude": 122.538948, "region": "Region VI (Western Visayas)", "province": "Iloilo", "municity": "Iloilo City", "district": "Jaro", "barangay": "Ungka", "category": "DRRM" }, "geometry": { "type": "Point", "coordinates": [ 122.538948, 10.746813 ] } },
{ "type": "Feature", "properties": { "name": "CHRIST THE KING MEMORIAL PARK - ILOILO CITY", "type": "Parks and Open Space", "address": "Ungka Benigno Aquino Avenue, Jaro, Iloilo City, 5000 Iloilo", "facebook": null, "url": null, "contact_mobile": null, "contact_landline": "(033) 327 7436", "email": null, "logo": null, "latitude": 10.745616, "longitude": 122.5399, "region": "Region VI (Western Visayas)", "province": "Iloilo", "municity": "Iloilo City", "district": "Jaro", "barangay": "Ungka", "category": "DRRM" }, "geometry": { "type": "Point", "coordinates": [ 122.5399, 10.745616 ] } },
{ "type": "Feature", "properties": { "name": "Barangay Hall", "type": "Government", "address": "QH7H+XXQ Barangay Hall, Brgy, Jaro, Iloilo City, 5000 Iloilo", "facebook": null, "url": null, "contact_mobile": null, "contact_landline": null, "email": null, "logo": null, "latitude": 10.764966, "longitude": 122.579992, "region": "Region VI (Western Visayas)", "province": "Iloilo", "municity": "Iloilo City", "district": "Jaro", "barangay": "Tagbac", "category": "DRRM" }, "geometry": { "type": "Point", "coordinates": [ 122.579992, 10.764966 ] } },
{ "type": "Feature", "properties": { "name": "Tagbak Fire Sub-Station", "type": "Emergency Response", "address": "Tagbak Fire Sub-Station, Brgy, Jaro, Iloilo City, 5000 Iloilo", "facebook": null, "url": null, "contact_mobile": null, "contact_landline": "(033) 323 6564", "email": null, "logo": null, "latitude": 10.764895, "longitude": 122.580091, "region": "Region VI (Western Visayas)", "province": "Iloilo", "municity": "Iloilo City", "district": "Jaro", "barangay": "Tagbac", "category": "DRRM" }, "geometry": { "type": "Point", "coordinates": [ 122.580091, 10.764895 ] } },
{ "type": "Feature", "properties": { "name": "Police Compact Sub-Station", "type": "Emergency Response", "address": "Police Compact Sub-Station, Brgy, Jaro, Iloilo City, 5000 Iloilo", "facebook": null, "url": null, "contact_mobile": null, "contact_landline": "(033) 503 3505", "email": null, "logo": null, "latitude": 10.764785, "longitude": 122.580051, "region": "Region VI (Western Visayas)", "province": "Iloilo", "municity": "Iloilo City", "district": "Jaro", "barangay": "Tagbac", "category": "DRRM" }, "geometry": { "type": "Point", "coordinates": [ 122.580051, 10.764785 ] } },
{ "type": "Feature", "properties": { "name": "JJC Water Equipment & Supply", "type": "Water Supply and Distribution", "address": "R4, Tagbak, Jaro Iloilo City, Iloilo City, Philippines", "facebook": "https://www.facebook.com/JJCWESIloilo/", "url": null, "contact_mobile": "0998 975 4280", "contact_landline": "(033) 323 1656", "email": "jjcwaterequipmentandsupply@gmail.com", "logo": null, "latitude": 10.765665, "longitude": 122.580478, "region": "Region VI (Western Visayas)", "province": "Iloilo", "municity": "Iloilo City", "district": "Jaro", "barangay": "Tagbac", "category": "DRRM" }, "geometry": { "type": "Point", "coordinates": [ 122.580478, 10.765665 ] } },
{ "type": "Feature", "properties": { "name": "ProTek Telecoms Ilo-ilo", "type": "Telecommunication", "address": "QH6G+FQP, Jaro, Iloilo City, Iloilo", "facebook": null, "url": null, "contact_mobile": null, "contact_landline": null, "email": null, "logo": null, "latitude": 10.761204, "longitude": 122.576954, "region": "Region VI (Western Visayas)", "province": "Iloilo", "municity": "Iloilo City", "district": "Jaro", "barangay": "Tagbac", "category": "DRRM" }, "geometry": { "type": "Point", "coordinates": [ 122.576954, 10.761204 ] } },
{ "type": "Feature", "properties": { "name": "Green Garden Memorial Park", "type": "Parks and Open Space", "address": "Brgy Tagbac-Lanit,, Jaro, Iloilo City, 5000 Iloilo", "facebook": null, "url": null, "contact_mobile": "0942 005 6698", "contact_landline": null, "email": null, "logo": null, "latitude": 10.766523, "longitude": 122.572587, "region": "Region VI (Western Visayas)", "province": "Iloilo", "municity": "Iloilo City", "district": "Jaro", "barangay": "Tagbac", "category": "DRRM" }, "geometry": { "type": "Point", "coordinates": [ 122.572587, 10.766523 ] } },
{ "type": "Feature", "properties": { "name": "Tacas Barangay Hall", "type": "Government", "address": "PHX3+X6C Tacas Barangay Hall, Pagsanga-an-Tacas-Quintin Salas Rd, Jaro, Iloilo City, 5000 Iloilo", "facebook": null, "url": null, "contact_mobile": null, "contact_landline": null, "email": null, "logo": null, "latitude": 10.749929, "longitude": 122.553017, "region": "Region VI (Western Visayas)", "province": "Iloilo", "municity": "Iloilo City", "district": "Jaro", "barangay": "Tacas", "category": "DRRM" }, "geometry": { "type": "Point", "coordinates": [ 122.553017, 10.749929 ] } },
{ "type": "Feature", "properties": { "name": "NATIONAL IRRIGATION ADMINISTRATION", "type": "Government", "address": "NATIONAL IRRIGATION ADMINISTRATION, Zone 3 Pagsanga-an-Tacas-Quintin Salas Rd, Jaro, Iloilo City, Iloilo", "facebook": "https://www.facebook.com/NIA.Region6/", "url": "https://region6.nia.gov.ph/", "contact_mobile": null, "contact_landline": null, "email": "r6@nia.gov.ph", "logo": "https://drive.google.com/file/d/1oyfziccZkv48Q7V41f9mRhqW7nd_9_A-/view?usp=sharing", "latitude": 10.748653, "longitude": 122.552697, "region": "Region VI (Western Visayas)", "province": "Iloilo", "municity": "Iloilo City", "district": "Jaro", "barangay": "Tacas", "category": "DRRM" }, "geometry": { "type": "Point", "coordinates": [ 122.552697, 10.748653 ] } },
{ "type": "Feature", "properties": { "name": "EMR Water System Equipment Parts and Supplies Trading", "type": "Water Supply and Distribution", "address": "EMR Water System Equipment Parts and Supplies Trading, Iloilo River Plain Subdivision, B30 L2, Iloilo City, 5000 Iloilo", "facebook": null, "url": null, "contact_mobile": "0970 363 6305", "contact_landline": null, "email": null, "logo": null, "latitude": 10.765734, "longitude": 122.562773, "region": "Region VI (Western Visayas)", "province": "Iloilo", "municity": "Iloilo City", "district": "Jaro", "barangay": "Lanit", "category": "DRRM" }, "geometry": { "type": "Point", "coordinates": [ 122.562773, 10.765734 ] } },
{ "type": "Feature", "properties": { "name": "Lanit Basketball Court", "type": "Multipurpose Hall", "address": "QHC9+X4J Lanit Basketball Court, Jaro, Iloilo City, Iloilo", "facebook": null, "url": null, "contact_mobile": null, "contact_landline": null, "email": null, "logo": null, "latitude": 10.77247, "longitude": 122.56777, "region": "Region VI (Western Visayas)", "province": "Iloilo", "municity": "Iloilo City", "district": "Jaro", "barangay": "Lanit", "category": "DRRM" }, "geometry": { "type": "Point", "coordinates": [ 122.56777, 10.77247 ] } },
{ "type": "Feature", "properties": { "name": "Iloilo Riverplains Integrated School", "type": "Education", "address": "QH87+5FC Iloilo Riverplains Integrated School, Jaro, Iloilo City, Iloilo", "facebook": "https://www.facebook.com/irpis500552/", "url": null, "contact_mobile": null, "contact_landline": null, "email": "riverplains.500552@gmail.com", "logo": "https://drive.google.com/file/d/15UKfJKoYqgdU7wCdkggaLzUu7gjQGD5r/view?usp=sharing", "latitude": 10.76543, "longitude": 122.563655, "region": "Region VI (Western Visayas)", "province": "Iloilo", "municity": "Iloilo City", "district": "Jaro", "barangay": "Lanit", "category": "DRRM" }, "geometry": { "type": "Point", "coordinates": [ 122.563655, 10.76543 ] } },
{ "type": "Feature", "properties": { "name": "Sitio Igbantang Day Care Center", "type": "Education", "address": "HGHX+8FM Sitio Igbantang Day Care Center, Jordan, Lalawigan ng Guimaras", "facebook": null, "url": null, "contact_mobile": null, "contact_landline": null, "email": null, "logo": null, "latitude": 10.578336, "longitude": 122.548676, "region": "Region VI (Western Visayas)", "province": "Guimaras", "municity": "Jordan", "district": null, "barangay": "Santa Teresa", "category": "DRRM" }, "geometry": { "type": "Point", "coordinates": [ 122.548676, 10.578336 ] } },
{ "type": "Feature", "properties": { "name": "Sitio Tinabu-an Day Care Center", "type": "Education", "address": "HHXF+RCQ Sitio Tinabu-an Day Care Center, Jordan, Lalawigan ng Guimaras", "facebook": null, "url": null, "contact_mobile": null, "contact_landline": null, "email": null, "logo": null, "latitude": 10.599589, "longitude": 122.573612, "region": "Region VI (Western Visayas)", "province": "Guimaras", "municity": "Jordan", "district": null, "barangay": "Santa Teresa", "category": "DRRM" }, "geometry": { "type": "Point", "coordinates": [ 122.573612, 10.599589 ] } },
{ "type": "Feature", "properties": { "name": "Sta. Teresa Elementary School", "type": "Education", "address": "HHQ5+F3F Unnamed Road, Jordan, Guimaras", "facebook": "https://www.facebook.com/profile.php?id=100090166894631#", "url": null, "contact_mobile": "0932 771 0940", "contact_landline": null, "email": "115875@deped.gov.ph", "logo": null, "latitude": 10.588676, "longitude": 122.557672, "region": "Region VI (Western Visayas)", "province": "Guimaras", "municity": "Jordan", "district": null, "barangay": "Santa Teresa", "category": "DRRM" }, "geometry": { "type": "Point", "coordinates": [ 122.557672, 10.588676 ] } },
{ "type": "Feature", "properties": { "name": "Globe Telecom Cellsite", "type": "Telecommunication", "address": "JH2J+VCX, Jordan, Guimaras", "facebook": null, "url": null, "contact_mobile": null, "contact_landline": null, "email": null, "logo": null, "latitude": 10.602227, "longitude": 122.581123, "region": "Region VI (Western Visayas)", "province": "Guimaras", "municity": "Jordan", "district": null, "barangay": "Santa Teresa", "category": "DRRM" }, "geometry": { "type": "Point", "coordinates": [ 122.581123, 10.602227 ] } },
{ "type": "Feature", "properties": { "name": "Cabalagnan National High School", "type": "Education", "address": "CG8V+845 Cabalagnan National High School, Nueva Valencia, Guimaras", "facebook": "https://www.facebook.com/CabalagnanNHS/", "url": null, "contact_mobile": null, "contact_landline": null, "email": "Official.CNHS@gmail.com", "logo": null, "latitude": 10.415759, "longitude": 122.542874, "region": "Region VI (Western Visayas)", "province": "Guimaras", "municity": "Nueva Valencia", "district": null, "barangay": "Cabalagnan", "category": "DRRM" }, "geometry": { "type": "Point", "coordinates": [ 122.542874, 10.415759 ] } },
{ "type": "Feature", "properties": { "name": "Smart Telecom Tower", "type": "Telecommunication", "address": "CG9X+PM6, Nueva Valencia, Guimaras", "facebook": null, "url": null, "contact_mobile": null, "contact_landline": null, "email": null, "logo": null, "latitude": 10.419288, "longitude": 122.549134, "region": "Region VI (Western Visayas)", "province": "Guimaras", "municity": "Nueva Valencia", "district": null, "barangay": "Cabalagnan", "category": "DRRM" }, "geometry": { "type": "Point", "coordinates": [ 122.549134, 10.419288 ] } },
{ "type": "Feature", "properties": { "name": "Dolores Day Care Center", "type": "Education", "address": "FFWR+C8P Dolores Day Care Center, Nueva Valencia, Guimaras", "facebook": null, "url": null, "contact_mobile": null, "contact_landline": null, "email": null, "logo": null, "latitude": 10.496076, "longitude": 122.490826, "region": "Region VI (Western Visayas)", "province": "Guimaras", "municity": "Nueva Valencia", "district": null, "barangay": "Dolores", "category": "DRRM" }, "geometry": { "type": "Point", "coordinates": [ 122.490826, 10.496076 ] } },
{ "type": "Feature", "properties": { "name": "Philippine College of Business and Accountancy", "type": "Education", "address": "GGCW+5R Sibunag, Guimaras", "facebook": "https://www.facebook.com/PCBAastig/", "url": "pcba.edu.ph", "contact_mobile": "0929 175 6116", "contact_landline": null, "email": "pcbanv@gmail.com", "logo": "https://drive.google.com/file/d/1a4O_WPFApRc6CoIG2GYgxUJ4buqxzkXK/view?usp=sharing", "latitude": 10.520453, "longitude": 122.547099, "region": "Region VI (Western Visayas)", "province": "Guimaras", "municity": "Nueva Valencia", "district": null, "barangay": "Concordia Sur", "category": "DRRM" }, "geometry": { "type": "Point", "coordinates": [ 122.547099, 10.520453 ] } },
{ "type": "Feature", "properties": { "name": "Holy Rosary Academy - Guimaras, Inc.", "type": "Education", "address": "GH83+V9J Holy Rosary Academy-Guimaras, Inc., Concordia, Sibunag, Guimaras", "facebook": "https://www.facebook.com/HRAG1995/", "url": null, "contact_mobile": "0919 885 5382", "contact_landline": null, "email": "holyrosaryacademyguimaras@gmail.com", "logo": "https://drive.google.com/file/d/1ibGtbhDCqUh9XMzNg-IdGVibwlqgKH65/view?usp=sharing", "latitude": 10.517217, "longitude": 122.553387, "region": "Region VI (Western Visayas)", "province": "Guimaras", "municity": "Nueva Valencia", "district": null, "barangay": "Concordia Sur", "category": "DRRM" }, "geometry": { "type": "Point", "coordinates": [ 122.553387, 10.517217 ] } },
{ "type": "Feature", "properties": { "name": "Concordia Elementary School", "type": "Education", "address": "GHC5+66F Concordia Elementary School, Guimaras Circumferential Rd, Sibunag, Guimaras", "facebook": null, "url": null, "contact_mobile": null, "contact_landline": null, "email": null, "logo": null, "latitude": 10.520562, "longitude": 122.558057, "region": "Region VI (Western Visayas)", "province": "Guimaras", "municity": "Nueva Valencia", "district": null, "barangay": "Concordia Sur", "category": "DRRM" }, "geometry": { "type": "Point", "coordinates": [ 122.558057, 10.520562 ] } },
{ "type": "Feature", "properties": { "name": "Balaan Bukid Shrine", "type": "Faith-Based", "address": "MH78+GGM, Balaang Bukid Shrine Trail, Jordan, Guimaras", "facebook": null, "url": null, "contact_mobile": null, "contact_landline": null, "email": null, "logo": null, "latitude": 10.66385, "longitude": 122.566284, "region": "Region VI (Western Visayas)", "province": "Guimaras", "municity": "Jordan", "district": null, "barangay": "Balcon Melliza", "category": "DRRM" }, "geometry": { "type": "Point", "coordinates": [ 122.566284, 10.66385 ] } },
{ "type": "Feature", "properties": { "name": "The Church in Jordan", "type": "Faith-Based", "address": "JHVG+PM7, Jordan, Guimaras", "facebook": null, "url": null, "contact_mobile": "0966 143 4950", "contact_landline": null, "email": null, "logo": null, "latitude": 10.644277, "longitude": 122.576681, "region": "Region VI (Western Visayas)", "province": "Guimaras", "municity": "Jordan", "district": null, "barangay": "Balcon Melliza", "category": "DRRM" }, "geometry": { "type": "Point", "coordinates": [ 122.576681, 10.644277 ] } },
{ "type": "Feature", "properties": { "name": "Coast Guard Sub-Station Iloilo Fishing Port Complex", "type": "Emergency Response", "address": "Coast Guard Sub-Station Iloilo Fishing Port Complex, Baybay, Tanza, Iloilo City Proper, Iloilo City, Iloilo", "facebook": null, "url": null, "contact_mobile": null, "contact_landline": null, "email": null, "logo": "https://drive.google.com/file/d/1ncpKUxh__FQx37lYAoXztmgIJqGE5IlM/view?usp=sharing", "latitude": 10.688921, "longitude": 122.559033, "region": "Region VI (Western Visayas)", "province": "Iloilo", "municity": "Iloilo City", "district": "City Proper", "barangay": "Baybay Tanza", "category": "DRRM" }, "geometry": { "type": "Point", "coordinates": [ 122.559033, 10.688921 ] } },
{ "type": "Feature", "properties": { "name": "Philippine Coast Guard - CGCOP Batan", "type": "Emergency Response", "address": "MHQ4+Q8J Philippine Coast Guard - CGCOP Batan, Baybay, Tanza, Iloilo City, Iloilo, Iloilo City", "facebook": null, "url": null, "contact_mobile": null, "contact_landline": "(033) 396 2897", "email": null, "logo": "https://drive.google.com/file/d/1ncpKUxh__FQx37lYAoXztmgIJqGE5IlM/view?usp=sharing", "latitude": 10.689459, "longitude": 122.555781, "region": "Region VI (Western Visayas)", "province": "Iloilo", "municity": "Iloilo City", "district": "City Proper", "barangay": "Baybay Tanza", "category": "DRRM" }, "geometry": { "type": "Point", "coordinates": [ 122.555781, 10.689459 ] } },
{ "type": "Feature", "properties": { "name": "BUREAU OF FISHERIES AND AQUATIC RESOURCES", "type": "Government", "address": "MHQ4+X99 BUREAU OF FISHERIES AND AQUATIC RESOURCES, Iloilo City Proper, Iloilo City, Iloilo", "facebook": "https://www.facebook.com/bfar6.iloilo/", "url": "https://r6.bfar.da.gov.ph/", "contact_mobile": null, "contact_landline": "(033) 320 8912", "email": "pfo.iloilo@bfar.da.gov.ph", "logo": "https://drive.google.com/file/d/1NAt2OfcWqxkJrxqj8wj2Kv9p6faYJBYi/view?usp=sharing", "latitude": 10.689923, "longitude": 122.555977, "region": "Region VI (Western Visayas)", "province": "Iloilo", "municity": "Iloilo City", "district": "City Proper", "barangay": "Baybay Tanza", "category": "DRRM" }, "geometry": { "type": "Point", "coordinates": [ 122.555977, 10.689923 ] } },
{ "type": "Feature", "properties": { "name": "Philippine Fisheries Development Authority", "type": "Government", "address": "MHR4+GG8 Philippine Fisheries Development Authority - Iloilo Fishport Complex, Iloilo City Proper, Iloilo City, Iloilo", "facebook": null, "url": null, "contact_mobile": null, "contact_landline": "(033) 338 2008", "email": "opm_ifpc@pfda.gov.ph", "logo": "https://drive.google.com/file/d/1OYZRNBwraTyfhDZnuTcQ-DouKUGvFnsZ/view?usp=sharing", "latitude": 10.691282, "longitude": 122.556323, "region": "Region VI (Western Visayas)", "province": "Iloilo", "municity": "Iloilo City", "district": "City Proper", "barangay": "Baybay Tanza", "category": "DRRM" }, "geometry": { "type": "Point", "coordinates": [ 122.556323, 10.691282 ] } },
{ "type": "Feature", "properties": { "name": "Sipil Fish Stand", "type": "Public Market", "address": "MHQ5+M6R Brgy, John Ace place, Iloilo City Proper, Iloilo City, 5000 Iloilo", "facebook": null, "url": null, "contact_mobile": "0994 242 3549", "contact_landline": null, "email": null, "logo": null, "latitude": 10.688784, "longitude": 122.557353, "region": "Region VI (Western Visayas)", "province": "Iloilo", "municity": "Iloilo City", "district": "City Proper", "barangay": "Baybay Tanza", "category": "DRRM" }, "geometry": { "type": "Point", "coordinates": [ 122.557353, 10.688784 ] } },
{ "type": "Feature", "properties": { "name": "Brgy. M.V. Hechanova Day Care Center", "type": "Education", "address": "Brgy M.V. Hechanova Day Care Center, Brgy, Leganes, Iloilo City, 5003 Iloilo", "facebook": null, "url": null, "contact_mobile": null, "contact_landline": null, "email": null, "logo": null, "latitude": 10.770857, "longitude": 122.603946, "region": "Region VI (Western Visayas)", "province": "Iloilo", "municity": "Leganes", "district": null, "barangay": "M.V. Hechanova", "category": "DRRM" }, "geometry": { "type": "Point", "coordinates": [ 122.603946, 10.770857 ] } },
{ "type": "Feature", "properties": { "name": "Caboloan Norte Multi-Purpose Hall", "type": "Multipurpose Hall", "address": "Oton-San Miguel Rd, Oton, Iloilo", "facebook": null, "url": null, "contact_mobile": null, "contact_landline": null, "email": null, "logo": null, "latitude": 10.714108, "longitude": 122.493754, "region": "Region VI (Western Visayas)", "province": "Iloilo", "municity": "Oton", "district": null, "barangay": "Lambuyao", "category": "DRRM" }, "geometry": { "type": "Point", "coordinates": [ 122.493754, 10.714108 ] } },
{ "type": "Feature", "properties": { "name": "Buenavista Town Hall", "type": "Government", "address": "Buenavista Municipal Compound, Buenavista, Guimaras, Buenavista, Guimaras", "facebook": null, "url": null, "contact_mobile": null, "contact_landline": "(033) 396 2514", "email": null, "logo": null, "latitude": 10.697646, "longitude": 122.647741, "region": "Region VI (Western Visayas)", "province": "Guimaras", "municity": "Buenavista", "district": null, "barangay": "New Poblacion", "category": "DRRM" }, "geometry": { "type": "Point", "coordinates": [ 122.647741, 10.697646 ] } },
{ "type": "Feature", "properties": { "name": "Mayor's Office - Municipality Of Buenavista", "type": "Government", "address": "Buenavista Town Hall, National Road, Buenavista, 5044 Guimaras", "facebook": null, "url": null, "contact_mobile": null, "contact_landline": "(033) 580 8329", "email": null, "logo": null, "latitude": 10.697591, "longitude": 122.647838, "region": "Region VI (Western Visayas)", "province": "Guimaras", "municity": "Buenavista", "district": null, "barangay": "New Poblacion", "category": "DRRM" }, "geometry": { "type": "Point", "coordinates": [ 122.647838, 10.697591 ] } },
{ "type": "Feature", "properties": { "name": "Municipal Social Welfare & Devt - Municipality Of Buenavista", "type": "Government", "address": "Buenavista Town Hall, National Road, Buenavista, 5044 Guimaras", "facebook": null, "url": null, "contact_mobile": null, "contact_landline": "(033) 580 8100", "email": null, "logo": null, "latitude": 10.697591, "longitude": 122.647838, "region": "Region VI (Western Visayas)", "province": "Guimaras", "municity": "Buenavista", "district": null, "barangay": "New Poblacion", "category": "DRRM" }, "geometry": { "type": "Point", "coordinates": [ 122.647838, 10.697591 ] } },
{ "type": "Feature", "properties": { "name": "Municipal Legal Office - LGU Buenavista (Guimaras)", "type": "Government", "address": "2nd Flr, Municipal Legal Office - LGU Buenavista (Guimaras), Buenavista Town Hall, Buenavista, 5044 Guimaras", "facebook": null, "url": null, "contact_mobile": null, "contact_landline": null, "email": null, "logo": null, "latitude": 10.697606, "longitude": 122.647836, "region": "Region VI (Western Visayas)", "province": "Guimaras", "municity": "Buenavista", "district": null, "barangay": "New Poblacion", "category": "DRRM" }, "geometry": { "type": "Point", "coordinates": [ 122.647836, 10.697606 ] } },
{ "type": "Feature", "properties": { "name": "Municipal Accounting Office", "type": "Government", "address": "Buenavista Town Hall, Jordan Road, Buenavista, 5044 Guimaras", "facebook": null, "url": null, "contact_mobile": null, "contact_landline": "(033) 513 9460", "email": null, "logo": null, "latitude": 10.697899, "longitude": 122.647621, "region": "Region VI (Western Visayas)", "province": "Guimaras", "municity": "Buenavista", "district": null, "barangay": "New Poblacion", "category": "DRRM" }, "geometry": { "type": "Point", "coordinates": [ 122.647621, 10.697899 ] } },
{ "type": "Feature", "properties": { "name": "Buenavista Fire Station", "type": "Emergency Response", "address": "MJXX+89 Buenavista, Guimaras", "facebook": null, "url": null, "contact_mobile": "0912 722 9852", "contact_landline": null, "email": null, "logo": null, "latitude": 10.698269, "longitude": 122.648463, "region": "Region VI (Western Visayas)", "province": "Guimaras", "municity": "Buenavista", "district": null, "barangay": "New Poblacion", "category": "DRRM" }, "geometry": { "type": "Point", "coordinates": [ 122.648463, 10.698269 ] } },
{ "type": "Feature", "properties": { "name": "Buenavista Munipal Police Station", "type": "Emergency Response", "address": "MJXX+487, Guimaras Circumferential Rd, Buenavista, Guimaras", "facebook": null, "url": null, "contact_mobile": "0907 734 1775", "contact_landline": null, "email": null, "logo": null, "latitude": 10.697777, "longitude": 122.648299, "region": "Region VI (Western Visayas)", "province": "Guimaras", "municity": "Buenavista", "district": null, "barangay": "New Poblacion", "category": "DRRM" }, "geometry": { "type": "Point", "coordinates": [ 122.648299, 10.697777 ] } },
{ "type": "Feature", "properties": { "name": "Municipal Disaster Risk Reduction Management Office-Buenavista", "type": "Emergency Response", "address": "MJXX+97G, Guimaras, Buenavista, Guimaras", "facebook": null, "url": null, "contact_mobile": null, "contact_landline": null, "email": null, "logo": null, "latitude": 10.698442, "longitude": 122.648202, "region": "Region VI (Western Visayas)", "province": "Guimaras", "municity": "Buenavista", "district": null, "barangay": "New Poblacion", "category": "DRRM" }, "geometry": { "type": "Point", "coordinates": [ 122.648202, 10.698442 ] } },
{ "type": "Feature", "properties": { "name": "Buenavista Water District", "type": "Water Supply and Distribution", "address": "MJXX+78Q, Buenavista, Guimaras", "facebook": null, "url": null, "contact_mobile": null, "contact_landline": "(033) 580 7689", "email": null, "logo": null, "latitude": 10.698212, "longitude": 122.648364, "region": "Region VI (Western Visayas)", "province": "Guimaras", "municity": "Buenavista", "district": null, "barangay": "New Poblacion", "category": "DRRM" }, "geometry": { "type": "Point", "coordinates": [ 122.648364, 10.698212 ] } },
{ "type": "Feature", "properties": { "name": "Buenavista Central School", "type": "Education", "address": "MJXX+C3V Buenavista Central School, Buenavista, Guimaras", "facebook": "https://www.facebook.com/bcs115821/", "url": null, "contact_mobile": null, "contact_landline": null, "email": "115821@deped.gov.ph", "logo": "https://drive.google.com/file/d/12rSvqKzS1zkN0MICTpXzY5kGdQUikhXM/view?usp=sharing", "latitude": 10.698623, "longitude": 122.647665, "region": "Region VI (Western Visayas)", "province": "Guimaras", "municity": "Buenavista", "district": null, "barangay": "New Poblacion", "category": "DRRM" }, "geometry": { "type": "Point", "coordinates": [ 122.647665, 10.698623 ] } },
{ "type": "Feature", "properties": { "name": "Heroes' Shrine Park", "type": "Parks and Open Space", "address": "MJWW+RXH, Buenavista, Guimaras", "facebook": null, "url": null, "contact_mobile": null, "contact_landline": null, "email": null, "logo": null, "latitude": 10.697057, "longitude": 122.647473, "region": "Region VI (Western Visayas)", "province": "Guimaras", "municity": "Buenavista", "district": null, "barangay": "New Poblacion", "category": "DRRM" }, "geometry": { "type": "Point", "coordinates": [ 122.647473, 10.697057 ] } },
{ "type": "Feature", "properties": { "name": "Rizal Barangay Hall", "type": "Government", "address": "MJP8+78M, Buenavista, Guimaras", "facebook": null, "url": null, "contact_mobile": null, "contact_landline": null, "email": null, "logo": null, "latitude": 10.685713, "longitude": 122.615801, "region": "Region VI (Western Visayas)", "province": "Guimaras", "municity": "Buenavista", "district": null, "barangay": "Rizal", "category": "DRRM" }, "geometry": { "type": "Point", "coordinates": [ 122.615801, 10.685713 ] } },
{ "type": "Feature", "properties": { "name": "Oton Municipal Police Station", "type": "Emergency Response", "address": "MFWG+XH4, Rada St, Oton, 5020 Iloilo", "facebook": null, "url": null, "contact_mobile": null, "contact_landline": "(033) 336 6926", "email": null, "logo": null, "latitude": 10.697393, "longitude": 122.476455, "region": "Region VI (Western Visayas)", "province": "Iloilo", "municity": "Oton", "district": null, "barangay": "Tagbac Sur", "category": "DRRM" }, "geometry": { "type": "Point", "coordinates": [ 122.476455, 10.697393 ] } },
{ "type": "Feature", "properties": { "name": "Oton Search and Rescue Headquarters", "type": "Emergency Response", "address": "MFXG+X2, Oton, Iloilo", "facebook": null, "url": null, "contact_mobile": null, "contact_landline": null, "email": null, "logo": null, "latitude": 10.698194, "longitude": 122.475947, "region": "Region VI (Western Visayas)", "province": "Iloilo", "municity": "Oton", "district": null, "barangay": "Tagbac Sur", "category": "DRRM" }, "geometry": { "type": "Point", "coordinates": [ 122.475947, 10.698194 ] } },
{ "type": "Feature", "properties": { "name": "Office of the Sangguniang Bayan of Oton", "type": "Government", "address": "MFXG+7J3, Iloilo, Oton, Iloilo", "facebook": null, "url": null, "contact_mobile": null, "contact_landline": null, "email": null, "logo": null, "latitude": 10.698128, "longitude": 122.476559, "region": "Region VI (Western Visayas)", "province": "Iloilo", "municity": "Oton", "district": null, "barangay": "Tagbac Sur", "category": "DRRM" }, "geometry": { "type": "Point", "coordinates": [ 122.476559, 10.698128 ] } },
{ "type": "Feature", "properties": { "name": "Oton Fire Station", "type": "Emergency Response", "address": "MFXG+9JQ, Oton, Iloilo", "facebook": null, "url": null, "contact_mobile": null, "contact_landline": "(033) 337 6672", "email": null, "logo": null, "latitude": 10.698458, "longitude": 122.476595, "region": "Region VI (Western Visayas)", "province": "Iloilo", "municity": "Oton", "district": null, "barangay": "Tagbac Sur", "category": "DRRM" }, "geometry": { "type": "Point", "coordinates": [ 122.476595, 10.698458 ] } },
{ "type": "Feature", "properties": { "name": "Barangay Multi-Purpose Hall", "type": "Multipurpose Hall", "address": "MFQF+W56, Poblacion South, Oton, Iloilo", "facebook": null, "url": null, "contact_mobile": null, "contact_landline": null, "email": null, "logo": null, "latitude": 10.689779, "longitude": 122.472884, "region": "Region VI (Western Visayas)", "province": "Iloilo", "municity": "Oton", "district": null, "barangay": "Poblacion South", "category": "DRRM" }, "geometry": { "type": "Point", "coordinates": [ 122.472884, 10.689779 ] } },
{ "type": "Feature", "properties": { "name": "Poblacion South Day Care Center", "type": "Education", "address": "MFQF+HQ4 Poblacion South Day Care Center, General Luna St, Oton, Iloilo", "facebook": null, "url": null, "contact_mobile": null, "contact_landline": null, "email": null, "logo": null, "latitude": 10.688893, "longitude": 122.474462, "region": "Region VI (Western Visayas)", "province": "Iloilo", "municity": "Oton", "district": null, "barangay": "Poblacion South", "category": "DRRM" }, "geometry": { "type": "Point", "coordinates": [ 122.474462, 10.688893 ] } },
{ "type": "Feature", "properties": { "name": "Oton Public Market", "type": "Public Market", "address": "Bonifacio, 5020 Mabini St, Oton, Iloilo", "facebook": null, "url": null, "contact_mobile": null, "contact_landline": null, "email": null, "logo": null, "latitude": 10.69087, "longitude": 122.477261, "region": "Region VI (Western Visayas)", "province": "Iloilo", "municity": "Oton", "district": null, "barangay": "Poblacion South", "category": "DRRM" }, "geometry": { "type": "Point", "coordinates": [ 122.477261, 10.69087 ] } },
{ "type": "Feature", "properties": { "name": "Jesus Is Lord Church Oton", "type": "Faith-Based", "address": "Phase 2, Mary Immaculate Village, Oton, Iloilo", "facebook": null, "url": null, "contact_mobile": null, "contact_landline": null, "email": null, "logo": null, "latitude": 10.692391, "longitude": 122.470818, "region": "Region VI (Western Visayas)", "province": "Iloilo", "municity": "Oton", "district": null, "barangay": "Poblacion South", "category": "DRRM" }, "geometry": { "type": "Point", "coordinates": [ 122.470818, 10.692391 ] } },
{ "type": "Feature", "properties": { "name": "The Church of Jesus Christ of Latter-day Saints", "type": "Faith-Based", "address": "Benedicto St, Oton, 5020 Iloilo", "facebook": null, "url": "https://local.churchofjesuschrist.org/en/ph/oton/benedicto-street?utm_source=gmb&utm_medium=yext&y_source=1_NjcwODg1NjEtNzE1LWxvY2F0aW9uLndlYnNpdGU%3D", "contact_mobile": "0929 821 7460", "contact_landline": null, "email": null, "logo": null, "latitude": 10.69186, "longitude": 122.469077, "region": "Region VI (Western Visayas)", "province": "Iloilo", "municity": "Oton", "district": null, "barangay": "Poblacion South", "category": "DRRM" }, "geometry": { "type": "Point", "coordinates": [ 122.469077, 10.69186 ] } },
{ "type": "Feature", "properties": { "name": "COA Regional Office No. VI Lawn", "type": "Government", "address": "151 Vice President Fernando Lopez Ave, Pavia, Iloilo", "facebook": null, "url": null, "contact_mobile": null, "contact_landline": "(033) 329 2353", "email": null, "logo": null, "latitude": 10.764399, "longitude": 122.537977, "region": "Region VI (Western Visayas)", "province": "Iloilo", "municity": "Pavia", "district": null, "barangay": "Ungka I", "category": "DRRM" }, "geometry": { "type": "Point", "coordinates": [ 122.537977, 10.764399 ] } },
{ "type": "Feature", "properties": { "name": "Brgy. Balabag Multi-Purpose Hall", "type": "Multipurpose Hall", "address": "QG9C+323, Angela Avenue, Brgy. Balabag, Pavia, Iloilo City, 5001 Iloilo", "facebook": null, "url": null, "contact_mobile": null, "contact_landline": null, "email": null, "logo": null, "latitude": 10.767629, "longitude": 122.520059, "region": "Region VI (Western Visayas)", "province": "Iloilo", "municity": "Pavia", "district": null, "barangay": "Balabag", "category": "DRRM" }, "geometry": { "type": "Point", "coordinates": [ 122.520059, 10.767629 ] } },
{ "type": "Feature", "properties": { "name": "Sacred Heart de Iloilo - Pavia", "type": "Education", "address": "QG6H+J9R Sacred Heart de Iloilo -Pavia, Felix Gorriceta Jr. Avenue, Pavia, 5001 Iloilo", "facebook": null, "url": null, "contact_mobile": "0968 301 5186", "contact_landline": "(033) 328 1700", "email": "sacredheartdeiloilo10@gmail.com", "logo": null, "latitude": 10.761623, "longitude": 122.528376, "region": "Region VI (Western Visayas)", "province": "Iloilo", "municity": "Pavia", "district": null, "barangay": "Balabag", "category": "DRRM" }, "geometry": { "type": "Point", "coordinates": [ 122.528376, 10.761623 ] } },
{ "type": "Feature", "properties": { "name": "Liberty Garden Academy", "type": "Education", "address": "Liberty Garden Academy, Sitio Angya, Pavia, 5001 Iloilo", "facebook": "https://www.facebook.com/libertygardenacademy/", "url": null, "contact_mobile": null, "contact_landline": "(033) 332 2446", "email": "libertygardenacademy@gmail.com", "logo": "https://drive.google.com/file/d/1MlhFSs3GdDBEdnn5BrcAL7StY1nu3yeX/view?usp=sharing", "latitude": 10.764992, "longitude": 122.517507, "region": "Region VI (Western Visayas)", "province": "Iloilo", "municity": "Pavia", "district": null, "barangay": "Balabag", "category": "DRRM" }, "geometry": { "type": "Point", "coordinates": [ 122.517507, 10.764992 ] } },
{ "type": "Feature", "properties": { "name": "Harvester International Christian Academy (Iloilo), Inc.", "type": "Education", "address": "Harvester International Christian Academy (Iloilo), Inc., 5001 Acacia St, Pavia, Iloilo", "facebook": "https://www.facebook.com/HICA.Pavia/", "url": null, "contact_mobile": "0928 521 2586", "contact_landline": null, "email": "harvesteriloilo@gmail.com", "logo": "https://drive.google.com/file/d/1_0TQY1HMHIkAVkMnU1nD4ar767szyi4g/view?usp=sharing", "latitude": 10.76171, "longitude": 122.5255, "region": "Region VI (Western Visayas)", "province": "Iloilo", "municity": "Pavia", "district": null, "barangay": "Balabag", "category": "DRRM" }, "geometry": { "type": "Point", "coordinates": [ 122.5255, 10.76171 ] } },
{ "type": "Feature", "properties": { "name": "Harvester Community Church - Pavia", "type": "Faith-Based", "address": "5001 Acacia St, Pavia, Iloilo", "facebook": null, "url": null, "contact_mobile": null, "contact_landline": null, "email": null, "logo": null, "latitude": 10.762216, "longitude": 122.525685, "region": "Region VI (Western Visayas)", "province": "Iloilo", "municity": "Pavia", "district": null, "barangay": "Balabag", "category": "DRRM" }, "geometry": { "type": "Point", "coordinates": [ 122.525685, 10.762216 ] } },
{ "type": "Feature", "properties": { "name": "St. Vincent Ferrer Chapel", "type": "Faith-Based", "address": "QG9C+23J, Angela Avenue, Pavia, 5001 Iloilo", "facebook": null, "url": null, "contact_mobile": null, "contact_landline": null, "email": null, "logo": null, "latitude": 10.767576, "longitude": 122.520127, "region": "Region VI (Western Visayas)", "province": "Iloilo", "municity": "Pavia", "district": null, "barangay": "Balabag", "category": "DRRM" }, "geometry": { "type": "Point", "coordinates": [ 122.520127, 10.767576 ] } },
{ "type": "Feature", "properties": { "name": "Providence Iloilo Fountain Area", "type": "Parks and Open Space", "address": "QG8F+6QH, Pavia, Iloilo", "facebook": null, "url": null, "contact_mobile": null, "contact_landline": null, "email": null, "logo": null, "latitude": 10.765551, "longitude": 122.524482, "region": "Region VI (Western Visayas)", "province": "Iloilo", "municity": "Pavia", "district": null, "barangay": "Balabag", "category": "DRRM" }, "geometry": { "type": "Point", "coordinates": [ 122.524482, 10.765551 ] } },
{ "type": "Feature", "properties": { "name": "Jibao‑an Barangay Hall", "type": "Government", "address": "Barangay Hall, Brgy, Pavia, 5001 Iloilo", "facebook": null, "url": null, "contact_mobile": null, "contact_landline": null, "email": null, "logo": null, "latitude": 10.750017, "longitude": 122.509704, "region": "Region VI (Western Visayas)", "province": "Iloilo", "municity": "Pavia", "district": null, "barangay": "Jibao-an", "category": "DRRM" }, "geometry": { "type": "Point", "coordinates": [ 122.509704, 10.750017 ] } },
{ "type": "Feature", "properties": { "name": "Timothy's Cradle Christian International School Inc.", "type": "Education", "address": "Zone 2, Timothy's Cradle Christian International School Inc., Brgy, Pavia, Iloilo", "facebook": "https://www.facebook.com/TimothysCradleChristianInternationalSchoolInc/", "url": "https://timothyscradle.com/", "contact_mobile": "0977 804 1880", "contact_landline": null, "email": "timothyscradle2016@gmail.com", "logo": "https://drive.google.com/file/d/17WWZedwyCZaaTHj6d8RFApIpdhpf1kCH/view?usp=sharing", "latitude": 10.752293, "longitude": 122.508031, "region": "Region VI (Western Visayas)", "province": "Iloilo", "municity": "Pavia", "district": null, "barangay": "Jibao-an", "category": "DRRM" }, "geometry": { "type": "Point", "coordinates": [ 122.508031, 10.752293 ] } },
{ "type": "Feature", "properties": { "name": "Jibao-an Day Care Service Center", "type": "Education", "address": "Jibao-an Day Care Service Center, Brgy, Pavia, 5001 Iloilo", "facebook": null, "url": null, "contact_mobile": null, "contact_landline": null, "email": null, "logo": null, "latitude": 10.7501, "longitude": 122.50966, "region": "Region VI (Western Visayas)", "province": "Iloilo", "municity": "Pavia", "district": null, "barangay": "Jibao-an", "category": "DRRM" }, "geometry": { "type": "Point", "coordinates": [ 122.50966, 10.7501 ] } },
{ "type": "Feature", "properties": { "name": "Garden of the Ascension Memorial Park", "type": "Parks and Open Space", "address": "QG45+7CW, Pavia, 5001 Iloilo", "facebook": null, "url": null, "contact_mobile": null, "contact_landline": null, "email": null, "logo": null, "latitude": 10.755727, "longitude": 122.508564, "region": "Region VI (Western Visayas)", "province": "Iloilo", "municity": "Pavia", "district": null, "barangay": "Jibao-an", "category": "DRRM" }, "geometry": { "type": "Point", "coordinates": [ 122.508564, 10.755727 ] } },
{ "type": "Feature", "properties": { "name": "World Empire of Sphinx Temple & Krusancti Church of Divine Nature Inc", "type": "Faith-Based", "address": "QFMC+387, Sto. Rosario St, San Miguel, Iloilo", "facebook": null, "url": null, "contact_mobile": null, "contact_landline": null, "email": null, "logo": null, "latitude": 10.782655, "longitude": 122.470808, "region": "Region VI (Western Visayas)", "province": "Iloilo", "municity": "San Miguel", "district": null, "barangay": "Barangay 2", "category": "DRRM" }, "geometry": { "type": "Point", "coordinates": [ 122.470808, 10.782655 ] } },
{ "type": "Feature", "properties": { "name": "Oton Command Center", "type": "Government", "address": "MFRH+F5X, Bonifacio St, Oton, Iloilo", "facebook": null, "url": null, "contact_mobile": null, "contact_landline": null, "email": null, "logo": null, "latitude": 10.691249, "longitude": 122.477981, "region": "Region VI (Western Visayas)", "province": "Iloilo", "municity": "Oton", "district": null, "barangay": "Poblacion East", "category": "DRRM" }, "geometry": { "type": "Point", "coordinates": [ 122.477981, 10.691249 ] } },
{ "type": "Feature", "properties": { "name": "Oton Central Elementary School", "type": "Education", "address": "MFRH+RH2 Oton Central Elementary School, Iloilo - Antique Rd S, Oton, 5020 Iloilo", "facebook": "https://www.facebook.com/otoncentrales/", "url": null, "contact_mobile": null, "contact_landline": null, "email": null, "logo": "https://drive.google.com/file/d/11VY_uKBINpcKbP724UCGjDIv4_RyN_gY/view?usp=sharing", "latitude": 10.692023, "longitude": 122.478889, "region": "Region VI (Western Visayas)", "province": "Iloilo", "municity": "Oton", "district": null, "barangay": "Poblacion East", "category": "DRRM" }, "geometry": { "type": "Point", "coordinates": [ 122.478889, 10.692023 ] } },
{ "type": "Feature", "properties": { "name": "Lighthouse Foursquare Gospel Church", "type": "Faith-Based", "address": "MFQJ+G6P, Lopez-Jaena St, Oton, Iloilo", "facebook": null, "url": null, "contact_mobile": null, "contact_landline": null, "email": null, "logo": null, "latitude": 10.688843, "longitude": 122.480586, "region": "Region VI (Western Visayas)", "province": "Iloilo", "municity": "Oton", "district": null, "barangay": "Poblacion East", "category": "DRRM" }, "geometry": { "type": "Point", "coordinates": [ 122.480586, 10.688843 ] } },
{ "type": "Feature", "properties": { "name": "Pulo Maestra Vita Barangay Hall", "type": "Government", "address": "PGH3+WQX, Pulo maestra Vita, Oton, Iloilo", "facebook": null, "url": null, "contact_mobile": null, "contact_landline": null, "email": null, "logo": null, "latitude": 10.729862, "longitude": 122.504474, "region": "Region VI (Western Visayas)", "province": "Iloilo", "municity": "Oton", "district": null, "barangay": "Polo Maestra Bita", "category": "DRRM" }, "geometry": { "type": "Point", "coordinates": [ 122.504474, 10.729862 ] } },
{ "type": "Feature", "properties": { "name": "Streamtech Iloilo | Fiber Internet in Iloilo", "type": "Telecommunication", "address": "Rotunda, Savannah Subd, Oton, Iloilo", "facebook": null, "url": null, "contact_mobile": "0998 590 3498", "contact_landline": null, "email": null, "logo": null, "latitude": 10.744569, "longitude": 122.50585, "region": "Region VI (Western Visayas)", "province": "Iloilo", "municity": "Oton", "district": null, "barangay": "Polo Maestra Bita", "category": "DRRM" }, "geometry": { "type": "Point", "coordinates": [ 122.50585, 10.744569 ] } },
{ "type": "Feature", "properties": { "name": "Sora Preschool Iloilo", "type": "Education", "address": "MFVP+9F2 Sora Preschool Iloilo, Iloilo-Antique Road, San Antonio, Oton, 5020 Iloilo", "facebook": "https://www.facebook.com/SoraPreschool.Iloilo/", "url": null, "contact_mobile": "0915 946 0246", "contact_landline": null, "email": "sorapreschool.ilo@gmail.com", "logo": "https://drive.google.com/file/d/1zxJiGkv6h2QG7LacakU9gjikMS50EqRR/view?usp=sharing", "latitude": 10.693394, "longitude": 122.48613, "region": "Region VI (Western Visayas)", "province": "Iloilo", "municity": "Oton", "district": null, "barangay": "San Antonio", "category": "DRRM" }, "geometry": { "type": "Point", "coordinates": [ 122.48613, 10.693394 ] } },
{ "type": "Feature", "properties": { "name": "San Antonio Chapel", "type": "Faith-Based", "address": "MFVP+GP4, Oton, Iloilo", "facebook": null, "url": null, "contact_mobile": null, "contact_landline": null, "email": null, "logo": null, "latitude": 10.69375, "longitude": 122.486834, "region": "Region VI (Western Visayas)", "province": "Iloilo", "municity": "Oton", "district": null, "barangay": "San Antonio", "category": "DRRM" }, "geometry": { "type": "Point", "coordinates": [ 122.486834, 10.69375 ] } },
{ "type": "Feature", "properties": { "name": "Inter-Faith Global Church", "type": "Faith-Based", "address": "MFRV+M9F, Oton, Iloilo", "facebook": null, "url": null, "contact_mobile": null, "contact_landline": null, "email": null, "logo": null, "latitude": 10.691691, "longitude": 122.493424, "region": "Region VI (Western Visayas)", "province": "Iloilo", "municity": "Oton", "district": null, "barangay": "San Nicolas", "category": "DRRM" }, "geometry": { "type": "Point", "coordinates": [ 122.493424, 10.691691 ] } },
{ "type": "Feature", "properties": { "name": "Trapiche Barangay Hall", "type": "Government", "address": "MFQ5+R5 Oton, Iloilo", "facebook": null, "url": null, "contact_mobile": "0915 817 0170", "contact_landline": null, "email": null, "logo": null, "latitude": 10.689502, "longitude": 122.457954, "region": "Region VI (Western Visayas)", "province": "Iloilo", "municity": "Oton", "district": null, "barangay": "Trapiche", "category": "DRRM" }, "geometry": { "type": "Point", "coordinates": [ 122.457954, 10.689502 ] } },
{ "type": "Feature", "properties": { "name": "Holy Gardens Oton Memorial Park", "type": "Parks and Open Space", "address": "MFR7+QW3, Oton, 5020 Iloilo", "facebook": null, "url": null, "contact_mobile": null, "contact_landline": null, "email": null, "logo": null, "latitude": 10.691883, "longitude": 122.464789, "region": "Region VI (Western Visayas)", "province": "Iloilo", "municity": "Oton", "district": null, "barangay": "Trapiche", "category": "DRRM" }, "geometry": { "type": "Point", "coordinates": [ 122.464789, 10.691883 ] } },
{ "type": "Feature", "properties": { "name": "Brgy. Hall (Brgy. 13, Sta. Rita-Saclauso Sts.)", "type": "Government", "address": "QFG6+WP3, Santa Rita St, San Miguel, Iloilo", "facebook": null, "url": null, "contact_mobile": null, "contact_landline": null, "email": null, "logo": null, "latitude": 10.777252, "longitude": 122.46181, "region": "Region VI (Western Visayas)", "province": "Iloilo", "municity": "San Miguel", "district": null, "barangay": "Barangay 13", "category": "DRRM" }, "geometry": { "type": "Point", "coordinates": [ 122.46181, 10.777252 ] } },
{ "type": "Feature", "properties": { "name": "Christian Bible Baptist Church", "type": "Faith-Based", "address": "QFG6+J6Q, San Miguel, Iloilo", "facebook": null, "url": null, "contact_mobile": null, "contact_landline": null, "email": null, "logo": null, "latitude": 10.776596, "longitude": 122.460624, "region": "Region VI (Western Visayas)", "province": "Iloilo", "municity": "San Miguel", "district": null, "barangay": "Barangay 13", "category": "DRRM" }, "geometry": { "type": "Point", "coordinates": [ 122.460624, 10.776596 ] } },
{ "type": "Feature", "properties": { "name": "Buyo Barangay Hall", "type": "Government", "address": "QGJ3+8M3, Santa Barbara, Iloilo", "facebook": null, "url": null, "contact_mobile": "0918 345 8543", "contact_landline": null, "email": null, "logo": null, "latitude": 10.780764, "longitude": 122.504163, "region": "Region VI (Western Visayas)", "province": "Iloilo", "municity": "Santa Barbara", "district": null, "barangay": "Buyo", "category": "DRRM" }, "geometry": { "type": "Point", "coordinates": [ 122.504163, 10.780764 ] } },
{ "type": "Feature", "properties": { "name": "Our Lady of Fatima Parish Church", "type": "Faith-Based", "address": "QGJ3+FVP, Oton - San Jose-Santa Barbara Rd, Santa Barbara, Iloilo", "facebook": null, "url": null, "contact_mobile": null, "contact_landline": null, "email": null, "logo": null, "latitude": 10.781223, "longitude": 122.504699, "region": "Region VI (Western Visayas)", "province": "Iloilo", "municity": "Santa Barbara", "district": null, "barangay": "Buyo", "category": "DRRM" }, "geometry": { "type": "Point", "coordinates": [ 122.504699, 10.781223 ] } },
{ "type": "Feature", "properties": { "name": "Santa Barbara Municipal Hall", "type": "Government", "address": "RGGJ+XGR, Santa Barbara, Iloilo", "facebook": null, "url": null, "contact_mobile": null, "contact_landline": null, "email": null, "logo": null, "latitude": 10.827484, "longitude": 122.531252, "region": "Region VI (Western Visayas)", "province": "Iloilo", "municity": "Santa Barbara", "district": null, "barangay": "Poblacion", "category": "DRRM" }, "geometry": { "type": "Point", "coordinates": [ 122.531252, 10.827484 ] } },
{ "type": "Feature", "properties": { "name": "MUNICIPAL AGRICULTURE OFFICE", "type": "Government", "address": "RGGJ+WF8, Santa Barbara Municipal Hall, Rizal Street, Santa Barbara, Iloilo City, 5002", "facebook": null, "url": null, "contact_mobile": null, "contact_landline": "(033) 523 9099", "email": null, "logo": null, "latitude": 10.827276, "longitude": 122.531203, "region": "Region VI (Western Visayas)", "province": "Iloilo", "municity": "Santa Barbara", "district": null, "barangay": "Poblacion", "category": "DRRM" }, "geometry": { "type": "Point", "coordinates": [ 122.531203, 10.827276 ] } },
{ "type": "Feature", "properties": { "name": "STA. BARBARA MUNICIPAL POLICE STATION", "type": "Emergency Response", "address": "RGGJ+QGC, Bermejo Street, Santa Barbara, Iloilo", "facebook": null, "url": null, "contact_mobile": "0998 598 6233", "contact_landline": null, "email": null, "logo": null, "latitude": 10.826935, "longitude": 122.531272, "region": "Region VI (Western Visayas)", "province": "Iloilo", "municity": "Santa Barbara", "district": null, "barangay": "Poblacion", "category": "DRRM" }, "geometry": { "type": "Point", "coordinates": [ 122.531272, 10.826935 ] } },
{ "type": "Feature", "properties": { "name": "MAYOR'S OFFICE", "type": "Government", "address": "RGHJ+2GH, Santa Barbara Municipal Hall, Rizal Street, Santa Barbara, Iloilo City, 5002", "facebook": null, "url": null, "contact_mobile": null, "contact_landline": "(033) 523 8000", "email": null, "logo": null, "latitude": 10.827571, "longitude": 122.531359, "region": "Region VI (Western Visayas)", "province": "Iloilo", "municity": "Santa Barbara", "district": null, "barangay": "Poblacion", "category": "DRRM" }, "geometry": { "type": "Point", "coordinates": [ 122.531359, 10.827571 ] } },
{ "type": "Feature", "properties": { "name": "Hall Of Justice", "type": "Government", "address": "13th Municipal Circuit Trial Court, Santa Barbara, 5002 Iloilo", "facebook": null, "url": null, "contact_mobile": null, "contact_landline": "(033) 523 8724", "email": null, "logo": null, "latitude": 10.827775, "longitude": 122.531197, "region": "Region VI (Western Visayas)", "province": "Iloilo", "municity": "Santa Barbara", "district": null, "barangay": "Poblacion", "category": "DRRM" }, "geometry": { "type": "Point", "coordinates": [ 122.531197, 10.827775 ] } },
{ "type": "Feature", "properties": { "name": "MUNICIPAL ASSESOR'S OFFICE", "type": "Government", "address": "RGGJ+VC9, Santa Barbara Municipal Hall, Rizal Street, Santa Barbara, Iloilo City, 5002", "facebook": null, "url": null, "contact_mobile": null, "contact_landline": "(033) 523 9062", "email": null, "logo": null, "latitude": 10.827168, "longitude": 122.531121, "region": "Region VI (Western Visayas)", "province": "Iloilo", "municity": "Santa Barbara", "district": null, "barangay": "Poblacion", "category": "DRRM" }, "geometry": { "type": "Point", "coordinates": [ 122.531121, 10.827168 ] } },
{ "type": "Feature", "properties": { "name": "Barangay Hall Zone 1", "type": "Government", "address": "Brgy Arroyo Street, Santa Barbara, Iloilo City, 5002 Iloilo", "facebook": null, "url": null, "contact_mobile": null, "contact_landline": null, "email": null, "logo": null, "latitude": 10.825855, "longitude": 122.530299, "region": "Region VI (Western Visayas)", "province": "Iloilo", "municity": "Santa Barbara", "district": null, "barangay": "Poblacion", "category": "DRRM" }, "geometry": { "type": "Point", "coordinates": [ 122.530299, 10.825855 ] } },
{ "type": "Feature", "properties": { "name": "Barangay Hall Zone 6", "type": "Government", "address": "RG9R+26W, Arroyo Street, Santa Barbara, Iloilo", "facebook": null, "url": null, "contact_mobile": null, "contact_landline": null, "email": null, "logo": null, "latitude": 10.817612, "longitude": 122.540567, "region": "Region VI (Western Visayas)", "province": "Iloilo", "municity": "Santa Barbara", "district": null, "barangay": "Poblacion", "category": "DRRM" }, "geometry": { "type": "Point", "coordinates": [ 122.540567, 10.817612 ] } },
{ "type": "Feature", "properties": { "name": "Barangay Hall Brgy. Zone -Iv Poblacion", "type": "Government", "address": "RGGM+X5C, Brgy, Poblacion, Santa Barbara, 5002 Iloilo", "facebook": null, "url": null, "contact_mobile": null, "contact_landline": null, "email": null, "logo": null, "latitude": 10.827434, "longitude": 122.532903, "region": "Region VI (Western Visayas)", "province": "Iloilo", "municity": "Santa Barbara", "district": null, "barangay": "Poblacion", "category": "DRRM" }, "geometry": { "type": "Point", "coordinates": [ 122.532903, 10.827434 ] } },
{ "type": "Feature", "properties": { "name": "Sta. Barbara Fire Station", "type": "Emergency Response", "address": "RGGJ+WF2, Delgado Street, Santa Barbara, Iloilo", "facebook": null, "url": null, "contact_mobile": null, "contact_landline": "(033) 335 0834", "email": null, "logo": null, "latitude": 10.827273, "longitude": 122.531142, "region": "Region VI (Western Visayas)", "province": "Iloilo", "municity": "Santa Barbara", "district": null, "barangay": "Poblacion", "category": "DRRM" }, "geometry": { "type": "Point", "coordinates": [ 122.531142, 10.827273 ] } },
{ "type": "Feature", "properties": { "name": "Mdrrmo - Santa Barabara Alerto Fire And Rescue", "type": "Emergency Response", "address": "RGGM+C8M, Bermejo Street, Santa Barbara, 5002 Iloilo", "facebook": null, "url": null, "contact_mobile": null, "contact_landline": null, "email": null, "logo": null, "latitude": 10.826099, "longitude": 122.533288, "region": "Region VI (Western Visayas)", "province": "Iloilo", "municity": "Santa Barbara", "district": null, "barangay": "Poblacion", "category": "DRRM" }, "geometry": { "type": "Point", "coordinates": [ 122.533288, 10.826099 ] } },
{ "type": "Feature", "properties": { "name": "Tanod Outpost", "type": "Government", "address": "RGGM+X5J, Rodriguez St, Sta. Barbara, Iloilo City, 5002 Iloilo", "facebook": null, "url": null, "contact_mobile": null, "contact_landline": null, "email": null, "logo": null, "latitude": 10.82746, "longitude": 122.532877, "region": "Region VI (Western Visayas)", "province": "Iloilo", "municity": "Santa Barbara", "district": null, "barangay": "Poblacion", "category": "DRRM" }, "geometry": { "type": "Point", "coordinates": [ 122.532877, 10.82746 ] } },
{ "type": "Feature", "properties": { "name": "Santa Barbara Central School", "type": "Education", "address": "RGFJ+89C Santa Barbara Central School, Jaro, Santa Barbara, Iloilo", "facebook": null, "url": null, "contact_mobile": null, "contact_landline": null, "email": null, "logo": null, "latitude": 10.82332, "longitude": 122.530879, "region": "Region VI (Western Visayas)", "province": "Iloilo", "municity": "Santa Barbara", "district": null, "barangay": "Poblacion", "category": "DRRM" }, "geometry": { "type": "Point", "coordinates": [ 122.530879, 10.82332 ] } },
{ "type": "Feature", "properties": { "name": "Scuola Bamibini Dei Santa Barbara Inc.", "type": "Education", "address": "RGFM+XVM SCUOLA BAMBINI DEI SANTA BARBARA INC., Taft Street, Santa Barbara, Iloilo", "facebook": "https://www.facebook.com/CasaBambiniSoaring/", "url": null, "contact_mobile": null, "contact_landline": "(033) 523 7621", "email": "casabambini09@yahoo.com", "logo": null, "latitude": 10.824962, "longitude": 122.534684, "region": "Region VI (Western Visayas)", "province": "Iloilo", "municity": "Santa Barbara", "district": null, "barangay": "Poblacion", "category": "DRRM" }, "geometry": { "type": "Point", "coordinates": [ 122.534684, 10.824962 ] } },
{ "type": "Feature", "properties": { "name": "Santa Barbara National Comprehensive High School - Senior High School", "type": "Education", "address": "RGFJ+85J Santa Barbara National Comprehensive High School - Senior High School, Roosevelt Street, Santa Barbara, Iloilo", "facebook": "https://www.facebook.com/p/Santa-Barbara-National-Comprehensive-High-School-S-B-N-C-H-S-100083075723278/", "url": null, "contact_mobile": null, "contact_landline": "(033) 523 7507", "email": null, "logo": "https://drive.google.com/file/d/1pJpHAYJH572VTI6aGNaEaONsVtPGAiyn/view?usp=sharing", "latitude": 10.823327, "longitude": 122.530387, "region": "Region VI (Western Visayas)", "province": "Iloilo", "municity": "Santa Barbara", "district": null, "barangay": "Poblacion", "category": "DRRM" }, "geometry": { "type": "Point", "coordinates": [ 122.530387, 10.823327 ] } },
{ "type": "Feature", "properties": { "name": "Sta. Barbara Public Market", "type": "Public Market", "address": "RGCM+JWF Montinola Street, Jaro, Santa Barbara, Iloilo", "facebook": null, "url": null, "contact_mobile": null, "contact_landline": null, "email": null, "logo": null, "latitude": 10.821569, "longitude": 122.534798, "region": "Region VI (Western Visayas)", "province": "Iloilo", "municity": "Santa Barbara", "district": null, "barangay": "Poblacion", "category": "DRRM" }, "geometry": { "type": "Point", "coordinates": [ 122.534798, 10.821569 ] } },
{ "type": "Feature", "properties": { "name": "Santa Barbara Parish Church", "type": "Faith-Based", "address": "RGHJ+3R9, Rizal St, Santa Barbara, Iloilo", "facebook": null, "url": null, "contact_mobile": null, "contact_landline": "(033) 523 7928", "email": null, "logo": null, "latitude": 10.82766, "longitude": 122.532101, "region": "Region VI (Western Visayas)", "province": "Iloilo", "municity": "Santa Barbara", "district": null, "barangay": "Poblacion", "category": "DRRM" }, "geometry": { "type": "Point", "coordinates": [ 122.532101, 10.82766 ] } },
{ "type": "Feature", "properties": { "name": "House of Prayer Community Church Christian Fellowship Inc.", "type": "Faith-Based", "address": "RGHQ+V73 Santa Barbara, Merlo Street, Santa Barbara, Iloilo", "facebook": null, "url": null, "contact_mobile": "0910 407 2309", "contact_landline": null, "email": null, "logo": null, "latitude": 10.829639, "longitude": 122.538186, "region": "Region VI (Western Visayas)", "province": "Iloilo", "municity": "Santa Barbara", "district": null, "barangay": "Poblacion", "category": "DRRM" }, "geometry": { "type": "Point", "coordinates": [ 122.538186, 10.829639 ] } },
{ "type": "Feature", "properties": { "name": "MCGI Sta. Barbara", "type": "Faith-Based", "address": "RGCQ+RCG, Taft Street, Santa Barbara, Iloilo", "facebook": null, "url": null, "contact_mobile": "0910 618 6503", "contact_landline": null, "email": null, "logo": null, "latitude": 10.822061, "longitude": 122.538671, "region": "Region VI (Western Visayas)", "province": "Iloilo", "municity": "Santa Barbara", "district": null, "barangay": "Poblacion", "category": "DRRM" }, "geometry": { "type": "Point", "coordinates": [ 122.538671, 10.822061 ] } },
{ "type": "Feature", "properties": { "name": "Bethlehem Community Church-Sta. Barbara", "type": "Faith-Based", "address": "RG8R+W7G, Santa Barbara, Iloilo", "facebook": null, "url": null, "contact_mobile": null, "contact_landline": null, "email": null, "logo": null, "latitude": 10.81731, "longitude": 122.540717, "region": "Region VI (Western Visayas)", "province": "Iloilo", "municity": "Santa Barbara", "district": null, "barangay": "Poblacion", "category": "DRRM" }, "geometry": { "type": "Point", "coordinates": [ 122.540717, 10.81731 ] } },
{ "type": "Feature", "properties": { "name": "Apostolic Jesus Name Church Santa Barbara", "type": "Faith-Based", "address": "RGGJ+7R4, Roosevelt Street, Sta. Barbara, Iloilo City, 5002 Iloilo", "facebook": null, "url": null, "contact_mobile": null, "contact_landline": null, "email": null, "logo": null, "latitude": 10.82565, "longitude": 122.53208, "region": "Region VI (Western Visayas)", "province": "Iloilo", "municity": "Santa Barbara", "district": null, "barangay": "Poblacion", "category": "DRRM" }, "geometry": { "type": "Point", "coordinates": [ 122.53208, 10.82565 ] } },
{ "type": "Feature", "properties": { "name": "Santa Barbara Baptish Church", "type": "Faith-Based", "address": "RGFP+56J, Montinola Street, Santa Barbara, Iloilo", "facebook": null, "url": null, "contact_mobile": null, "contact_landline": null, "email": null, "logo": null, "latitude": 10.822961, "longitude": 122.5355, "region": "Region VI (Western Visayas)", "province": "Iloilo", "municity": "Santa Barbara", "district": null, "barangay": "Poblacion", "category": "DRRM" }, "geometry": { "type": "Point", "coordinates": [ 122.5355, 10.822961 ] } },
{ "type": "Feature", "properties": { "name": "Sta. Barbara Victory Plaza", "type": "Parks and Open Space", "address": "RGGJ+PRG, Santa Barbara, Iloilo City, 5002 Iloilo", "facebook": null, "url": null, "contact_mobile": null, "contact_landline": null, "email": null, "logo": null, "latitude": 10.826823, "longitude": 122.532082, "region": "Region VI (Western Visayas)", "province": "Iloilo", "municity": "Santa Barbara", "district": null, "barangay": "Poblacion", "category": "DRRM" }, "geometry": { "type": "Point", "coordinates": [ 122.532082, 10.826823 ] } },
{ "type": "Feature", "properties": { "name": "Barangay Multi-Purpose Hall", "type": "Multipurpose Hall", "address": "MH5H+6JH, Jordan-Hoskyn Rd, Jordan, Lalawigan ng Guimaras", "facebook": null, "url": null, "contact_mobile": null, "contact_landline": null, "email": null, "logo": null, "latitude": 10.658075, "longitude": 122.579104, "region": null, "province": null, "municity": null, "district": null, "barangay": null, "category": "DRRM" }, "geometry": { "type": "Point", "coordinates": [ 122.579104, 10.658075 ] } }
]
}
